{
    "geometry" :	{
        "items" :	3, 
        "0" :	"feed", 
        "1" :	"ground plane", 
        "2" :	"radiating plane", 
        "feed" :	{
            "items" :	2, 
            "0" :	"center", 
            "1" :	"width", 
            "center" :	54.769, 
            "width" :	1.565
        }, 
        "ground plane" :	{
            "items" :	5, 
            "0" :	"l", 
            "1" :	"w", 
            "2" :	"x", 
            "3" :	"y", 
            "4" :	"slots", 
            "l" :	90.947, 
            "w" :	94.832, 
            "x" :	-1.274, 
            "y" :	-0.581, 
            "slots" :	{
                "items" :	4, 
                "0" :	"elliptical", 
                "1" :	"rectangular", 
                "2" :	"triangular", 
                "3" :	"polygonal", 
                "elliptical" :	{
                    "items" :	0
                }, 
                "rectangular" :	{
                    "items" :	1, 
                    "0" :	{
                        "items" :	4, 
                        "0" :	"x", 
                        "1" :	"y", 
                        "2" :	"l", 
                        "3" :	"w", 
                        "x" :	17.995, 
                        "y" :	0.365, 
                        "z" :	0.0, 
                        "l" :	17.341, 
                        "w" :	11.141, 
                        "type" :	"rectangular", 
                        "id" :	"637074796343085952"
                    }
                }, 
                "triangular" :	{
                    "items" :	1, 
                    "0" :	{
                        "items" :	3, 
                        "0" :	{
                            "items" :	2, 
                            "0" :	"x", 
                            "1" :	"y", 
                            "x" :	76.772, 
                            "y" :	57.947, 
                            "z" :	0.0
                        }, 
                        "1" :	{
                            "items" :	2, 
                            "0" :	"x", 
                            "1" :	"y", 
                            "x" :	62.671, 
                            "y" :	51.59, 
                            "z" :	0.0
                        }, 
                        "2" :	{
                            "items" :	2, 
                            "0" :	"x", 
                            "1" :	"y", 
                            "x" :	78.226, 
                            "y" :	47.586, 
                            "z" :	0.0
                        }, 
                        "type" :	"triangular", 
                        "id" :	"637074797811337728"
                    }
                }, 
                "polygonal" :	{
                    "items" :	0
                }
            }
        }, 
        "radiating plane" :	{
            "items" :	5, 
            "0" :	"l", 
            "1" :	"w", 
            "2" :	"x", 
            "3" :	"y", 
            "4" :	"slots", 
            "l" :	73.192, 
            "w" :	95.511, 
            "x" :	4.46, 
            "y" :	5.306, 
            "slots" :	{
                "items" :	4, 
                "0" :	"elliptical", 
                "1" :	"rectangular", 
                "2" :	"triangular", 
                "3" :	"polygonal", 
                "elliptical" :	{
                    "items" :	0
                }, 
                "rectangular" :	{
                    "items" :	0
                }, 
                "triangular" :	{
                    "items" :	0
                }, 
                "polygonal" :	{
                    "items" :	0
                }
            }
        }, 
        "substrate" :	{
            "items" :	4, 
            "0" :	"l", 
            "1" :	"w", 
            "2" :	"x", 
            "3" :	"h", 
            "l" :	90.947, 
            "w" :	101.448, 
            "h" :	1.6, 
            "x" :	-1.274, 
            "y" :	-0.581, 
            "permitivitty" :	4.4, 
            "loss" :	0.02, 
            "name" :	"FR4"
        }
    }, 
    "fitness" :	{
        "items" :	1, 
        "0" :	"final", 
        "1" :	"freq", 
        "lower" :	1.2293909092494728, 
        "desired" :	1.1748601735989233, 
        "upper" :	0.9812317264176018, 
        "area" :	0.9741381056853261, 
        "freq" :	0.9759619351263314, 
        "final" :	1.8153340991137328, 
        "resonant" :	950000000.0, 
        "dir" :	"C:\\Users\\project\\0. My Work\\1. Repositories\\1. Very Unfriendly Train\\Data\\Simulations\\637074791583617408_Primary\\637074797811357440_6\\6.out", 
        "890000000.0" :	{
            "f" :	0.9933890827396614, 
            "g" :	0.23600182650981144
        }, 
        "905000000.0" :	{
            "f" :	0.992238593282558, 
            "g" :	0.2098509146383687
        }, 
        "920000000.0" :	{
            "f" :	0.9893314930885636, 
            "g" :	0.1872786361754693
        }, 
        "935000000.0" :	{
            "f" :	0.9777069134049012, 
            "g" :	0.16817397020690908
        }, 
        "950000000.0" :	{
            "f" :	0.8287319185244899, 
            "g" :	0.15249980789311193
        }
    }
}