{
    "geometry" :	{
        "items" :	3, 
        "0" :	"feed", 
        "1" :	"ground plane", 
        "2" :	"radiating plane", 
        "feed" :	{
            "items" :	2, 
            "0" :	"center", 
            "1" :	"width", 
            "center" :	54.741, 
            "width" :	1.594
        }, 
        "ground plane" :	{
            "items" :	5, 
            "0" :	"l", 
            "1" :	"w", 
            "2" :	"x", 
            "3" :	"y", 
            "4" :	"slots", 
            "l" :	85.7, 
            "w" :	101.341, 
            "x" :	-0.353, 
            "y" :	-0.636, 
            "slots" :	{
                "items" :	4, 
                "0" :	"elliptical", 
                "1" :	"rectangular", 
                "2" :	"triangular", 
                "3" :	"polygonal", 
                "elliptical" :	{
                    "items" :	0
                }, 
                "rectangular" :	{
                    "items" :	2, 
                    "0" :	{
                        "items" :	4, 
                        "0" :	"x", 
                        "1" :	"y", 
                        "2" :	"l", 
                        "3" :	"w", 
                        "x" :	79.623, 
                        "y" :	2.841, 
                        "z" :	0.0, 
                        "l" :	14.732, 
                        "w" :	11.451, 
                        "type" :	"rectangular", 
                        "id" :	"637074756696086912"
                    }, 
                    "1" :	{
                        "items" :	4, 
                        "0" :	"x", 
                        "1" :	"y", 
                        "2" :	"l", 
                        "3" :	"w", 
                        "x" :	10.981, 
                        "y" :	5.521, 
                        "z" :	0.0, 
                        "l" :	12.795, 
                        "w" :	1.974, 
                        "type" :	"rectangular", 
                        "id" :	"637074758836870528"
                    }
                }, 
                "triangular" :	{
                    "items" :	1, 
                    "0" :	{
                        "items" :	3, 
                        "0" :	{
                            "items" :	2, 
                            "0" :	"x", 
                            "1" :	"y", 
                            "x" :	80.701, 
                            "y" :	72.242, 
                            "z" :	0.0
                        }, 
                        "1" :	{
                            "items" :	2, 
                            "0" :	"x", 
                            "1" :	"y", 
                            "x" :	79.068, 
                            "y" :	61.602, 
                            "z" :	0.0
                        }, 
                        "2" :	{
                            "items" :	2, 
                            "0" :	"x", 
                            "1" :	"y", 
                            "x" :	69.001, 
                            "y" :	63.13, 
                            "z" :	0.0
                        }, 
                        "type" :	"triangular", 
                        "id" :	"637074760976512768"
                    }
                }, 
                "polygonal" :	{
                    "items" :	0
                }
            }
        }, 
        "radiating plane" :	{
            "items" :	5, 
            "0" :	"l", 
            "1" :	"w", 
            "2" :	"x", 
            "3" :	"y", 
            "4" :	"slots", 
            "l" :	76.265, 
            "w" :	98.348, 
            "x" :	4.796, 
            "y" :	3.973, 
            "slots" :	{
                "items" :	4, 
                "0" :	"elliptical", 
                "1" :	"rectangular", 
                "2" :	"triangular", 
                "3" :	"polygonal", 
                "elliptical" :	{
                    "items" :	0
                }, 
                "rectangular" :	{
                    "items" :	0
                }, 
                "triangular" :	{
                    "items" :	0
                }, 
                "polygonal" :	{
                    "items" :	0
                }
            }
        }, 
        "substrate" :	{
            "items" :	4, 
            "0" :	"l", 
            "1" :	"w", 
            "2" :	"x", 
            "3" :	"h", 
            "l" :	85.7, 
            "w" :	103.00699999999999, 
            "h" :	1.6, 
            "x" :	-0.353, 
            "y" :	-0.636, 
            "permitivitty" :	4.4, 
            "loss" :	0.02, 
            "name" :	"FR4"
        }
    }, 
    "fitness" :	{
        "items" :	1, 
        "0" :	"final", 
        "1" :	"freq", 
        "lower" :	1.3557372555583063, 
        "desired" :	0.9910065714550417, 
        "upper" :	0.6261787437107487, 
        "area" :	0.9320435931602491, 
        "freq" :	0.8402512039265226, 
        "final" :	1.4606297293836186, 
        "resonant" :	935000000.0, 
        "dir" :	"C:\\Users\\project\\0. My Work\\1. Repositories\\1. Very Unfriendly Train\\Data\\Simulations\\637074752774927488_Primary\\637074760976702208_1\\1.out", 
        "890000000.0" :	{
            "f" :	0.990733746359382, 
            "g" :	0.36500350919892427
        }, 
        "905000000.0" :	{
            "f" :	0.9838465030011448, 
            "g" :	0.349735562744
        }, 
        "920000000.0" :	{
            "f" :	0.9304226589378597, 
            "g" :	0.33533134650961416
        }, 
        "935000000.0" :	{
            "f" :	0.051746421877484884, 
            "g" :	0.32193722129502167
        }, 
        "950000000.0" :	{
            "f" :	0.3164791062636845, 
            "g" :	0.30969963744706414
        }
    }
}