{
    "geometry" :	{
        "items" :	3, 
        "0" :	"feed", 
        "1" :	"ground plane", 
        "2" :	"radiating plane", 
        "feed" :	{
            "items" :	2, 
            "0" :	"center", 
            "1" :	"width", 
            "center" :	54.685, 
            "width" :	1.595
        }, 
        "ground plane" :	{
            "items" :	5, 
            "0" :	"l", 
            "1" :	"w", 
            "2" :	"x", 
            "3" :	"y", 
            "4" :	"slots", 
            "l" :	86.102, 
            "w" :	106.82, 
            "x" :	-0.277, 
            "y" :	-0.1, 
            "slots" :	{
                "items" :	4, 
                "0" :	"elliptical", 
                "1" :	"rectangular", 
                "2" :	"triangular", 
                "3" :	"polygonal", 
                "elliptical" :	{
                    "items" :	0
                }, 
                "rectangular" :	{
                    "items" :	1, 
                    "0" :	{
                        "items" :	4, 
                        "0" :	"x", 
                        "1" :	"y", 
                        "2" :	"l", 
                        "3" :	"w", 
                        "x" :	80.81, 
                        "y" :	16.155, 
                        "z" :	0.0, 
                        "l" :	22.892, 
                        "w" :	16.259, 
                        "type" :	"rectangular", 
                        "id" :	"637074756696046976"
                    }
                }, 
                "triangular" :	{
                    "items" :	0
                }, 
                "polygonal" :	{
                    "items" :	0
                }
            }
        }, 
        "radiating plane" :	{
            "items" :	5, 
            "0" :	"l", 
            "1" :	"w", 
            "2" :	"x", 
            "3" :	"y", 
            "4" :	"slots", 
            "l" :	76.888, 
            "w" :	98.748, 
            "x" :	4.987, 
            "y" :	4.396, 
            "slots" :	{
                "items" :	4, 
                "0" :	"elliptical", 
                "1" :	"rectangular", 
                "2" :	"triangular", 
                "3" :	"polygonal", 
                "elliptical" :	{
                    "items" :	0
                }, 
                "rectangular" :	{
                    "items" :	0
                }, 
                "triangular" :	{
                    "items" :	0
                }, 
                "polygonal" :	{
                    "items" :	0
                }
            }
        }, 
        "substrate" :	{
            "items" :	4, 
            "0" :	"l", 
            "1" :	"w", 
            "2" :	"x", 
            "3" :	"h", 
            "l" :	86.102, 
            "w" :	106.82, 
            "h" :	1.6, 
            "x" :	-0.277, 
            "y" :	-0.1, 
            "permitivitty" :	4.4, 
            "loss" :	0.02, 
            "name" :	"FR4"
        }
    }, 
    "fitness" :	{
        "items" :	1, 
        "0" :	"final", 
        "1" :	"freq", 
        "lower" :	1.386568611105335, 
        "desired" :	0.9660728509063237, 
        "upper" :	1.191538340825759, 
        "area" :	0.9710788107889656, 
        "freq" :	0.8536862446196679, 
        "final" :	1.5406858992324226, 
        "resonant" :	935000000.0, 
        "dir" :	"C:\\Users\\project\\0. My Work\\1. Repositories\\1. Very Unfriendly Train\\Data\\Simulations\\637074752774927488_Primary\\637074756696266368_1\\1.out", 
        "890000000.0" :	{
            "f" :	0.989531560247399, 
            "g" :	0.3970370508579361
        }, 
        "905000000.0" :	{
            "f" :	0.9772964041085433, 
            "g" :	0.38554949977178504
        }, 
        "920000000.0" :	{
            "f" :	0.7927200766534654, 
            "g" :	0.37511074698398456
        }, 
        "935000000.0" :	{
            "f" :	0.0017256919428054595, 
            "g" :	0.36581613325838747
        }, 
        "950000000.0" :	{
            "f" :	0.8338090050791166, 
            "g" :	0.35772933574664234
        }
    }
}