{
    "geometry" :	{
        "items" :	3, 
        "0" :	"feed", 
        "1" :	"ground plane", 
        "2" :	"radiating plane", 
        "feed" :	{
            "items" :	2, 
            "0" :	"center", 
            "1" :	"width", 
            "center" :	53.823, 
            "width" :	1.586
        }, 
        "ground plane" :	{
            "items" :	5, 
            "0" :	"l", 
            "1" :	"w", 
            "2" :	"x", 
            "3" :	"y", 
            "4" :	"slots", 
            "l" :	81.703, 
            "w" :	106.151, 
            "x" :	-0.361, 
            "y" :	-0.009, 
            "slots" :	{
                "items" :	4, 
                "0" :	"elliptical", 
                "1" :	"rectangular", 
                "2" :	"triangular", 
                "3" :	"polygonal", 
                "elliptical" :	{
                    "items" :	0
                }, 
                "rectangular" :	{
                    "items" :	1, 
                    "0" :	{
                        "items" :	4, 
                        "0" :	"x", 
                        "1" :	"y", 
                        "2" :	"l", 
                        "3" :	"w", 
                        "x" :	30.613, 
                        "y" :	67.877, 
                        "z" :	0.0, 
                        "l" :	4.879, 
                        "w" :	16.116, 
                        "type" :	"rectangular", 
                        "id" :	"637074754177881984"
                    }
                }, 
                "triangular" :	{
                    "items" :	0
                }, 
                "polygonal" :	{
                    "items" :	0
                }
            }
        }, 
        "radiating plane" :	{
            "items" :	5, 
            "0" :	"l", 
            "1" :	"w", 
            "2" :	"x", 
            "3" :	"y", 
            "4" :	"slots", 
            "l" :	76.78, 
            "w" :	97.615, 
            "x" :	4.512, 
            "y" :	4.843, 
            "slots" :	{
                "items" :	4, 
                "0" :	"elliptical", 
                "1" :	"rectangular", 
                "2" :	"triangular", 
                "3" :	"polygonal", 
                "elliptical" :	{
                    "items" :	0
                }, 
                "rectangular" :	{
                    "items" :	0
                }, 
                "triangular" :	{
                    "items" :	1, 
                    "0" :	{
                        "items" :	3, 
                        "0" :	{
                            "items" :	2, 
                            "0" :	"x", 
                            "1" :	"y", 
                            "x" :	33.988, 
                            "y" :	4.089, 
                            "z" :	1.6
                        }, 
                        "1" :	{
                            "items" :	2, 
                            "0" :	"x", 
                            "1" :	"y", 
                            "x" :	33.962, 
                            "y" :	4.012, 
                            "z" :	1.6
                        }, 
                        "2" :	{
                            "items" :	2, 
                            "0" :	"x", 
                            "1" :	"y", 
                            "x" :	32.716, 
                            "y" :	4.88, 
                            "z" :	1.6
                        }, 
                        "type" :	"triangular", 
                        "id" :	"637074754177891840"
                    }
                }, 
                "polygonal" :	{
                    "items" :	0
                }
            }
        }, 
        "substrate" :	{
            "items" :	4, 
            "0" :	"l", 
            "1" :	"w", 
            "2" :	"x", 
            "3" :	"h", 
            "l" :	81.703, 
            "w" :	106.151, 
            "h" :	1.6, 
            "x" :	-0.361, 
            "y" :	-0.009, 
            "permitivitty" :	4.4, 
            "loss" :	0.02, 
            "name" :	"FR4"
        }
    }, 
    "fitness" :	{
        "items" :	1, 
        "0" :	"final", 
        "1" :	"freq", 
        "lower" :	0.7207776985818608, 
        "desired" :	1.2553502627508617, 
        "upper" :	1.4923832866595759, 
        "area" :	0.9156948209986728, 
        "freq" :	1.01463045263804, 
        "final" :	1.6196220142582711, 
        "resonant" :	890000000.0, 
        "dir" :	"C:\\Users\\project\\0. My Work\\1. Repositories\\1. Very Unfriendly Train\\Data\\Simulations\\637074752774927488_Primary\\637074754177981696_3\\3.out", 
        "890000000.0" :	{
            "f" :	0.2124868441225392, 
            "g" :	0.5082908544593217
        }, 
        "905000000.0" :	{
            "f" :	0.31118181462390104, 
            "g" :	0.5050841818617486
        }, 
        "920000000.0" :	{
            "f" :	0.9591026693915337, 
            "g" :	0.502770329250794
        }, 
        "935000000.0" :	{
            "f" :	0.986465236910568, 
            "g" :	0.5014465562140399
        }, 
        "950000000.0" :	{
            "f" :	0.9912217975488025, 
            "g" :	0.5011614891107733
        }
    }
}