{
    "geometry" :	{
        "items" :	3, 
        "0" :	"feed", 
        "1" :	"ground plane", 
        "2" :	"radiating plane", 
        "feed" :	{
            "items" :	2, 
            "0" :	"center", 
            "1" :	"width", 
            "center" :	53.554, 
            "width" :	1.645
        }, 
        "ground plane" :	{
            "items" :	5, 
            "0" :	"l", 
            "1" :	"w", 
            "2" :	"x", 
            "3" :	"y", 
            "4" :	"slots", 
            "l" :	83.945, 
            "w" :	106.131, 
            "x" :	-0.473, 
            "y" :	-0.098, 
            "slots" :	{
                "items" :	4, 
                "0" :	"elliptical", 
                "1" :	"rectangular", 
                "2" :	"triangular", 
                "3" :	"polygonal", 
                "elliptical" :	{
                    "items" :	0
                }, 
                "rectangular" :	{
                    "items" :	2, 
                    "0" :	{
                        "items" :	4, 
                        "0" :	"x", 
                        "1" :	"y", 
                        "2" :	"l", 
                        "3" :	"w", 
                        "x" :	82.595, 
                        "y" :	3.255, 
                        "z" :	0.0, 
                        "l" :	12.337, 
                        "w" :	13.428, 
                        "type" :	"rectangular", 
                        "id" :	"637074756696086912"
                    }, 
                    "1" :	{
                        "items" :	4, 
                        "0" :	"x", 
                        "1" :	"y", 
                        "2" :	"l", 
                        "3" :	"w", 
                        "x" :	80.308, 
                        "y" :	48.448, 
                        "z" :	0.0, 
                        "l" :	24.07, 
                        "w" :	4.887, 
                        "type" :	"rectangular", 
                        "id" :	"637074758836890368"
                    }
                }, 
                "triangular" :	{
                    "items" :	0
                }, 
                "polygonal" :	{
                    "items" :	0
                }
            }
        }, 
        "radiating plane" :	{
            "items" :	5, 
            "0" :	"l", 
            "1" :	"w", 
            "2" :	"x", 
            "3" :	"y", 
            "4" :	"slots", 
            "l" :	76.223, 
            "w" :	98.137, 
            "x" :	4.06, 
            "y" :	3.753, 
            "slots" :	{
                "items" :	4, 
                "0" :	"elliptical", 
                "1" :	"rectangular", 
                "2" :	"triangular", 
                "3" :	"polygonal", 
                "elliptical" :	{
                    "items" :	0
                }, 
                "rectangular" :	{
                    "items" :	0
                }, 
                "triangular" :	{
                    "items" :	0
                }, 
                "polygonal" :	{
                    "items" :	0
                }
            }
        }, 
        "substrate" :	{
            "items" :	4, 
            "0" :	"l", 
            "1" :	"w", 
            "2" :	"x", 
            "3" :	"h", 
            "l" :	83.945, 
            "w" :	106.131, 
            "h" :	1.6, 
            "x" :	-0.473, 
            "y" :	-0.098, 
            "permitivitty" :	4.4, 
            "loss" :	0.02, 
            "name" :	"FR4"
        }
    }, 
    "fitness" :	{
        "items" :	1, 
        "0" :	"final", 
        "1" :	"freq", 
        "lower" :	1.4066428395542037, 
        "desired" :	1.0902549896756373, 
        "upper" :	0.5714884983948878, 
        "area" :	0.9406450067107265, 
        "freq" :	0.9113175590547977, 
        "final" :	1.5557008017152225, 
        "resonant" :	935000000.0, 
        "dir" :	"C:\\Users\\project\\0. My Work\\1. Repositories\\1. Very Unfriendly Train\\Data\\Simulations\\637074752774927488_Primary\\637074758837030144_1\\1.out", 
        "890000000.0" :	{
            "f" :	0.9915703390297963, 
            "g" :	0.4150725005244073
        }, 
        "905000000.0" :	{
            "f" :	0.9865513060275323, 
            "g" :	0.40426715614653924
        }, 
        "920000000.0" :	{
            "f" :	0.9534665677032216, 
            "g" :	0.3943043686181695
        }, 
        "935000000.0" :	{
            "f" :	0.14698248299465722, 
            "g" :	0.38519308753679227
        }, 
        "950000000.0" :	{
            "f" :	0.19475566189506688, 
            "g" :	0.376732836499821
        }
    }
}