{
    "geometry" :	{
        "items" :	3, 
        "0" :	"feed", 
        "1" :	"ground plane", 
        "2" :	"radiating plane", 
        "feed" :	{
            "items" :	2, 
            "0" :	"center", 
            "1" :	"width", 
            "center" :	55.929, 
            "width" :	1.648
        }, 
        "ground plane" :	{
            "items" :	5, 
            "0" :	"l", 
            "1" :	"w", 
            "2" :	"x", 
            "3" :	"y", 
            "4" :	"slots", 
            "l" :	81.59, 
            "w" :	103.976, 
            "x" :	-0.042, 
            "y" :	-0.936, 
            "slots" :	{
                "items" :	4, 
                "0" :	"elliptical", 
                "1" :	"rectangular", 
                "2" :	"triangular", 
                "3" :	"polygonal", 
                "elliptical" :	{
                    "items" :	0
                }, 
                "rectangular" :	{
                    "items" :	2, 
                    "0" :	{
                        "items" :	4, 
                        "0" :	"x", 
                        "1" :	"y", 
                        "2" :	"l", 
                        "3" :	"w", 
                        "x" :	13.771, 
                        "y" :	16.262, 
                        "z" :	0.0, 
                        "l" :	18.221, 
                        "w" :	4.824, 
                        "type" :	"rectangular", 
                        "id" :	"637074758836870528"
                    }, 
                    "1" :	{
                        "items" :	4, 
                        "0" :	"x", 
                        "1" :	"y", 
                        "2" :	"l", 
                        "3" :	"w", 
                        "x" :	81.619, 
                        "y" :	13.595, 
                        "z" :	0.0, 
                        "l" :	27.529, 
                        "w" :	14.944, 
                        "type" :	"rectangular", 
                        "id" :	"637074763211752192"
                    }
                }, 
                "triangular" :	{
                    "items" :	2, 
                    "0" :	{
                        "items" :	3, 
                        "0" :	{
                            "items" :	2, 
                            "0" :	"x", 
                            "1" :	"y", 
                            "x" :	57.848, 
                            "y" :	105.171, 
                            "z" :	0.0
                        }, 
                        "1" :	{
                            "items" :	2, 
                            "0" :	"x", 
                            "1" :	"y", 
                            "x" :	46.668, 
                            "y" :	97.262, 
                            "z" :	0.0
                        }, 
                        "2" :	{
                            "items" :	2, 
                            "0" :	"x", 
                            "1" :	"y", 
                            "x" :	53.892, 
                            "y" :	94.1, 
                            "z" :	0.0
                        }, 
                        "type" :	"triangular", 
                        "id" :	"637074760976682240"
                    }, 
                    "1" :	{
                        "items" :	3, 
                        "0" :	{
                            "items" :	2, 
                            "0" :	"x", 
                            "1" :	"y", 
                            "x" :	17.451, 
                            "y" :	21.074, 
                            "z" :	0.0
                        }, 
                        "1" :	{
                            "items" :	2, 
                            "0" :	"x", 
                            "1" :	"y", 
                            "x" :	9.262, 
                            "y" :	27.184, 
                            "z" :	0.0
                        }, 
                        "2" :	{
                            "items" :	2, 
                            "0" :	"x", 
                            "1" :	"y", 
                            "x" :	7.303, 
                            "y" :	21.197, 
                            "z" :	0.0
                        }, 
                        "type" :	"triangular", 
                        "id" :	"637074771084489088"
                    }
                }, 
                "polygonal" :	{
                    "items" :	0
                }
            }
        }, 
        "radiating plane" :	{
            "items" :	5, 
            "0" :	"l", 
            "1" :	"w", 
            "2" :	"x", 
            "3" :	"y", 
            "4" :	"slots", 
            "l" :	73.897, 
            "w" :	101.655, 
            "x" :	5.025, 
            "y" :	3.074, 
            "slots" :	{
                "items" :	4, 
                "0" :	"elliptical", 
                "1" :	"rectangular", 
                "2" :	"triangular", 
                "3" :	"polygonal", 
                "elliptical" :	{
                    "items" :	0
                }, 
                "rectangular" :	{
                    "items" :	1, 
                    "0" :	{
                        "items" :	4, 
                        "0" :	"x", 
                        "1" :	"y", 
                        "2" :	"l", 
                        "3" :	"w", 
                        "x" :	21.293, 
                        "y" :	76.543, 
                        "z" :	1.6, 
                        "l" :	2.697, 
                        "w" :	2.741, 
                        "type" :	"rectangular", 
                        "id" :	"637074771084519040"
                    }
                }, 
                "triangular" :	{
                    "items" :	2, 
                    "0" :	{
                        "items" :	3, 
                        "0" :	{
                            "items" :	2, 
                            "0" :	"x", 
                            "1" :	"y", 
                            "x" :	23.166, 
                            "y" :	49.56, 
                            "z" :	1.6
                        }, 
                        "1" :	{
                            "items" :	2, 
                            "0" :	"x", 
                            "1" :	"y", 
                            "x" :	25.369, 
                            "y" :	49.278, 
                            "z" :	1.6
                        }, 
                        "2" :	{
                            "items" :	2, 
                            "0" :	"x", 
                            "1" :	"y", 
                            "x" :	26.137, 
                            "y" :	49.689, 
                            "z" :	1.6
                        }, 
                        "type" :	"triangular", 
                        "id" :	"637074760976692224"
                    }, 
                    "1" :	{
                        "items" :	3, 
                        "0" :	{
                            "items" :	2, 
                            "0" :	"x", 
                            "1" :	"y", 
                            "x" :	15.1, 
                            "y" :	63.75, 
                            "z" :	1.6
                        }, 
                        "1" :	{
                            "items" :	2, 
                            "0" :	"x", 
                            "1" :	"y", 
                            "x" :	17.487, 
                            "y" :	62.689, 
                            "z" :	1.6
                        }, 
                        "2" :	{
                            "items" :	2, 
                            "0" :	"x", 
                            "1" :	"y", 
                            "x" :	17.823, 
                            "y" :	61.188, 
                            "z" :	1.6
                        }, 
                        "type" :	"triangular", 
                        "id" :	"637074763211772160"
                    }
                }, 
                "polygonal" :	{
                    "items" :	0
                }
            }
        }, 
        "substrate" :	{
            "items" :	4, 
            "0" :	"l", 
            "1" :	"w", 
            "2" :	"x", 
            "3" :	"h", 
            "l" :	81.59, 
            "w" :	105.715, 
            "h" :	1.6, 
            "x" :	-0.042, 
            "y" :	-0.936, 
            "permitivitty" :	4.4, 
            "loss" :	0.02, 
            "name" :	"FR4"
        }
    }, 
    "fitness" :	{
        "items" :	1, 
        "0" :	"final", 
        "1" :	"freq", 
        "lower" :	1.3853333193258375, 
        "desired" :	0.9799662857410637, 
        "upper" :	1.0856884986031912, 
        "area" :	0.9106724785367757, 
        "freq" :	0.8580141570916004, 
        "final" :	1.4387284763835164, 
        "resonant" :	935000000.0, 
        "dir" :	"C:\\Users\\project\\0. My Work\\1. Repositories\\1. Very Unfriendly Train\\Data\\Simulations\\637074752774927488_Primary\\637074771085017728_0\\0.out", 
        "890000000.0" :	{
            "f" :	0.9899604562916253, 
            "g" :	0.39537286303421215
        }, 
        "905000000.0" :	{
            "f" :	0.979722020461037, 
            "g" :	0.3813721157913541
        }, 
        "920000000.0" :	{
            "f" :	0.8536183152456556, 
            "g" :	0.3680598849540782
        }, 
        "935000000.0" :	{
            "f" :	0.0015499212997880164, 
            "g" :	0.3555765994712777
        }, 
        "950000000.0" :	{
            "f" :	0.7416572466299896, 
            "g" :	0.34403125197320167
        }
    }
}