{
    "geometry" :	{
        "items" :	3, 
        "0" :	"feed", 
        "1" :	"ground plane", 
        "2" :	"radiating plane", 
        "feed" :	{
            "items" :	2, 
            "0" :	"center", 
            "1" :	"width", 
            "center" :	53.882, 
            "width" :	1.599
        }, 
        "ground plane" :	{
            "items" :	5, 
            "0" :	"l", 
            "1" :	"w", 
            "2" :	"x", 
            "3" :	"y", 
            "4" :	"slots", 
            "l" :	87.588, 
            "w" :	101.477, 
            "x" :	-0.366, 
            "y" :	-0.846, 
            "slots" :	{
                "items" :	4, 
                "0" :	"elliptical", 
                "1" :	"rectangular", 
                "2" :	"triangular", 
                "3" :	"polygonal", 
                "elliptical" :	{
                    "items" :	0
                }, 
                "rectangular" :	{
                    "items" :	1, 
                    "0" :	{
                        "items" :	4, 
                        "0" :	"x", 
                        "1" :	"y", 
                        "2" :	"l", 
                        "3" :	"w", 
                        "x" :	82.073, 
                        "y" :	52.417, 
                        "z" :	0.0, 
                        "l" :	26.936, 
                        "w" :	25.374, 
                        "type" :	"rectangular", 
                        "id" :	"637074793148525696"
                    }
                }, 
                "triangular" :	{
                    "items" :	0
                }, 
                "polygonal" :	{
                    "items" :	0
                }
            }
        }, 
        "radiating plane" :	{
            "items" :	5, 
            "0" :	"l", 
            "1" :	"w", 
            "2" :	"x", 
            "3" :	"y", 
            "4" :	"slots", 
            "l" :	75.354, 
            "w" :	98.708, 
            "x" :	4.875, 
            "y" :	4.194, 
            "slots" :	{
                "items" :	4, 
                "0" :	"elliptical", 
                "1" :	"rectangular", 
                "2" :	"triangular", 
                "3" :	"polygonal", 
                "elliptical" :	{
                    "items" :	0
                }, 
                "rectangular" :	{
                    "items" :	0
                }, 
                "triangular" :	{
                    "items" :	0
                }, 
                "polygonal" :	{
                    "items" :	0
                }
            }
        }, 
        "substrate" :	{
            "items" :	4, 
            "0" :	"l", 
            "1" :	"w", 
            "2" :	"x", 
            "3" :	"h", 
            "l" :	87.588, 
            "w" :	103.798, 
            "h" :	1.6, 
            "x" :	-0.366, 
            "y" :	-0.846, 
            "permitivitty" :	4.4, 
            "loss" :	0.02, 
            "name" :	"FR4"
        }
    }, 
    "fitness" :	{
        "items" :	1, 
        "0" :	"final", 
        "1" :	"freq", 
        "lower" :	1.4717806985600066, 
        "desired" :	1.3725961970286276, 
        "upper" :	1.0812580031947157, 
        "area" :	0.9598917518941542, 
        "freq" :	1.1399815974573755, 
        "final" :	1.976991232963524, 
        "resonant" :	935000000.0, 
        "dir" :	"C:\\Users\\project\\0. My Work\\1. Repositories\\1. Very Unfriendly Train\\Data\\Simulations\\637074791583617408_Primary\\637074793148595456_4\\4.out", 
        "890000000.0" :	{
            "f" :	0.9951930151523843, 
            "g" :	0.47658768340762236
        }, 
        "905000000.0" :	{
            "f" :	0.995192377259902, 
            "g" :	0.544339416759511
        }, 
        "920000000.0" :	{
            "f" :	0.9951898248474617, 
            "g" :	0.401380883402376
        }, 
        "935000000.0" :	{
            "f" :	0.9951808807794846, 
            "g" :	0.18650520803714696
        }, 
        "950000000.0" :	{
            "f" :	0.9951863130782885, 
            "g" :	0.0860716901164272
        }
    }
}