{
    "geometry" :	{
        "items" :	3, 
        "0" :	"feed", 
        "1" :	"ground plane", 
        "2" :	"radiating plane", 
        "feed" :	{
            "items" :	2, 
            "0" :	"center", 
            "1" :	"width", 
            "center" :	54.456, 
            "width" :	1.631
        }, 
        "ground plane" :	{
            "items" :	5, 
            "0" :	"l", 
            "1" :	"w", 
            "2" :	"x", 
            "3" :	"y", 
            "4" :	"slots", 
            "l" :	82.326, 
            "w" :	103.572, 
            "x" :	-0.169, 
            "y" :	-0.736, 
            "slots" :	{
                "items" :	4, 
                "0" :	"elliptical", 
                "1" :	"rectangular", 
                "2" :	"triangular", 
                "3" :	"polygonal", 
                "elliptical" :	{
                    "items" :	0
                }, 
                "rectangular" :	{
                    "items" :	2, 
                    "0" :	{
                        "items" :	4, 
                        "0" :	"x", 
                        "1" :	"y", 
                        "2" :	"l", 
                        "3" :	"w", 
                        "x" :	79.263, 
                        "y" :	-0.286, 
                        "z" :	0.0, 
                        "l" :	17.829, 
                        "w" :	13.025, 
                        "type" :	"rectangular", 
                        "id" :	"637074756696086912"
                    }, 
                    "1" :	{
                        "items" :	4, 
                        "0" :	"x", 
                        "1" :	"y", 
                        "2" :	"l", 
                        "3" :	"w", 
                        "x" :	17.538, 
                        "y" :	31.445, 
                        "z" :	0.0, 
                        "l" :	20.517, 
                        "w" :	15.227, 
                        "type" :	"rectangular", 
                        "id" :	"637074760976602496"
                    }
                }, 
                "triangular" :	{
                    "items" :	0
                }, 
                "polygonal" :	{
                    "items" :	0
                }
            }
        }, 
        "radiating plane" :	{
            "items" :	5, 
            "0" :	"l", 
            "1" :	"w", 
            "2" :	"x", 
            "3" :	"y", 
            "4" :	"slots", 
            "l" :	77.125, 
            "w" :	98.246, 
            "x" :	4.835, 
            "y" :	3.973, 
            "slots" :	{
                "items" :	4, 
                "0" :	"elliptical", 
                "1" :	"rectangular", 
                "2" :	"triangular", 
                "3" :	"polygonal", 
                "elliptical" :	{
                    "items" :	0
                }, 
                "rectangular" :	{
                    "items" :	0
                }, 
                "triangular" :	{
                    "items" :	0
                }, 
                "polygonal" :	{
                    "items" :	0
                }
            }
        }, 
        "substrate" :	{
            "items" :	4, 
            "0" :	"l", 
            "1" :	"w", 
            "2" :	"x", 
            "3" :	"h", 
            "l" :	82.326, 
            "w" :	103.572, 
            "h" :	1.6, 
            "x" :	-0.169, 
            "y" :	-0.736, 
            "permitivitty" :	4.4, 
            "loss" :	0.02, 
            "name" :	"FR4"
        }
    }, 
    "fitness" :	{
        "items" :	1, 
        "0" :	"final", 
        "1" :	"freq", 
        "lower" :	1.4100287092630421, 
        "desired" :	0.966469050671814, 
        "upper" :	1.439525223596038, 
        "area" :	0.9002601821941285, 
        "freq" :	0.8683570369374304, 
        "final" :	1.4279640267339924, 
        "resonant" :	905000000.0, 
        "dir" :	"C:\\Users\\project\\0. My Work\\1. Repositories\\1. Very Unfriendly Train\\Data\\Simulations\\637074752774927488_Primary\\637074760976702208_4\\4.out", 
        "890000000.0" :	{
            "f" :	0.9393954562264768, 
            "g" :	0.4706332530365654
        }, 
        "905000000.0" :	{
            "f" :	0.060169535462734854, 
            "g" :	0.46457432527829784
        }, 
        "920000000.0" :	{
            "f" :	0.4948168523391233, 
            "g" :	0.45948031181183
        }, 
        "935000000.0" :	{
            "f" :	0.9649398293656194, 
            "g" :	0.4554262977578365
        }, 
        "950000000.0" :	{
            "f" :	0.986995884686956, 
            "g" :	0.45252933890908215
        }
    }
}