{
    "geometry" :	{
        "items" :	3, 
        "0" :	"feed", 
        "1" :	"ground plane", 
        "2" :	"radiating plane", 
        "feed" :	{
            "items" :	2, 
            "0" :	"center", 
            "1" :	"width", 
            "center" :	56.365, 
            "width" :	1.602
        }, 
        "ground plane" :	{
            "items" :	5, 
            "0" :	"l", 
            "1" :	"w", 
            "2" :	"x", 
            "3" :	"y", 
            "4" :	"slots", 
            "l" :	80.467, 
            "w" :	101.911, 
            "x" :	-0.864, 
            "y" :	-0.75, 
            "slots" :	{
                "items" :	4, 
                "0" :	"elliptical", 
                "1" :	"rectangular", 
                "2" :	"triangular", 
                "3" :	"polygonal", 
                "elliptical" :	{
                    "items" :	0
                }, 
                "rectangular" :	{
                    "items" :	3, 
                    "0" :	{
                        "items" :	4, 
                        "0" :	"x", 
                        "1" :	"y", 
                        "2" :	"l", 
                        "3" :	"w", 
                        "x" :	83.787, 
                        "y" :	1.856, 
                        "z" :	0.0, 
                        "l" :	9.653, 
                        "w" :	13.975, 
                        "type" :	"rectangular", 
                        "id" :	"637074756696086912"
                    }, 
                    "1" :	{
                        "items" :	4, 
                        "0" :	"x", 
                        "1" :	"y", 
                        "2" :	"l", 
                        "3" :	"w", 
                        "x" :	10.21, 
                        "y" :	9.758, 
                        "z" :	0.0, 
                        "l" :	17.029, 
                        "w" :	1.579, 
                        "type" :	"rectangular", 
                        "id" :	"637074758836870528"
                    }, 
                    "2" :	{
                        "items" :	4, 
                        "0" :	"x", 
                        "1" :	"y", 
                        "2" :	"l", 
                        "3" :	"w", 
                        "x" :	21.165, 
                        "y" :	21.141, 
                        "z" :	0.0, 
                        "l" :	6.981, 
                        "w" :	10.269, 
                        "type" :	"rectangular", 
                        "id" :	"637074763211702528"
                    }
                }, 
                "triangular" :	{
                    "items" :	1, 
                    "0" :	{
                        "items" :	3, 
                        "0" :	{
                            "items" :	2, 
                            "0" :	"x", 
                            "1" :	"y", 
                            "x" :	48.824, 
                            "y" :	106.896, 
                            "z" :	0.0
                        }, 
                        "1" :	{
                            "items" :	2, 
                            "0" :	"x", 
                            "1" :	"y", 
                            "x" :	51.694, 
                            "y" :	101.694, 
                            "z" :	0.0
                        }, 
                        "2" :	{
                            "items" :	2, 
                            "0" :	"x", 
                            "1" :	"y", 
                            "x" :	47.395, 
                            "y" :	91.991, 
                            "z" :	0.0
                        }, 
                        "type" :	"triangular", 
                        "id" :	"637074760976682240"
                    }
                }, 
                "polygonal" :	{
                    "items" :	0
                }
            }
        }, 
        "radiating plane" :	{
            "items" :	5, 
            "0" :	"l", 
            "1" :	"w", 
            "2" :	"x", 
            "3" :	"y", 
            "4" :	"slots", 
            "l" :	74.962, 
            "w" :	101.298, 
            "x" :	4.591, 
            "y" :	4.483, 
            "slots" :	{
                "items" :	4, 
                "0" :	"elliptical", 
                "1" :	"rectangular", 
                "2" :	"triangular", 
                "3" :	"polygonal", 
                "elliptical" :	{
                    "items" :	0
                }, 
                "rectangular" :	{
                    "items" :	0
                }, 
                "triangular" :	{
                    "items" :	0
                }, 
                "polygonal" :	{
                    "items" :	0
                }
            }
        }, 
        "substrate" :	{
            "items" :	4, 
            "0" :	"l", 
            "1" :	"w", 
            "2" :	"x", 
            "3" :	"h", 
            "l" :	80.467, 
            "w" :	106.581, 
            "h" :	1.6, 
            "x" :	-0.864, 
            "y" :	-0.75, 
            "permitivitty" :	4.4, 
            "loss" :	0.02, 
            "name" :	"FR4"
        }
    }, 
    "fitness" :	{
        "items" :	1, 
        "0" :	"final", 
        "1" :	"freq", 
        "lower" :	1.4355549046738658, 
        "desired" :	0.9668360209188371, 
        "upper" :	1.2979597893406543, 
        "area" :	0.9054954356513208, 
        "freq" :	0.8637053710074973, 
        "final" :	1.434130192869827, 
        "resonant" :	935000000.0, 
        "dir" :	"C:\\Users\\project\\0. My Work\\1. Repositories\\1. Very Unfriendly Train\\Data\\Simulations\\637074752774927488_Primary\\637074763211901824_3\\3.out", 
        "890000000.0" :	{
            "f" :	0.9882436218471451, 
            "g" :	0.4473112828267208
        }, 
        "905000000.0" :	{
            "f" :	0.9702810245577277, 
            "g" :	0.4371710223127285
        }, 
        "920000000.0" :	{
            "f" :	0.6312229032986862, 
            "g" :	0.42777788136446226
        }, 
        "935000000.0" :	{
            "f" :	0.014926178006167197, 
            "g" :	0.4191290532167397
        }, 
        "950000000.0" :	{
            "f" :	0.8867200035093857, 
            "g" :	0.4112397858312684
        }
    }
}