{
    "geometry" :	{
        "items" :	3, 
        "0" :	"feed", 
        "1" :	"ground plane", 
        "2" :	"radiating plane", 
        "feed" :	{
            "items" :	2, 
            "0" :	"center", 
            "1" :	"width", 
            "center" :	55.16, 
            "width" :	1.602
        }, 
        "ground plane" :	{
            "items" :	5, 
            "0" :	"l", 
            "1" :	"w", 
            "2" :	"x", 
            "3" :	"y", 
            "4" :	"slots", 
            "l" :	70.0, 
            "w" :	79.941, 
            "x" :	-1.696, 
            "y" :	-2.029, 
            "slots" :	{
                "items" :	4, 
                "0" :	"elliptical", 
                "1" :	"rectangular", 
                "2" :	"triangular", 
                "3" :	"polygonal", 
                "elliptical" :	{
                    "items" :	0
                }, 
                "rectangular" :	{
                    "items" :	6, 
                    "0" :	{
                        "items" :	4, 
                        "0" :	"x", 
                        "1" :	"y", 
                        "2" :	"l", 
                        "3" :	"w", 
                        "x" :	38.748, 
                        "y" :	33.827, 
                        "z" :	0.0, 
                        "l" :	11.882, 
                        "w" :	17.378, 
                        "type" :	"rectangular", 
                        "id" :	"637074794711172352"
                    }, 
                    "1" :	{
                        "items" :	4, 
                        "0" :	"x", 
                        "1" :	"y", 
                        "2" :	"l", 
                        "3" :	"w", 
                        "x" :	19.828, 
                        "y" :	-6.626, 
                        "z" :	0.0, 
                        "l" :	23.027, 
                        "w" :	19.598, 
                        "type" :	"rectangular", 
                        "id" :	"637074796343085952"
                    }, 
                    "2" :	{
                        "items" :	4, 
                        "0" :	"x", 
                        "1" :	"y", 
                        "2" :	"l", 
                        "3" :	"w", 
                        "x" :	38.736, 
                        "y" :	76.664, 
                        "z" :	0.0, 
                        "l" :	26.788, 
                        "w" :	15.011, 
                        "type" :	"rectangular", 
                        "id" :	"637074802750269696"
                    }, 
                    "3" :	{
                        "items" :	4, 
                        "0" :	"x", 
                        "1" :	"y", 
                        "2" :	"l", 
                        "3" :	"w", 
                        "x" :	58.613, 
                        "y" :	80.835, 
                        "z" :	0.0, 
                        "l" :	7.039, 
                        "w" :	10.603, 
                        "type" :	"rectangular", 
                        "id" :	"637074808733894784"
                    }, 
                    "4" :	{
                        "items" :	4, 
                        "0" :	"x", 
                        "1" :	"y", 
                        "2" :	"l", 
                        "3" :	"w", 
                        "x" :	57.214, 
                        "y" :	12.631, 
                        "z" :	0.0, 
                        "l" :	8.456, 
                        "w" :	19.355, 
                        "type" :	"rectangular", 
                        "id" :	"637074821576554752"
                    }, 
                    "5" :	{
                        "items" :	4, 
                        "0" :	"x", 
                        "1" :	"y", 
                        "2" :	"l", 
                        "3" :	"w", 
                        "x" :	53.784, 
                        "y" :	30.042, 
                        "z" :	0.0, 
                        "l" :	8.679, 
                        "w" :	14.893, 
                        "type" :	"rectangular", 
                        "id" :	"637074832768953984"
                    }
                }, 
                "triangular" :	{
                    "items" :	4, 
                    "0" :	{
                        "items" :	3, 
                        "0" :	{
                            "items" :	2, 
                            "0" :	"x", 
                            "1" :	"y", 
                            "x" :	74.508, 
                            "y" :	111.242, 
                            "z" :	0.0
                        }, 
                        "1" :	{
                            "items" :	2, 
                            "0" :	"x", 
                            "1" :	"y", 
                            "x" :	76.865, 
                            "y" :	81.422, 
                            "z" :	0.0
                        }, 
                        "2" :	{
                            "items" :	2, 
                            "0" :	"x", 
                            "1" :	"y", 
                            "x" :	60.499, 
                            "y" :	91.113, 
                            "z" :	0.0
                        }, 
                        "type" :	"triangular", 
                        "id" :	"637074799422796672"
                    }, 
                    "1" :	{
                        "items" :	3, 
                        "0" :	{
                            "items" :	2, 
                            "0" :	"x", 
                            "1" :	"y", 
                            "x" :	65.4, 
                            "y" :	40.522, 
                            "z" :	0.0
                        }, 
                        "1" :	{
                            "items" :	2, 
                            "0" :	"x", 
                            "1" :	"y", 
                            "x" :	61.662, 
                            "y" :	39.993, 
                            "z" :	0.0
                        }, 
                        "2" :	{
                            "items" :	2, 
                            "0" :	"x", 
                            "1" :	"y", 
                            "x" :	82.299, 
                            "y" :	63.323, 
                            "z" :	0.0
                        }, 
                        "type" :	"triangular", 
                        "id" :	"637074801091451392"
                    }, 
                    "2" :	{
                        "items" :	3, 
                        "0" :	{
                            "items" :	2, 
                            "0" :	"x", 
                            "1" :	"y", 
                            "x" :	26.61, 
                            "y" :	22.488, 
                            "z" :	0.0
                        }, 
                        "1" :	{
                            "items" :	2, 
                            "0" :	"x", 
                            "1" :	"y", 
                            "x" :	31.083, 
                            "y" :	31.629, 
                            "z" :	0.0
                        }, 
                        "2" :	{
                            "items" :	2, 
                            "0" :	"x", 
                            "1" :	"y", 
                            "x" :	16.951, 
                            "y" :	34.579, 
                            "z" :	0.0
                        }, 
                        "type" :	"triangular", 
                        "id" :	"637074819634485760"
                    }, 
                    "3" :	{
                        "items" :	3, 
                        "0" :	{
                            "items" :	2, 
                            "0" :	"x", 
                            "1" :	"y", 
                            "x" :	18.856, 
                            "y" :	63.569, 
                            "z" :	0.0
                        }, 
                        "1" :	{
                            "items" :	2, 
                            "0" :	"x", 
                            "1" :	"y", 
                            "x" :	15.469, 
                            "y" :	57.238, 
                            "z" :	0.0
                        }, 
                        "2" :	{
                            "items" :	2, 
                            "0" :	"x", 
                            "1" :	"y", 
                            "x" :	18.351, 
                            "y" :	69.009, 
                            "z" :	0.0
                        }, 
                        "type" :	"triangular", 
                        "id" :	"637074828878567296"
                    }
                }, 
                "polygonal" :	{
                    "items" :	0
                }
            }
        }, 
        "radiating plane" :	{
            "items" :	5, 
            "0" :	"l", 
            "1" :	"w", 
            "2" :	"x", 
            "3" :	"y", 
            "4" :	"slots", 
            "l" :	62.675, 
            "w" :	87.291, 
            "x" :	2.344, 
            "y" :	3.531, 
            "slots" :	{
                "items" :	4, 
                "0" :	"elliptical", 
                "1" :	"rectangular", 
                "2" :	"triangular", 
                "3" :	"polygonal", 
                "elliptical" :	{
                    "items" :	0
                }, 
                "rectangular" :	{
                    "items" :	0
                }, 
                "triangular" :	{
                    "items" :	1, 
                    "0" :	{
                        "items" :	3, 
                        "0" :	{
                            "items" :	2, 
                            "0" :	"x", 
                            "1" :	"y", 
                            "x" :	46.675, 
                            "y" :	80.557, 
                            "z" :	1.6
                        }, 
                        "1" :	{
                            "items" :	2, 
                            "0" :	"x", 
                            "1" :	"y", 
                            "x" :	44.985, 
                            "y" :	79.306, 
                            "z" :	1.6
                        }, 
                        "2" :	{
                            "items" :	2, 
                            "0" :	"x", 
                            "1" :	"y", 
                            "x" :	45.839, 
                            "y" :	80.577, 
                            "z" :	1.6
                        }, 
                        "type" :	"triangular", 
                        "id" :	"637074828878567296"
                    }
                }, 
                "polygonal" :	{
                    "items" :	0
                }
            }
        }, 
        "substrate" :	{
            "items" :	4, 
            "0" :	"l", 
            "1" :	"w", 
            "2" :	"x", 
            "3" :	"h", 
            "l" :	70.0, 
            "w" :	92.901, 
            "h" :	1.6, 
            "x" :	-1.696, 
            "y" :	-2.029, 
            "permitivitty" :	4.4, 
            "loss" :	0.02, 
            "name" :	"FR4"
        }
    }, 
    "fitness" :	{
        "items" :	1, 
        "0" :	"final", 
        "1" :	"freq", 
        "lower" :	1.1807831317809339, 
        "desired" :	1.0236015273326664, 
        "upper" :	1.3797021156018419, 
        "area" :	0.6866052083819275, 
        "freq" :	0.8858727411143379, 
        "final" :	0.8994138066962363, 
        "resonant" :	905000000.0, 
        "dir" :	"C:\\Users\\project\\0. My Work\\1. Repositories\\1. Very Unfriendly Train\\Data\\Simulations\\637074791583617408_Primary\\637074832769113600_4\\4.out", 
        "890000000.0" :	{
            "f" :	0.6718431771385242, 
            "g" :	0.5089399546424097
        }, 
        "905000000.0" :	{
            "f" :	0.03401982067221037, 
            "g" :	0.5132775055188104
        }, 
        "920000000.0" :	{
            "f" :	0.6260558976818982, 
            "g" :	0.49736436971177994
        }, 
        "935000000.0" :	{
            "f" :	0.9477243659964951, 
            "g" :	0.45236262241680514
        }, 
        "950000000.0" :	{
            "f" :	0.9796477181511921, 
            "g" :	0.40005439745064975
        }
    }
}