{
    "geometry" :	{
        "items" :	3, 
        "0" :	"feed", 
        "1" :	"ground plane", 
        "2" :	"radiating plane", 
        "feed" :	{
            "items" :	2, 
            "0" :	"center", 
            "1" :	"width", 
            "center" :	55.17, 
            "width" :	1.612
        }, 
        "ground plane" :	{
            "items" :	5, 
            "0" :	"l", 
            "1" :	"w", 
            "2" :	"x", 
            "3" :	"y", 
            "4" :	"slots", 
            "l" :	83.946, 
            "w" :	104.18, 
            "x" :	-0.061, 
            "y" :	-0.539, 
            "slots" :	{
                "items" :	4, 
                "0" :	"elliptical", 
                "1" :	"rectangular", 
                "2" :	"triangular", 
                "3" :	"polygonal", 
                "elliptical" :	{
                    "items" :	0
                }, 
                "rectangular" :	{
                    "items" :	2, 
                    "0" :	{
                        "items" :	4, 
                        "0" :	"x", 
                        "1" :	"y", 
                        "2" :	"l", 
                        "3" :	"w", 
                        "x" :	83.456, 
                        "y" :	3.071, 
                        "z" :	0.0, 
                        "l" :	13.462, 
                        "w" :	9.548, 
                        "type" :	"rectangular", 
                        "id" :	"637074756696086912"
                    }, 
                    "1" :	{
                        "items" :	4, 
                        "0" :	"x", 
                        "1" :	"y", 
                        "2" :	"l", 
                        "3" :	"w", 
                        "x" :	11.649, 
                        "y" :	5.446, 
                        "z" :	0.0, 
                        "l" :	11.568, 
                        "w" :	5.284, 
                        "type" :	"rectangular", 
                        "id" :	"637074758836870528"
                    }
                }, 
                "triangular" :	{
                    "items" :	0
                }, 
                "polygonal" :	{
                    "items" :	0
                }
            }
        }, 
        "radiating plane" :	{
            "items" :	5, 
            "0" :	"l", 
            "1" :	"w", 
            "2" :	"x", 
            "3" :	"y", 
            "4" :	"slots", 
            "l" :	76.988, 
            "w" :	100.274, 
            "x" :	4.623, 
            "y" :	3.609, 
            "slots" :	{
                "items" :	4, 
                "0" :	"elliptical", 
                "1" :	"rectangular", 
                "2" :	"triangular", 
                "3" :	"polygonal", 
                "elliptical" :	{
                    "items" :	0
                }, 
                "rectangular" :	{
                    "items" :	0
                }, 
                "triangular" :	{
                    "items" :	0
                }, 
                "polygonal" :	{
                    "items" :	0
                }
            }
        }, 
        "substrate" :	{
            "items" :	4, 
            "0" :	"l", 
            "1" :	"w", 
            "2" :	"x", 
            "3" :	"h", 
            "l" :	83.946, 
            "w" :	104.472, 
            "h" :	1.6, 
            "x" :	-0.061, 
            "y" :	-0.539, 
            "permitivitty" :	4.4, 
            "loss" :	0.02, 
            "name" :	"FR4"
        }
    }, 
    "fitness" :	{
        "items" :	1, 
        "0" :	"final", 
        "1" :	"freq", 
        "lower" :	1.4038563066040783, 
        "desired" :	0.8598284739782333, 
        "upper" :	1.3426869010817888, 
        "area" :	0.9259522269762775, 
        "freq" :	0.7883420629001994, 
        "final" :	1.3920521606739942, 
        "resonant" :	920000000.0, 
        "dir" :	"C:\\Users\\project\\0. My Work\\1. Repositories\\1. Very Unfriendly Train\\Data\\Simulations\\637074752774927488_Primary\\637074758837030144_0\\0.out", 
        "890000000.0" :	{
            "f" :	0.9856667080496584, 
            "g" :	0.41818959855441995
        }, 
        "905000000.0" :	{
            "f" :	0.9434348016243717, 
            "g" :	0.40780337392321386
        }, 
        "920000000.0" :	{
            "f" :	0.07063341039768252, 
            "g" :	0.3982947555564788
        }, 
        "935000000.0" :	{
            "f" :	0.3695378385877528, 
            "g" :	0.38978124184519974
        }, 
        "950000000.0" :	{
            "f" :	0.9602709693518711, 
            "g" :	0.3824159317299177
        }
    }
}