{
    "geometry" :	{
        "items" :	3, 
        "0" :	"feed", 
        "1" :	"ground plane", 
        "2" :	"radiating plane", 
        "feed" :	{
            "items" :	2, 
            "0" :	"center", 
            "1" :	"width", 
            "center" :	55.084, 
            "width" :	1.537
        }, 
        "ground plane" :	{
            "items" :	5, 
            "0" :	"l", 
            "1" :	"w", 
            "2" :	"x", 
            "3" :	"y", 
            "4" :	"slots", 
            "l" :	79.996, 
            "w" :	85.966, 
            "x" :	-0.962, 
            "y" :	-1.229, 
            "slots" :	{
                "items" :	4, 
                "0" :	"elliptical", 
                "1" :	"rectangular", 
                "2" :	"triangular", 
                "3" :	"polygonal", 
                "elliptical" :	{
                    "items" :	0
                }, 
                "rectangular" :	{
                    "items" :	4, 
                    "0" :	{
                        "items" :	4, 
                        "0" :	"x", 
                        "1" :	"y", 
                        "2" :	"l", 
                        "3" :	"w", 
                        "x" :	42.722, 
                        "y" :	36.468, 
                        "z" :	0.0, 
                        "l" :	15.672, 
                        "w" :	16.697, 
                        "type" :	"rectangular", 
                        "id" :	"637074794711172352"
                    }, 
                    "1" :	{
                        "items" :	4, 
                        "0" :	"x", 
                        "1" :	"y", 
                        "2" :	"l", 
                        "3" :	"w", 
                        "x" :	21.843, 
                        "y" :	-4.04, 
                        "z" :	0.0, 
                        "l" :	20.186, 
                        "w" :	17.78, 
                        "type" :	"rectangular", 
                        "id" :	"637074796343085952"
                    }, 
                    "2" :	{
                        "items" :	4, 
                        "0" :	"x", 
                        "1" :	"y", 
                        "2" :	"l", 
                        "3" :	"w", 
                        "x" :	43.831, 
                        "y" :	74.628, 
                        "z" :	0.0, 
                        "l" :	16.712, 
                        "w" :	14.986, 
                        "type" :	"rectangular", 
                        "id" :	"637074802750269696"
                    }, 
                    "3" :	{
                        "items" :	4, 
                        "0" :	"x", 
                        "1" :	"y", 
                        "2" :	"l", 
                        "3" :	"w", 
                        "x" :	33.915, 
                        "y" :	75.0, 
                        "z" :	0.0, 
                        "l" :	38.289, 
                        "w" :	11.365, 
                        "type" :	"rectangular", 
                        "id" :	"637074806853619328"
                    }
                }, 
                "triangular" :	{
                    "items" :	1, 
                    "0" :	{
                        "items" :	3, 
                        "0" :	{
                            "items" :	2, 
                            "0" :	"x", 
                            "1" :	"y", 
                            "x" :	60.742, 
                            "y" :	37.94, 
                            "z" :	0.0
                        }, 
                        "1" :	{
                            "items" :	2, 
                            "0" :	"x", 
                            "1" :	"y", 
                            "x" :	69.118, 
                            "y" :	43.991, 
                            "z" :	0.0
                        }, 
                        "2" :	{
                            "items" :	2, 
                            "0" :	"x", 
                            "1" :	"y", 
                            "x" :	77.124, 
                            "y" :	57.868, 
                            "z" :	0.0
                        }, 
                        "type" :	"triangular", 
                        "id" :	"637074801091451392"
                    }, 
                    "-1" :	{
                        "items" :	3, 
                        "0" :	{
                            "items" :	2, 
                            "0" :	"x", 
                            "1" :	"y", 
                            "x" :	75.104, 
                            "y" :	111.47, 
                            "z" :	0.0
                        }, 
                        "1" :	{
                            "items" :	2, 
                            "0" :	"x", 
                            "1" :	"y", 
                            "x" :	72.072, 
                            "y" :	81.286, 
                            "z" :	0.0
                        }, 
                        "2" :	{
                            "items" :	2, 
                            "0" :	"x", 
                            "1" :	"y", 
                            "x" :	65.764, 
                            "y" :	89.733, 
                            "z" :	0.0
                        }, 
                        "type" :	"triangular", 
                        "id" :	"637074799422796672"
                    }
                }, 
                "polygonal" :	{
                    "items" :	0
                }
            }
        }, 
        "radiating plane" :	{
            "items" :	5, 
            "0" :	"l", 
            "1" :	"w", 
            "2" :	"x", 
            "3" :	"y", 
            "4" :	"slots", 
            "l" :	68.271, 
            "w" :	89.995, 
            "x" :	2.897, 
            "y" :	4.494, 
            "slots" :	{
                "items" :	4, 
                "0" :	"elliptical", 
                "1" :	"rectangular", 
                "2" :	"triangular", 
                "3" :	"polygonal", 
                "elliptical" :	{
                    "items" :	0
                }, 
                "rectangular" :	{
                    "items" :	1, 
                    "0" :	{
                        "items" :	4, 
                        "0" :	"x", 
                        "1" :	"y", 
                        "2" :	"l", 
                        "3" :	"w", 
                        "x" :	11.943, 
                        "y" :	17.655, 
                        "z" :	1.6, 
                        "l" :	0.545, 
                        "w" :	3.175, 
                        "type" :	"rectangular", 
                        "id" :	"637074806853629312"
                    }
                }, 
                "triangular" :	{
                    "items" :	0
                }, 
                "polygonal" :	{
                    "items" :	0
                }
            }
        }, 
        "substrate" :	{
            "items" :	4, 
            "0" :	"l", 
            "1" :	"w", 
            "2" :	"x", 
            "3" :	"h", 
            "l" :	79.996, 
            "w" :	95.768, 
            "h" :	1.6, 
            "x" :	-0.962, 
            "y" :	-1.229, 
            "permitivitty" :	4.4, 
            "loss" :	0.02, 
            "name" :	"FR4"
        }
    }, 
    "fitness" :	{
        "items" :	1, 
        "0" :	"final", 
        "1" :	"freq", 
        "lower" :	1.407852686650692, 
        "desired" :	0.949144065398852, 
        "upper" :	0.9876301676193473, 
        "area" :	0.8088674408356745, 
        "freq" :	0.8334498325254724, 
        "final" :	1.255596639912097, 
        "resonant" :	935000000.0, 
        "dir" :	"C:\\Users\\project\\0. My Work\\1. Repositories\\1. Very Unfriendly Train\\Data\\Simulations\\637074791583617408_Primary\\637074806853778944_3\\3.out", 
        "890000000.0" :	{
            "f" :	0.9847828787913436, 
            "g" :	0.42306980785934833
        }, 
        "905000000.0" :	{
            "f" :	0.960824240831546, 
            "g" :	0.38576388038715576
        }, 
        "920000000.0" :	{
            "f" :	0.7209676748544328, 
            "g" :	0.3557734735805191
        }, 
        "935000000.0" :	{
            "f" :	0.09329928321107514, 
            "g" :	0.33080364333182694
        }, 
        "950000000.0" :	{
            "f" :	0.6786991413441321, 
            "g" :	0.3089310262752152
        }
    }
}