{
    "geometry" :	{
        "items" :	3, 
        "0" :	"feed", 
        "1" :	"ground plane", 
        "2" :	"radiating plane", 
        "feed" :	{
            "items" :	2, 
            "0" :	"center", 
            "1" :	"width", 
            "center" :	55.831, 
            "width" :	1.703
        }, 
        "ground plane" :	{
            "items" :	5, 
            "0" :	"l", 
            "1" :	"w", 
            "2" :	"x", 
            "3" :	"y", 
            "4" :	"slots", 
            "l" :	81.921, 
            "w" :	96.279, 
            "x" :	-0.866, 
            "y" :	-0.605, 
            "slots" :	{
                "items" :	4, 
                "0" :	"elliptical", 
                "1" :	"rectangular", 
                "2" :	"triangular", 
                "3" :	"polygonal", 
                "elliptical" :	{
                    "items" :	0
                }, 
                "rectangular" :	{
                    "items" :	2, 
                    "0" :	{
                        "items" :	4, 
                        "0" :	"x", 
                        "1" :	"y", 
                        "2" :	"l", 
                        "3" :	"w", 
                        "x" :	87.411, 
                        "y" :	0.219, 
                        "z" :	0.0, 
                        "l" :	14.49, 
                        "w" :	11.424, 
                        "type" :	"rectangular", 
                        "id" :	"637074756696086912"
                    }, 
                    "1" :	{
                        "items" :	4, 
                        "0" :	"x", 
                        "1" :	"y", 
                        "2" :	"l", 
                        "3" :	"w", 
                        "x" :	12.412, 
                        "y" :	11.061, 
                        "z" :	0.0, 
                        "l" :	14.468, 
                        "w" :	7.18, 
                        "type" :	"rectangular", 
                        "id" :	"637074758836870528"
                    }
                }, 
                "triangular" :	{
                    "items" :	2, 
                    "0" :	{
                        "items" :	3, 
                        "0" :	{
                            "items" :	2, 
                            "0" :	"x", 
                            "1" :	"y", 
                            "x" :	54.469, 
                            "y" :	110.864, 
                            "z" :	0.0
                        }, 
                        "1" :	{
                            "items" :	2, 
                            "0" :	"x", 
                            "1" :	"y", 
                            "x" :	50.079, 
                            "y" :	103.839, 
                            "z" :	0.0
                        }, 
                        "2" :	{
                            "items" :	2, 
                            "0" :	"x", 
                            "1" :	"y", 
                            "x" :	48.365, 
                            "y" :	96.651, 
                            "z" :	0.0
                        }, 
                        "type" :	"triangular", 
                        "id" :	"637074760976682240"
                    }, 
                    "1" :	{
                        "items" :	3, 
                        "0" :	{
                            "items" :	2, 
                            "0" :	"x", 
                            "1" :	"y", 
                            "x" :	59.44, 
                            "y" :	10.983, 
                            "z" :	0.0
                        }, 
                        "1" :	{
                            "items" :	2, 
                            "0" :	"x", 
                            "1" :	"y", 
                            "x" :	78.207, 
                            "y" :	-1.404, 
                            "z" :	0.0
                        }, 
                        "2" :	{
                            "items" :	2, 
                            "0" :	"x", 
                            "1" :	"y", 
                            "x" :	69.021, 
                            "y" :	15.847, 
                            "z" :	0.0
                        }, 
                        "type" :	"triangular", 
                        "id" :	"637074763211592832"
                    }
                }, 
                "polygonal" :	{
                    "items" :	0
                }
            }
        }, 
        "radiating plane" :	{
            "items" :	5, 
            "0" :	"l", 
            "1" :	"w", 
            "2" :	"x", 
            "3" :	"y", 
            "4" :	"slots", 
            "l" :	75.428, 
            "w" :	100.196, 
            "x" :	5.18, 
            "y" :	3.649, 
            "slots" :	{
                "items" :	4, 
                "0" :	"elliptical", 
                "1" :	"rectangular", 
                "2" :	"triangular", 
                "3" :	"polygonal", 
                "elliptical" :	{
                    "items" :	0
                }, 
                "rectangular" :	{
                    "items" :	1, 
                    "0" :	{
                        "items" :	4, 
                        "0" :	"x", 
                        "1" :	"y", 
                        "2" :	"l", 
                        "3" :	"w", 
                        "x" :	8.531, 
                        "y" :	60.736, 
                        "z" :	1.6, 
                        "l" :	2.91, 
                        "w" :	4.69, 
                        "type" :	"rectangular", 
                        "id" :	"637074763211602560"
                    }
                }, 
                "triangular" :	{
                    "items" :	1, 
                    "0" :	{
                        "items" :	3, 
                        "0" :	{
                            "items" :	2, 
                            "0" :	"x", 
                            "1" :	"y", 
                            "x" :	22.722, 
                            "y" :	50.302, 
                            "z" :	1.6
                        }, 
                        "1" :	{
                            "items" :	2, 
                            "0" :	"x", 
                            "1" :	"y", 
                            "x" :	24.111, 
                            "y" :	49.562, 
                            "z" :	1.6
                        }, 
                        "2" :	{
                            "items" :	2, 
                            "0" :	"x", 
                            "1" :	"y", 
                            "x" :	23.852, 
                            "y" :	49.462, 
                            "z" :	1.6
                        }, 
                        "type" :	"triangular", 
                        "id" :	"637074760976692224"
                    }
                }, 
                "polygonal" :	{
                    "items" :	0
                }
            }
        }, 
        "substrate" :	{
            "items" :	4, 
            "0" :	"l", 
            "1" :	"w", 
            "2" :	"x", 
            "3" :	"h", 
            "l" :	81.921, 
            "w" :	104.5, 
            "h" :	1.6, 
            "x" :	-0.866, 
            "y" :	-0.605, 
            "permitivitty" :	4.4, 
            "loss" :	0.02, 
            "name" :	"FR4"
        }
    }, 
    "fitness" :	{
        "items" :	1, 
        "0" :	"final", 
        "1" :	"freq", 
        "lower" :	1.4111316984560875, 
        "desired" :	0.9705930346178028, 
        "upper" :	1.2281709214299463, 
        "area" :	0.9038579872778458, 
        "freq" :	0.8607698646727266, 
        "final" :	1.4275211201153684, 
        "resonant" :	935000000.0, 
        "dir" :	"C:\\Users\\project\\0. My Work\\1. Repositories\\1. Very Unfriendly Train\\Data\\Simulations\\637074752774927488_Primary\\637074763211901824_1\\1.out", 
        "890000000.0" :	{
            "f" :	0.9881182644721557, 
            "g" :	0.4230134339839318
        }, 
        "905000000.0" :	{
            "f" :	0.9713648362724912, 
            "g" :	0.4101947293732198
        }, 
        "920000000.0" :	{
            "f" :	0.7183314364439364, 
            "g" :	0.39877684108183636
        }, 
        "935000000.0" :	{
            "f" :	0.024528944335028106, 
            "g" :	0.3885823163468962
        }, 
        "950000000.0" :	{
            "f" :	0.8485919581572623, 
            "g" :	0.379578963272684
        }
    }
}