{
    "geometry" :	{
        "items" :	3, 
        "0" :	"feed", 
        "1" :	"ground plane", 
        "2" :	"radiating plane", 
        "feed" :	{
            "items" :	2, 
            "0" :	"center", 
            "1" :	"width", 
            "center" :	54.48, 
            "width" :	1.55
        }, 
        "ground plane" :	{
            "items" :	5, 
            "0" :	"l", 
            "1" :	"w", 
            "2" :	"x", 
            "3" :	"y", 
            "4" :	"slots", 
            "l" :	87.077, 
            "w" :	95.289, 
            "x" :	-0.997, 
            "y" :	-0.894, 
            "slots" :	{
                "items" :	4, 
                "0" :	"elliptical", 
                "1" :	"rectangular", 
                "2" :	"triangular", 
                "3" :	"polygonal", 
                "elliptical" :	{
                    "items" :	0
                }, 
                "rectangular" :	{
                    "items" :	3, 
                    "0" :	{
                        "items" :	4, 
                        "0" :	"x", 
                        "1" :	"y", 
                        "2" :	"l", 
                        "3" :	"w", 
                        "x" :	50.433, 
                        "y" :	41.854, 
                        "z" :	0.0, 
                        "l" :	11.464, 
                        "w" :	15.756, 
                        "type" :	"rectangular", 
                        "id" :	"637074794711172352"
                    }, 
                    "1" :	{
                        "items" :	4, 
                        "0" :	"x", 
                        "1" :	"y", 
                        "2" :	"l", 
                        "3" :	"w", 
                        "x" :	19.034, 
                        "y" :	1.977, 
                        "z" :	0.0, 
                        "l" :	21.092, 
                        "w" :	14.215, 
                        "type" :	"rectangular", 
                        "id" :	"637074796343085952"
                    }, 
                    "2" :	{
                        "items" :	4, 
                        "0" :	"x", 
                        "1" :	"y", 
                        "2" :	"l", 
                        "3" :	"w", 
                        "x" :	95.797, 
                        "y" :	27.718, 
                        "z" :	0.0, 
                        "l" :	8.818, 
                        "w" :	6.77, 
                        "type" :	"rectangular", 
                        "id" :	"637074797811257984"
                    }
                }, 
                "triangular" :	{
                    "items" :	0
                }, 
                "polygonal" :	{
                    "items" :	0
                }
            }
        }, 
        "radiating plane" :	{
            "items" :	5, 
            "0" :	"l", 
            "1" :	"w", 
            "2" :	"x", 
            "3" :	"y", 
            "4" :	"slots", 
            "l" :	72.677, 
            "w" :	97.562, 
            "x" :	2.855, 
            "y" :	5.743, 
            "slots" :	{
                "items" :	4, 
                "0" :	"elliptical", 
                "1" :	"rectangular", 
                "2" :	"triangular", 
                "3" :	"polygonal", 
                "elliptical" :	{
                    "items" :	0
                }, 
                "rectangular" :	{
                    "items" :	0
                }, 
                "triangular" :	{
                    "items" :	0
                }, 
                "polygonal" :	{
                    "items" :	0
                }
            }
        }, 
        "substrate" :	{
            "items" :	4, 
            "0" :	"l", 
            "1" :	"w", 
            "2" :	"x", 
            "3" :	"h", 
            "l" :	87.077, 
            "w" :	104.249, 
            "h" :	1.6, 
            "x" :	-0.997, 
            "y" :	-0.894, 
            "permitivitty" :	4.4, 
            "loss" :	0.02, 
            "name" :	"FR4"
        }
    }, 
    "fitness" :	{
        "items" :	1, 
        "0" :	"final", 
        "1" :	"freq", 
        "lower" :	1.2734404890635416, 
        "desired" :	0.7260956455107624, 
        "upper" :	1.1966639856944954, 
        "area" :	0.9584379920344146, 
        "freq" :	0.6763425927126595, 
        "final" :	1.4448652764080478, 
        "resonant" :	920000000.0, 
        "dir" :	"C:\\Users\\project\\0. My Work\\1. Repositories\\1. Very Unfriendly Train\\Data\\Simulations\\637074791583617408_Primary\\637074797811357440_3\\3.out", 
        "890000000.0" :	{
            "f" :	0.9708881698788103, 
            "g" :	0.30255231918473124
        }, 
        "905000000.0" :	{
            "f" :	0.7296932207172824, 
            "g" :	0.2822056492969729
        }, 
        "920000000.0" :	{
            "f" :	5.219526044402705e-05, 
            "g" :	0.2638153058357888
        }, 
        "935000000.0" :	{
            "f" :	0.6549794769770994, 
            "g" :	0.24754108844469952
        }, 
        "950000000.0" :	{
            "f" :	0.9630900824112217, 
            "g" :	0.2335739032832736
        }
    }
}