{
    "geometry" :	{
        "items" :	3, 
        "0" :	"feed", 
        "1" :	"ground plane", 
        "2" :	"radiating plane", 
        "feed" :	{
            "items" :	2, 
            "0" :	"center", 
            "1" :	"width", 
            "center" :	53.713, 
            "width" :	1.593
        }, 
        "ground plane" :	{
            "items" :	5, 
            "0" :	"l", 
            "1" :	"w", 
            "2" :	"x", 
            "3" :	"y", 
            "4" :	"slots", 
            "l" :	87.636, 
            "w" :	109.432, 
            "x" :	-0.019, 
            "y" :	-0.394, 
            "slots" :	{
                "items" :	4, 
                "0" :	"elliptical", 
                "1" :	"rectangular", 
                "2" :	"triangular", 
                "3" :	"polygonal", 
                "elliptical" :	{
                    "items" :	0
                }, 
                "rectangular" :	{
                    "items" :	1, 
                    "0" :	{
                        "items" :	4, 
                        "0" :	"x", 
                        "1" :	"y", 
                        "2" :	"l", 
                        "3" :	"w", 
                        "x" :	24.22, 
                        "y" :	87.729, 
                        "z" :	0.0, 
                        "l" :	13.609, 
                        "w" :	18.844, 
                        "type" :	"rectangular", 
                        "id" :	"637074756696066944"
                    }
                }, 
                "triangular" :	{
                    "items" :	0
                }, 
                "polygonal" :	{
                    "items" :	0
                }
            }
        }, 
        "radiating plane" :	{
            "items" :	5, 
            "0" :	"l", 
            "1" :	"w", 
            "2" :	"x", 
            "3" :	"y", 
            "4" :	"slots", 
            "l" :	76.629, 
            "w" :	99.586, 
            "x" :	4.464, 
            "y" :	4.987, 
            "slots" :	{
                "items" :	4, 
                "0" :	"elliptical", 
                "1" :	"rectangular", 
                "2" :	"triangular", 
                "3" :	"polygonal", 
                "elliptical" :	{
                    "items" :	0
                }, 
                "rectangular" :	{
                    "items" :	0
                }, 
                "triangular" :	{
                    "items" :	1, 
                    "0" :	{
                        "items" :	3, 
                        "0" :	{
                            "items" :	2, 
                            "0" :	"x", 
                            "1" :	"y", 
                            "x" :	16.037, 
                            "y" :	65.804, 
                            "z" :	1.6
                        }, 
                        "1" :	{
                            "items" :	2, 
                            "0" :	"x", 
                            "1" :	"y", 
                            "x" :	15.533, 
                            "y" :	63.335, 
                            "z" :	1.6
                        }, 
                        "2" :	{
                            "items" :	2, 
                            "0" :	"x", 
                            "1" :	"y", 
                            "x" :	15.614, 
                            "y" :	63.791, 
                            "z" :	1.6
                        }, 
                        "type" :	"triangular", 
                        "id" :	"637074756696066944"
                    }
                }, 
                "polygonal" :	{
                    "items" :	0
                }
            }
        }, 
        "substrate" :	{
            "items" :	4, 
            "0" :	"l", 
            "1" :	"w", 
            "2" :	"x", 
            "3" :	"h", 
            "l" :	87.636, 
            "w" :	109.432, 
            "h" :	1.6, 
            "x" :	-0.019, 
            "y" :	-0.394, 
            "permitivitty" :	4.4, 
            "loss" :	0.02, 
            "name" :	"FR4"
        }
    }, 
    "fitness" :	{
        "items" :	1, 
        "0" :	"final", 
        "1" :	"freq", 
        "lower" :	1.33662781131001, 
        "desired" :	1.3638481476121642, 
        "upper" :	1.365491332624524, 
        "area" :	1.0125478315407535, 
        "freq" :	1.136581633921092, 
        "final" :	1.9327121832426721, 
        "resonant" :	890000000.0, 
        "dir" :	"C:\\Users\\project\\0. My Work\\1. Repositories\\1. Very Unfriendly Train\\Data\\Simulations\\637074752774927488_Primary\\637074756696266368_2\\2.out", 
        "890000000.0" :	{
            "f" :	0.9528114909108363, 
            "g" :	0.38381632039917374
        }, 
        "905000000.0" :	{
            "f" :	0.9870905222644789, 
            "g" :	0.3768884885750979
        }, 
        "920000000.0" :	{
            "f" :	0.9917079656168377, 
            "g" :	0.3722838294123924
        }, 
        "935000000.0" :	{
            "f" :	0.993176482905618, 
            "g" :	0.37039715406206764
        }, 
        "950000000.0" :	{
            "f" :	0.9938332654492228, 
            "g" :	0.37165806717530125
        }
    }
}