{
    "geometry" :	{
        "items" :	3, 
        "0" :	"feed", 
        "1" :	"ground plane", 
        "2" :	"radiating plane", 
        "feed" :	{
            "items" :	2, 
            "0" :	"center", 
            "1" :	"width", 
            "center" :	55.255, 
            "width" :	1.628
        }, 
        "ground plane" :	{
            "items" :	5, 
            "0" :	"l", 
            "1" :	"w", 
            "2" :	"x", 
            "3" :	"y", 
            "4" :	"slots", 
            "l" :	75.409, 
            "w" :	83.814, 
            "x" :	-1.227, 
            "y" :	-0.636, 
            "slots" :	{
                "items" :	4, 
                "0" :	"elliptical", 
                "1" :	"rectangular", 
                "2" :	"triangular", 
                "3" :	"polygonal", 
                "elliptical" :	{
                    "items" :	0
                }, 
                "rectangular" :	{
                    "items" :	4, 
                    "0" :	{
                        "items" :	4, 
                        "0" :	"x", 
                        "1" :	"y", 
                        "2" :	"l", 
                        "3" :	"w", 
                        "x" :	24.344, 
                        "y" :	-7.952, 
                        "z" :	0.0, 
                        "l" :	21.232, 
                        "w" :	17.334, 
                        "type" :	"rectangular", 
                        "id" :	"637074796343085952"
                    }, 
                    "1" :	{
                        "items" :	4, 
                        "0" :	"x", 
                        "1" :	"y", 
                        "2" :	"l", 
                        "3" :	"w", 
                        "x" :	43.094, 
                        "y" :	73.964, 
                        "z" :	0.0, 
                        "l" :	23.085, 
                        "w" :	11.853, 
                        "type" :	"rectangular", 
                        "id" :	"637074802750269696"
                    }, 
                    "2" :	{
                        "items" :	4, 
                        "0" :	"x", 
                        "1" :	"y", 
                        "2" :	"l", 
                        "3" :	"w", 
                        "x" :	57.242, 
                        "y" :	71.68, 
                        "z" :	0.0, 
                        "l" :	6.377, 
                        "w" :	10.929, 
                        "type" :	"rectangular", 
                        "id" :	"637074808733894784"
                    }, 
                    "3" :	{
                        "items" :	4, 
                        "0" :	"x", 
                        "1" :	"y", 
                        "2" :	"l", 
                        "3" :	"w", 
                        "x" :	54.443, 
                        "y" :	52.982, 
                        "z" :	0.0, 
                        "l" :	10.628, 
                        "w" :	15.27, 
                        "type" :	"rectangular", 
                        "id" :	"637074815039624448"
                    }
                }, 
                "triangular" :	{
                    "items" :	2, 
                    "0" :	{
                        "items" :	3, 
                        "0" :	{
                            "items" :	2, 
                            "0" :	"x", 
                            "1" :	"y", 
                            "x" :	73.048, 
                            "y" :	109.9, 
                            "z" :	0.0
                        }, 
                        "1" :	{
                            "items" :	2, 
                            "0" :	"x", 
                            "1" :	"y", 
                            "x" :	74.419, 
                            "y" :	83.397, 
                            "z" :	0.0
                        }, 
                        "2" :	{
                            "items" :	2, 
                            "0" :	"x", 
                            "1" :	"y", 
                            "x" :	59.863, 
                            "y" :	90.213, 
                            "z" :	0.0
                        }, 
                        "type" :	"triangular", 
                        "id" :	"637074799422796672"
                    }, 
                    "1" :	{
                        "items" :	3, 
                        "0" :	{
                            "items" :	2, 
                            "0" :	"x", 
                            "1" :	"y", 
                            "x" :	62.285, 
                            "y" :	40.154, 
                            "z" :	0.0
                        }, 
                        "1" :	{
                            "items" :	2, 
                            "0" :	"x", 
                            "1" :	"y", 
                            "x" :	58.916, 
                            "y" :	35.533, 
                            "z" :	0.0
                        }, 
                        "2" :	{
                            "items" :	2, 
                            "0" :	"x", 
                            "1" :	"y", 
                            "x" :	76.059, 
                            "y" :	62.039, 
                            "z" :	0.0
                        }, 
                        "type" :	"triangular", 
                        "id" :	"637074801091451392"
                    }
                }, 
                "polygonal" :	{
                    "items" :	0
                }
            }
        }, 
        "radiating plane" :	{
            "items" :	5, 
            "0" :	"l", 
            "1" :	"w", 
            "2" :	"x", 
            "3" :	"y", 
            "4" :	"slots", 
            "l" :	66.609, 
            "w" :	89.518, 
            "x" :	2.539, 
            "y" :	5.641, 
            "slots" :	{
                "items" :	4, 
                "0" :	"elliptical", 
                "1" :	"rectangular", 
                "2" :	"triangular", 
                "3" :	"polygonal", 
                "elliptical" :	{
                    "items" :	0
                }, 
                "rectangular" :	{
                    "items" :	1, 
                    "0" :	{
                        "items" :	4, 
                        "0" :	"x", 
                        "1" :	"y", 
                        "2" :	"l", 
                        "3" :	"w", 
                        "x" :	35.494, 
                        "y" :	59.632, 
                        "z" :	1.6, 
                        "l" :	2.866, 
                        "w" :	3.962, 
                        "type" :	"rectangular", 
                        "id" :	"637074815039644416"
                    }
                }, 
                "triangular" :	{
                    "items" :	1, 
                    "0" :	{
                        "items" :	3, 
                        "0" :	{
                            "items" :	2, 
                            "0" :	"x", 
                            "1" :	"y", 
                            "x" :	8.433, 
                            "y" :	65.609, 
                            "z" :	1.6
                        }, 
                        "1" :	{
                            "items" :	2, 
                            "0" :	"x", 
                            "1" :	"y", 
                            "x" :	6.94, 
                            "y" :	65.733, 
                            "z" :	1.6
                        }, 
                        "2" :	{
                            "items" :	2, 
                            "0" :	"x", 
                            "1" :	"y", 
                            "x" :	8.248, 
                            "y" :	66.194, 
                            "z" :	1.6
                        }, 
                        "type" :	"triangular", 
                        "id" :	"637074802750269696"
                    }
                }, 
                "polygonal" :	{
                    "items" :	0
                }
            }
        }, 
        "substrate" :	{
            "items" :	4, 
            "0" :	"l", 
            "1" :	"w", 
            "2" :	"x", 
            "3" :	"h", 
            "l" :	75.409, 
            "w" :	95.845, 
            "h" :	1.6, 
            "x" :	-1.227, 
            "y" :	-0.636, 
            "permitivitty" :	4.4, 
            "loss" :	0.02, 
            "name" :	"FR4"
        }
    }, 
    "fitness" :	{
        "items" :	1, 
        "0" :	"final", 
        "1" :	"freq", 
        "lower" :	0.5846955246142009, 
        "desired" :	1.4067929859712385, 
        "upper" :	1.336538878217124, 
        "area" :	0.763099744331087, 
        "freq" :	1.1012811536829301, 
        "final" :	1.3307919776261423, 
        "resonant" :	890000000.0, 
        "dir" :	"C:\\Users\\project\\0. My Work\\1. Repositories\\1. Very Unfriendly Train\\Data\\Simulations\\637074791583617408_Primary\\637074815039644416_6\\6.out", 
        "890000000.0" :	{
            "f" :	0.016404377068100755, 
            "g" :	0.5682911475461002
        }, 
        "905000000.0" :	{
            "f" :	0.9559002730545082, 
            "g" :	0.5039576634445221
        }, 
        "920000000.0" :	{
            "f" :	0.9881057346857103, 
            "g" :	0.4216045031546982
        }, 
        "935000000.0" :	{
            "f" :	0.991182264387766, 
            "g" :	0.3596285191865109
        }, 
        "950000000.0" :	{
            "f" :	0.9915642071783212, 
            "g" :	0.34497467103880275
        }
    }
}