{
    "geometry" :	{
        "items" :	3, 
        "0" :	"feed", 
        "1" :	"ground plane", 
        "2" :	"radiating plane", 
        "feed" :	{
            "items" :	2, 
            "0" :	"center", 
            "1" :	"width", 
            "center" :	53.9, 
            "width" :	1.565
        }, 
        "ground plane" :	{
            "items" :	5, 
            "0" :	"l", 
            "1" :	"w", 
            "2" :	"x", 
            "3" :	"y", 
            "4" :	"slots", 
            "l" :	81.641, 
            "w" :	96.294, 
            "x" :	-0.489, 
            "y" :	-1.016, 
            "slots" :	{
                "items" :	4, 
                "0" :	"elliptical", 
                "1" :	"rectangular", 
                "2" :	"triangular", 
                "3" :	"polygonal", 
                "elliptical" :	{
                    "items" :	0
                }, 
                "rectangular" :	{
                    "items" :	3, 
                    "0" :	{
                        "items" :	4, 
                        "0" :	"x", 
                        "1" :	"y", 
                        "2" :	"l", 
                        "3" :	"w", 
                        "x" :	54.198, 
                        "y" :	12.765, 
                        "z" :	0.0, 
                        "l" :	14.245, 
                        "w" :	7.638, 
                        "type" :	"rectangular", 
                        "id" :	"637074791812683008"
                    }, 
                    "1" :	{
                        "items" :	4, 
                        "0" :	"x", 
                        "1" :	"y", 
                        "2" :	"l", 
                        "3" :	"w", 
                        "x" :	46.666, 
                        "y" :	42.325, 
                        "z" :	0.0, 
                        "l" :	7.71, 
                        "w" :	15.475, 
                        "type" :	"rectangular", 
                        "id" :	"637074794711172352"
                    }, 
                    "2" :	{
                        "items" :	4, 
                        "0" :	"x", 
                        "1" :	"y", 
                        "2" :	"l", 
                        "3" :	"w", 
                        "x" :	56.282, 
                        "y" :	64.858, 
                        "z" :	0.0, 
                        "l" :	17.439, 
                        "w" :	1.182, 
                        "type" :	"rectangular", 
                        "id" :	"637074796343016192"
                    }
                }, 
                "triangular" :	{
                    "items" :	0
                }, 
                "polygonal" :	{
                    "items" :	0
                }
            }
        }, 
        "radiating plane" :	{
            "items" :	5, 
            "0" :	"l", 
            "1" :	"w", 
            "2" :	"x", 
            "3" :	"y", 
            "4" :	"slots", 
            "l" :	74.081, 
            "w" :	95.591, 
            "x" :	4.513, 
            "y" :	4.477, 
            "slots" :	{
                "items" :	4, 
                "0" :	"elliptical", 
                "1" :	"rectangular", 
                "2" :	"triangular", 
                "3" :	"polygonal", 
                "elliptical" :	{
                    "items" :	0
                }, 
                "rectangular" :	{
                    "items" :	0
                }, 
                "triangular" :	{
                    "items" :	0
                }, 
                "polygonal" :	{
                    "items" :	0
                }
            }
        }, 
        "substrate" :	{
            "items" :	4, 
            "0" :	"l", 
            "1" :	"w", 
            "2" :	"x", 
            "3" :	"h", 
            "l" :	81.641, 
            "w" :	101.134, 
            "h" :	1.6, 
            "x" :	-0.489, 
            "y" :	-1.016, 
            "permitivitty" :	4.4, 
            "loss" :	0.02, 
            "name" :	"FR4"
        }
    }, 
    "fitness" :	{
        "items" :	1, 
        "0" :	"final", 
        "1" :	"freq", 
        "lower" :	1.4090004080095473, 
        "desired" :	0.9485702370928447, 
        "upper" :	1.3241419067835578, 
        "area" :	0.8717544337932623, 
        "freq" :	0.8499712959849808, 
        "final" :	1.4527437023227625, 
        "resonant" :	920000000.0, 
        "dir" :	"C:\\Users\\project\\0. My Work\\1. Repositories\\1. Very Unfriendly Train\\Data\\Simulations\\637074791583617408_Primary\\637074796343145600_1\\1.out", 
        "890000000.0" :	{
            "f" :	0.978279381683954, 
            "g" :	0.4307210263255932
        }, 
        "905000000.0" :	{
            "f" :	0.89740026755177, 
            "g" :	0.41654506093917076
        }, 
        "920000000.0" :	{
            "f" :	0.18739902749576665, 
            "g" :	0.40267388561091094
        }, 
        "935000000.0" :	{
            "f" :	0.5525386779150538, 
            "g" :	0.38915379176586185
        }, 
        "950000000.0" :	{
            "f" :	0.9480930520240096, 
            "g" :	0.37604885475954813
        }
    }
}