{
    "geometry" :	{
        "items" :	3, 
        "0" :	"feed", 
        "1" :	"ground plane", 
        "2" :	"radiating plane", 
        "feed" :	{
            "items" :	2, 
            "0" :	"center", 
            "1" :	"width", 
            "center" :	54.564, 
            "width" :	1.598
        }, 
        "ground plane" :	{
            "items" :	5, 
            "0" :	"l", 
            "1" :	"w", 
            "2" :	"x", 
            "3" :	"y", 
            "4" :	"slots", 
            "l" :	85.437, 
            "w" :	106.507, 
            "x" :	-0.083, 
            "y" :	-0.608, 
            "slots" :	{
                "items" :	4, 
                "0" :	"elliptical", 
                "1" :	"rectangular", 
                "2" :	"triangular", 
                "3" :	"polygonal", 
                "elliptical" :	{
                    "items" :	0
                }, 
                "rectangular" :	{
                    "items" :	1, 
                    "0" :	{
                        "items" :	4, 
                        "0" :	"x", 
                        "1" :	"y", 
                        "2" :	"l", 
                        "3" :	"w", 
                        "x" :	13.646, 
                        "y" :	43.544, 
                        "z" :	0.0, 
                        "l" :	3.139, 
                        "w" :	10.833, 
                        "type" :	"rectangular", 
                        "id" :	"637074754177841920"
                    }
                }, 
                "triangular" :	{
                    "items" :	0
                }, 
                "polygonal" :	{
                    "items" :	0
                }
            }
        }, 
        "radiating plane" :	{
            "items" :	5, 
            "0" :	"l", 
            "1" :	"w", 
            "2" :	"x", 
            "3" :	"y", 
            "4" :	"slots", 
            "l" :	77.493, 
            "w" :	96.565, 
            "x" :	4.405, 
            "y" :	5.013, 
            "slots" :	{
                "items" :	4, 
                "0" :	"elliptical", 
                "1" :	"rectangular", 
                "2" :	"triangular", 
                "3" :	"polygonal", 
                "elliptical" :	{
                    "items" :	0
                }, 
                "rectangular" :	{
                    "items" :	0
                }, 
                "triangular" :	{
                    "items" :	0
                }, 
                "polygonal" :	{
                    "items" :	0
                }
            }
        }, 
        "substrate" :	{
            "items" :	4, 
            "0" :	"l", 
            "1" :	"w", 
            "2" :	"x", 
            "3" :	"h", 
            "l" :	85.437, 
            "w" :	106.507, 
            "h" :	1.6, 
            "x" :	-0.083, 
            "y" :	-0.608, 
            "permitivitty" :	4.4, 
            "loss" :	0.02, 
            "name" :	"FR4"
        }
    }, 
    "fitness" :	{
        "items" :	1, 
        "0" :	"final", 
        "1" :	"freq", 
        "lower" :	1.3986819788418159, 
        "desired" :	0.9125119913679848, 
        "upper" :	1.3472689851728303, 
        "area" :	0.9607553400167027, 
        "freq" :	0.8250098114177851, 
        "final" :	1.4919731904207691, 
        "resonant" :	920000000.0, 
        "dir" :	"C:\\Users\\project\\0. My Work\\1. Repositories\\1. Very Unfriendly Train\\Data\\Simulations\\637074752774927488_Primary\\637074754177981696_1\\1.out", 
        "890000000.0" :	{
            "f" :	0.9829989564876055, 
            "g" :	0.41568302235421034
        }, 
        "905000000.0" :	{
            "f" :	0.910628512393629, 
            "g" :	0.40508560415746087
        }, 
        "920000000.0" :	{
            "f" :	0.015240116156398852, 
            "g" :	0.3953165689317437
        }, 
        "935000000.0" :	{
            "f" :	0.6247595886294682, 
            "g" :	0.3865055838352533
        }, 
        "950000000.0" :	{
            "f" :	0.9685133920687893, 
            "g" :	0.3787555931040411
        }
    }
}