{
    "geometry" :	{
        "items" :	3, 
        "0" :	"feed", 
        "1" :	"ground plane", 
        "2" :	"radiating plane", 
        "feed" :	{
            "items" :	2, 
            "0" :	"center", 
            "1" :	"width", 
            "center" :	55.99, 
            "width" :	1.713
        }, 
        "ground plane" :	{
            "items" :	5, 
            "0" :	"l", 
            "1" :	"w", 
            "2" :	"x", 
            "3" :	"y", 
            "4" :	"slots", 
            "l" :	74.714, 
            "w" :	85.173, 
            "x" :	-0.806, 
            "y" :	-0.551, 
            "slots" :	{
                "items" :	4, 
                "0" :	"elliptical", 
                "1" :	"rectangular", 
                "2" :	"triangular", 
                "3" :	"polygonal", 
                "elliptical" :	{
                    "items" :	0
                }, 
                "rectangular" :	{
                    "items" :	3, 
                    "0" :	{
                        "items" :	4, 
                        "0" :	"x", 
                        "1" :	"y", 
                        "2" :	"l", 
                        "3" :	"w", 
                        "x" :	49.886, 
                        "y" :	44.684, 
                        "z" :	0.0, 
                        "l" :	11.141, 
                        "w" :	9.693, 
                        "type" :	"rectangular", 
                        "id" :	"637074794711172352"
                    }, 
                    "1" :	{
                        "items" :	4, 
                        "0" :	"x", 
                        "1" :	"y", 
                        "2" :	"l", 
                        "3" :	"w", 
                        "x" :	30.094, 
                        "y" :	1.918, 
                        "z" :	0.0, 
                        "l" :	27.915, 
                        "w" :	18.671, 
                        "type" :	"rectangular", 
                        "id" :	"637074796343085952"
                    }, 
                    "2" :	{
                        "items" :	4, 
                        "0" :	"x", 
                        "1" :	"y", 
                        "2" :	"l", 
                        "3" :	"w", 
                        "x" :	63.319, 
                        "y" :	14.934, 
                        "z" :	0.0, 
                        "l" :	11.949, 
                        "w" :	29.974, 
                        "type" :	"rectangular", 
                        "id" :	"637074802750349184"
                    }
                }, 
                "triangular" :	{
                    "items" :	2, 
                    "0" :	{
                        "items" :	3, 
                        "0" :	{
                            "items" :	2, 
                            "0" :	"x", 
                            "1" :	"y", 
                            "x" :	69.583, 
                            "y" :	113.379, 
                            "z" :	0.0
                        }, 
                        "1" :	{
                            "items" :	2, 
                            "0" :	"x", 
                            "1" :	"y", 
                            "x" :	78.543, 
                            "y" :	88.558, 
                            "z" :	0.0
                        }, 
                        "2" :	{
                            "items" :	2, 
                            "0" :	"x", 
                            "1" :	"y", 
                            "x" :	68.773, 
                            "y" :	90.419, 
                            "z" :	0.0
                        }, 
                        "type" :	"triangular", 
                        "id" :	"637074799422796672"
                    }, 
                    "1" :	{
                        "items" :	3, 
                        "0" :	{
                            "items" :	2, 
                            "0" :	"x", 
                            "1" :	"y", 
                            "x" :	63.836, 
                            "y" :	44.707, 
                            "z" :	0.0
                        }, 
                        "1" :	{
                            "items" :	2, 
                            "0" :	"x", 
                            "1" :	"y", 
                            "x" :	55.457, 
                            "y" :	47.464, 
                            "z" :	0.0
                        }, 
                        "2" :	{
                            "items" :	2, 
                            "0" :	"x", 
                            "1" :	"y", 
                            "x" :	79.76, 
                            "y" :	72.466, 
                            "z" :	0.0
                        }, 
                        "type" :	"triangular", 
                        "id" :	"637074801091451392"
                    }
                }, 
                "polygonal" :	{
                    "items" :	0
                }
            }
        }, 
        "radiating plane" :	{
            "items" :	5, 
            "0" :	"l", 
            "1" :	"w", 
            "2" :	"x", 
            "3" :	"y", 
            "4" :	"slots", 
            "l" :	70.54, 
            "w" :	93.215, 
            "x" :	3.318, 
            "y" :	5.411, 
            "slots" :	{
                "items" :	4, 
                "0" :	"elliptical", 
                "1" :	"rectangular", 
                "2" :	"triangular", 
                "3" :	"polygonal", 
                "elliptical" :	{
                    "items" :	0
                }, 
                "rectangular" :	{
                    "items" :	1, 
                    "0" :	{
                        "items" :	4, 
                        "0" :	"x", 
                        "1" :	"y", 
                        "2" :	"l", 
                        "3" :	"w", 
                        "x" :	5.015, 
                        "y" :	23.27, 
                        "z" :	1.6, 
                        "l" :	2.479, 
                        "w" :	3.549, 
                        "type" :	"rectangular", 
                        "id" :	"637074802750349184"
                    }
                }, 
                "triangular" :	{
                    "items" :	0
                }, 
                "polygonal" :	{
                    "items" :	0
                }
            }
        }, 
        "substrate" :	{
            "items" :	4, 
            "0" :	"l", 
            "1" :	"w", 
            "2" :	"x", 
            "3" :	"h", 
            "l" :	74.714, 
            "w" :	99.227, 
            "h" :	1.6, 
            "x" :	-0.806, 
            "y" :	-0.551, 
            "permitivitty" :	4.4, 
            "loss" :	0.02, 
            "name" :	"FR4"
        }
    }, 
    "fitness" :	{
        "items" :	1, 
        "0" :	"final", 
        "1" :	"freq", 
        "lower" :	1.6082442775689465, 
        "desired" :	1.581192047648061, 
        "upper" :	1.466652632237708, 
        "area" :	0.7827453818358175, 
        "freq" :	1.3168678285588886, 
        "final" :	1.591342140252782, 
        "resonant" :	950000000.0, 
        "dir" :	"C:\\Users\\project\\0. My Work\\1. Repositories\\1. Very Unfriendly Train\\Data\\Simulations\\637074791583617408_Primary\\637074802750399104_5\\5.out", 
        "890000000.0" :	{
            "f" :	0.9951936529606374, 
            "g" :	0.6130506246083091
        }, 
        "905000000.0" :	{
            "f" :	0.9951936529606374, 
            "g" :	0.6046862965014821
        }, 
        "920000000.0" :	{
            "f" :	0.9951936529606374, 
            "g" :	0.5931666205462606
        }, 
        "935000000.0" :	{
            "f" :	0.9951936529606374, 
            "g" :	0.5601422670145274
        }, 
        "950000000.0" :	{
            "f" :	0.9951933340670388, 
            "g" :	0.4714592981706693
        }
    }
}