{
    "geometry" :	{
        "items" :	3, 
        "0" :	"feed", 
        "1" :	"ground plane", 
        "2" :	"radiating plane", 
        "feed" :	{
            "items" :	2, 
            "0" :	"center", 
            "1" :	"width", 
            "center" :	56.102, 
            "width" :	1.603
        }, 
        "ground plane" :	{
            "items" :	5, 
            "0" :	"l", 
            "1" :	"w", 
            "2" :	"x", 
            "3" :	"y", 
            "4" :	"slots", 
            "l" :	83.166, 
            "w" :	91.491, 
            "x" :	-0.598, 
            "y" :	-1.006, 
            "slots" :	{
                "items" :	4, 
                "0" :	"elliptical", 
                "1" :	"rectangular", 
                "2" :	"triangular", 
                "3" :	"polygonal", 
                "elliptical" :	{
                    "items" :	0
                }, 
                "rectangular" :	{
                    "items" :	2, 
                    "0" :	{
                        "items" :	4, 
                        "0" :	"x", 
                        "1" :	"y", 
                        "2" :	"l", 
                        "3" :	"w", 
                        "x" :	23.552, 
                        "y" :	-3.143, 
                        "z" :	0.0, 
                        "l" :	15.283, 
                        "w" :	13.614, 
                        "type" :	"rectangular", 
                        "id" :	"637074796343085952"
                    }, 
                    "1" :	{
                        "items" :	4, 
                        "0" :	"x", 
                        "1" :	"y", 
                        "2" :	"l", 
                        "3" :	"w", 
                        "x" :	69.653, 
                        "y" :	47.106, 
                        "z" :	0.0, 
                        "l" :	9.6, 
                        "w" :	12.71, 
                        "type" :	"rectangular", 
                        "id" :	"637074799422876544"
                    }
                }, 
                "triangular" :	{
                    "items" :	0
                }, 
                "polygonal" :	{
                    "items" :	0
                }
            }
        }, 
        "radiating plane" :	{
            "items" :	5, 
            "0" :	"l", 
            "1" :	"w", 
            "2" :	"x", 
            "3" :	"y", 
            "4" :	"slots", 
            "l" :	72.168, 
            "w" :	98.438, 
            "x" :	4.126, 
            "y" :	5.781, 
            "slots" :	{
                "items" :	4, 
                "0" :	"elliptical", 
                "1" :	"rectangular", 
                "2" :	"triangular", 
                "3" :	"polygonal", 
                "elliptical" :	{
                    "items" :	0
                }, 
                "rectangular" :	{
                    "items" :	0
                }, 
                "triangular" :	{
                    "items" :	1, 
                    "0" :	{
                        "items" :	3, 
                        "0" :	{
                            "items" :	2, 
                            "0" :	"x", 
                            "1" :	"y", 
                            "x" :	41.891, 
                            "y" :	52.121, 
                            "z" :	1.6
                        }, 
                        "1" :	{
                            "items" :	2, 
                            "0" :	"x", 
                            "1" :	"y", 
                            "x" :	42.786, 
                            "y" :	49.034, 
                            "z" :	1.6
                        }, 
                        "2" :	{
                            "items" :	2, 
                            "0" :	"x", 
                            "1" :	"y", 
                            "x" :	42.3, 
                            "y" :	50.427, 
                            "z" :	1.6
                        }, 
                        "type" :	"triangular", 
                        "id" :	"637074799422876544"
                    }
                }, 
                "polygonal" :	{
                    "items" :	0
                }
            }
        }, 
        "substrate" :	{
            "items" :	4, 
            "0" :	"l", 
            "1" :	"w", 
            "2" :	"x", 
            "3" :	"h", 
            "l" :	83.166, 
            "w" :	105.275, 
            "h" :	1.6, 
            "x" :	-0.598, 
            "y" :	-1.006, 
            "permitivitty" :	4.4, 
            "loss" :	0.02, 
            "name" :	"FR4"
        }
    }, 
    "fitness" :	{
        "items" :	1, 
        "0" :	"final", 
        "1" :	"freq", 
        "lower" :	1.3117772159575258, 
        "desired" :	1.2499650551019903, 
        "upper" :	1.177163439965606, 
        "area" :	0.9243995570153292, 
        "freq" :	1.0453347739260632, 
        "final" :	1.7924896086110036, 
        "resonant" :	950000000.0, 
        "dir" :	"C:\\Users\\project\\0. My Work\\1. Repositories\\1. Very Unfriendly Train\\Data\\Simulations\\637074791583617408_Primary\\637074799422886528_6\\6.out", 
        "890000000.0" :	{
            "f" :	0.9936487575937505, 
            "g" :	0.3181284583637754
        }, 
        "905000000.0" :	{
            "f" :	0.9929070331814356, 
            "g" :	0.28409468156524315
        }, 
        "920000000.0" :	{
            "f" :	0.9912264369442341, 
            "g" :	0.2581751706711047
        }, 
        "935000000.0" :	{
            "f" :	0.986213730999859, 
            "g" :	0.23727811194409515
        }, 
        "950000000.0" :	{
            "f" :	0.957303355781686, 
            "g" :	0.2198600841839199
        }
    }
}