{
    "geometry" :	{
        "items" :	3, 
        "0" :	"feed", 
        "1" :	"ground plane", 
        "2" :	"radiating plane", 
        "feed" :	{
            "items" :	2, 
            "0" :	"center", 
            "1" :	"width", 
            "center" :	54.984, 
            "width" :	1.638
        }, 
        "ground plane" :	{
            "items" :	5, 
            "0" :	"l", 
            "1" :	"w", 
            "2" :	"x", 
            "3" :	"y", 
            "4" :	"slots", 
            "l" :	76.29400000000001, 
            "w" :	86.065, 
            "x" :	-0.903, 
            "y" :	0.024, 
            "slots" :	{
                "items" :	4, 
                "0" :	"elliptical", 
                "1" :	"rectangular", 
                "2" :	"triangular", 
                "3" :	"polygonal", 
                "elliptical" :	{
                    "items" :	0
                }, 
                "rectangular" :	{
                    "items" :	1, 
                    "0" :	{
                        "items" :	4, 
                        "0" :	"x", 
                        "1" :	"y", 
                        "2" :	"l", 
                        "3" :	"w", 
                        "x" :	26.587, 
                        "y" :	-9.114, 
                        "z" :	0.0, 
                        "l" :	26.246, 
                        "w" :	13.001, 
                        "type" :	"rectangular", 
                        "id" :	"637074796343085952"
                    }
                }, 
                "triangular" :	{
                    "items" :	3, 
                    "0" :	{
                        "items" :	3, 
                        "0" :	{
                            "items" :	2, 
                            "0" :	"x", 
                            "1" :	"y", 
                            "x" :	70.745, 
                            "y" :	107.554, 
                            "z" :	0.0
                        }, 
                        "1" :	{
                            "items" :	2, 
                            "0" :	"x", 
                            "1" :	"y", 
                            "x" :	86.758, 
                            "y" :	87.187, 
                            "z" :	0.0
                        }, 
                        "2" :	{
                            "items" :	2, 
                            "0" :	"x", 
                            "1" :	"y", 
                            "x" :	69.42, 
                            "y" :	89.655, 
                            "z" :	0.0
                        }, 
                        "type" :	"triangular", 
                        "id" :	"637074799422796672"
                    }, 
                    "1" :	{
                        "items" :	3, 
                        "0" :	{
                            "items" :	2, 
                            "0" :	"x", 
                            "1" :	"y", 
                            "x" :	61.151, 
                            "y" :	52.864, 
                            "z" :	0.0
                        }, 
                        "1" :	{
                            "items" :	2, 
                            "0" :	"x", 
                            "1" :	"y", 
                            "x" :	57.792, 
                            "y" :	50.605, 
                            "z" :	0.0
                        }, 
                        "2" :	{
                            "items" :	2, 
                            "0" :	"x", 
                            "1" :	"y", 
                            "x" :	82.584, 
                            "y" :	63.46, 
                            "z" :	0.0
                        }, 
                        "type" :	"triangular", 
                        "id" :	"637074801091451392"
                    }, 
                    "2" :	{
                        "items" :	3, 
                        "0" :	{
                            "items" :	2, 
                            "0" :	"x", 
                            "1" :	"y", 
                            "x" :	33.251, 
                            "y" :	29.185, 
                            "z" :	0.0
                        }, 
                        "1" :	{
                            "items" :	2, 
                            "0" :	"x", 
                            "1" :	"y", 
                            "x" :	47.723, 
                            "y" :	21.628, 
                            "z" :	0.0
                        }, 
                        "2" :	{
                            "items" :	2, 
                            "0" :	"x", 
                            "1" :	"y", 
                            "x" :	35.752, 
                            "y" :	23.175, 
                            "z" :	0.0
                        }, 
                        "type" :	"triangular", 
                        "id" :	"637074802750219520"
                    }
                }, 
                "polygonal" :	{
                    "items" :	0
                }
            }
        }, 
        "radiating plane" :	{
            "items" :	5, 
            "0" :	"l", 
            "1" :	"w", 
            "2" :	"x", 
            "3" :	"y", 
            "4" :	"slots", 
            "l" :	70.43, 
            "w" :	93.941, 
            "x" :	4.911, 
            "y" :	4.406, 
            "slots" :	{
                "items" :	4, 
                "0" :	"elliptical", 
                "1" :	"rectangular", 
                "2" :	"triangular", 
                "3" :	"polygonal", 
                "elliptical" :	{
                    "items" :	0
                }, 
                "rectangular" :	{
                    "items" :	1, 
                    "0" :	{
                        "items" :	4, 
                        "0" :	"x", 
                        "1" :	"y", 
                        "2" :	"l", 
                        "3" :	"w", 
                        "x" :	60.066, 
                        "y" :	6.235, 
                        "z" :	1.6, 
                        "l" :	2.259, 
                        "w" :	0.645, 
                        "type" :	"rectangular", 
                        "id" :	"637074802750229632"
                    }
                }, 
                "triangular" :	{
                    "items" :	0
                }, 
                "polygonal" :	{
                    "items" :	0
                }
            }
        }, 
        "substrate" :	{
            "items" :	4, 
            "0" :	"l", 
            "1" :	"w", 
            "2" :	"x", 
            "3" :	"h", 
            "l" :	76.29400000000001, 
            "w" :	98.373, 
            "h" :	1.6, 
            "x" :	-0.903, 
            "y" :	0.024, 
            "permitivitty" :	4.4, 
            "loss" :	0.02, 
            "name" :	"FR4"
        }
    }, 
    "fitness" :	{
        "items" :	1, 
        "0" :	"final", 
        "1" :	"freq", 
        "lower" :	1.4742086193717296, 
        "desired" :	1.4371119652951363, 
        "upper" :	1.4022108166183223, 
        "area" :	0.792419155912526, 
        "freq" :	1.2013966491841086, 
        "final" :	1.5293015053869534, 
        "resonant" :	950000000.0, 
        "dir" :	"C:\\Users\\project\\0. My Work\\1. Repositories\\1. Very Unfriendly Train\\Data\\Simulations\\637074791583617408_Primary\\637074802750399104_2\\2.out", 
        "890000000.0" :	{
            "f" :	0.9941446871810962, 
            "g" :	0.4800639321906335
        }, 
        "905000000.0" :	{
            "f" :	0.9938389829390936, 
            "g" :	0.46107441006985667
        }, 
        "920000000.0" :	{
            "f" :	0.9933416304412039, 
            "g" :	0.4435535327054165
        }, 
        "935000000.0" :	{
            "f" :	0.9924707342639917, 
            "g" :	0.4270566054658469
        }, 
        "950000000.0" :	{
            "f" :	0.9907410877889878, 
            "g" :	0.4114697288293344
        }
    }
}