{
    "geometry" :	{
        "items" :	3, 
        "0" :	"feed", 
        "1" :	"ground plane", 
        "2" :	"radiating plane", 
        "feed" :	{
            "items" :	2, 
            "0" :	"center", 
            "1" :	"width", 
            "center" :	55.178, 
            "width" :	1.574
        }, 
        "ground plane" :	{
            "items" :	5, 
            "0" :	"l", 
            "1" :	"w", 
            "2" :	"x", 
            "3" :	"y", 
            "4" :	"slots", 
            "l" :	84.857, 
            "w" :	102.849, 
            "x" :	-0.727, 
            "y" :	-0.635, 
            "slots" :	{
                "items" :	4, 
                "0" :	"elliptical", 
                "1" :	"rectangular", 
                "2" :	"triangular", 
                "3" :	"polygonal", 
                "elliptical" :	{
                    "items" :	0
                }, 
                "rectangular" :	{
                    "items" :	1, 
                    "0" :	{
                        "items" :	4, 
                        "0" :	"x", 
                        "1" :	"y", 
                        "2" :	"l", 
                        "3" :	"w", 
                        "x" :	37.168, 
                        "y" :	71.811, 
                        "z" :	0.0, 
                        "l" :	22.542, 
                        "w" :	6.528, 
                        "type" :	"rectangular", 
                        "id" :	"637074794711292416"
                    }
                }, 
                "triangular" :	{
                    "items" :	0
                }, 
                "polygonal" :	{
                    "items" :	0
                }
            }
        }, 
        "radiating plane" :	{
            "items" :	5, 
            "0" :	"l", 
            "1" :	"w", 
            "2" :	"x", 
            "3" :	"y", 
            "4" :	"slots", 
            "l" :	74.699, 
            "w" :	99.065, 
            "x" :	4.441, 
            "y" :	4.085, 
            "slots" :	{
                "items" :	4, 
                "0" :	"elliptical", 
                "1" :	"rectangular", 
                "2" :	"triangular", 
                "3" :	"polygonal", 
                "elliptical" :	{
                    "items" :	0
                }, 
                "rectangular" :	{
                    "items" :	0
                }, 
                "triangular" :	{
                    "items" :	0
                }, 
                "polygonal" :	{
                    "items" :	0
                }
            }
        }, 
        "substrate" :	{
            "items" :	4, 
            "0" :	"l", 
            "1" :	"w", 
            "2" :	"x", 
            "3" :	"h", 
            "l" :	84.857, 
            "w" :	103.835, 
            "h" :	1.6, 
            "x" :	-0.727, 
            "y" :	-0.635, 
            "permitivitty" :	4.4, 
            "loss" :	0.02, 
            "name" :	"FR4"
        }
    }, 
    "fitness" :	{
        "items" :	1, 
        "0" :	"final", 
        "1" :	"freq", 
        "lower" :	1.3547035488453796, 
        "desired" :	0.9665807655442155, 
        "upper" :	0.8252806266714635, 
        "area" :	0.9302937553862282, 
        "freq" :	0.8330203688663812, 
        "final" :	1.5707228779246032, 
        "resonant" :	935000000.0, 
        "dir" :	"C:\\Users\\project\\0. My Work\\1. Repositories\\1. Very Unfriendly Train\\Data\\Simulations\\637074791583617408_Primary\\637074794711302400_6\\6.out", 
        "890000000.0" :	{
            "f" :	0.9905383331606241, 
            "g" :	0.3641652156847555
        }, 
        "905000000.0" :	{
            "f" :	0.9826773623251452, 
            "g" :	0.34816211839728883
        }, 
        "920000000.0" :	{
            "f" :	0.9092902911126247, 
            "g" :	0.3329363848413455
        }, 
        "935000000.0" :	{
            "f" :	0.008061724966115371, 
            "g" :	0.31861441499012655
        }, 
        "950000000.0" :	{
            "f" :	0.5198062971679798, 
            "g" :	0.30547432950348374
        }
    }
}