{
    "geometry" :	{
        "items" :	3, 
        "0" :	"feed", 
        "1" :	"ground plane", 
        "2" :	"radiating plane", 
        "feed" :	{
            "items" :	2, 
            "0" :	"center", 
            "1" :	"width", 
            "center" :	54.891, 
            "width" :	1.642
        }, 
        "ground plane" :	{
            "items" :	5, 
            "0" :	"l", 
            "1" :	"w", 
            "2" :	"x", 
            "3" :	"y", 
            "4" :	"slots", 
            "l" :	70.142, 
            "w" :	80.269, 
            "x" :	-1.729, 
            "y" :	-1.578, 
            "slots" :	{
                "items" :	4, 
                "0" :	"elliptical", 
                "1" :	"rectangular", 
                "2" :	"triangular", 
                "3" :	"polygonal", 
                "elliptical" :	{
                    "items" :	0
                }, 
                "rectangular" :	{
                    "items" :	5, 
                    "0" :	{
                        "items" :	4, 
                        "0" :	"x", 
                        "1" :	"y", 
                        "2" :	"l", 
                        "3" :	"w", 
                        "x" :	42.818, 
                        "y" :	35.944, 
                        "z" :	0.0, 
                        "l" :	10.546, 
                        "w" :	17.044, 
                        "type" :	"rectangular", 
                        "id" :	"637074794711172352"
                    }, 
                    "1" :	{
                        "items" :	4, 
                        "0" :	"x", 
                        "1" :	"y", 
                        "2" :	"l", 
                        "3" :	"w", 
                        "x" :	39.573, 
                        "y" :	72.392, 
                        "z" :	0.0, 
                        "l" :	25.765, 
                        "w" :	10.773, 
                        "type" :	"rectangular", 
                        "id" :	"637074802750269696"
                    }, 
                    "2" :	{
                        "items" :	4, 
                        "0" :	"x", 
                        "1" :	"y", 
                        "2" :	"l", 
                        "3" :	"w", 
                        "x" :	56.392, 
                        "y" :	82.567, 
                        "z" :	0.0, 
                        "l" :	6.76, 
                        "w" :	14.27, 
                        "type" :	"rectangular", 
                        "id" :	"637074808733894784"
                    }, 
                    "3" :	{
                        "items" :	4, 
                        "0" :	"x", 
                        "1" :	"y", 
                        "2" :	"l", 
                        "3" :	"w", 
                        "x" :	52.36, 
                        "y" :	8.546, 
                        "z" :	0.0, 
                        "l" :	11.858, 
                        "w" :	20.994, 
                        "type" :	"rectangular", 
                        "id" :	"637074821576554752"
                    }, 
                    "4" :	{
                        "items" :	4, 
                        "0" :	"x", 
                        "1" :	"y", 
                        "2" :	"l", 
                        "3" :	"w", 
                        "x" :	25.472, 
                        "y" :	38.34, 
                        "z" :	0.0, 
                        "l" :	18.103, 
                        "w" :	33.435, 
                        "type" :	"rectangular", 
                        "id" :	"637074823382570496"
                    }
                }, 
                "triangular" :	{
                    "items" :	3, 
                    "0" :	{
                        "items" :	3, 
                        "0" :	{
                            "items" :	2, 
                            "0" :	"x", 
                            "1" :	"y", 
                            "x" :	76.313, 
                            "y" :	108.152, 
                            "z" :	0.0
                        }, 
                        "1" :	{
                            "items" :	2, 
                            "0" :	"x", 
                            "1" :	"y", 
                            "x" :	75.833, 
                            "y" :	81.267, 
                            "z" :	0.0
                        }, 
                        "2" :	{
                            "items" :	2, 
                            "0" :	"x", 
                            "1" :	"y", 
                            "x" :	57.254, 
                            "y" :	90.923, 
                            "z" :	0.0
                        }, 
                        "type" :	"triangular", 
                        "id" :	"637074799422796672"
                    }, 
                    "1" :	{
                        "items" :	3, 
                        "0" :	{
                            "items" :	2, 
                            "0" :	"x", 
                            "1" :	"y", 
                            "x" :	65.613, 
                            "y" :	43.845, 
                            "z" :	0.0
                        }, 
                        "1" :	{
                            "items" :	2, 
                            "0" :	"x", 
                            "1" :	"y", 
                            "x" :	61.204, 
                            "y" :	38.923, 
                            "z" :	0.0
                        }, 
                        "2" :	{
                            "items" :	2, 
                            "0" :	"x", 
                            "1" :	"y", 
                            "x" :	83.193, 
                            "y" :	63.842, 
                            "z" :	0.0
                        }, 
                        "type" :	"triangular", 
                        "id" :	"637074801091451392"
                    }, 
                    "2" :	{
                        "items" :	3, 
                        "0" :	{
                            "items" :	2, 
                            "0" :	"x", 
                            "1" :	"y", 
                            "x" :	28.945, 
                            "y" :	21.341, 
                            "z" :	0.0
                        }, 
                        "1" :	{
                            "items" :	2, 
                            "0" :	"x", 
                            "1" :	"y", 
                            "x" :	27.62, 
                            "y" :	28.779, 
                            "z" :	0.0
                        }, 
                        "2" :	{
                            "items" :	2, 
                            "0" :	"x", 
                            "1" :	"y", 
                            "x" :	20.671, 
                            "y" :	33.963, 
                            "z" :	0.0
                        }, 
                        "type" :	"triangular", 
                        "id" :	"637074819634485760"
                    }
                }, 
                "polygonal" :	{
                    "items" :	0
                }
            }
        }, 
        "radiating plane" :	{
            "items" :	5, 
            "0" :	"l", 
            "1" :	"w", 
            "2" :	"x", 
            "3" :	"y", 
            "4" :	"slots", 
            "l" :	63.027, 
            "w" :	86.26, 
            "x" :	1.928, 
            "y" :	3.071, 
            "slots" :	{
                "items" :	4, 
                "0" :	"elliptical", 
                "1" :	"rectangular", 
                "2" :	"triangular", 
                "3" :	"polygonal", 
                "elliptical" :	{
                    "items" :	0
                }, 
                "rectangular" :	{
                    "items" :	0
                }, 
                "triangular" :	{
                    "items" :	1, 
                    "0" :	{
                        "items" :	3, 
                        "0" :	{
                            "items" :	2, 
                            "0" :	"x", 
                            "1" :	"y", 
                            "x" :	59.521, 
                            "y" :	5.108, 
                            "z" :	1.6
                        }, 
                        "1" :	{
                            "items" :	2, 
                            "0" :	"x", 
                            "1" :	"y", 
                            "x" :	60.02, 
                            "y" :	3.442, 
                            "z" :	1.6
                        }, 
                        "2" :	{
                            "items" :	2, 
                            "0" :	"x", 
                            "1" :	"y", 
                            "x" :	62.294, 
                            "y" :	4.985, 
                            "z" :	1.6
                        }, 
                        "type" :	"triangular", 
                        "id" :	"637074823382580480"
                    }
                }, 
                "polygonal" :	{
                    "items" :	0
                }
            }
        }, 
        "substrate" :	{
            "items" :	4, 
            "0" :	"l", 
            "1" :	"w", 
            "2" :	"x", 
            "3" :	"h", 
            "l" :	70.142, 
            "w" :	90.959, 
            "h" :	1.6, 
            "x" :	-1.729, 
            "y" :	-1.578, 
            "permitivitty" :	4.4, 
            "loss" :	0.02, 
            "name" :	"FR4"
        }
    }, 
    "fitness" :	{
        "items" :	1, 
        "0" :	"final", 
        "1" :	"freq", 
        "lower" :	1.6346731995622834, 
        "desired" :	1.622215101770897, 
        "upper" :	1.6103917483616315, 
        "area" :	0.673616143687829, 
        "freq" :	1.3550173806205035, 
        "final" :	1.164672570248105, 
        "resonant" :	890000000.0, 
        "dir" :	"C:\\Users\\project\\0. My Work\\1. Repositories\\1. Very Unfriendly Train\\Data\\Simulations\\637074791583617408_Primary\\637074823382779904_3\\3.out", 
        "890000000.0" :	{
            "f" :	0.993370230077009, 
            "g" :	0.6413029694852744
        }, 
        "905000000.0" :	{
            "f" :	0.9936044282640489, 
            "g" :	0.6346683917945823
        }, 
        "920000000.0" :	{
            "f" :	0.9937848651857365, 
            "g" :	0.6283744264529821
        }, 
        "935000000.0" :	{
            "f" :	0.9939281404399108, 
            "g" :	0.6222850531754301
        }, 
        "950000000.0" :	{
            "f" :	0.9940433150164801, 
            "g" :	0.6163484333451513
        }
    }
}