{
    "geometry" :	{
        "items" :	3, 
        "0" :	"feed", 
        "1" :	"ground plane", 
        "2" :	"radiating plane", 
        "feed" :	{
            "items" :	2, 
            "0" :	"center", 
            "1" :	"width", 
            "center" :	54.561, 
            "width" :	1.582
        }, 
        "ground plane" :	{
            "items" :	5, 
            "0" :	"l", 
            "1" :	"w", 
            "2" :	"x", 
            "3" :	"y", 
            "4" :	"slots", 
            "l" :	82.725, 
            "w" :	99.29, 
            "x" :	-0.501, 
            "y" :	-0.452, 
            "slots" :	{
                "items" :	4, 
                "0" :	"elliptical", 
                "1" :	"rectangular", 
                "2" :	"triangular", 
                "3" :	"polygonal", 
                "elliptical" :	{
                    "items" :	0
                }, 
                "rectangular" :	{
                    "items" :	1, 
                    "0" :	{
                        "items" :	4, 
                        "0" :	"x", 
                        "1" :	"y", 
                        "2" :	"l", 
                        "3" :	"w", 
                        "x" :	49.858, 
                        "y" :	15.308, 
                        "z" :	0.0, 
                        "l" :	12.113, 
                        "w" :	15.17, 
                        "type" :	"rectangular", 
                        "id" :	"637074791812683008"
                    }
                }, 
                "triangular" :	{
                    "items" :	1, 
                    "0" :	{
                        "items" :	3, 
                        "0" :	{
                            "items" :	2, 
                            "0" :	"x", 
                            "1" :	"y", 
                            "x" :	47.338, 
                            "y" :	26.144, 
                            "z" :	0.0
                        }, 
                        "1" :	{
                            "items" :	2, 
                            "0" :	"x", 
                            "1" :	"y", 
                            "x" :	48.779, 
                            "y" :	21.419, 
                            "z" :	0.0
                        }, 
                        "2" :	{
                            "items" :	2, 
                            "0" :	"x", 
                            "1" :	"y", 
                            "x" :	68.471, 
                            "y" :	19.487, 
                            "z" :	0.0
                        }, 
                        "type" :	"triangular", 
                        "id" :	"637074793148575488"
                    }
                }, 
                "polygonal" :	{
                    "items" :	0
                }
            }
        }, 
        "radiating plane" :	{
            "items" :	5, 
            "0" :	"l", 
            "1" :	"w", 
            "2" :	"x", 
            "3" :	"y", 
            "4" :	"slots", 
            "l" :	73.57, 
            "w" :	97.006, 
            "x" :	4.46, 
            "y" :	5.289, 
            "slots" :	{
                "items" :	4, 
                "0" :	"elliptical", 
                "1" :	"rectangular", 
                "2" :	"triangular", 
                "3" :	"polygonal", 
                "elliptical" :	{
                    "items" :	0
                }, 
                "rectangular" :	{
                    "items" :	1, 
                    "0" :	{
                        "items" :	4, 
                        "0" :	"x", 
                        "1" :	"y", 
                        "2" :	"l", 
                        "3" :	"w", 
                        "x" :	8.058, 
                        "y" :	4.355, 
                        "z" :	1.6, 
                        "l" :	4.057, 
                        "w" :	4.444, 
                        "type" :	"rectangular", 
                        "id" :	"637074793148585728"
                    }
                }, 
                "triangular" :	{
                    "items" :	0
                }, 
                "polygonal" :	{
                    "items" :	0
                }
            }
        }, 
        "substrate" :	{
            "items" :	4, 
            "0" :	"l", 
            "1" :	"w", 
            "2" :	"x", 
            "3" :	"h", 
            "l" :	82.725, 
            "w" :	102.797, 
            "h" :	1.6, 
            "x" :	-0.501, 
            "y" :	-0.452, 
            "permitivitty" :	4.4, 
            "loss" :	0.02, 
            "name" :	"FR4"
        }
    }, 
    "fitness" :	{
        "items" :	1, 
        "0" :	"final", 
        "1" :	"freq", 
        "lower" :	1.3682669931606952, 
        "desired" :	1.1284732111611981, 
        "upper" :	0.3390163647622801, 
        "area" :	0.8978543291875084, 
        "freq" :	0.9231847604696117, 
        "final" :	1.5959794300315073, 
        "resonant" :	950000000.0, 
        "dir" :	"C:\\Users\\project\\0. My Work\\1. Repositories\\1. Very Unfriendly Train\\Data\\Simulations\\637074791583617408_Primary\\637074793148595456_6\\6.out", 
        "890000000.0" :	{
            "f" :	0.9913066595730853, 
            "g" :	0.37696033358761005
        }, 
        "905000000.0" :	{
            "f" :	0.986399210827298, 
            "g" :	0.3593832761503752
        }, 
        "920000000.0" :	{
            "f" :	0.9594879384934009, 
            "g" :	0.3427617958952995
        }, 
        "935000000.0" :	{
            "f" :	0.41021741564915726, 
            "g" :	0.3271699964680635
        }, 
        "950000000.0" :	{
            "f" :	0.026306854731761076, 
            "g" :	0.312709510030519
        }
    }
}