{
    "geometry" :	{
        "items" :	3, 
        "0" :	"feed", 
        "1" :	"ground plane", 
        "2" :	"radiating plane", 
        "feed" :	{
            "items" :	2, 
            "0" :	"center", 
            "1" :	"width", 
            "center" :	55.362, 
            "width" :	1.632
        }, 
        "ground plane" :	{
            "items" :	5, 
            "0" :	"l", 
            "1" :	"w", 
            "2" :	"x", 
            "3" :	"y", 
            "4" :	"slots", 
            "l" :	86.467, 
            "w" :	102.032, 
            "x" :	0.054, 
            "y" :	-0.875, 
            "slots" :	{
                "items" :	4, 
                "0" :	"elliptical", 
                "1" :	"rectangular", 
                "2" :	"triangular", 
                "3" :	"polygonal", 
                "elliptical" :	{
                    "items" :	0
                }, 
                "rectangular" :	{
                    "items" :	3, 
                    "0" :	{
                        "items" :	4, 
                        "0" :	"x", 
                        "1" :	"y", 
                        "2" :	"l", 
                        "3" :	"w", 
                        "x" :	85.724, 
                        "y" :	4.079, 
                        "z" :	0.0, 
                        "l" :	9.313, 
                        "w" :	8.769, 
                        "type" :	"rectangular", 
                        "id" :	"637074756696086912"
                    }, 
                    "1" :	{
                        "items" :	4, 
                        "0" :	"x", 
                        "1" :	"y", 
                        "2" :	"l", 
                        "3" :	"w", 
                        "x" :	13.327, 
                        "y" :	4.394, 
                        "z" :	0.0, 
                        "l" :	10.496, 
                        "w" :	4.084, 
                        "type" :	"rectangular", 
                        "id" :	"637074758836870528"
                    }, 
                    "2" :	{
                        "items" :	4, 
                        "0" :	"x", 
                        "1" :	"y", 
                        "2" :	"l", 
                        "3" :	"w", 
                        "x" :	65.571, 
                        "y" :	78.142, 
                        "z" :	0.0, 
                        "l" :	5.841, 
                        "w" :	6.747, 
                        "type" :	"rectangular", 
                        "id" :	"637074760976572544"
                    }
                }, 
                "triangular" :	{
                    "items" :	0
                }, 
                "polygonal" :	{
                    "items" :	0
                }
            }
        }, 
        "radiating plane" :	{
            "items" :	5, 
            "0" :	"l", 
            "1" :	"w", 
            "2" :	"x", 
            "3" :	"y", 
            "4" :	"slots", 
            "l" :	76.664, 
            "w" :	99.766, 
            "x" :	4.695, 
            "y" :	3.75, 
            "slots" :	{
                "items" :	4, 
                "0" :	"elliptical", 
                "1" :	"rectangular", 
                "2" :	"triangular", 
                "3" :	"polygonal", 
                "elliptical" :	{
                    "items" :	0
                }, 
                "rectangular" :	{
                    "items" :	0
                }, 
                "triangular" :	{
                    "items" :	1, 
                    "0" :	{
                        "items" :	3, 
                        "0" :	{
                            "items" :	2, 
                            "0" :	"x", 
                            "1" :	"y", 
                            "x" :	9.659, 
                            "y" :	90.991, 
                            "z" :	1.6
                        }, 
                        "1" :	{
                            "items" :	2, 
                            "0" :	"x", 
                            "1" :	"y", 
                            "x" :	9.114, 
                            "y" :	88.702, 
                            "z" :	1.6
                        }, 
                        "2" :	{
                            "items" :	2, 
                            "0" :	"x", 
                            "1" :	"y", 
                            "x" :	8.224, 
                            "y" :	90.416, 
                            "z" :	1.6
                        }, 
                        "type" :	"triangular", 
                        "id" :	"637074760976572544"
                    }
                }, 
                "polygonal" :	{
                    "items" :	0
                }
            }
        }, 
        "substrate" :	{
            "items" :	4, 
            "0" :	"l", 
            "1" :	"w", 
            "2" :	"x", 
            "3" :	"h", 
            "l" :	86.467, 
            "w" :	104.441, 
            "h" :	1.6, 
            "x" :	0.054, 
            "y" :	-0.875, 
            "permitivitty" :	4.4, 
            "loss" :	0.02, 
            "name" :	"FR4"
        }
    }, 
    "fitness" :	{
        "items" :	1, 
        "0" :	"final", 
        "1" :	"freq", 
        "lower" :	1.3426565504860104, 
        "desired" :	0.8545751313955474, 
        "upper" :	1.2806255603798569, 
        "area" :	0.9534766839269142, 
        "freq" :	0.776359676787187, 
        "final" :	1.4251590035679462, 
        "resonant" :	920000000.0, 
        "dir" :	"C:\\Users\\project\\0. My Work\\1. Repositories\\1. Very Unfriendly Train\\Data\\Simulations\\637074752774927488_Primary\\637074760976702208_3\\3.out", 
        "890000000.0" :	{
            "f" :	0.9825005823517254, 
            "g" :	0.3601559681342849
        }, 
        "905000000.0" :	{
            "f" :	0.8982868939049865, 
            "g" :	0.34585099886541965
        }, 
        "920000000.0" :	{
            "f" :	0.0030296719357595235, 
            "g" :	0.332587441791756
        }, 
        "935000000.0" :	{
            "f" :	0.6634261603166572, 
            "g" :	0.3205442273720632
        }, 
        "950000000.0" :	{
            "f" :	0.9707862456138528, 
            "g" :	0.3098393147660041
        }
    }
}