{
    "geometry" :	{
        "items" :	3, 
        "0" :	"feed", 
        "1" :	"ground plane", 
        "2" :	"radiating plane", 
        "feed" :	{
            "items" :	2, 
            "0" :	"center", 
            "1" :	"width", 
            "center" :	54.124, 
            "width" :	1.676
        }, 
        "ground plane" :	{
            "items" :	5, 
            "0" :	"l", 
            "1" :	"w", 
            "2" :	"x", 
            "3" :	"y", 
            "4" :	"slots", 
            "l" :	76.401, 
            "w" :	84.369, 
            "x" :	-1.244, 
            "y" :	-0.819, 
            "slots" :	{
                "items" :	4, 
                "0" :	"elliptical", 
                "1" :	"rectangular", 
                "2" :	"triangular", 
                "3" :	"polygonal", 
                "elliptical" :	{
                    "items" :	0
                }, 
                "rectangular" :	{
                    "items" :	5, 
                    "0" :	{
                        "items" :	4, 
                        "0" :	"x", 
                        "1" :	"y", 
                        "2" :	"l", 
                        "3" :	"w", 
                        "x" :	44.941, 
                        "y" :	36.03, 
                        "z" :	0.0, 
                        "l" :	10.605, 
                        "w" :	14.453, 
                        "type" :	"rectangular", 
                        "id" :	"637074794711172352"
                    }, 
                    "1" :	{
                        "items" :	4, 
                        "0" :	"x", 
                        "1" :	"y", 
                        "2" :	"l", 
                        "3" :	"w", 
                        "x" :	22.358, 
                        "y" :	-3.493, 
                        "z" :	0.0, 
                        "l" :	20.89, 
                        "w" :	17.363, 
                        "type" :	"rectangular", 
                        "id" :	"637074796343085952"
                    }, 
                    "2" :	{
                        "items" :	4, 
                        "0" :	"x", 
                        "1" :	"y", 
                        "2" :	"l", 
                        "3" :	"w", 
                        "x" :	45.619, 
                        "y" :	74.431, 
                        "z" :	0.0, 
                        "l" :	26.389, 
                        "w" :	11.687, 
                        "type" :	"rectangular", 
                        "id" :	"637074802750269696"
                    }, 
                    "3" :	{
                        "items" :	4, 
                        "0" :	"x", 
                        "1" :	"y", 
                        "2" :	"l", 
                        "3" :	"w", 
                        "x" :	59.976, 
                        "y" :	76.755, 
                        "z" :	0.0, 
                        "l" :	3.273, 
                        "w" :	8.895, 
                        "type" :	"rectangular", 
                        "id" :	"637074808733894784"
                    }, 
                    "4" :	{
                        "items" :	4, 
                        "0" :	"x", 
                        "1" :	"y", 
                        "2" :	"l", 
                        "3" :	"w", 
                        "x" :	21.033, 
                        "y" :	61.873, 
                        "z" :	0.0, 
                        "l" :	4.404, 
                        "w" :	2.806, 
                        "type" :	"rectangular", 
                        "id" :	"637074817118652672"
                    }
                }, 
                "triangular" :	{
                    "items" :	2, 
                    "0" :	{
                        "items" :	3, 
                        "0" :	{
                            "items" :	2, 
                            "0" :	"x", 
                            "1" :	"y", 
                            "x" :	72.859, 
                            "y" :	111.546, 
                            "z" :	0.0
                        }, 
                        "1" :	{
                            "items" :	2, 
                            "0" :	"x", 
                            "1" :	"y", 
                            "x" :	73.866, 
                            "y" :	82.249, 
                            "z" :	0.0
                        }, 
                        "2" :	{
                            "items" :	2, 
                            "0" :	"x", 
                            "1" :	"y", 
                            "x" :	59.304, 
                            "y" :	93.479, 
                            "z" :	0.0
                        }, 
                        "type" :	"triangular", 
                        "id" :	"637074799422796672"
                    }, 
                    "1" :	{
                        "items" :	3, 
                        "0" :	{
                            "items" :	2, 
                            "0" :	"x", 
                            "1" :	"y", 
                            "x" :	67.139, 
                            "y" :	41.769, 
                            "z" :	0.0
                        }, 
                        "1" :	{
                            "items" :	2, 
                            "0" :	"x", 
                            "1" :	"y", 
                            "x" :	54.999, 
                            "y" :	39.818, 
                            "z" :	0.0
                        }, 
                        "2" :	{
                            "items" :	2, 
                            "0" :	"x", 
                            "1" :	"y", 
                            "x" :	75.579, 
                            "y" :	63.698, 
                            "z" :	0.0
                        }, 
                        "type" :	"triangular", 
                        "id" :	"637074801091451392"
                    }
                }, 
                "polygonal" :	{
                    "items" :	0
                }
            }
        }, 
        "radiating plane" :	{
            "items" :	5, 
            "0" :	"l", 
            "1" :	"w", 
            "2" :	"x", 
            "3" :	"y", 
            "4" :	"slots", 
            "l" :	65.96, 
            "w" :	89.678, 
            "x" :	3.618, 
            "y" :	4.244, 
            "slots" :	{
                "items" :	4, 
                "0" :	"elliptical", 
                "1" :	"rectangular", 
                "2" :	"triangular", 
                "3" :	"polygonal", 
                "elliptical" :	{
                    "items" :	0
                }, 
                "rectangular" :	{
                    "items" :	0
                }, 
                "triangular" :	{
                    "items" :	1, 
                    "0" :	{
                        "items" :	3, 
                        "0" :	{
                            "items" :	2, 
                            "0" :	"x", 
                            "1" :	"y", 
                            "x" :	9.994, 
                            "y" :	65.178, 
                            "z" :	1.6
                        }, 
                        "1" :	{
                            "items" :	2, 
                            "0" :	"x", 
                            "1" :	"y", 
                            "x" :	6.493, 
                            "y" :	66.654, 
                            "z" :	1.6
                        }, 
                        "2" :	{
                            "items" :	2, 
                            "0" :	"x", 
                            "1" :	"y", 
                            "x" :	8.724, 
                            "y" :	66.347, 
                            "z" :	1.6
                        }, 
                        "type" :	"triangular", 
                        "id" :	"637074802750269696"
                    }
                }, 
                "polygonal" :	{
                    "items" :	0
                }
            }
        }, 
        "substrate" :	{
            "items" :	4, 
            "0" :	"l", 
            "1" :	"w", 
            "2" :	"x", 
            "3" :	"h", 
            "l" :	76.401, 
            "w" :	94.791, 
            "h" :	1.6, 
            "x" :	-1.244, 
            "y" :	-0.819, 
            "permitivitty" :	4.4, 
            "loss" :	0.02, 
            "name" :	"FR4"
        }
    }, 
    "fitness" :	{
        "items" :	1, 
        "0" :	"final", 
        "1" :	"freq", 
        "lower" :	1.4749573217670475, 
        "desired" :	1.4166156325355181, 
        "upper" :	1.3438136519431219, 
        "area" :	0.764636125569151, 
        "freq" :	1.1841929977222176, 
        "final" :	1.4053699271102285, 
        "resonant" :	950000000.0, 
        "dir" :	"C:\\Users\\project\\0. My Work\\1. Repositories\\1. Very Unfriendly Train\\Data\\Simulations\\637074791583617408_Primary\\637074817118822400_3\\3.out", 
        "890000000.0" :	{
            "f" :	0.9931106590297245, 
            "g" :	0.4818466627373231
        }, 
        "905000000.0" :	{
            "f" :	0.9923476952387806, 
            "g" :	0.4538699917751041
        }, 
        "920000000.0" :	{
            "f" :	0.9909574764398799, 
            "g" :	0.4267201831601338
        }, 
        "935000000.0" :	{
            "f" :	0.9879186012827587, 
            "g" :	0.39803294970989717
        }, 
        "950000000.0" :	{
            "f" :	0.9783952387635801, 
            "g" :	0.36541841317954166
        }
    }
}