{
    "geometry" :	{
        "items" :	3, 
        "0" :	"feed", 
        "1" :	"ground plane", 
        "2" :	"radiating plane", 
        "feed" :	{
            "items" :	2, 
            "0" :	"center", 
            "1" :	"width", 
            "center" :	54.5, 
            "width" :	1.577
        }, 
        "ground plane" :	{
            "items" :	5, 
            "0" :	"l", 
            "1" :	"w", 
            "2" :	"x", 
            "3" :	"y", 
            "4" :	"slots", 
            "l" :	86.129, 
            "w" :	103.956, 
            "x" :	-0.062, 
            "y" :	-0.42, 
            "slots" :	{
                "items" :	4, 
                "0" :	"elliptical", 
                "1" :	"rectangular", 
                "2" :	"triangular", 
                "3" :	"polygonal", 
                "elliptical" :	{
                    "items" :	0
                }, 
                "rectangular" :	{
                    "items" :	1, 
                    "0" :	{
                        "items" :	4, 
                        "0" :	"x", 
                        "1" :	"y", 
                        "2" :	"l", 
                        "3" :	"w", 
                        "x" :	50.882, 
                        "y" :	14.865, 
                        "z" :	0.0, 
                        "l" :	13.845, 
                        "w" :	10.215, 
                        "type" :	"rectangular", 
                        "id" :	"637074791812683008"
                    }
                }, 
                "triangular" :	{
                    "items" :	0
                }, 
                "polygonal" :	{
                    "items" :	0
                }
            }
        }, 
        "radiating plane" :	{
            "items" :	5, 
            "0" :	"l", 
            "1" :	"w", 
            "2" :	"x", 
            "3" :	"y", 
            "4" :	"slots", 
            "l" :	75.56, 
            "w" :	98.665, 
            "x" :	4.938, 
            "y" :	4.824, 
            "slots" :	{
                "items" :	4, 
                "0" :	"elliptical", 
                "1" :	"rectangular", 
                "2" :	"triangular", 
                "3" :	"polygonal", 
                "elliptical" :	{
                    "items" :	0
                }, 
                "rectangular" :	{
                    "items" :	0
                }, 
                "triangular" :	{
                    "items" :	0
                }, 
                "polygonal" :	{
                    "items" :	0
                }
            }
        }, 
        "substrate" :	{
            "items" :	4, 
            "0" :	"l", 
            "1" :	"w", 
            "2" :	"x", 
            "3" :	"h", 
            "l" :	86.129, 
            "w" :	103.956, 
            "h" :	1.6, 
            "x" :	-0.062, 
            "y" :	-0.42, 
            "permitivitty" :	4.4, 
            "loss" :	0.02, 
            "name" :	"FR4"
        }
    }, 
    "fitness" :	{
        "items" :	1, 
        "0" :	"final", 
        "1" :	"freq", 
        "lower" :	1.3493208228265785, 
        "desired" :	0.7885706430116564, 
        "upper" :	1.2328485228984103, 
        "area" :	0.9453391195180019, 
        "freq" :	0.7283341461933391, 
        "final" :	1.4820387309255434, 
        "resonant" :	935000000.0, 
        "dir" :	"C:\\Users\\project\\0. My Work\\1. Repositories\\1. Very Unfriendly Train\\Data\\Simulations\\637074791583617408_Primary\\637074791812683008_2\\2.out", 
        "890000000.0" :	{
            "f" :	0.9872173317618926, 
            "g" :	0.36210349106468587
        }, 
        "905000000.0" :	{
            "f" :	0.9618524674274188, 
            "g" :	0.346484427731084
        }, 
        "920000000.0" :	{
            "f" :	0.35827324079219597, 
            "g" :	0.3317548519247596
        }, 
        "935000000.0" :	{
            "f" :	0.04930036594200217, 
            "g" :	0.3180465752175085
        }, 
        "950000000.0" :	{
            "f" :	0.9272908477020068, 
            "g" :	0.3055576751964036
        }
    }
}