{
    "geometry" :	{
        "items" :	3, 
        "0" :	"feed", 
        "1" :	"ground plane", 
        "2" :	"radiating plane", 
        "feed" :	{
            "items" :	2, 
            "0" :	"center", 
            "1" :	"width", 
            "center" :	57.138, 
            "width" :	1.611
        }, 
        "ground plane" :	{
            "items" :	5, 
            "0" :	"l", 
            "1" :	"w", 
            "2" :	"x", 
            "3" :	"y", 
            "4" :	"slots", 
            "l" :	84.607, 
            "w" :	101.547, 
            "x" :	-0.383, 
            "y" :	-1.625, 
            "slots" :	{
                "items" :	4, 
                "0" :	"elliptical", 
                "1" :	"rectangular", 
                "2" :	"triangular", 
                "3" :	"polygonal", 
                "elliptical" :	{
                    "items" :	0
                }, 
                "rectangular" :	{
                    "items" :	3, 
                    "0" :	{
                        "items" :	4, 
                        "0" :	"x", 
                        "1" :	"y", 
                        "2" :	"l", 
                        "3" :	"w", 
                        "x" :	84.963, 
                        "y" :	-0.998, 
                        "z" :	0.0, 
                        "l" :	16.14, 
                        "w" :	16.989, 
                        "type" :	"rectangular", 
                        "id" :	"637074756696086912"
                    }, 
                    "1" :	{
                        "items" :	4, 
                        "0" :	"x", 
                        "1" :	"y", 
                        "2" :	"l", 
                        "3" :	"w", 
                        "x" :	23.729, 
                        "y" :	10.861, 
                        "z" :	0.0, 
                        "l" :	11.689, 
                        "w" :	3.934, 
                        "type" :	"rectangular", 
                        "id" :	"637074758836870528"
                    }, 
                    "2" :	{
                        "items" :	4, 
                        "0" :	"x", 
                        "1" :	"y", 
                        "2" :	"l", 
                        "3" :	"w", 
                        "x" :	81.872, 
                        "y" :	5.53, 
                        "z" :	0.0, 
                        "l" :	25.044, 
                        "w" :	10.123, 
                        "type" :	"rectangular", 
                        "id" :	"637074763211752192"
                    }
                }, 
                "triangular" :	{
                    "items" :	2, 
                    "0" :	{
                        "items" :	3, 
                        "0" :	{
                            "items" :	2, 
                            "0" :	"x", 
                            "1" :	"y", 
                            "x" :	58.268, 
                            "y" :	103.465, 
                            "z" :	0.0
                        }, 
                        "1" :	{
                            "items" :	2, 
                            "0" :	"x", 
                            "1" :	"y", 
                            "x" :	45.018, 
                            "y" :	93.396, 
                            "z" :	0.0
                        }, 
                        "2" :	{
                            "items" :	2, 
                            "0" :	"x", 
                            "1" :	"y", 
                            "x" :	53.029, 
                            "y" :	89.599, 
                            "z" :	0.0
                        }, 
                        "type" :	"triangular", 
                        "id" :	"637074760976682240"
                    }, 
                    "1" :	{
                        "items" :	3, 
                        "0" :	{
                            "items" :	2, 
                            "0" :	"x", 
                            "1" :	"y", 
                            "x" :	30.492, 
                            "y" :	87.796, 
                            "z" :	0.0
                        }, 
                        "1" :	{
                            "items" :	2, 
                            "0" :	"x", 
                            "1" :	"y", 
                            "x" :	34.473, 
                            "y" :	95.502, 
                            "z" :	0.0
                        }, 
                        "2" :	{
                            "items" :	2, 
                            "0" :	"x", 
                            "1" :	"y", 
                            "x" :	31.581, 
                            "y" :	77.111, 
                            "z" :	0.0
                        }, 
                        "type" :	"triangular", 
                        "id" :	"637074768562870144"
                    }
                }, 
                "polygonal" :	{
                    "items" :	0
                }
            }
        }, 
        "radiating plane" :	{
            "items" :	5, 
            "0" :	"l", 
            "1" :	"w", 
            "2" :	"x", 
            "3" :	"y", 
            "4" :	"slots", 
            "l" :	72.17, 
            "w" :	100.467, 
            "x" :	4.719, 
            "y" :	3.714, 
            "slots" :	{
                "items" :	4, 
                "0" :	"elliptical", 
                "1" :	"rectangular", 
                "2" :	"triangular", 
                "3" :	"polygonal", 
                "elliptical" :	{
                    "items" :	0
                }, 
                "rectangular" :	{
                    "items" :	0
                }, 
                "triangular" :	{
                    "items" :	2, 
                    "0" :	{
                        "items" :	3, 
                        "0" :	{
                            "items" :	2, 
                            "0" :	"x", 
                            "1" :	"y", 
                            "x" :	24.096, 
                            "y" :	50.726, 
                            "z" :	1.6
                        }, 
                        "1" :	{
                            "items" :	2, 
                            "0" :	"x", 
                            "1" :	"y", 
                            "x" :	26.354, 
                            "y" :	50.824, 
                            "z" :	1.6
                        }, 
                        "2" :	{
                            "items" :	2, 
                            "0" :	"x", 
                            "1" :	"y", 
                            "x" :	25.697, 
                            "y" :	48.212, 
                            "z" :	1.6
                        }, 
                        "type" :	"triangular", 
                        "id" :	"637074760976692224"
                    }, 
                    "1" :	{
                        "items" :	3, 
                        "0" :	{
                            "items" :	2, 
                            "0" :	"x", 
                            "1" :	"y", 
                            "x" :	15.595, 
                            "y" :	62.82, 
                            "z" :	1.6
                        }, 
                        "1" :	{
                            "items" :	2, 
                            "0" :	"x", 
                            "1" :	"y", 
                            "x" :	18.137, 
                            "y" :	64.538, 
                            "z" :	1.6
                        }, 
                        "2" :	{
                            "items" :	2, 
                            "0" :	"x", 
                            "1" :	"y", 
                            "x" :	16.609, 
                            "y" :	63.105, 
                            "z" :	1.6
                        }, 
                        "type" :	"triangular", 
                        "id" :	"637074763211772160"
                    }
                }, 
                "polygonal" :	{
                    "items" :	0
                }
            }
        }, 
        "substrate" :	{
            "items" :	4, 
            "0" :	"l", 
            "1" :	"w", 
            "2" :	"x", 
            "3" :	"h", 
            "l" :	84.607, 
            "w" :	105.856, 
            "h" :	1.6, 
            "x" :	-0.383, 
            "y" :	-1.625, 
            "permitivitty" :	4.4, 
            "loss" :	0.02, 
            "name" :	"FR4"
        }
    }, 
    "fitness" :	{
        "items" :	1, 
        "0" :	"final", 
        "1" :	"freq", 
        "lower" :	1.3099769648770798, 
        "desired" :	0.8322593507307396, 
        "upper" :	1.2526196557299711, 
        "area" :	0.9456064806870833, 
        "freq" :	0.7565605703125682, 
        "final" :	1.3902619235611566, 
        "resonant" :	920000000.0, 
        "dir" :	"C:\\Users\\project\\0. My Work\\1. Repositories\\1. Very Unfriendly Train\\Data\\Simulations\\637074752774927488_Primary\\637074768563259264_1\\1.out", 
        "890000000.0" :	{
            "f" :	0.9758871014944329, 
            "g" :	0.33408986338264685
        }, 
        "905000000.0" :	{
            "f" :	0.7224271841167799, 
            "g" :	0.31688763369232564
        }, 
        "920000000.0" :	{
            "f" :	0.00023612021868476456, 
            "g" :	0.3009604459387655
        }, 
        "935000000.0" :	{
            "f" :	0.8698764341914965, 
            "g" :	0.28639023403416675
        }, 
        "950000000.0" :	{
            "f" :	0.9793559226496669, 
            "g" :	0.2732637330803042
        }
    }
}