{
    "geometry" :	{
        "items" :	3, 
        "0" :	"feed", 
        "1" :	"ground plane", 
        "2" :	"radiating plane", 
        "feed" :	{
            "items" :	2, 
            "0" :	"center", 
            "1" :	"width", 
            "center" :	55.043, 
            "width" :	1.626
        }, 
        "ground plane" :	{
            "items" :	5, 
            "0" :	"l", 
            "1" :	"w", 
            "2" :	"x", 
            "3" :	"y", 
            "4" :	"slots", 
            "l" :	67.33, 
            "w" :	82.565, 
            "x" :	-1.774, 
            "y" :	-2.617, 
            "slots" :	{
                "items" :	4, 
                "0" :	"elliptical", 
                "1" :	"rectangular", 
                "2" :	"triangular", 
                "3" :	"polygonal", 
                "elliptical" :	{
                    "items" :	0
                }, 
                "rectangular" :	{
                    "items" :	6, 
                    "0" :	{
                        "items" :	4, 
                        "0" :	"x", 
                        "1" :	"y", 
                        "2" :	"l", 
                        "3" :	"w", 
                        "x" :	38.696, 
                        "y" :	37.068, 
                        "z" :	0.0, 
                        "l" :	12.02, 
                        "w" :	17.032, 
                        "type" :	"rectangular", 
                        "id" :	"637074794711172352"
                    }, 
                    "1" :	{
                        "items" :	4, 
                        "0" :	"x", 
                        "1" :	"y", 
                        "2" :	"l", 
                        "3" :	"w", 
                        "x" :	18.707, 
                        "y" :	-6.267, 
                        "z" :	0.0, 
                        "l" :	23.337, 
                        "w" :	16.6, 
                        "type" :	"rectangular", 
                        "id" :	"637074796343085952"
                    }, 
                    "2" :	{
                        "items" :	4, 
                        "0" :	"x", 
                        "1" :	"y", 
                        "2" :	"l", 
                        "3" :	"w", 
                        "x" :	44.581, 
                        "y" :	77.194, 
                        "z" :	0.0, 
                        "l" :	27.302, 
                        "w" :	17.54, 
                        "type" :	"rectangular", 
                        "id" :	"637074802750269696"
                    }, 
                    "3" :	{
                        "items" :	4, 
                        "0" :	"x", 
                        "1" :	"y", 
                        "2" :	"l", 
                        "3" :	"w", 
                        "x" :	58.958, 
                        "y" :	83.171, 
                        "z" :	0.0, 
                        "l" :	6.833, 
                        "w" :	10.132, 
                        "type" :	"rectangular", 
                        "id" :	"637074808733894784"
                    }, 
                    "4" :	{
                        "items" :	4, 
                        "0" :	"x", 
                        "1" :	"y", 
                        "2" :	"l", 
                        "3" :	"w", 
                        "x" :	57.112, 
                        "y" :	9.878, 
                        "z" :	0.0, 
                        "l" :	10.053, 
                        "w" :	22.071, 
                        "type" :	"rectangular", 
                        "id" :	"637074821576554752"
                    }, 
                    "5" :	{
                        "items" :	4, 
                        "0" :	"x", 
                        "1" :	"y", 
                        "2" :	"l", 
                        "3" :	"w", 
                        "x" :	7.266, 
                        "y" :	35.149, 
                        "z" :	0.0, 
                        "l" :	8.198, 
                        "w" :	14.988, 
                        "type" :	"rectangular", 
                        "id" :	"637074837001085568"
                    }
                }, 
                "triangular" :	{
                    "items" :	4, 
                    "0" :	{
                        "items" :	3, 
                        "0" :	{
                            "items" :	2, 
                            "0" :	"x", 
                            "1" :	"y", 
                            "x" :	75.155, 
                            "y" :	108.354, 
                            "z" :	0.0
                        }, 
                        "1" :	{
                            "items" :	2, 
                            "0" :	"x", 
                            "1" :	"y", 
                            "x" :	77.259, 
                            "y" :	78.495, 
                            "z" :	0.0
                        }, 
                        "2" :	{
                            "items" :	2, 
                            "0" :	"x", 
                            "1" :	"y", 
                            "x" :	59.919, 
                            "y" :	91.572, 
                            "z" :	0.0
                        }, 
                        "type" :	"triangular", 
                        "id" :	"637074799422796672"
                    }, 
                    "1" :	{
                        "items" :	3, 
                        "0" :	{
                            "items" :	2, 
                            "0" :	"x", 
                            "1" :	"y", 
                            "x" :	64.103, 
                            "y" :	41.816, 
                            "z" :	0.0
                        }, 
                        "1" :	{
                            "items" :	2, 
                            "0" :	"x", 
                            "1" :	"y", 
                            "x" :	62.092, 
                            "y" :	40.701, 
                            "z" :	0.0
                        }, 
                        "2" :	{
                            "items" :	2, 
                            "0" :	"x", 
                            "1" :	"y", 
                            "x" :	81.31, 
                            "y" :	61.982, 
                            "z" :	0.0
                        }, 
                        "type" :	"triangular", 
                        "id" :	"637074801091451392"
                    }, 
                    "2" :	{
                        "items" :	3, 
                        "0" :	{
                            "items" :	2, 
                            "0" :	"x", 
                            "1" :	"y", 
                            "x" :	27.062, 
                            "y" :	20.755, 
                            "z" :	0.0
                        }, 
                        "1" :	{
                            "items" :	2, 
                            "0" :	"x", 
                            "1" :	"y", 
                            "x" :	30.486, 
                            "y" :	30.082, 
                            "z" :	0.0
                        }, 
                        "2" :	{
                            "items" :	2, 
                            "0" :	"x", 
                            "1" :	"y", 
                            "x" :	17.41, 
                            "y" :	34.32, 
                            "z" :	0.0
                        }, 
                        "type" :	"triangular", 
                        "id" :	"637074819634485760"
                    }, 
                    "3" :	{
                        "items" :	3, 
                        "0" :	{
                            "items" :	2, 
                            "0" :	"x", 
                            "1" :	"y", 
                            "x" :	2.204, 
                            "y" :	64.752, 
                            "z" :	0.0
                        }, 
                        "1" :	{
                            "items" :	2, 
                            "0" :	"x", 
                            "1" :	"y", 
                            "x" :	0.693, 
                            "y" :	63.662, 
                            "z" :	0.0
                        }, 
                        "2" :	{
                            "items" :	2, 
                            "0" :	"x", 
                            "1" :	"y", 
                            "x" :	-1.285, 
                            "y" :	65.236, 
                            "z" :	0.0
                        }, 
                        "type" :	"triangular", 
                        "id" :	"637074834774379776"
                    }
                }, 
                "polygonal" :	{
                    "items" :	0
                }
            }
        }, 
        "radiating plane" :	{
            "items" :	5, 
            "0" :	"l", 
            "1" :	"w", 
            "2" :	"x", 
            "3" :	"y", 
            "4" :	"slots", 
            "l" :	62.455, 
            "w" :	86.931, 
            "x" :	2.427, 
            "y" :	3.882, 
            "slots" :	{
                "items" :	4, 
                "0" :	"elliptical", 
                "1" :	"rectangular", 
                "2" :	"triangular", 
                "3" :	"polygonal", 
                "elliptical" :	{
                    "items" :	0
                }, 
                "rectangular" :	{
                    "items" :	0
                }, 
                "triangular" :	{
                    "items" :	2, 
                    "0" :	{
                        "items" :	3, 
                        "0" :	{
                            "items" :	2, 
                            "0" :	"x", 
                            "1" :	"y", 
                            "x" :	45.604, 
                            "y" :	80.787, 
                            "z" :	1.6
                        }, 
                        "1" :	{
                            "items" :	2, 
                            "0" :	"x", 
                            "1" :	"y", 
                            "x" :	44.359, 
                            "y" :	79.317, 
                            "z" :	1.6
                        }, 
                        "2" :	{
                            "items" :	2, 
                            "0" :	"x", 
                            "1" :	"y", 
                            "x" :	45.817, 
                            "y" :	79.664, 
                            "z" :	1.6
                        }, 
                        "type" :	"triangular", 
                        "id" :	"637074828878567296"
                    }, 
                    "1" :	{
                        "items" :	3, 
                        "0" :	{
                            "items" :	2, 
                            "0" :	"x", 
                            "1" :	"y", 
                            "x" :	55.639, 
                            "y" :	72.481, 
                            "z" :	1.6
                        }, 
                        "1" :	{
                            "items" :	2, 
                            "0" :	"x", 
                            "1" :	"y", 
                            "x" :	56.099, 
                            "y" :	71.936, 
                            "z" :	1.6
                        }, 
                        "2" :	{
                            "items" :	2, 
                            "0" :	"x", 
                            "1" :	"y", 
                            "x" :	56.186, 
                            "y" :	72.223, 
                            "z" :	1.6
                        }, 
                        "type" :	"triangular", 
                        "id" :	"637074837001095552"
                    }
                }, 
                "polygonal" :	{
                    "items" :	0
                }
            }
        }, 
        "substrate" :	{
            "items" :	4, 
            "0" :	"l", 
            "1" :	"w", 
            "2" :	"x", 
            "3" :	"h", 
            "l" :	67.33, 
            "w" :	93.48, 
            "h" :	1.6, 
            "x" :	-1.774, 
            "y" :	-2.617, 
            "permitivitty" :	4.4, 
            "loss" :	0.02, 
            "name" :	"FR4"
        }
    }, 
    "fitness" :	{
        "items" :	1, 
        "0" :	"final", 
        "1" :	"freq", 
        "lower" :	1.6083119558209824, 
        "desired" :	1.5492651813070022, 
        "upper" :	1.5053878389252562, 
        "area" :	0.6645321285238514, 
        "freq" :	1.2964615351059479, 
        "final" :	1.0921470536137579, 
        "resonant" :	950000000.0, 
        "dir" :	"C:\\Users\\project\\0. My Work\\1. Repositories\\1. Very Unfriendly Train\\Data\\Simulations\\637074791583617408_Primary\\637074837001255168_4\\4.out", 
        "890000000.0" :	{
            "f" :	0.9909341487089669, 
            "g" :	0.6173778071120156
        }, 
        "905000000.0" :	{
            "f" :	0.9921513438451482, 
            "g" :	0.586084990976452
        }, 
        "920000000.0" :	{
            "f" :	0.9920152103341195, 
            "g" :	0.5548274851009787
        }, 
        "935000000.0" :	{
            "f" :	0.9907807538425559, 
            "g" :	0.5319357598217525
        }, 
        "950000000.0" :	{
            "f" :	0.9872190142221445, 
            "g" :	0.5181688247031118
        }
    }
}