{
    "geometry" :	{
        "items" :	3, 
        "0" :	"feed", 
        "1" :	"ground plane", 
        "2" :	"radiating plane", 
        "feed" :	{
            "items" :	2, 
            "0" :	"center", 
            "1" :	"width", 
            "center" :	55.487, 
            "width" :	1.522
        }, 
        "ground plane" :	{
            "items" :	5, 
            "0" :	"l", 
            "1" :	"w", 
            "2" :	"x", 
            "3" :	"y", 
            "4" :	"slots", 
            "l" :	83.295, 
            "w" :	95.71, 
            "x" :	-0.783, 
            "y" :	-0.671, 
            "slots" :	{
                "items" :	4, 
                "0" :	"elliptical", 
                "1" :	"rectangular", 
                "2" :	"triangular", 
                "3" :	"polygonal", 
                "elliptical" :	{
                    "items" :	0
                }, 
                "rectangular" :	{
                    "items" :	2, 
                    "0" :	{
                        "items" :	4, 
                        "0" :	"x", 
                        "1" :	"y", 
                        "2" :	"l", 
                        "3" :	"w", 
                        "x" :	19.543, 
                        "y" :	1.76, 
                        "z" :	0.0, 
                        "l" :	18.92, 
                        "w" :	17.098, 
                        "type" :	"rectangular", 
                        "id" :	"637074796343085952"
                    }, 
                    "1" :	{
                        "items" :	4, 
                        "0" :	"x", 
                        "1" :	"y", 
                        "2" :	"l", 
                        "3" :	"w", 
                        "x" :	72.339, 
                        "y" :	47.75, 
                        "z" :	0.0, 
                        "l" :	23.025, 
                        "w" :	14.184, 
                        "type" :	"rectangular", 
                        "id" :	"637074797811208192"
                    }
                }, 
                "triangular" :	{
                    "items" :	0
                }, 
                "polygonal" :	{
                    "items" :	0
                }
            }
        }, 
        "radiating plane" :	{
            "items" :	5, 
            "0" :	"l", 
            "1" :	"w", 
            "2" :	"x", 
            "3" :	"y", 
            "4" :	"slots", 
            "l" :	71.695, 
            "w" :	95.499, 
            "x" :	3.67, 
            "y" :	5.091, 
            "slots" :	{
                "items" :	4, 
                "0" :	"elliptical", 
                "1" :	"rectangular", 
                "2" :	"triangular", 
                "3" :	"polygonal", 
                "elliptical" :	{
                    "items" :	0
                }, 
                "rectangular" :	{
                    "items" :	0
                }, 
                "triangular" :	{
                    "items" :	0
                }, 
                "polygonal" :	{
                    "items" :	0
                }
            }
        }, 
        "substrate" :	{
            "items" :	4, 
            "0" :	"l", 
            "1" :	"w", 
            "2" :	"x", 
            "3" :	"h", 
            "l" :	83.295, 
            "w" :	101.31099999999999, 
            "h" :	1.6, 
            "x" :	-0.783, 
            "y" :	-0.671, 
            "permitivitty" :	4.4, 
            "loss" :	0.02, 
            "name" :	"FR4"
        }
    }, 
    "fitness" :	{
        "items" :	1, 
        "0" :	"final", 
        "1" :	"freq", 
        "lower" :	1.4725209302438511, 
        "desired" :	1.349405967831619, 
        "upper" :	1.1036152731115292, 
        "area" :	0.890972294145418, 
        "freq" :	1.124929220208437, 
        "final" :	1.7916254848836322, 
        "resonant" :	935000000.0, 
        "dir" :	"C:\\Users\\project\\0. My Work\\1. Repositories\\1. Very Unfriendly Train\\Data\\Simulations\\637074791583617408_Primary\\637074797811357440_1\\1.out", 
        "890000000.0" :	{
            "f" :	0.9951930151523843, 
            "g" :	0.4773279150914668
        }, 
        "905000000.0" :	{
            "f" :	0.9951930151523843, 
            "g" :	0.5381523460930223
        }, 
        "920000000.0" :	{
            "f" :	0.9951917392831795, 
            "g" :	0.3801709247940276
        }, 
        "935000000.0" :	{
            "f" :	0.9951895057011015, 
            "g" :	0.1443203724711413
        }, 
        "950000000.0" :	{
            "f" :	0.9951911012222061, 
            "g" :	0.1084241718893231
        }
    }
}