{
    "geometry" :	{
        "items" :	3, 
        "0" :	"feed", 
        "1" :	"ground plane", 
        "2" :	"radiating plane", 
        "feed" :	{
            "items" :	2, 
            "0" :	"center", 
            "1" :	"width", 
            "center" :	54.475, 
            "width" :	1.618
        }, 
        "ground plane" :	{
            "items" :	5, 
            "0" :	"l", 
            "1" :	"w", 
            "2" :	"x", 
            "3" :	"y", 
            "4" :	"slots", 
            "l" :	81.863, 
            "w" :	95.647, 
            "x" :	-1.477, 
            "y" :	-0.777, 
            "slots" :	{
                "items" :	4, 
                "0" :	"elliptical", 
                "1" :	"rectangular", 
                "2" :	"triangular", 
                "3" :	"polygonal", 
                "elliptical" :	{
                    "items" :	0
                }, 
                "rectangular" :	{
                    "items" :	2, 
                    "0" :	{
                        "items" :	4, 
                        "0" :	"x", 
                        "1" :	"y", 
                        "2" :	"l", 
                        "3" :	"w", 
                        "x" :	42.681, 
                        "y" :	42.5, 
                        "z" :	0.0, 
                        "l" :	13.128, 
                        "w" :	9.356, 
                        "type" :	"rectangular", 
                        "id" :	"637074794711172352"
                    }, 
                    "1" :	{
                        "items" :	4, 
                        "0" :	"x", 
                        "1" :	"y", 
                        "2" :	"l", 
                        "3" :	"w", 
                        "x" :	56.428, 
                        "y" :	42.889, 
                        "z" :	0.0, 
                        "l" :	16.209, 
                        "w" :	15.57, 
                        "type" :	"rectangular", 
                        "id" :	"637074801091351424"
                    }
                }, 
                "triangular" :	{
                    "items" :	1, 
                    "0" :	{
                        "items" :	3, 
                        "0" :	{
                            "items" :	2, 
                            "0" :	"x", 
                            "1" :	"y", 
                            "x" :	71.136, 
                            "y" :	104.412, 
                            "z" :	0.0
                        }, 
                        "1" :	{
                            "items" :	2, 
                            "0" :	"x", 
                            "1" :	"y", 
                            "x" :	77.322, 
                            "y" :	83.824, 
                            "z" :	0.0
                        }, 
                        "2" :	{
                            "items" :	2, 
                            "0" :	"x", 
                            "1" :	"y", 
                            "x" :	68.111, 
                            "y" :	92.126, 
                            "z" :	0.0
                        }, 
                        "type" :	"triangular", 
                        "id" :	"637074799422796672"
                    }
                }, 
                "polygonal" :	{
                    "items" :	0
                }
            }
        }, 
        "radiating plane" :	{
            "items" :	5, 
            "0" :	"l", 
            "1" :	"w", 
            "2" :	"x", 
            "3" :	"y", 
            "4" :	"slots", 
            "l" :	72.375, 
            "w" :	95.834, 
            "x" :	3.275, 
            "y" :	5.269, 
            "slots" :	{
                "items" :	4, 
                "0" :	"elliptical", 
                "1" :	"rectangular", 
                "2" :	"triangular", 
                "3" :	"polygonal", 
                "elliptical" :	{
                    "items" :	0
                }, 
                "rectangular" :	{
                    "items" :	0
                }, 
                "triangular" :	{
                    "items" :	0
                }, 
                "polygonal" :	{
                    "items" :	0
                }
            }
        }, 
        "substrate" :	{
            "items" :	4, 
            "0" :	"l", 
            "1" :	"w", 
            "2" :	"x", 
            "3" :	"h", 
            "l" :	81.863, 
            "w" :	101.93, 
            "h" :	1.6, 
            "x" :	-1.477, 
            "y" :	-0.777, 
            "permitivitty" :	4.4, 
            "loss" :	0.02, 
            "name" :	"FR4"
        }
    }, 
    "fitness" :	{
        "items" :	1, 
        "0" :	"final", 
        "1" :	"freq", 
        "lower" :	1.3553215119486381, 
        "desired" :	1.3164480370428406, 
        "upper" :	1.2628410138243642, 
        "area" :	0.8810049426459117, 
        "freq" :	1.0998580051368407, 
        "final" :	1.7366089620533005, 
        "resonant" :	950000000.0, 
        "dir" :	"C:\\Users\\project\\0. My Work\\1. Repositories\\1. Very Unfriendly Train\\Data\\Simulations\\637074791583617408_Primary\\637074801091550848_1\\1.out", 
        "890000000.0" :	{
            "f" :	0.9934860026094877, 
            "g" :	0.3618355093391505
        }, 
        "905000000.0" :	{
            "f" :	0.9926211651076056, 
            "g" :	0.3434742192608151
        }, 
        "920000000.0" :	{
            "f" :	0.9908571660932168, 
            "g" :	0.32613739178030576
        }, 
        "935000000.0" :	{
            "f" :	0.9863022779644707, 
            "g" :	0.3099518909221075
        }, 
        "950000000.0" :	{
            "f" :	0.9678189313750687, 
            "g" :	0.29502208244929545
        }
    }
}