{
    "geometry" :	{
        "items" :	3, 
        "0" :	"feed", 
        "1" :	"ground plane", 
        "2" :	"radiating plane", 
        "feed" :	{
            "items" :	2, 
            "0" :	"center", 
            "1" :	"width", 
            "center" :	53.455, 
            "width" :	1.59
        }, 
        "ground plane" :	{
            "items" :	5, 
            "0" :	"l", 
            "1" :	"w", 
            "2" :	"x", 
            "3" :	"y", 
            "4" :	"slots", 
            "l" :	83.882, 
            "w" :	105.796, 
            "x" :	0.031, 
            "y" :	-0.196, 
            "slots" :	{
                "items" :	4, 
                "0" :	"elliptical", 
                "1" :	"rectangular", 
                "2" :	"triangular", 
                "3" :	"polygonal", 
                "elliptical" :	{
                    "items" :	0
                }, 
                "rectangular" :	{
                    "items" :	0
                }, 
                "triangular" :	{
                    "items" :	1, 
                    "0" :	{
                        "items" :	3, 
                        "0" :	{
                            "items" :	2, 
                            "0" :	"x", 
                            "1" :	"y", 
                            "x" :	47.642, 
                            "y" :	86.459, 
                            "z" :	0.0
                        }, 
                        "1" :	{
                            "items" :	2, 
                            "0" :	"x", 
                            "1" :	"y", 
                            "x" :	34.491, 
                            "y" :	82.767, 
                            "z" :	0.0
                        }, 
                        "2" :	{
                            "items" :	2, 
                            "0" :	"x", 
                            "1" :	"y", 
                            "x" :	35.089, 
                            "y" :	84.351, 
                            "z" :	0.0
                        }, 
                        "type" :	"triangular", 
                        "id" :	"637074791812683008"
                    }
                }, 
                "polygonal" :	{
                    "items" :	0
                }
            }
        }, 
        "radiating plane" :	{
            "items" :	5, 
            "0" :	"l", 
            "1" :	"w", 
            "2" :	"x", 
            "3" :	"y", 
            "4" :	"slots", 
            "l" :	76.553, 
            "w" :	96.537, 
            "x" :	4.784, 
            "y" :	4.338, 
            "slots" :	{
                "items" :	4, 
                "0" :	"elliptical", 
                "1" :	"rectangular", 
                "2" :	"triangular", 
                "3" :	"polygonal", 
                "elliptical" :	{
                    "items" :	0
                }, 
                "rectangular" :	{
                    "items" :	0
                }, 
                "triangular" :	{
                    "items" :	0
                }, 
                "polygonal" :	{
                    "items" :	0
                }
            }
        }, 
        "substrate" :	{
            "items" :	4, 
            "0" :	"l", 
            "1" :	"w", 
            "2" :	"x", 
            "3" :	"h", 
            "l" :	83.882, 
            "w" :	105.796, 
            "h" :	1.6, 
            "x" :	0.031, 
            "y" :	-0.196, 
            "permitivitty" :	4.4, 
            "loss" :	0.02, 
            "name" :	"FR4"
        }
    }, 
    "fitness" :	{
        "items" :	1, 
        "0" :	"final", 
        "1" :	"freq", 
        "lower" :	1.4180316331432625, 
        "desired" :	1.0245439282841637, 
        "upper" :	1.1264086864782061, 
        "area" :	0.9369721652382623, 
        "freq" :	0.8940338729400021, 
        "final" :	1.6521406889238461, 
        "resonant" :	935000000.0, 
        "dir" :	"C:\\Users\\project\\0. My Work\\1. Repositories\\1. Very Unfriendly Train\\Data\\Simulations\\637074791583617408_Primary\\637074791812683008_0\\0.out", 
        "890000000.0" :	{
            "f" :	0.9898719487722448, 
            "g" :	0.42815968437101765
        }, 
        "905000000.0" :	{
            "f" :	0.9796503763900486, 
            "g" :	0.4176649258940003
        }, 
        "920000000.0" :	{
            "f" :	0.8620553148807142, 
            "g" :	0.4079020638211681
        }, 
        "935000000.0" :	{
            "f" :	0.007392030487442919, 
            "g" :	0.3989670733791168
        }, 
        "950000000.0" :	{
            "f" :	0.735426855253374, 
            "g" :	0.3909818312248321
        }
    }
}