{
    "geometry" :	{
        "items" :	3, 
        "0" :	"feed", 
        "1" :	"ground plane", 
        "2" :	"radiating plane", 
        "feed" :	{
            "items" :	2, 
            "0" :	"center", 
            "1" :	"width", 
            "center" :	53.578, 
            "width" :	1.657
        }, 
        "ground plane" :	{
            "items" :	5, 
            "0" :	"l", 
            "1" :	"w", 
            "2" :	"x", 
            "3" :	"y", 
            "4" :	"slots", 
            "l" :	79.813, 
            "w" :	85.923, 
            "x" :	-0.733, 
            "y" :	-1.37, 
            "slots" :	{
                "items" :	4, 
                "0" :	"elliptical", 
                "1" :	"rectangular", 
                "2" :	"triangular", 
                "3" :	"polygonal", 
                "elliptical" :	{
                    "items" :	0
                }, 
                "rectangular" :	{
                    "items" :	4, 
                    "0" :	{
                        "items" :	4, 
                        "0" :	"x", 
                        "1" :	"y", 
                        "2" :	"l", 
                        "3" :	"w", 
                        "x" :	46.886, 
                        "y" :	36.066, 
                        "z" :	0.0, 
                        "l" :	16.356, 
                        "w" :	13.085, 
                        "type" :	"rectangular", 
                        "id" :	"637074794711172352"
                    }, 
                    "1" :	{
                        "items" :	4, 
                        "0" :	"x", 
                        "1" :	"y", 
                        "2" :	"l", 
                        "3" :	"w", 
                        "x" :	18.84, 
                        "y" :	-3.607, 
                        "z" :	0.0, 
                        "l" :	26.072, 
                        "w" :	15.244, 
                        "type" :	"rectangular", 
                        "id" :	"637074796343085952"
                    }, 
                    "2" :	{
                        "items" :	4, 
                        "0" :	"x", 
                        "1" :	"y", 
                        "2" :	"l", 
                        "3" :	"w", 
                        "x" :	43.493, 
                        "y" :	72.653, 
                        "z" :	0.0, 
                        "l" :	20.284, 
                        "w" :	18.126, 
                        "type" :	"rectangular", 
                        "id" :	"637074802750269696"
                    }, 
                    "3" :	{
                        "items" :	4, 
                        "0" :	"x", 
                        "1" :	"y", 
                        "2" :	"l", 
                        "3" :	"w", 
                        "x" :	59.601, 
                        "y" :	87.219, 
                        "z" :	0.0, 
                        "l" :	10.117, 
                        "w" :	14.517, 
                        "type" :	"rectangular", 
                        "id" :	"637074808733894784"
                    }
                }, 
                "triangular" :	{
                    "items" :	3, 
                    "0" :	{
                        "items" :	3, 
                        "0" :	{
                            "items" :	2, 
                            "0" :	"x", 
                            "1" :	"y", 
                            "x" :	76.225, 
                            "y" :	110.053, 
                            "z" :	0.0
                        }, 
                        "1" :	{
                            "items" :	2, 
                            "0" :	"x", 
                            "1" :	"y", 
                            "x" :	68.319, 
                            "y" :	83.462, 
                            "z" :	0.0
                        }, 
                        "2" :	{
                            "items" :	2, 
                            "0" :	"x", 
                            "1" :	"y", 
                            "x" :	63.631, 
                            "y" :	92.538, 
                            "z" :	0.0
                        }, 
                        "type" :	"triangular", 
                        "id" :	"637074799422796672"
                    }, 
                    "1" :	{
                        "items" :	3, 
                        "0" :	{
                            "items" :	2, 
                            "0" :	"x", 
                            "1" :	"y", 
                            "x" :	60.323, 
                            "y" :	37.968, 
                            "z" :	0.0
                        }, 
                        "1" :	{
                            "items" :	2, 
                            "0" :	"x", 
                            "1" :	"y", 
                            "x" :	53.141, 
                            "y" :	40.141, 
                            "z" :	0.0
                        }, 
                        "2" :	{
                            "items" :	2, 
                            "0" :	"x", 
                            "1" :	"y", 
                            "x" :	81.68, 
                            "y" :	60.816, 
                            "z" :	0.0
                        }, 
                        "type" :	"triangular", 
                        "id" :	"637074801091451392"
                    }, 
                    "2" :	{
                        "items" :	3, 
                        "0" :	{
                            "items" :	2, 
                            "0" :	"x", 
                            "1" :	"y", 
                            "x" :	3.352, 
                            "y" :	44.013, 
                            "z" :	0.0
                        }, 
                        "1" :	{
                            "items" :	2, 
                            "0" :	"x", 
                            "1" :	"y", 
                            "x" :	9.223, 
                            "y" :	62.308, 
                            "z" :	0.0
                        }, 
                        "2" :	{
                            "items" :	2, 
                            "0" :	"x", 
                            "1" :	"y", 
                            "x" :	8.652, 
                            "y" :	56.964, 
                            "z" :	0.0
                        }, 
                        "type" :	"triangular", 
                        "id" :	"637074810925857408"
                    }
                }, 
                "polygonal" :	{
                    "items" :	0
                }
            }
        }, 
        "radiating plane" :	{
            "items" :	5, 
            "0" :	"l", 
            "1" :	"w", 
            "2" :	"x", 
            "3" :	"y", 
            "4" :	"slots", 
            "l" :	65.36, 
            "w" :	92.152, 
            "x" :	2.853, 
            "y" :	3.957, 
            "slots" :	{
                "items" :	4, 
                "0" :	"elliptical", 
                "1" :	"rectangular", 
                "2" :	"triangular", 
                "3" :	"polygonal", 
                "elliptical" :	{
                    "items" :	0
                }, 
                "rectangular" :	{
                    "items" :	0
                }, 
                "triangular" :	{
                    "items" :	1, 
                    "0" :	{
                        "items" :	3, 
                        "0" :	{
                            "items" :	2, 
                            "0" :	"x", 
                            "1" :	"y", 
                            "x" :	11.557, 
                            "y" :	67.897, 
                            "z" :	1.6
                        }, 
                        "1" :	{
                            "items" :	2, 
                            "0" :	"x", 
                            "1" :	"y", 
                            "x" :	4.384, 
                            "y" :	63.877, 
                            "z" :	1.6
                        }, 
                        "2" :	{
                            "items" :	2, 
                            "0" :	"x", 
                            "1" :	"y", 
                            "x" :	6.518, 
                            "y" :	66.458, 
                            "z" :	1.6
                        }, 
                        "type" :	"triangular", 
                        "id" :	"637074802750269696"
                    }
                }, 
                "polygonal" :	{
                    "items" :	0
                }
            }
        }, 
        "substrate" :	{
            "items" :	4, 
            "0" :	"l", 
            "1" :	"w", 
            "2" :	"x", 
            "3" :	"h", 
            "l" :	79.813, 
            "w" :	97.529, 
            "h" :	1.6, 
            "x" :	-0.733, 
            "y" :	-1.37, 
            "permitivitty" :	4.4, 
            "loss" :	0.02, 
            "name" :	"FR4"
        }
    }, 
    "fitness" :	{
        "items" :	1, 
        "0" :	"final", 
        "1" :	"freq", 
        "lower" :	1.2835314183521362, 
        "desired" :	1.223809568158248, 
        "upper" :	1.1617805493859792, 
        "area" :	0.8218566456366935, 
        "freq" :	1.0238558957400041, 
        "final" :	1.4742098045431575, 
        "resonant" :	950000000.0, 
        "dir" :	"C:\\Users\\project\\0. My Work\\1. Repositories\\1. Very Unfriendly Train\\Data\\Simulations\\637074791583617408_Primary\\637074810926126592_1\\1.out", 
        "890000000.0" :	{
            "f" :	0.9932439193301504, 
            "g" :	0.29028749902198586
        }, 
        "905000000.0" :	{
            "f" :	0.99278486677208, 
            "g" :	0.2604215982102957
        }, 
        "920000000.0" :	{
            "f" :	0.9918906889919723, 
            "g" :	0.2326371380112142
        }, 
        "935000000.0" :	{
            "f" :	0.9897062031328349, 
            "g" :	0.20398820935634673
        }, 
        "950000000.0" :	{
            "f" :	0.9815608279108778, 
            "g" :	0.18021972147510126
        }
    }
}