{
    "geometry" :	{
        "items" :	3, 
        "0" :	"feed", 
        "1" :	"ground plane", 
        "2" :	"radiating plane", 
        "feed" :	{
            "items" :	2, 
            "0" :	"center", 
            "1" :	"width", 
            "center" :	54.454, 
            "width" :	1.569
        }, 
        "ground plane" :	{
            "items" :	5, 
            "0" :	"l", 
            "1" :	"w", 
            "2" :	"x", 
            "3" :	"y", 
            "4" :	"slots", 
            "l" :	78.166, 
            "w" :	94.98, 
            "x" :	-1.382, 
            "y" :	-0.963, 
            "slots" :	{
                "items" :	4, 
                "0" :	"elliptical", 
                "1" :	"rectangular", 
                "2" :	"triangular", 
                "3" :	"polygonal", 
                "elliptical" :	{
                    "items" :	0
                }, 
                "rectangular" :	{
                    "items" :	2, 
                    "0" :	{
                        "items" :	4, 
                        "0" :	"x", 
                        "1" :	"y", 
                        "2" :	"l", 
                        "3" :	"w", 
                        "x" :	48.377, 
                        "y" :	43.331, 
                        "z" :	0.0, 
                        "l" :	12.912, 
                        "w" :	15.411, 
                        "type" :	"rectangular", 
                        "id" :	"637074794711172352"
                    }, 
                    "1" :	{
                        "items" :	4, 
                        "0" :	"x", 
                        "1" :	"y", 
                        "2" :	"l", 
                        "3" :	"w", 
                        "x" :	18.335, 
                        "y" :	1.442, 
                        "z" :	0.0, 
                        "l" :	17.883, 
                        "w" :	18.083, 
                        "type" :	"rectangular", 
                        "id" :	"637074796343085952"
                    }
                }, 
                "triangular" :	{
                    "items" :	2, 
                    "0" :	{
                        "items" :	3, 
                        "0" :	{
                            "items" :	2, 
                            "0" :	"x", 
                            "1" :	"y", 
                            "x" :	74.853, 
                            "y" :	104.888, 
                            "z" :	0.0
                        }, 
                        "1" :	{
                            "items" :	2, 
                            "0" :	"x", 
                            "1" :	"y", 
                            "x" :	86.255, 
                            "y" :	91.842, 
                            "z" :	0.0
                        }, 
                        "2" :	{
                            "items" :	2, 
                            "0" :	"x", 
                            "1" :	"y", 
                            "x" :	66.948, 
                            "y" :	91.624, 
                            "z" :	0.0
                        }, 
                        "type" :	"triangular", 
                        "id" :	"637074799422796672"
                    }, 
                    "1" :	{
                        "items" :	3, 
                        "0" :	{
                            "items" :	2, 
                            "0" :	"x", 
                            "1" :	"y", 
                            "x" :	83.237, 
                            "y" :	19.807, 
                            "z" :	0.0
                        }, 
                        "1" :	{
                            "items" :	2, 
                            "0" :	"x", 
                            "1" :	"y", 
                            "x" :	54.92, 
                            "y" :	17.022, 
                            "z" :	0.0
                        }, 
                        "2" :	{
                            "items" :	2, 
                            "0" :	"x", 
                            "1" :	"y", 
                            "x" :	91.668, 
                            "y" :	27.596, 
                            "z" :	0.0
                        }, 
                        "type" :	"triangular", 
                        "id" :	"637074801091520896"
                    }
                }, 
                "polygonal" :	{
                    "items" :	0
                }
            }
        }, 
        "radiating plane" :	{
            "items" :	5, 
            "0" :	"l", 
            "1" :	"w", 
            "2" :	"x", 
            "3" :	"y", 
            "4" :	"slots", 
            "l" :	67.382, 
            "w" :	96.347, 
            "x" :	3.626, 
            "y" :	4.315, 
            "slots" :	{
                "items" :	4, 
                "0" :	"elliptical", 
                "1" :	"rectangular", 
                "2" :	"triangular", 
                "3" :	"polygonal", 
                "elliptical" :	{
                    "items" :	0
                }, 
                "rectangular" :	{
                    "items" :	1, 
                    "0" :	{
                        "items" :	4, 
                        "0" :	"x", 
                        "1" :	"y", 
                        "2" :	"l", 
                        "3" :	"w", 
                        "x" :	61.086, 
                        "y" :	62.65, 
                        "z" :	1.6, 
                        "l" :	2.385, 
                        "w" :	5.451, 
                        "type" :	"rectangular", 
                        "id" :	"637074801091540864"
                    }
                }, 
                "triangular" :	{
                    "items" :	0
                }, 
                "polygonal" :	{
                    "items" :	0
                }
            }
        }, 
        "substrate" :	{
            "items" :	4, 
            "0" :	"l", 
            "1" :	"w", 
            "2" :	"x", 
            "3" :	"h", 
            "l" :	78.166, 
            "w" :	101.67499999999998, 
            "h" :	1.6, 
            "x" :	-1.382, 
            "y" :	-0.963, 
            "permitivitty" :	4.4, 
            "loss" :	0.02, 
            "name" :	"FR4"
        }
    }, 
    "fitness" :	{
        "items" :	1, 
        "0" :	"final", 
        "1" :	"freq", 
        "lower" :	1.4047520372225244, 
        "desired" :	1.2715450440523444, 
        "upper" :	0.5034678259356987, 
        "area" :	0.8391135498912764, 
        "freq" :	1.0346588452973404, 
        "final" :	1.5415335297678197, 
        "resonant" :	950000000.0, 
        "dir" :	"C:\\Users\\project\\0. My Work\\1. Repositories\\1. Very Unfriendly Train\\Data\\Simulations\\637074791583617408_Primary\\637074801091550848_6\\6.out", 
        "890000000.0" :	{
            "f" :	0.9920452540511367, 
            "g" :	0.41270678317138776
        }, 
        "905000000.0" :	{
            "f" :	0.9883584710102408, 
            "g" :	0.40683343799796806
        }, 
        "920000000.0" :	{
            "f" :	0.9698746550739004, 
            "g" :	0.4067993375672022
        }, 
        "935000000.0" :	{
            "f" :	0.6287986990768408, 
            "g" :	0.41397053143088064
        }, 
        "950000000.0" :	{
            "f" :	0.073973221267326, 
            "g" :	0.42949460466837275
        }
    }
}