{
    "geometry" :	{
        "items" :	3, 
        "0" :	"feed", 
        "1" :	"ground plane", 
        "2" :	"radiating plane", 
        "feed" :	{
            "items" :	2, 
            "0" :	"center", 
            "1" :	"width", 
            "center" :	54.108, 
            "width" :	1.593
        }, 
        "ground plane" :	{
            "items" :	5, 
            "0" :	"l", 
            "1" :	"w", 
            "2" :	"x", 
            "3" :	"y", 
            "4" :	"slots", 
            "l" :	86.491, 
            "w" :	107.115, 
            "x" :	-0.348, 
            "y" :	-0.111, 
            "slots" :	{
                "items" :	4, 
                "0" :	"elliptical", 
                "1" :	"rectangular", 
                "2" :	"triangular", 
                "3" :	"polygonal", 
                "elliptical" :	{
                    "items" :	0
                }, 
                "rectangular" :	{
                    "items" :	1, 
                    "0" :	{
                        "items" :	4, 
                        "0" :	"x", 
                        "1" :	"y", 
                        "2" :	"l", 
                        "3" :	"w", 
                        "x" :	55.809, 
                        "y" :	14.685, 
                        "z" :	0.0, 
                        "l" :	16.668, 
                        "w" :	10.641, 
                        "type" :	"rectangular", 
                        "id" :	"637074791812683008"
                    }
                }, 
                "triangular" :	{
                    "items" :	0
                }, 
                "polygonal" :	{
                    "items" :	0
                }
            }
        }, 
        "radiating plane" :	{
            "items" :	5, 
            "0" :	"l", 
            "1" :	"w", 
            "2" :	"x", 
            "3" :	"y", 
            "4" :	"slots", 
            "l" :	76.829, 
            "w" :	98.01, 
            "x" :	5.226, 
            "y" :	4.102, 
            "slots" :	{
                "items" :	4, 
                "0" :	"elliptical", 
                "1" :	"rectangular", 
                "2" :	"triangular", 
                "3" :	"polygonal", 
                "elliptical" :	{
                    "items" :	0
                }, 
                "rectangular" :	{
                    "items" :	1, 
                    "0" :	{
                        "items" :	4, 
                        "0" :	"x", 
                        "1" :	"y", 
                        "2" :	"l", 
                        "3" :	"w", 
                        "x" :	54.823, 
                        "y" :	58.781, 
                        "z" :	1.6, 
                        "l" :	3.917, 
                        "w" :	1.849, 
                        "type" :	"rectangular", 
                        "id" :	"637074791812683008"
                    }
                }, 
                "triangular" :	{
                    "items" :	0
                }, 
                "polygonal" :	{
                    "items" :	0
                }
            }
        }, 
        "substrate" :	{
            "items" :	4, 
            "0" :	"l", 
            "1" :	"w", 
            "2" :	"x", 
            "3" :	"h", 
            "l" :	86.491, 
            "w" :	107.115, 
            "h" :	1.6, 
            "x" :	-0.348, 
            "y" :	-0.111, 
            "permitivitty" :	4.4, 
            "loss" :	0.02, 
            "name" :	"FR4"
        }
    }, 
    "fitness" :	{
        "items" :	1, 
        "0" :	"final", 
        "1" :	"freq", 
        "lower" :	1.3651271219772236, 
        "desired" :	0.8349439029071849, 
        "upper" :	1.2936846945397256, 
        "area" :	0.9781599460004654, 
        "freq" :	0.7651807721300796, 
        "final" :	1.5774854524199284, 
        "resonant" :	920000000.0, 
        "dir" :	"C:\\Users\\project\\0. My Work\\1. Repositories\\1. Very Unfriendly Train\\Data\\Simulations\\637074791583617408_Primary\\637074791812683008_6\\6.out", 
        "890000000.0" :	{
            "f" :	0.9834302287405055, 
            "g" :	0.3816968932367183
        }, 
        "905000000.0" :	{
            "f" :	0.9236684381502541, 
            "g" :	0.36818568985759464
        }, 
        "920000000.0" :	{
            "f" :	0.04362721332991516, 
            "g" :	0.3554821644048435
        }, 
        "935000000.0" :	{
            "f" :	0.4700857689649487, 
            "g" :	0.34378243401399833
        }, 
        "950000000.0" :	{
            "f" :	0.9604435584827207, 
            "g" :	0.3332411360570048
        }
    }
}