{
    "geometry" :	{
        "items" :	3, 
        "0" :	"feed", 
        "1" :	"ground plane", 
        "2" :	"radiating plane", 
        "feed" :	{
            "items" :	2, 
            "0" :	"center", 
            "1" :	"width", 
            "center" :	55.165, 
            "width" :	1.606
        }, 
        "ground plane" :	{
            "items" :	5, 
            "0" :	"l", 
            "1" :	"w", 
            "2" :	"x", 
            "3" :	"y", 
            "4" :	"slots", 
            "l" :	67.486, 
            "w" :	79.02, 
            "x" :	-1.912, 
            "y" :	-2.615, 
            "slots" :	{
                "items" :	4, 
                "0" :	"elliptical", 
                "1" :	"rectangular", 
                "2" :	"triangular", 
                "3" :	"polygonal", 
                "elliptical" :	{
                    "items" :	0
                }, 
                "rectangular" :	{
                    "items" :	6, 
                    "0" :	{
                        "items" :	4, 
                        "0" :	"x", 
                        "1" :	"y", 
                        "2" :	"l", 
                        "3" :	"w", 
                        "x" :	36.739, 
                        "y" :	36.108, 
                        "z" :	0.0, 
                        "l" :	11.199, 
                        "w" :	16.124, 
                        "type" :	"rectangular", 
                        "id" :	"637074794711172352"
                    }, 
                    "1" :	{
                        "items" :	4, 
                        "0" :	"x", 
                        "1" :	"y", 
                        "2" :	"l", 
                        "3" :	"w", 
                        "x" :	20.049, 
                        "y" :	-7.351, 
                        "z" :	0.0, 
                        "l" :	28.197, 
                        "w" :	20.476, 
                        "type" :	"rectangular", 
                        "id" :	"637074796343085952"
                    }, 
                    "2" :	{
                        "items" :	4, 
                        "0" :	"x", 
                        "1" :	"y", 
                        "2" :	"l", 
                        "3" :	"w", 
                        "x" :	41.843, 
                        "y" :	75.914, 
                        "z" :	0.0, 
                        "l" :	27.533, 
                        "w" :	14.935, 
                        "type" :	"rectangular", 
                        "id" :	"637074802750269696"
                    }, 
                    "3" :	{
                        "items" :	4, 
                        "0" :	"x", 
                        "1" :	"y", 
                        "2" :	"l", 
                        "3" :	"w", 
                        "x" :	59.288, 
                        "y" :	81.818, 
                        "z" :	0.0, 
                        "l" :	6.769, 
                        "w" :	15.811, 
                        "type" :	"rectangular", 
                        "id" :	"637074808733894784"
                    }, 
                    "4" :	{
                        "items" :	4, 
                        "0" :	"x", 
                        "1" :	"y", 
                        "2" :	"l", 
                        "3" :	"w", 
                        "x" :	55.561, 
                        "y" :	10.185, 
                        "z" :	0.0, 
                        "l" :	7.114, 
                        "w" :	18.183, 
                        "type" :	"rectangular", 
                        "id" :	"637074821576554752"
                    }, 
                    "5" :	{
                        "items" :	4, 
                        "0" :	"x", 
                        "1" :	"y", 
                        "2" :	"l", 
                        "3" :	"w", 
                        "x" :	44.421, 
                        "y" :	81.267, 
                        "z" :	0.0, 
                        "l" :	14.49, 
                        "w" :	12.728, 
                        "type" :	"rectangular", 
                        "id" :	"637074847003675264"
                    }
                }, 
                "triangular" :	{
                    "items" :	6, 
                    "0" :	{
                        "items" :	3, 
                        "0" :	{
                            "items" :	2, 
                            "0" :	"x", 
                            "1" :	"y", 
                            "x" :	77.848, 
                            "y" :	109.596, 
                            "z" :	0.0
                        }, 
                        "1" :	{
                            "items" :	2, 
                            "0" :	"x", 
                            "1" :	"y", 
                            "x" :	76.832, 
                            "y" :	79.291, 
                            "z" :	0.0
                        }, 
                        "2" :	{
                            "items" :	2, 
                            "0" :	"x", 
                            "1" :	"y", 
                            "x" :	59.905, 
                            "y" :	90.527, 
                            "z" :	0.0
                        }, 
                        "type" :	"triangular", 
                        "id" :	"637074799422796672"
                    }, 
                    "1" :	{
                        "items" :	3, 
                        "0" :	{
                            "items" :	2, 
                            "0" :	"x", 
                            "1" :	"y", 
                            "x" :	62.545, 
                            "y" :	39.27, 
                            "z" :	0.0
                        }, 
                        "1" :	{
                            "items" :	2, 
                            "0" :	"x", 
                            "1" :	"y", 
                            "x" :	62.599, 
                            "y" :	41.976, 
                            "z" :	0.0
                        }, 
                        "2" :	{
                            "items" :	2, 
                            "0" :	"x", 
                            "1" :	"y", 
                            "x" :	80.042, 
                            "y" :	60.512, 
                            "z" :	0.0
                        }, 
                        "type" :	"triangular", 
                        "id" :	"637074801091451392"
                    }, 
                    "2" :	{
                        "items" :	3, 
                        "0" :	{
                            "items" :	2, 
                            "0" :	"x", 
                            "1" :	"y", 
                            "x" :	28.69, 
                            "y" :	23.486, 
                            "z" :	0.0
                        }, 
                        "1" :	{
                            "items" :	2, 
                            "0" :	"x", 
                            "1" :	"y", 
                            "x" :	30.238, 
                            "y" :	33.155, 
                            "z" :	0.0
                        }, 
                        "2" :	{
                            "items" :	2, 
                            "0" :	"x", 
                            "1" :	"y", 
                            "x" :	14.887, 
                            "y" :	33.863, 
                            "z" :	0.0
                        }, 
                        "type" :	"triangular", 
                        "id" :	"637074819634485760"
                    }, 
                    "3" :	{
                        "items" :	3, 
                        "0" :	{
                            "items" :	2, 
                            "0" :	"x", 
                            "1" :	"y", 
                            "x" :	18.029, 
                            "y" :	63.406, 
                            "z" :	0.0
                        }, 
                        "1" :	{
                            "items" :	2, 
                            "0" :	"x", 
                            "1" :	"y", 
                            "x" :	16.014, 
                            "y" :	55.261, 
                            "z" :	0.0
                        }, 
                        "2" :	{
                            "items" :	2, 
                            "0" :	"x", 
                            "1" :	"y", 
                            "x" :	20.031, 
                            "y" :	69.293, 
                            "z" :	0.0
                        }, 
                        "type" :	"triangular", 
                        "id" :	"637074828878567296"
                    }, 
                    "4" :	{
                        "items" :	3, 
                        "0" :	{
                            "items" :	2, 
                            "0" :	"x", 
                            "1" :	"y", 
                            "x" :	2.682, 
                            "y" :	62.973, 
                            "z" :	0.0
                        }, 
                        "1" :	{
                            "items" :	2, 
                            "0" :	"x", 
                            "1" :	"y", 
                            "x" :	-1.135, 
                            "y" :	64.103, 
                            "z" :	0.0
                        }, 
                        "2" :	{
                            "items" :	2, 
                            "0" :	"x", 
                            "1" :	"y", 
                            "x" :	1.008, 
                            "y" :	62.444, 
                            "z" :	0.0
                        }, 
                        "type" :	"triangular", 
                        "id" :	"637074834774379776"
                    }, 
                    "5" :	{
                        "items" :	3, 
                        "0" :	{
                            "items" :	2, 
                            "0" :	"x", 
                            "1" :	"y", 
                            "x" :	41.141, 
                            "y" :	45.185, 
                            "z" :	0.0
                        }, 
                        "1" :	{
                            "items" :	2, 
                            "0" :	"x", 
                            "1" :	"y", 
                            "x" :	42.744, 
                            "y" :	48.671, 
                            "z" :	0.0
                        }, 
                        "2" :	{
                            "items" :	2, 
                            "0" :	"x", 
                            "1" :	"y", 
                            "x" :	38.119, 
                            "y" :	49.818, 
                            "z" :	0.0
                        }, 
                        "type" :	"triangular", 
                        "id" :	"637074837001005952"
                    }
                }, 
                "polygonal" :	{
                    "items" :	0
                }
            }
        }, 
        "radiating plane" :	{
            "items" :	5, 
            "0" :	"l", 
            "1" :	"w", 
            "2" :	"x", 
            "3" :	"y", 
            "4" :	"slots", 
            "l" :	63.158, 
            "w" :	86.231, 
            "x" :	2.366, 
            "y" :	3.254, 
            "slots" :	{
                "items" :	4, 
                "0" :	"elliptical", 
                "1" :	"rectangular", 
                "2" :	"triangular", 
                "3" :	"polygonal", 
                "elliptical" :	{
                    "items" :	0
                }, 
                "rectangular" :	{
                    "items" :	0
                }, 
                "triangular" :	{
                    "items" :	1, 
                    "0" :	{
                        "items" :	3, 
                        "0" :	{
                            "items" :	2, 
                            "0" :	"x", 
                            "1" :	"y", 
                            "x" :	46.655, 
                            "y" :	80.303, 
                            "z" :	1.6
                        }, 
                        "1" :	{
                            "items" :	2, 
                            "0" :	"x", 
                            "1" :	"y", 
                            "x" :	44.853, 
                            "y" :	79.9, 
                            "z" :	1.6
                        }, 
                        "2" :	{
                            "items" :	2, 
                            "0" :	"x", 
                            "1" :	"y", 
                            "x" :	45.281, 
                            "y" :	80.185, 
                            "z" :	1.6
                        }, 
                        "type" :	"triangular", 
                        "id" :	"637074828878567296"
                    }
                }, 
                "polygonal" :	{
                    "items" :	0
                }
            }
        }, 
        "substrate" :	{
            "items" :	4, 
            "0" :	"l", 
            "1" :	"w", 
            "2" :	"x", 
            "3" :	"h", 
            "l" :	67.486, 
            "w" :	92.14999999999999, 
            "h" :	1.6, 
            "x" :	-1.912, 
            "y" :	-2.615, 
            "permitivitty" :	4.4, 
            "loss" :	0.02, 
            "name" :	"FR4"
        }
    }, 
    "fitness" :	{
        "items" :	1, 
        "0" :	"final", 
        "1" :	"freq", 
        "lower" :	1.5413527552643713, 
        "desired" :	0.8425945491822106, 
        "upper" :	1.4336608494266798, 
        "area" :	0.6565951823380809, 
        "freq" :	0.7925142110963529, 
        "final" :	0.7496254464502838, 
        "resonant" :	920000000.0, 
        "dir" :	"C:\\Users\\project\\0. My Work\\1. Repositories\\1. Very Unfriendly Train\\Data\\Simulations\\637074791583617408_Primary\\637074847004034304_2\\2.out", 
        "890000000.0" :	{
            "f" :	0.9383239751825372, 
            "g" :	0.603028780081834
        }, 
        "905000000.0" :	{
            "f" :	0.43207259115888313, 
            "g" :	0.6082474228283063
        }, 
        "920000000.0" :	{
            "f" :	0.006455583625068063, 
            "g" :	0.6058260845471957
        }, 
        "935000000.0" :	{
            "f" :	0.2994468425677751, 
            "g" :	0.5757351228194038
        }, 
        "950000000.0" :	{
            "f" :	0.8711539015924442, 
            "g" :	0.5625069478342356
        }
    }
}