{
    "geometry" :	{
        "items" :	3, 
        "0" :	"feed", 
        "1" :	"ground plane", 
        "2" :	"radiating plane", 
        "feed" :	{
            "items" :	2, 
            "0" :	"center", 
            "1" :	"width", 
            "center" :	53.993, 
            "width" :	1.65
        }, 
        "ground plane" :	{
            "items" :	5, 
            "0" :	"l", 
            "1" :	"w", 
            "2" :	"x", 
            "3" :	"y", 
            "4" :	"slots", 
            "l" :	82.659, 
            "w" :	109.22, 
            "x" :	-0.322, 
            "y" :	0.053, 
            "slots" :	{
                "items" :	4, 
                "0" :	"elliptical", 
                "1" :	"rectangular", 
                "2" :	"triangular", 
                "3" :	"polygonal", 
                "elliptical" :	{
                    "items" :	0
                }, 
                "rectangular" :	{
                    "items" :	0
                }, 
                "triangular" :	{
                    "items" :	1, 
                    "0" :	{
                        "items" :	3, 
                        "0" :	{
                            "items" :	2, 
                            "0" :	"x", 
                            "1" :	"y", 
                            "x" :	17.421, 
                            "y" :	41.36, 
                            "z" :	0.0
                        }, 
                        "1" :	{
                            "items" :	2, 
                            "0" :	"x", 
                            "1" :	"y", 
                            "x" :	19.531, 
                            "y" :	49.954, 
                            "z" :	0.0
                        }, 
                        "2" :	{
                            "items" :	2, 
                            "0" :	"x", 
                            "1" :	"y", 
                            "x" :	19.989, 
                            "y" :	38.862, 
                            "z" :	0.0
                        }, 
                        "type" :	"triangular", 
                        "id" :	"637074754177812096"
                    }
                }, 
                "polygonal" :	{
                    "items" :	0
                }
            }
        }, 
        "radiating plane" :	{
            "items" :	5, 
            "0" :	"l", 
            "1" :	"w", 
            "2" :	"x", 
            "3" :	"y", 
            "4" :	"slots", 
            "l" :	75.212, 
            "w" :	98.915, 
            "x" :	5.275, 
            "y" :	4.096, 
            "slots" :	{
                "items" :	4, 
                "0" :	"elliptical", 
                "1" :	"rectangular", 
                "2" :	"triangular", 
                "3" :	"polygonal", 
                "elliptical" :	{
                    "items" :	0
                }, 
                "rectangular" :	{
                    "items" :	0
                }, 
                "triangular" :	{
                    "items" :	0
                }, 
                "polygonal" :	{
                    "items" :	0
                }
            }
        }, 
        "substrate" :	{
            "items" :	4, 
            "0" :	"l", 
            "1" :	"w", 
            "2" :	"x", 
            "3" :	"h", 
            "l" :	82.659, 
            "w" :	109.22, 
            "h" :	1.6, 
            "x" :	-0.322, 
            "y" :	0.053, 
            "permitivitty" :	4.4, 
            "loss" :	0.02, 
            "name" :	"FR4"
        }
    }, 
    "fitness" :	{
        "items" :	1, 
        "0" :	"final", 
        "1" :	"freq", 
        "lower" :	1.4196961782504922, 
        "desired" :	1.3172444527045772, 
        "upper" :	0.3943792354647471, 
        "area" :	0.953193306118998, 
        "freq" :	1.0624642538177331, 
        "final" :	1.7496035674318144, 
        "resonant" :	950000000.0, 
        "dir" :	"C:\\Users\\project\\0. My Work\\1. Repositories\\1. Very Unfriendly Train\\Data\\Simulations\\637074752774927488_Primary\\637074754177981696_0\\0.out", 
        "890000000.0" :	{
            "f" :	0.9922380798545574, 
            "g" :	0.42745809839593485
        }, 
        "905000000.0" :	{
            "f" :	0.9890614873314326, 
            "g" :	0.4168929431184838
        }, 
        "920000000.0" :	{
            "f" :	0.9753399126813496, 
            "g" :	0.4070957139600463
        }, 
        "935000000.0" :	{
            "f" :	0.7651634983540487, 
            "g" :	0.3981798026683706
        }, 
        "950000000.0" :	{
            "f" :	0.004098883578163978, 
            "g" :	0.39028035188658317
        }
    }
}