{
    "geometry" :	{
        "items" :	3, 
        "0" :	"feed", 
        "1" :	"ground plane", 
        "2" :	"radiating plane", 
        "feed" :	{
            "items" :	2, 
            "0" :	"center", 
            "1" :	"width", 
            "center" :	54.662, 
            "width" :	1.559
        }, 
        "ground plane" :	{
            "items" :	5, 
            "0" :	"l", 
            "1" :	"w", 
            "2" :	"x", 
            "3" :	"y", 
            "4" :	"slots", 
            "l" :	86.937, 
            "w" :	104.238, 
            "x" :	-0.409, 
            "y" :	-0.542, 
            "slots" :	{
                "items" :	4, 
                "0" :	"elliptical", 
                "1" :	"rectangular", 
                "2" :	"triangular", 
                "3" :	"polygonal", 
                "elliptical" :	{
                    "items" :	0
                }, 
                "rectangular" :	{
                    "items" :	1, 
                    "0" :	{
                        "items" :	4, 
                        "0" :	"x", 
                        "1" :	"y", 
                        "2" :	"l", 
                        "3" :	"w", 
                        "x" :	52.568, 
                        "y" :	18.042, 
                        "z" :	0.0, 
                        "l" :	17.947, 
                        "w" :	10.412, 
                        "type" :	"rectangular", 
                        "id" :	"637074791812683008"
                    }
                }, 
                "triangular" :	{
                    "items" :	1, 
                    "0" :	{
                        "items" :	3, 
                        "0" :	{
                            "items" :	2, 
                            "0" :	"x", 
                            "1" :	"y", 
                            "x" :	79.509, 
                            "y" :	43.674, 
                            "z" :	0.0
                        }, 
                        "1" :	{
                            "items" :	2, 
                            "0" :	"x", 
                            "1" :	"y", 
                            "x" :	78.624, 
                            "y" :	56.902, 
                            "z" :	0.0
                        }, 
                        "2" :	{
                            "items" :	2, 
                            "0" :	"x", 
                            "1" :	"y", 
                            "x" :	78.842, 
                            "y" :	58.205, 
                            "z" :	0.0
                        }, 
                        "type" :	"triangular", 
                        "id" :	"637074793148545664"
                    }
                }, 
                "polygonal" :	{
                    "items" :	0
                }
            }
        }, 
        "radiating plane" :	{
            "items" :	5, 
            "0" :	"l", 
            "1" :	"w", 
            "2" :	"x", 
            "3" :	"y", 
            "4" :	"slots", 
            "l" :	74.776, 
            "w" :	95.717, 
            "x" :	4.77, 
            "y" :	4.785, 
            "slots" :	{
                "items" :	4, 
                "0" :	"elliptical", 
                "1" :	"rectangular", 
                "2" :	"triangular", 
                "3" :	"polygonal", 
                "elliptical" :	{
                    "items" :	0
                }, 
                "rectangular" :	{
                    "items" :	0
                }, 
                "triangular" :	{
                    "items" :	1, 
                    "0" :	{
                        "items" :	3, 
                        "0" :	{
                            "items" :	2, 
                            "0" :	"x", 
                            "1" :	"y", 
                            "x" :	67.745, 
                            "y" :	41.667, 
                            "z" :	1.6
                        }, 
                        "1" :	{
                            "items" :	2, 
                            "0" :	"x", 
                            "1" :	"y", 
                            "x" :	68.453, 
                            "y" :	41.595, 
                            "z" :	1.6
                        }, 
                        "2" :	{
                            "items" :	2, 
                            "0" :	"x", 
                            "1" :	"y", 
                            "x" :	69.091, 
                            "y" :	40.791, 
                            "z" :	1.6
                        }, 
                        "type" :	"triangular", 
                        "id" :	"637074793148555904"
                    }
                }, 
                "polygonal" :	{
                    "items" :	0
                }
            }
        }, 
        "substrate" :	{
            "items" :	4, 
            "0" :	"l", 
            "1" :	"w", 
            "2" :	"x", 
            "3" :	"h", 
            "l" :	86.937, 
            "w" :	104.238, 
            "h" :	1.6, 
            "x" :	-0.409, 
            "y" :	-0.542, 
            "permitivitty" :	4.4, 
            "loss" :	0.02, 
            "name" :	"FR4"
        }
    }, 
    "fitness" :	{
        "items" :	1, 
        "0" :	"final", 
        "1" :	"freq", 
        "lower" :	1.3365654965185116, 
        "desired" :	1.235034485016099, 
        "upper" :	0.28496057980069744, 
        "area" :	0.9567960733316146, 
        "freq" :	0.9923802357053776, 
        "final" :	1.8023825129154036, 
        "resonant" :	950000000.0, 
        "dir" :	"C:\\Users\\project\\0. My Work\\1. Repositories\\1. Very Unfriendly Train\\Data\\Simulations\\637074791583617408_Primary\\637074793148595456_5\\5.out", 
        "890000000.0" :	{
            "f" :	0.9923628677873705, 
            "g" :	0.3442026287311411
        }, 
        "905000000.0" :	{
            "f" :	0.989469224232597, 
            "g" :	0.3271691973974275
        }, 
        "920000000.0" :	{
            "f" :	0.9774761688290139, 
            "g" :	0.31145150446243614
        }, 
        "935000000.0" :	{
            "f" :	0.8022790822346262, 
            "g" :	0.29725827789219633
        }, 
        "950000000.0" :	{
            "f" :	0.00014159472860632283, 
            "g" :	0.28481898507209114
        }
    }
}