{
    "geometry" :	{
        "items" :	3, 
        "0" :	"feed", 
        "1" :	"ground plane", 
        "2" :	"radiating plane", 
        "feed" :	{
            "items" :	2, 
            "0" :	"center", 
            "1" :	"width", 
            "center" :	54.629, 
            "width" :	1.53
        }, 
        "ground plane" :	{
            "items" :	5, 
            "0" :	"l", 
            "1" :	"w", 
            "2" :	"x", 
            "3" :	"y", 
            "4" :	"slots", 
            "l" :	78.093, 
            "w" :	95.127, 
            "x" :	-0.871, 
            "y" :	-0.583, 
            "slots" :	{
                "items" :	4, 
                "0" :	"elliptical", 
                "1" :	"rectangular", 
                "2" :	"triangular", 
                "3" :	"polygonal", 
                "elliptical" :	{
                    "items" :	0
                }, 
                "rectangular" :	{
                    "items" :	2, 
                    "0" :	{
                        "items" :	4, 
                        "0" :	"x", 
                        "1" :	"y", 
                        "2" :	"l", 
                        "3" :	"w", 
                        "x" :	49.277, 
                        "y" :	45.149, 
                        "z" :	0.0, 
                        "l" :	14.6, 
                        "w" :	13.025, 
                        "type" :	"rectangular", 
                        "id" :	"637074794711172352"
                    }, 
                    "1" :	{
                        "items" :	4, 
                        "0" :	"x", 
                        "1" :	"y", 
                        "2" :	"l", 
                        "3" :	"w", 
                        "x" :	-9.284, 
                        "y" :	76.247, 
                        "z" :	0.0, 
                        "l" :	7.948, 
                        "w" :	4.163, 
                        "type" :	"rectangular", 
                        "id" :	"637074799422856576"
                    }
                }, 
                "triangular" :	{
                    "items" :	0
                }, 
                "polygonal" :	{
                    "items" :	0
                }
            }
        }, 
        "radiating plane" :	{
            "items" :	5, 
            "0" :	"l", 
            "1" :	"w", 
            "2" :	"x", 
            "3" :	"y", 
            "4" :	"slots", 
            "l" :	72.23, 
            "w" :	98.472, 
            "x" :	3.701, 
            "y" :	6.219, 
            "slots" :	{
                "items" :	4, 
                "0" :	"elliptical", 
                "1" :	"rectangular", 
                "2" :	"triangular", 
                "3" :	"polygonal", 
                "elliptical" :	{
                    "items" :	0
                }, 
                "rectangular" :	{
                    "items" :	0
                }, 
                "triangular" :	{
                    "items" :	0
                }, 
                "polygonal" :	{
                    "items" :	0
                }
            }
        }, 
        "substrate" :	{
            "items" :	4, 
            "0" :	"l", 
            "1" :	"w", 
            "2" :	"x", 
            "3" :	"h", 
            "l" :	78.093, 
            "w" :	105.32399999999998, 
            "h" :	1.6, 
            "x" :	-0.871, 
            "y" :	-0.583, 
            "permitivitty" :	4.4, 
            "loss" :	0.02, 
            "name" :	"FR4"
        }
    }, 
    "fitness" :	{
        "items" :	1, 
        "0" :	"final", 
        "1" :	"freq", 
        "lower" :	1.4428118423140672, 
        "desired" :	1.4098852265703783, 
        "upper" :	1.3379504739463068, 
        "area" :	0.8684165989482202, 
        "freq" :	1.1764561888932759, 
        "final" :	1.7771286227104377, 
        "resonant" :	950000000.0, 
        "dir" :	"C:\\Users\\project\\0. My Work\\1. Repositories\\1. Very Unfriendly Train\\Data\\Simulations\\637074791583617408_Primary\\637074799422886528_5\\5.out", 
        "890000000.0" :	{
            "f" :	0.9932251041361763, 
            "g" :	0.44958673817789097
        }, 
        "905000000.0" :	{
            "f" :	0.9920945550701635, 
            "g" :	0.4352306576833243
        }, 
        "920000000.0" :	{
            "f" :	0.9895839151276531, 
            "g" :	0.42173311948719633
        }, 
        "935000000.0" :	{
            "f" :	0.9820537817946255, 
            "g" :	0.4089596505481717
        }, 
        "950000000.0" :	{
            "f" :	0.9411623298168375, 
            "g" :	0.3967881441294695
        }
    }
}