{
    "geometry" :	{
        "items" :	3, 
        "0" :	"feed", 
        "1" :	"ground plane", 
        "2" :	"radiating plane", 
        "feed" :	{
            "items" :	2, 
            "0" :	"center", 
            "1" :	"width", 
            "center" :	54.174, 
            "width" :	1.578
        }, 
        "ground plane" :	{
            "items" :	5, 
            "0" :	"l", 
            "1" :	"w", 
            "2" :	"x", 
            "3" :	"y", 
            "4" :	"slots", 
            "l" :	84.942, 
            "w" :	103.293, 
            "x" :	-0.275, 
            "y" :	-0.083, 
            "slots" :	{
                "items" :	4, 
                "0" :	"elliptical", 
                "1" :	"rectangular", 
                "2" :	"triangular", 
                "3" :	"polygonal", 
                "elliptical" :	{
                    "items" :	0
                }, 
                "rectangular" :	{
                    "items" :	2, 
                    "0" :	{
                        "items" :	4, 
                        "0" :	"x", 
                        "1" :	"y", 
                        "2" :	"l", 
                        "3" :	"w", 
                        "x" :	51.387, 
                        "y" :	17.064, 
                        "z" :	0.0, 
                        "l" :	12.496, 
                        "w" :	7.829, 
                        "type" :	"rectangular", 
                        "id" :	"637074791812683008"
                    }, 
                    "1" :	{
                        "items" :	4, 
                        "0" :	"x", 
                        "1" :	"y", 
                        "2" :	"l", 
                        "3" :	"w", 
                        "x" :	65.445, 
                        "y" :	60.005, 
                        "z" :	0.0, 
                        "l" :	17.716, 
                        "w" :	19.918, 
                        "type" :	"rectangular", 
                        "id" :	"637074794711272448"
                    }
                }, 
                "triangular" :	{
                    "items" :	0
                }, 
                "polygonal" :	{
                    "items" :	0
                }
            }
        }, 
        "radiating plane" :	{
            "items" :	5, 
            "0" :	"l", 
            "1" :	"w", 
            "2" :	"x", 
            "3" :	"y", 
            "4" :	"slots", 
            "l" :	73.333, 
            "w" :	97.153, 
            "x" :	5.592, 
            "y" :	4.64, 
            "slots" :	{
                "items" :	4, 
                "0" :	"elliptical", 
                "1" :	"rectangular", 
                "2" :	"triangular", 
                "3" :	"polygonal", 
                "elliptical" :	{
                    "items" :	0
                }, 
                "rectangular" :	{
                    "items" :	1, 
                    "0" :	{
                        "items" :	4, 
                        "0" :	"x", 
                        "1" :	"y", 
                        "2" :	"l", 
                        "3" :	"w", 
                        "x" :	52.836, 
                        "y" :	57.849, 
                        "z" :	1.6, 
                        "l" :	2.205, 
                        "w" :	3.452, 
                        "type" :	"rectangular", 
                        "id" :	"637074794711272448"
                    }
                }, 
                "triangular" :	{
                    "items" :	0
                }, 
                "polygonal" :	{
                    "items" :	0
                }
            }
        }, 
        "substrate" :	{
            "items" :	4, 
            "0" :	"l", 
            "1" :	"w", 
            "2" :	"x", 
            "3" :	"h", 
            "l" :	84.942, 
            "w" :	103.293, 
            "h" :	1.6, 
            "x" :	-0.275, 
            "y" :	-0.083, 
            "permitivitty" :	4.4, 
            "loss" :	0.02, 
            "name" :	"FR4"
        }
    }, 
    "fitness" :	{
        "items" :	1, 
        "0" :	"final", 
        "1" :	"freq", 
        "lower" :	1.3594837821326151, 
        "desired" :	1.3202856479319356, 
        "upper" :	1.2714241098591648, 
        "area" :	0.9263647868490946, 
        "freq" :	1.1033272805265855, 
        "final" :	1.8611034313301869, 
        "resonant" :	950000000.0, 
        "dir" :	"C:\\Users\\project\\0. My Work\\1. Repositories\\1. Very Unfriendly Train\\Data\\Simulations\\637074791583617408_Primary\\637074794711302400_5\\5.out", 
        "890000000.0" :	{
            "f" :	0.9939047605140456, 
            "g" :	0.3655790216185695
        }, 
        "905000000.0" :	{
            "f" :	0.9932738266708802, 
            "g" :	0.3465768236483628
        }, 
        "920000000.0" :	{
            "f" :	0.9919940598422169, 
            "g" :	0.3285313433797568
        }, 
        "935000000.0" :	{
            "f" :	0.9886874627524873, 
            "g" :	0.3117934275021028
        }, 
        "950000000.0" :	{
            "f" :	0.9747429055901201, 
            "g" :	0.2966812042690446
        }
    }
}