{
    "geometry" :	{
        "items" :	3, 
        "0" :	"feed", 
        "1" :	"ground plane", 
        "2" :	"radiating plane", 
        "feed" :	{
            "items" :	2, 
            "0" :	"center", 
            "1" :	"width", 
            "center" :	55.095, 
            "width" :	1.577
        }, 
        "ground plane" :	{
            "items" :	5, 
            "0" :	"l", 
            "1" :	"w", 
            "2" :	"x", 
            "3" :	"y", 
            "4" :	"slots", 
            "l" :	79.526, 
            "w" :	96.418, 
            "x" :	-0.39, 
            "y" :	-0.551, 
            "slots" :	{
                "items" :	4, 
                "0" :	"elliptical", 
                "1" :	"rectangular", 
                "2" :	"triangular", 
                "3" :	"polygonal", 
                "elliptical" :	{
                    "items" :	0
                }, 
                "rectangular" :	{
                    "items" :	3, 
                    "0" :	{
                        "items" :	4, 
                        "0" :	"x", 
                        "1" :	"y", 
                        "2" :	"l", 
                        "3" :	"w", 
                        "x" :	50.64, 
                        "y" :	9.925, 
                        "z" :	0.0, 
                        "l" :	14.949, 
                        "w" :	13.377, 
                        "type" :	"rectangular", 
                        "id" :	"637074791812683008"
                    }, 
                    "1" :	{
                        "items" :	4, 
                        "0" :	"x", 
                        "1" :	"y", 
                        "2" :	"l", 
                        "3" :	"w", 
                        "x" :	39.709, 
                        "y" :	43.031, 
                        "z" :	0.0, 
                        "l" :	7.895, 
                        "w" :	18.096, 
                        "type" :	"rectangular", 
                        "id" :	"637074794711172352"
                    }, 
                    "2" :	{
                        "items" :	4, 
                        "0" :	"x", 
                        "1" :	"y", 
                        "2" :	"l", 
                        "3" :	"w", 
                        "x" :	10.572, 
                        "y" :	72.492, 
                        "z" :	0.0, 
                        "l" :	6.671, 
                        "w" :	21.222, 
                        "type" :	"rectangular", 
                        "id" :	"637074796343036160"
                    }
                }, 
                "triangular" :	{
                    "items" :	0
                }, 
                "polygonal" :	{
                    "items" :	0
                }
            }
        }, 
        "radiating plane" :	{
            "items" :	5, 
            "0" :	"l", 
            "1" :	"w", 
            "2" :	"x", 
            "3" :	"y", 
            "4" :	"slots", 
            "l" :	74.19, 
            "w" :	97.406, 
            "x" :	4.896, 
            "y" :	4.305, 
            "slots" :	{
                "items" :	4, 
                "0" :	"elliptical", 
                "1" :	"rectangular", 
                "2" :	"triangular", 
                "3" :	"polygonal", 
                "elliptical" :	{
                    "items" :	0
                }, 
                "rectangular" :	{
                    "items" :	0
                }, 
                "triangular" :	{
                    "items" :	0
                }, 
                "polygonal" :	{
                    "items" :	0
                }
            }
        }, 
        "substrate" :	{
            "items" :	4, 
            "0" :	"l", 
            "1" :	"w", 
            "2" :	"x", 
            "3" :	"h", 
            "l" :	79.526, 
            "w" :	102.31200000000001, 
            "h" :	1.6, 
            "x" :	-0.39, 
            "y" :	-0.551, 
            "permitivitty" :	4.4, 
            "loss" :	0.02, 
            "name" :	"FR4"
        }
    }, 
    "fitness" :	{
        "items" :	1, 
        "0" :	"final", 
        "1" :	"freq", 
        "lower" :	0.8052088979203336, 
        "desired" :	1.456102366432713, 
        "upper" :	1.4610322583514228, 
        "area" :	0.8590617411640711, 
        "freq" :	1.1607660257436987, 
        "final" :	1.7310882190760264, 
        "resonant" :	890000000.0, 
        "dir" :	"C:\\Users\\project\\0. My Work\\1. Repositories\\1. Very Unfriendly Train\\Data\\Simulations\\637074791583617408_Primary\\637074796343145600_2\\2.out", 
        "890000000.0" :	{
            "f" :	0.3089285213004362, 
            "g" :	0.49628037661989743
        }, 
        "905000000.0" :	{
            "f" :	0.9494698377645865, 
            "g" :	0.4884033205793155
        }, 
        "920000000.0" :	{
            "f" :	0.9842679788926924, 
            "g" :	0.48123114850970633
        }, 
        "935000000.0" :	{
            "f" :	0.990278054364637, 
            "g" :	0.47465675918720135
        }, 
        "950000000.0" :	{
            "f" :	0.9923162437911228, 
            "g" :	0.46871601456030004
        }
    }
}