{
    "geometry" :	{
        "items" :	3, 
        "0" :	"feed", 
        "1" :	"ground plane", 
        "2" :	"radiating plane", 
        "feed" :	{
            "items" :	2, 
            "0" :	"center", 
            "1" :	"width", 
            "center" :	54.695, 
            "width" :	1.584
        }, 
        "ground plane" :	{
            "items" :	5, 
            "0" :	"l", 
            "1" :	"w", 
            "2" :	"x", 
            "3" :	"y", 
            "4" :	"slots", 
            "l" :	84.316, 
            "w" :	101.029, 
            "x" :	-0.418, 
            "y" :	-0.694, 
            "slots" :	{
                "items" :	4, 
                "0" :	"elliptical", 
                "1" :	"rectangular", 
                "2" :	"triangular", 
                "3" :	"polygonal", 
                "elliptical" :	{
                    "items" :	0
                }, 
                "rectangular" :	{
                    "items" :	2, 
                    "0" :	{
                        "items" :	4, 
                        "0" :	"x", 
                        "1" :	"y", 
                        "2" :	"l", 
                        "3" :	"w", 
                        "x" :	52.249, 
                        "y" :	12.399, 
                        "z" :	0.0, 
                        "l" :	15.312, 
                        "w" :	12.366, 
                        "type" :	"rectangular", 
                        "id" :	"637074791812683008"
                    }, 
                    "1" :	{
                        "items" :	4, 
                        "0" :	"x", 
                        "1" :	"y", 
                        "2" :	"l", 
                        "3" :	"w", 
                        "x" :	3.887, 
                        "y" :	53.574, 
                        "z" :	0.0, 
                        "l" :	15.446, 
                        "w" :	10.196, 
                        "type" :	"rectangular", 
                        "id" :	"637074794711252224"
                    }
                }, 
                "triangular" :	{
                    "items" :	0
                }, 
                "polygonal" :	{
                    "items" :	0
                }
            }
        }, 
        "radiating plane" :	{
            "items" :	5, 
            "0" :	"l", 
            "1" :	"w", 
            "2" :	"x", 
            "3" :	"y", 
            "4" :	"slots", 
            "l" :	74.041, 
            "w" :	98.073, 
            "x" :	4.929, 
            "y" :	5.466, 
            "slots" :	{
                "items" :	4, 
                "0" :	"elliptical", 
                "1" :	"rectangular", 
                "2" :	"triangular", 
                "3" :	"polygonal", 
                "elliptical" :	{
                    "items" :	0
                }, 
                "rectangular" :	{
                    "items" :	0
                }, 
                "triangular" :	{
                    "items" :	0
                }, 
                "polygonal" :	{
                    "items" :	0
                }
            }
        }, 
        "substrate" :	{
            "items" :	4, 
            "0" :	"l", 
            "1" :	"w", 
            "2" :	"x", 
            "3" :	"h", 
            "l" :	84.316, 
            "w" :	104.28299999999999, 
            "h" :	1.6, 
            "x" :	-0.418, 
            "y" :	-0.694, 
            "permitivitty" :	4.4, 
            "loss" :	0.02, 
            "name" :	"FR4"
        }
    }, 
    "fitness" :	{
        "items" :	1, 
        "0" :	"final", 
        "1" :	"freq", 
        "lower" :	1.351319247245239, 
        "desired" :	1.2592058319663417, 
        "upper" :	0.2956975530892659, 
        "area" :	0.9283509288285399, 
        "freq" :	1.0110910960467476, 
        "final" :	1.7637973265146492, 
        "resonant" :	950000000.0, 
        "dir" :	"C:\\Users\\project\\0. My Work\\1. Repositories\\1. Very Unfriendly Train\\Data\\Simulations\\637074791583617408_Primary\\637074794711302400_4\\4.out", 
        "890000000.0" :	{
            "f" :	0.9921471896589856, 
            "g" :	0.35917205758625337
        }, 
        "905000000.0" :	{
            "f" :	0.9890903000354923, 
            "g" :	0.34102636992257535
        }, 
        "920000000.0" :	{
            "f" :	0.9771152382594444, 
            "g" :	0.32366792562898516
        }, 
        "935000000.0" :	{
            "f" :	0.839529748223955, 
            "g" :	0.30718791382857286
        }, 
        "950000000.0" :	{
            "f" :	0.004018846823122817, 
            "g" :	0.29167870626614306
        }
    }
}