{
    "geometry" :	{
        "items" :	3, 
        "0" :	"feed", 
        "1" :	"ground plane", 
        "2" :	"radiating plane", 
        "feed" :	{
            "items" :	2, 
            "0" :	"center", 
            "1" :	"width", 
            "center" :	56.232, 
            "width" :	1.573
        }, 
        "ground plane" :	{
            "items" :	5, 
            "0" :	"l", 
            "1" :	"w", 
            "2" :	"x", 
            "3" :	"y", 
            "4" :	"slots", 
            "l" :	83.584, 
            "w" :	103.66, 
            "x" :	-0.129, 
            "y" :	-1.007, 
            "slots" :	{
                "items" :	4, 
                "0" :	"elliptical", 
                "1" :	"rectangular", 
                "2" :	"triangular", 
                "3" :	"polygonal", 
                "elliptical" :	{
                    "items" :	0
                }, 
                "rectangular" :	{
                    "items" :	4, 
                    "0" :	{
                        "items" :	4, 
                        "0" :	"x", 
                        "1" :	"y", 
                        "2" :	"l", 
                        "3" :	"w", 
                        "x" :	84.826, 
                        "y" :	5.189, 
                        "z" :	0.0, 
                        "l" :	14.276, 
                        "w" :	15.527, 
                        "type" :	"rectangular", 
                        "id" :	"637074756696086912"
                    }, 
                    "1" :	{
                        "items" :	4, 
                        "0" :	"x", 
                        "1" :	"y", 
                        "2" :	"l", 
                        "3" :	"w", 
                        "x" :	17.646, 
                        "y" :	14.69, 
                        "z" :	0.0, 
                        "l" :	13.699, 
                        "w" :	9.153, 
                        "type" :	"rectangular", 
                        "id" :	"637074758836870528"
                    }, 
                    "2" :	{
                        "items" :	4, 
                        "0" :	"x", 
                        "1" :	"y", 
                        "2" :	"l", 
                        "3" :	"w", 
                        "x" :	81.017, 
                        "y" :	7.531, 
                        "z" :	0.0, 
                        "l" :	28.918, 
                        "w" :	12.854, 
                        "type" :	"rectangular", 
                        "id" :	"637074763211752192"
                    }, 
                    "3" :	{
                        "items" :	4, 
                        "0" :	"x", 
                        "1" :	"y", 
                        "2" :	"l", 
                        "3" :	"w", 
                        "x" :	50.867, 
                        "y" :	35.14, 
                        "z" :	0.0, 
                        "l" :	3.017, 
                        "w" :	7.483, 
                        "type" :	"rectangular", 
                        "id" :	"637074774035339008"
                    }
                }, 
                "triangular" :	{
                    "items" :	1, 
                    "0" :	{
                        "items" :	3, 
                        "0" :	{
                            "items" :	2, 
                            "0" :	"x", 
                            "1" :	"y", 
                            "x" :	61.508, 
                            "y" :	105.584, 
                            "z" :	0.0
                        }, 
                        "1" :	{
                            "items" :	2, 
                            "0" :	"x", 
                            "1" :	"y", 
                            "x" :	48.691, 
                            "y" :	96.015, 
                            "z" :	0.0
                        }, 
                        "2" :	{
                            "items" :	2, 
                            "0" :	"x", 
                            "1" :	"y", 
                            "x" :	56.541, 
                            "y" :	95.92, 
                            "z" :	0.0
                        }, 
                        "type" :	"triangular", 
                        "id" :	"637074760976682240"
                    }
                }, 
                "polygonal" :	{
                    "items" :	0
                }
            }
        }, 
        "radiating plane" :	{
            "items" :	5, 
            "0" :	"l", 
            "1" :	"w", 
            "2" :	"x", 
            "3" :	"y", 
            "4" :	"slots", 
            "l" :	74.305, 
            "w" :	100.749, 
            "x" :	4.651, 
            "y" :	2.521, 
            "slots" :	{
                "items" :	4, 
                "0" :	"elliptical", 
                "1" :	"rectangular", 
                "2" :	"triangular", 
                "3" :	"polygonal", 
                "elliptical" :	{
                    "items" :	0
                }, 
                "rectangular" :	{
                    "items" :	0
                }, 
                "triangular" :	{
                    "items" :	2, 
                    "0" :	{
                        "items" :	3, 
                        "0" :	{
                            "items" :	2, 
                            "0" :	"x", 
                            "1" :	"y", 
                            "x" :	22.618, 
                            "y" :	49.278, 
                            "z" :	1.6
                        }, 
                        "1" :	{
                            "items" :	2, 
                            "0" :	"x", 
                            "1" :	"y", 
                            "x" :	27.201, 
                            "y" :	49.25, 
                            "z" :	1.6
                        }, 
                        "2" :	{
                            "items" :	2, 
                            "0" :	"x", 
                            "1" :	"y", 
                            "x" :	25.297, 
                            "y" :	49.08, 
                            "z" :	1.6
                        }, 
                        "type" :	"triangular", 
                        "id" :	"637074760976692224"
                    }, 
                    "1" :	{
                        "items" :	3, 
                        "0" :	{
                            "items" :	2, 
                            "0" :	"x", 
                            "1" :	"y", 
                            "x" :	16.968, 
                            "y" :	64.624, 
                            "z" :	1.6
                        }, 
                        "1" :	{
                            "items" :	2, 
                            "0" :	"x", 
                            "1" :	"y", 
                            "x" :	17.406, 
                            "y" :	63.736, 
                            "z" :	1.6
                        }, 
                        "2" :	{
                            "items" :	2, 
                            "0" :	"x", 
                            "1" :	"y", 
                            "x" :	16.569, 
                            "y" :	63.009, 
                            "z" :	1.6
                        }, 
                        "type" :	"triangular", 
                        "id" :	"637074763211772160"
                    }
                }, 
                "polygonal" :	{
                    "items" :	0
                }
            }
        }, 
        "substrate" :	{
            "items" :	4, 
            "0" :	"l", 
            "1" :	"w", 
            "2" :	"x", 
            "3" :	"h", 
            "l" :	83.584, 
            "w" :	104.327, 
            "h" :	1.6, 
            "x" :	-0.129, 
            "y" :	-1.007, 
            "permitivitty" :	4.4, 
            "loss" :	0.02, 
            "name" :	"FR4"
        }
    }, 
    "fitness" :	{
        "items" :	1, 
        "0" :	"final", 
        "1" :	"freq", 
        "lower" :	1.3585407749351028, 
        "desired" :	0.8656932544014335, 
        "upper" :	1.2941556854870453, 
        "area" :	0.9206796304319669, 
        "freq" :	0.7861690282248395, 
        "final" :	1.379963187651755, 
        "resonant" :	920000000.0, 
        "dir" :	"C:\\Users\\project\\0. My Work\\1. Repositories\\1. Very Unfriendly Train\\Data\\Simulations\\637074752774927488_Primary\\637074774035478528_4\\4.out", 
        "890000000.0" :	{
            "f" :	0.9830045262601664, 
            "g" :	0.3755362486749364
        }, 
        "905000000.0" :	{
            "f" :	0.9044317908540164, 
            "g" :	0.36099729059759755
        }, 
        "920000000.0" :	{
            "f" :	0.0030563688567671696, 
            "g" :	0.3473962768229847
        }, 
        "935000000.0" :	{
            "f" :	0.6462966405282805, 
            "g" :	0.3349013955446543
        }, 
        "950000000.0" :	{
            "f" :	0.9704783919687968, 
            "g" :	0.32367729351824853
        }
    }
}