{
    "geometry" :	{
        "items" :	3, 
        "0" :	"feed", 
        "1" :	"ground plane", 
        "2" :	"radiating plane", 
        "feed" :	{
            "items" :	2, 
            "0" :	"center", 
            "1" :	"width", 
            "center" :	54.672, 
            "width" :	1.617
        }, 
        "ground plane" :	{
            "items" :	5, 
            "0" :	"l", 
            "1" :	"w", 
            "2" :	"x", 
            "3" :	"y", 
            "4" :	"slots", 
            "l" :	85.795, 
            "w" :	101.989, 
            "x" :	-0.046, 
            "y" :	-0.785, 
            "slots" :	{
                "items" :	4, 
                "0" :	"elliptical", 
                "1" :	"rectangular", 
                "2" :	"triangular", 
                "3" :	"polygonal", 
                "elliptical" :	{
                    "items" :	0
                }, 
                "rectangular" :	{
                    "items" :	1, 
                    "0" :	{
                        "items" :	4, 
                        "0" :	"x", 
                        "1" :	"y", 
                        "2" :	"l", 
                        "3" :	"w", 
                        "x" :	61.304, 
                        "y" :	54.49, 
                        "z" :	0.0, 
                        "l" :	17.68, 
                        "w" :	10.238, 
                        "type" :	"rectangular", 
                        "id" :	"637074793148475776"
                    }
                }, 
                "triangular" :	{
                    "items" :	0
                }, 
                "polygonal" :	{
                    "items" :	0
                }
            }
        }, 
        "radiating plane" :	{
            "items" :	5, 
            "0" :	"l", 
            "1" :	"w", 
            "2" :	"x", 
            "3" :	"y", 
            "4" :	"slots", 
            "l" :	74.982, 
            "w" :	96.746, 
            "x" :	4.977, 
            "y" :	4.034, 
            "slots" :	{
                "items" :	4, 
                "0" :	"elliptical", 
                "1" :	"rectangular", 
                "2" :	"triangular", 
                "3" :	"polygonal", 
                "elliptical" :	{
                    "items" :	0
                }, 
                "rectangular" :	{
                    "items" :	0
                }, 
                "triangular" :	{
                    "items" :	0
                }, 
                "polygonal" :	{
                    "items" :	0
                }
            }
        }, 
        "substrate" :	{
            "items" :	4, 
            "0" :	"l", 
            "1" :	"w", 
            "2" :	"x", 
            "3" :	"h", 
            "l" :	85.795, 
            "w" :	101.989, 
            "h" :	1.6, 
            "x" :	-0.046, 
            "y" :	-0.785, 
            "permitivitty" :	4.4, 
            "loss" :	0.02, 
            "name" :	"FR4"
        }
    }, 
    "fitness" :	{
        "items" :	1, 
        "0" :	"final", 
        "1" :	"freq", 
        "lower" :	1.3393775196345243, 
        "desired" :	1.2975757846778821, 
        "upper" :	0.9523072830622138, 
        "area" :	0.9238553472108739, 
        "freq" :	1.0697655025965627, 
        "final" :	1.8181009118986187, 
        "resonant" :	950000000.0, 
        "dir" :	"C:\\Users\\project\\0. My Work\\1. Repositories\\1. Very Unfriendly Train\\Data\\Simulations\\637074791583617408_Primary\\637074793148595456_2\\2.out", 
        "890000000.0" :	{
            "f" :	0.9932394442347445, 
            "g" :	0.34613807539977987
        }, 
        "905000000.0" :	{
            "f" :	0.9918514498590427, 
            "g" :	0.32934999069248544
        }, 
        "920000000.0" :	{
            "f" :	0.9881182644721557, 
            "g" :	0.31358431877511783
        }, 
        "935000000.0" :	{
            "f" :	0.9708447999313837, 
            "g" :	0.2989785303034615
        }, 
        "950000000.0" :	{
            "f" :	0.6665302422188529, 
            "g" :	0.28577704084336086
        }
    }
}