{
    "geometry" :	{
        "items" :	3, 
        "0" :	"feed", 
        "1" :	"ground plane", 
        "2" :	"radiating plane", 
        "feed" :	{
            "items" :	2, 
            "0" :	"center", 
            "1" :	"width", 
            "center" :	53.994, 
            "width" :	1.601
        }, 
        "ground plane" :	{
            "items" :	5, 
            "0" :	"l", 
            "1" :	"w", 
            "2" :	"x", 
            "3" :	"y", 
            "4" :	"slots", 
            "l" :	86.772, 
            "w" :	105.146, 
            "x" :	-0.721, 
            "y" :	-0.868, 
            "slots" :	{
                "items" :	4, 
                "0" :	"elliptical", 
                "1" :	"rectangular", 
                "2" :	"triangular", 
                "3" :	"polygonal", 
                "elliptical" :	{
                    "items" :	0
                }, 
                "rectangular" :	{
                    "items" :	2, 
                    "0" :	{
                        "items" :	4, 
                        "0" :	"x", 
                        "1" :	"y", 
                        "2" :	"l", 
                        "3" :	"w", 
                        "x" :	82.163, 
                        "y" :	6.838, 
                        "z" :	0.0, 
                        "l" :	15.008, 
                        "w" :	12.192, 
                        "type" :	"rectangular", 
                        "id" :	"637074756696086912"
                    }, 
                    "1" :	{
                        "items" :	4, 
                        "0" :	"x", 
                        "1" :	"y", 
                        "2" :	"l", 
                        "3" :	"w", 
                        "x" :	80.95, 
                        "y" :	88.985, 
                        "z" :	0.0, 
                        "l" :	5.797, 
                        "w" :	26.465, 
                        "type" :	"rectangular", 
                        "id" :	"637074758836990208"
                    }
                }, 
                "triangular" :	{
                    "items" :	0
                }, 
                "polygonal" :	{
                    "items" :	0
                }
            }
        }, 
        "radiating plane" :	{
            "items" :	5, 
            "0" :	"l", 
            "1" :	"w", 
            "2" :	"x", 
            "3" :	"y", 
            "4" :	"slots", 
            "l" :	75.93, 
            "w" :	99.11, 
            "x" :	4.122, 
            "y" :	4.743, 
            "slots" :	{
                "items" :	4, 
                "0" :	"elliptical", 
                "1" :	"rectangular", 
                "2" :	"triangular", 
                "3" :	"polygonal", 
                "elliptical" :	{
                    "items" :	0
                }, 
                "rectangular" :	{
                    "items" :	0
                }, 
                "triangular" :	{
                    "items" :	1, 
                    "0" :	{
                        "items" :	3, 
                        "0" :	{
                            "items" :	2, 
                            "0" :	"x", 
                            "1" :	"y", 
                            "x" :	54.987, 
                            "y" :	64.629, 
                            "z" :	1.6
                        }, 
                        "1" :	{
                            "items" :	2, 
                            "0" :	"x", 
                            "1" :	"y", 
                            "x" :	55.809, 
                            "y" :	64.278, 
                            "z" :	1.6
                        }, 
                        "2" :	{
                            "items" :	2, 
                            "0" :	"x", 
                            "1" :	"y", 
                            "x" :	55.698, 
                            "y" :	62.056, 
                            "z" :	1.6
                        }, 
                        "type" :	"triangular", 
                        "id" :	"637074758836990208"
                    }
                }, 
                "polygonal" :	{
                    "items" :	0
                }
            }
        }, 
        "substrate" :	{
            "items" :	4, 
            "0" :	"l", 
            "1" :	"w", 
            "2" :	"x", 
            "3" :	"h", 
            "l" :	86.772, 
            "w" :	105.146, 
            "h" :	1.6, 
            "x" :	-0.721, 
            "y" :	-0.868, 
            "permitivitty" :	4.4, 
            "loss" :	0.02, 
            "name" :	"FR4"
        }
    }, 
    "fitness" :	{
        "items" :	1, 
        "0" :	"final", 
        "1" :	"freq", 
        "lower" :	1.3608564526439844, 
        "desired" :	0.9406942016229256, 
        "upper" :	1.1647337683270196, 
        "area" :	0.9632988194072855, 
        "freq" :	0.8323954280271375, 
        "final" :	1.5043699947497555, 
        "resonant" :	935000000.0, 
        "dir" :	"C:\\Users\\project\\0. My Work\\1. Repositories\\1. Very Unfriendly Train\\Data\\Simulations\\637074752774927488_Primary\\637074758837030144_5\\5.out", 
        "890000000.0" :	{
            "f" :	0.9899392314450488, 
            "g" :	0.37091722119893555
        }, 
        "905000000.0" :	{
            "f" :	0.9788098304246221, 
            "g" :	0.35737132762206897
        }, 
        "920000000.0" :	{
            "f" :	0.8073475827122479, 
            "g" :	0.3448640799024451
        }, 
        "935000000.0" :	{
            "f" :	0.0001510422356990501, 
            "g" :	0.33353874197169336
        }, 
        "950000000.0" :	{
            "f" :	0.8411576192381903, 
            "g" :	0.32357614908882926
        }
    }
}