{
    "geometry" :	{
        "items" :	3, 
        "0" :	"feed", 
        "1" :	"ground plane", 
        "2" :	"radiating plane", 
        "feed" :	{
            "items" :	2, 
            "0" :	"center", 
            "1" :	"width", 
            "center" :	54.331, 
            "width" :	1.618
        }, 
        "ground plane" :	{
            "items" :	5, 
            "0" :	"l", 
            "1" :	"w", 
            "2" :	"x", 
            "3" :	"y", 
            "4" :	"slots", 
            "l" :	74.658, 
            "w" :	83.734, 
            "x" :	-1.367, 
            "y" :	-1.141, 
            "slots" :	{
                "items" :	4, 
                "0" :	"elliptical", 
                "1" :	"rectangular", 
                "2" :	"triangular", 
                "3" :	"polygonal", 
                "elliptical" :	{
                    "items" :	0
                }, 
                "rectangular" :	{
                    "items" :	5, 
                    "0" :	{
                        "items" :	4, 
                        "0" :	"x", 
                        "1" :	"y", 
                        "2" :	"l", 
                        "3" :	"w", 
                        "x" :	43.304, 
                        "y" :	36.973, 
                        "z" :	0.0, 
                        "l" :	12.347, 
                        "w" :	18.08, 
                        "type" :	"rectangular", 
                        "id" :	"637074794711172352"
                    }, 
                    "1" :	{
                        "items" :	4, 
                        "0" :	"x", 
                        "1" :	"y", 
                        "2" :	"l", 
                        "3" :	"w", 
                        "x" :	26.09, 
                        "y" :	0.816, 
                        "z" :	0.0, 
                        "l" :	21.875, 
                        "w" :	18.276, 
                        "type" :	"rectangular", 
                        "id" :	"637074796343085952"
                    }, 
                    "2" :	{
                        "items" :	4, 
                        "0" :	"x", 
                        "1" :	"y", 
                        "2" :	"l", 
                        "3" :	"w", 
                        "x" :	42.457, 
                        "y" :	75.829, 
                        "z" :	0.0, 
                        "l" :	28.018, 
                        "w" :	13.997, 
                        "type" :	"rectangular", 
                        "id" :	"637074802750269696"
                    }, 
                    "3" :	{
                        "items" :	4, 
                        "0" :	"x", 
                        "1" :	"y", 
                        "2" :	"l", 
                        "3" :	"w", 
                        "x" :	55.943, 
                        "y" :	81.725, 
                        "z" :	0.0, 
                        "l" :	5.921, 
                        "w" :	11.582, 
                        "type" :	"rectangular", 
                        "id" :	"637074808733894784"
                    }, 
                    "4" :	{
                        "items" :	4, 
                        "0" :	"x", 
                        "1" :	"y", 
                        "2" :	"l", 
                        "3" :	"w", 
                        "x" :	73.062, 
                        "y" :	67.697, 
                        "z" :	0.0, 
                        "l" :	11.123, 
                        "w" :	17.457, 
                        "type" :	"rectangular", 
                        "id" :	"637074815039524736"
                    }
                }, 
                "triangular" :	{
                    "items" :	2, 
                    "0" :	{
                        "items" :	3, 
                        "0" :	{
                            "items" :	2, 
                            "0" :	"x", 
                            "1" :	"y", 
                            "x" :	73.118, 
                            "y" :	112.571, 
                            "z" :	0.0
                        }, 
                        "1" :	{
                            "items" :	2, 
                            "0" :	"x", 
                            "1" :	"y", 
                            "x" :	68.01, 
                            "y" :	77.079, 
                            "z" :	0.0
                        }, 
                        "2" :	{
                            "items" :	2, 
                            "0" :	"x", 
                            "1" :	"y", 
                            "x" :	58.961, 
                            "y" :	93.21, 
                            "z" :	0.0
                        }, 
                        "type" :	"triangular", 
                        "id" :	"637074799422796672"
                    }, 
                    "1" :	{
                        "items" :	3, 
                        "0" :	{
                            "items" :	2, 
                            "0" :	"x", 
                            "1" :	"y", 
                            "x" :	66.087, 
                            "y" :	39.621, 
                            "z" :	0.0
                        }, 
                        "1" :	{
                            "items" :	2, 
                            "0" :	"x", 
                            "1" :	"y", 
                            "x" :	58.078, 
                            "y" :	42.532, 
                            "z" :	0.0
                        }, 
                        "2" :	{
                            "items" :	2, 
                            "0" :	"x", 
                            "1" :	"y", 
                            "x" :	80.816, 
                            "y" :	66.737, 
                            "z" :	0.0
                        }, 
                        "type" :	"triangular", 
                        "id" :	"637074801091451392"
                    }
                }, 
                "polygonal" :	{
                    "items" :	0
                }
            }
        }, 
        "radiating plane" :	{
            "items" :	5, 
            "0" :	"l", 
            "1" :	"w", 
            "2" :	"x", 
            "3" :	"y", 
            "4" :	"slots", 
            "l" :	66.746, 
            "w" :	92.495, 
            "x" :	2.996, 
            "y" :	3.809, 
            "slots" :	{
                "items" :	4, 
                "0" :	"elliptical", 
                "1" :	"rectangular", 
                "2" :	"triangular", 
                "3" :	"polygonal", 
                "elliptical" :	{
                    "items" :	0
                }, 
                "rectangular" :	{
                    "items" :	0
                }, 
                "triangular" :	{
                    "items" :	1, 
                    "0" :	{
                        "items" :	3, 
                        "0" :	{
                            "items" :	2, 
                            "0" :	"x", 
                            "1" :	"y", 
                            "x" :	10.791, 
                            "y" :	66.758, 
                            "z" :	1.6
                        }, 
                        "1" :	{
                            "items" :	2, 
                            "0" :	"x", 
                            "1" :	"y", 
                            "x" :	6.385, 
                            "y" :	64.989, 
                            "z" :	1.6
                        }, 
                        "2" :	{
                            "items" :	2, 
                            "0" :	"x", 
                            "1" :	"y", 
                            "x" :	8.097, 
                            "y" :	65.102, 
                            "z" :	1.6
                        }, 
                        "type" :	"triangular", 
                        "id" :	"637074802750269696"
                    }
                }, 
                "polygonal" :	{
                    "items" :	0
                }
            }
        }, 
        "substrate" :	{
            "items" :	4, 
            "0" :	"l", 
            "1" :	"w", 
            "2" :	"x", 
            "3" :	"h", 
            "l" :	74.658, 
            "w" :	97.495, 
            "h" :	1.6, 
            "x" :	-1.367, 
            "y" :	-1.141, 
            "permitivitty" :	4.4, 
            "loss" :	0.02, 
            "name" :	"FR4"
        }
    }, 
    "fitness" :	{
        "items" :	1, 
        "0" :	"final", 
        "1" :	"freq", 
        "lower" :	1.6121696260623273, 
        "desired" :	1.445053271409743, 
        "upper" :	1.2523345777481154, 
        "area" :	0.7685061721250291, 
        "freq" :	1.2111884370895236, 
        "final" :	1.4432538795169563, 
        "resonant" :	935000000.0, 
        "dir" :	"C:\\Users\\project\\0. My Work\\1. Repositories\\1. Very Unfriendly Train\\Data\\Simulations\\637074791583617408_Primary\\637074815039644416_4\\4.out", 
        "890000000.0" :	{
            "f" :	0.9951926962166724, 
            "g" :	0.6169769298456549
        }, 
        "905000000.0" :	{
            "f" :	0.9951911012222061, 
            "g" :	0.5666088683925152
        }, 
        "920000000.0" :	{
            "f" :	0.9951834379149258, 
            "g" :	0.4605371111060099
        }, 
        "935000000.0" :	{
            "f" :	0.9951827987576849, 
            "g" :	0.32245649683588673
        }, 
        "950000000.0" :	{
            "f" :	0.9951895057011015, 
            "g" :	0.25714507204701376
        }
    }
}