{
    "geometry" :	{
        "items" :	3, 
        "0" :	"feed", 
        "1" :	"ground plane", 
        "2" :	"radiating plane", 
        "feed" :	{
            "items" :	2, 
            "0" :	"center", 
            "1" :	"width", 
            "center" :	54.635, 
            "width" :	1.621
        }, 
        "ground plane" :	{
            "items" :	5, 
            "0" :	"l", 
            "1" :	"w", 
            "2" :	"x", 
            "3" :	"y", 
            "4" :	"slots", 
            "l" :	84.572, 
            "w" :	92.794, 
            "x" :	-0.359, 
            "y" :	-0.932, 
            "slots" :	{
                "items" :	4, 
                "0" :	"elliptical", 
                "1" :	"rectangular", 
                "2" :	"triangular", 
                "3" :	"polygonal", 
                "elliptical" :	{
                    "items" :	0
                }, 
                "rectangular" :	{
                    "items" :	2, 
                    "0" :	{
                        "items" :	4, 
                        "0" :	"x", 
                        "1" :	"y", 
                        "2" :	"l", 
                        "3" :	"w", 
                        "x" :	44.133, 
                        "y" :	42.056, 
                        "z" :	0.0, 
                        "l" :	8.031, 
                        "w" :	14.66, 
                        "type" :	"rectangular", 
                        "id" :	"637074794711172352"
                    }, 
                    "1" :	{
                        "items" :	4, 
                        "0" :	"x", 
                        "1" :	"y", 
                        "2" :	"l", 
                        "3" :	"w", 
                        "x" :	16.085, 
                        "y" :	0.647, 
                        "z" :	0.0, 
                        "l" :	18.809, 
                        "w" :	20.502, 
                        "type" :	"rectangular", 
                        "id" :	"637074796343085952"
                    }
                }, 
                "triangular" :	{
                    "items" :	1, 
                    "0" :	{
                        "items" :	3, 
                        "0" :	{
                            "items" :	2, 
                            "0" :	"x", 
                            "1" :	"y", 
                            "x" :	3.152, 
                            "y" :	76.718, 
                            "z" :	0.0
                        }, 
                        "1" :	{
                            "items" :	2, 
                            "0" :	"x", 
                            "1" :	"y", 
                            "x" :	26.973, 
                            "y" :	79.42, 
                            "z" :	0.0
                        }, 
                        "2" :	{
                            "items" :	2, 
                            "0" :	"x", 
                            "1" :	"y", 
                            "x" :	5.186, 
                            "y" :	101.12, 
                            "z" :	0.0
                        }, 
                        "type" :	"triangular", 
                        "id" :	"637074797811307776"
                    }
                }, 
                "polygonal" :	{
                    "items" :	0
                }
            }
        }, 
        "radiating plane" :	{
            "items" :	5, 
            "0" :	"l", 
            "1" :	"w", 
            "2" :	"x", 
            "3" :	"y", 
            "4" :	"slots", 
            "l" :	70.491, 
            "w" :	96.559, 
            "x" :	3.501, 
            "y" :	4.897, 
            "slots" :	{
                "items" :	4, 
                "0" :	"elliptical", 
                "1" :	"rectangular", 
                "2" :	"triangular", 
                "3" :	"polygonal", 
                "elliptical" :	{
                    "items" :	0
                }, 
                "rectangular" :	{
                    "items" :	0
                }, 
                "triangular" :	{
                    "items" :	0
                }, 
                "polygonal" :	{
                    "items" :	0
                }
            }
        }, 
        "substrate" :	{
            "items" :	4, 
            "0" :	"l", 
            "1" :	"w", 
            "2" :	"x", 
            "3" :	"h", 
            "l" :	84.572, 
            "w" :	102.438, 
            "h" :	1.6, 
            "x" :	-0.359, 
            "y" :	-0.932, 
            "permitivitty" :	4.4, 
            "loss" :	0.02, 
            "name" :	"FR4"
        }
    }, 
    "fitness" :	{
        "items" :	1, 
        "0" :	"final", 
        "1" :	"freq", 
        "lower" :	0.36050884392444693, 
        "desired" :	1.1132739310008086, 
        "upper" :	1.2735815374153512, 
        "area" :	0.9146951082863117, 
        "freq" :	0.8736140803049115, 
        "final" :	1.5821901945303147, 
        "resonant" :	890000000.0, 
        "dir" :	"C:\\Users\\project\\0. My Work\\1. Repositories\\1. Very Unfriendly Train\\Data\\Simulations\\637074791583617408_Primary\\637074797811357440_5\\5.out", 
        "890000000.0" :	{
            "f" :	0.03032858302627319, 
            "g" :	0.33018026089817376
        }, 
        "905000000.0" :	{
            "f" :	0.4846714715752242, 
            "g" :	0.3132847750973731
        }, 
        "920000000.0" :	{
            "f" :	0.965603550502602, 
            "g" :	0.2998041907018241
        }, 
        "935000000.0" :	{
            "f" :	0.986995884686956, 
            "g" :	0.2894619204384463
        }, 
        "950000000.0" :	{
            "f" :	0.9912188966919702, 
            "g" :	0.282362640723381
        }
    }
}