{
    "geometry" :	{
        "items" :	3, 
        "0" :	"feed", 
        "1" :	"ground plane", 
        "2" :	"radiating plane", 
        "feed" :	{
            "items" :	2, 
            "0" :	"center", 
            "1" :	"width", 
            "center" :	54.186, 
            "width" :	1.595
        }, 
        "ground plane" :	{
            "items" :	5, 
            "0" :	"l", 
            "1" :	"w", 
            "2" :	"x", 
            "3" :	"y", 
            "4" :	"slots", 
            "l" :	85.636, 
            "w" :	106.255, 
            "x" :	0.131, 
            "y" :	-0.442, 
            "slots" :	{
                "items" :	4, 
                "0" :	"elliptical", 
                "1" :	"rectangular", 
                "2" :	"triangular", 
                "3" :	"polygonal", 
                "elliptical" :	{
                    "items" :	0
                }, 
                "rectangular" :	{
                    "items" :	1, 
                    "0" :	{
                        "items" :	4, 
                        "0" :	"x", 
                        "1" :	"y", 
                        "2" :	"l", 
                        "3" :	"w", 
                        "x" :	20.881, 
                        "y" :	10.67, 
                        "z" :	0.0, 
                        "l" :	13.225, 
                        "w" :	19.626, 
                        "type" :	"rectangular", 
                        "id" :	"637074791812683008"
                    }
                }, 
                "triangular" :	{
                    "items" :	0
                }, 
                "polygonal" :	{
                    "items" :	0
                }
            }
        }, 
        "radiating plane" :	{
            "items" :	5, 
            "0" :	"l", 
            "1" :	"w", 
            "2" :	"x", 
            "3" :	"y", 
            "4" :	"slots", 
            "l" :	77.587, 
            "w" :	97.988, 
            "x" :	5.339, 
            "y" :	4.121, 
            "slots" :	{
                "items" :	4, 
                "0" :	"elliptical", 
                "1" :	"rectangular", 
                "2" :	"triangular", 
                "3" :	"polygonal", 
                "elliptical" :	{
                    "items" :	0
                }, 
                "rectangular" :	{
                    "items" :	0
                }, 
                "triangular" :	{
                    "items" :	0
                }, 
                "polygonal" :	{
                    "items" :	0
                }
            }
        }, 
        "substrate" :	{
            "items" :	4, 
            "0" :	"l", 
            "1" :	"w", 
            "2" :	"x", 
            "3" :	"h", 
            "l" :	85.636, 
            "w" :	106.255, 
            "h" :	1.6, 
            "x" :	0.131, 
            "y" :	-0.442, 
            "permitivitty" :	4.4, 
            "loss" :	0.02, 
            "name" :	"FR4"
        }
    }, 
    "fitness" :	{
        "items" :	1, 
        "0" :	"final", 
        "1" :	"freq", 
        "lower" :	1.4318569562875534, 
        "desired" :	1.4560948290380524, 
        "upper" :	1.4706153750853512, 
        "area" :	0.9607146510454011, 
        "freq" :	1.2145049903653464, 
        "final" :	2.063908979571817, 
        "resonant" :	890000000.0, 
        "dir" :	"C:\\Users\\project\\0. My Work\\1. Repositories\\1. Very Unfriendly Train\\Data\\Simulations\\637074791583617408_Primary\\637074791812683008_4\\4.out", 
        "890000000.0" :	{
            "f" :	0.969936923956843, 
            "g" :	0.4619200323307104
        }, 
        "905000000.0" :	{
            "f" :	0.9885908701486691, 
            "g" :	0.46167966937283034
        }, 
        "920000000.0" :	{
            "f" :	0.992050513304392, 
            "g" :	0.46385667656450014
        }, 
        "935000000.0" :	{
            "f" :	0.9932809492499806, 
            "g" :	0.4688258084737853
        }, 
        "950000000.0" :	{
            "f" :	0.9938613935502051, 
            "g" :	0.47675398153514603
        }
    }
}