{
    "geometry" :	{
        "items" :	3, 
        "0" :	"feed", 
        "1" :	"ground plane", 
        "2" :	"radiating plane", 
        "feed" :	{
            "items" :	2, 
            "0" :	"center", 
            "1" :	"width", 
            "center" :	55.852, 
            "width" :	1.609
        }, 
        "ground plane" :	{
            "items" :	5, 
            "0" :	"l", 
            "1" :	"w", 
            "2" :	"x", 
            "3" :	"y", 
            "4" :	"slots", 
            "l" :	84.804, 
            "w" :	101.732, 
            "x" :	-0.07, 
            "y" :	-0.894, 
            "slots" :	{
                "items" :	4, 
                "0" :	"elliptical", 
                "1" :	"rectangular", 
                "2" :	"triangular", 
                "3" :	"polygonal", 
                "elliptical" :	{
                    "items" :	0
                }, 
                "rectangular" :	{
                    "items" :	3, 
                    "0" :	{
                        "items" :	4, 
                        "0" :	"x", 
                        "1" :	"y", 
                        "2" :	"l", 
                        "3" :	"w", 
                        "x" :	83.887, 
                        "y" :	4.904, 
                        "z" :	0.0, 
                        "l" :	12.863, 
                        "w" :	14.565, 
                        "type" :	"rectangular", 
                        "id" :	"637074756696086912"
                    }, 
                    "1" :	{
                        "items" :	4, 
                        "0" :	"x", 
                        "1" :	"y", 
                        "2" :	"l", 
                        "3" :	"w", 
                        "x" :	17.255, 
                        "y" :	12.51, 
                        "z" :	0.0, 
                        "l" :	15.489, 
                        "w" :	6.822, 
                        "type" :	"rectangular", 
                        "id" :	"637074758836870528"
                    }, 
                    "2" :	{
                        "items" :	4, 
                        "0" :	"x", 
                        "1" :	"y", 
                        "2" :	"l", 
                        "3" :	"w", 
                        "x" :	83.654, 
                        "y" :	10.02, 
                        "z" :	0.0, 
                        "l" :	27.909, 
                        "w" :	12.112, 
                        "type" :	"rectangular", 
                        "id" :	"637074763211752192"
                    }
                }, 
                "triangular" :	{
                    "items" :	1, 
                    "0" :	{
                        "items" :	3, 
                        "0" :	{
                            "items" :	2, 
                            "0" :	"x", 
                            "1" :	"y", 
                            "x" :	57.848, 
                            "y" :	105.171, 
                            "z" :	0.0
                        }, 
                        "1" :	{
                            "items" :	2, 
                            "0" :	"x", 
                            "1" :	"y", 
                            "x" :	46.668, 
                            "y" :	97.262, 
                            "z" :	0.0
                        }, 
                        "2" :	{
                            "items" :	2, 
                            "0" :	"x", 
                            "1" :	"y", 
                            "x" :	52.686, 
                            "y" :	94.1, 
                            "z" :	0.0
                        }, 
                        "type" :	"triangular", 
                        "id" :	"637074760976682240"
                    }
                }, 
                "polygonal" :	{
                    "items" :	0
                }
            }
        }, 
        "radiating plane" :	{
            "items" :	5, 
            "0" :	"l", 
            "1" :	"w", 
            "2" :	"x", 
            "3" :	"y", 
            "4" :	"slots", 
            "l" :	74.284, 
            "w" :	101.971, 
            "x" :	4.723, 
            "y" :	3.007, 
            "slots" :	{
                "items" :	4, 
                "0" :	"elliptical", 
                "1" :	"rectangular", 
                "2" :	"triangular", 
                "3" :	"polygonal", 
                "elliptical" :	{
                    "items" :	0
                }, 
                "rectangular" :	{
                    "items" :	0
                }, 
                "triangular" :	{
                    "items" :	2, 
                    "0" :	{
                        "items" :	3, 
                        "0" :	{
                            "items" :	2, 
                            "0" :	"x", 
                            "1" :	"y", 
                            "x" :	22.742, 
                            "y" :	50.285, 
                            "z" :	1.6
                        }, 
                        "1" :	{
                            "items" :	2, 
                            "0" :	"x", 
                            "1" :	"y", 
                            "x" :	25.636, 
                            "y" :	48.621, 
                            "z" :	1.6
                        }, 
                        "2" :	{
                            "items" :	2, 
                            "0" :	"x", 
                            "1" :	"y", 
                            "x" :	25.369, 
                            "y" :	49.436, 
                            "z" :	1.6
                        }, 
                        "type" :	"triangular", 
                        "id" :	"637074760976692224"
                    }, 
                    "1" :	{
                        "items" :	3, 
                        "0" :	{
                            "items" :	2, 
                            "0" :	"x", 
                            "1" :	"y", 
                            "x" :	15.169, 
                            "y" :	64.467, 
                            "z" :	1.6
                        }, 
                        "1" :	{
                            "items" :	2, 
                            "0" :	"x", 
                            "1" :	"y", 
                            "x" :	17.048, 
                            "y" :	63.332, 
                            "z" :	1.6
                        }, 
                        "2" :	{
                            "items" :	2, 
                            "0" :	"x", 
                            "1" :	"y", 
                            "x" :	16.923, 
                            "y" :	62.698, 
                            "z" :	1.6
                        }, 
                        "type" :	"triangular", 
                        "id" :	"637074763211772160"
                    }
                }, 
                "polygonal" :	{
                    "items" :	0
                }
            }
        }, 
        "substrate" :	{
            "items" :	4, 
            "0" :	"l", 
            "1" :	"w", 
            "2" :	"x", 
            "3" :	"h", 
            "l" :	84.804, 
            "w" :	105.92200000000001, 
            "h" :	1.6, 
            "x" :	-0.07, 
            "y" :	-0.894, 
            "permitivitty" :	4.4, 
            "loss" :	0.02, 
            "name" :	"FR4"
        }
    }, 
    "fitness" :	{
        "items" :	1, 
        "0" :	"final", 
        "1" :	"freq", 
        "lower" :	1.3324484289808378, 
        "desired" :	0.8721884288201659, 
        "upper" :	1.1625991543210508, 
        "area" :	0.9483991902287195, 
        "freq" :	0.7819199743535399, 
        "final" :	1.423385860381797, 
        "resonant" :	935000000.0, 
        "dir" :	"C:\\Users\\project\\0. My Work\\1. Repositories\\1. Very Unfriendly Train\\Data\\Simulations\\637074781177339648_Secondary\\637074781178169600_6\\6.out", 
        "890000000.0" :	{
            "f" :	0.9892665629905308, 
            "g" :	0.3431818659903071
        }, 
        "905000000.0" :	{
            "f" :	0.9751014836333755, 
            "g" :	0.3270473590058857
        }, 
        "920000000.0" :	{
            "f" :	0.7034956909518112, 
            "g" :	0.31204321629388543
        }, 
        "935000000.0" :	{
            "f" :	0.0005239448736262975, 
            "g" :	0.2983535917019135
        }, 
        "950000000.0" :	{
            "f" :	0.8764896567401588, 
            "g" :	0.28610949758089205
        }
    }
}