{
    "geometry" :	{
        "items" :	3, 
        "0" :	"feed", 
        "1" :	"ground plane", 
        "2" :	"radiating plane", 
        "feed" :	{
            "items" :	2, 
            "0" :	"center", 
            "1" :	"width", 
            "center" :	56.081, 
            "width" :	1.666
        }, 
        "ground plane" :	{
            "items" :	5, 
            "0" :	"l", 
            "1" :	"w", 
            "2" :	"x", 
            "3" :	"y", 
            "4" :	"slots", 
            "l" :	82.669, 
            "w" :	101.192, 
            "x" :	-0.371, 
            "y" :	-0.827, 
            "slots" :	{
                "items" :	4, 
                "0" :	"elliptical", 
                "1" :	"rectangular", 
                "2" :	"triangular", 
                "3" :	"polygonal", 
                "elliptical" :	{
                    "items" :	0
                }, 
                "rectangular" :	{
                    "items" :	4, 
                    "0" :	{
                        "items" :	4, 
                        "0" :	"x", 
                        "1" :	"y", 
                        "2" :	"l", 
                        "3" :	"w", 
                        "x" :	83.835, 
                        "y" :	3.808, 
                        "z" :	0.0, 
                        "l" :	12.539, 
                        "w" :	16.54, 
                        "type" :	"rectangular", 
                        "id" :	"637074756696086912"
                    }, 
                    "1" :	{
                        "items" :	4, 
                        "0" :	"x", 
                        "1" :	"y", 
                        "2" :	"l", 
                        "3" :	"w", 
                        "x" :	22.41, 
                        "y" :	13.179, 
                        "z" :	0.0, 
                        "l" :	12.937, 
                        "w" :	9.239, 
                        "type" :	"rectangular", 
                        "id" :	"637074758836870528"
                    }, 
                    "2" :	{
                        "items" :	4, 
                        "0" :	"x", 
                        "1" :	"y", 
                        "2" :	"l", 
                        "3" :	"w", 
                        "x" :	83.84, 
                        "y" :	6.209, 
                        "z" :	0.0, 
                        "l" :	33.383, 
                        "w" :	7.854, 
                        "type" :	"rectangular", 
                        "id" :	"637074763211752192"
                    }, 
                    "3" :	{
                        "items" :	4, 
                        "0" :	"x", 
                        "1" :	"y", 
                        "2" :	"l", 
                        "3" :	"w", 
                        "x" :	85.18, 
                        "y" :	93.856, 
                        "z" :	0.0, 
                        "l" :	5.755, 
                        "w" :	21.21, 
                        "type" :	"rectangular", 
                        "id" :	"637074768563149440"
                    }
                }, 
                "triangular" :	{
                    "items" :	1, 
                    "0" :	{
                        "items" :	3, 
                        "0" :	{
                            "items" :	2, 
                            "0" :	"x", 
                            "1" :	"y", 
                            "x" :	60.57, 
                            "y" :	110.901, 
                            "z" :	0.0
                        }, 
                        "1" :	{
                            "items" :	2, 
                            "0" :	"x", 
                            "1" :	"y", 
                            "x" :	45.983, 
                            "y" :	97.153, 
                            "z" :	0.0
                        }, 
                        "2" :	{
                            "items" :	2, 
                            "0" :	"x", 
                            "1" :	"y", 
                            "x" :	53.76, 
                            "y" :	95.148, 
                            "z" :	0.0
                        }, 
                        "type" :	"triangular", 
                        "id" :	"637074760976682240"
                    }
                }, 
                "polygonal" :	{
                    "items" :	0
                }
            }
        }, 
        "radiating plane" :	{
            "items" :	5, 
            "0" :	"l", 
            "1" :	"w", 
            "2" :	"x", 
            "3" :	"y", 
            "4" :	"slots", 
            "l" :	73.338, 
            "w" :	101.789, 
            "x" :	4.339, 
            "y" :	3.53, 
            "slots" :	{
                "items" :	4, 
                "0" :	"elliptical", 
                "1" :	"rectangular", 
                "2" :	"triangular", 
                "3" :	"polygonal", 
                "elliptical" :	{
                    "items" :	0
                }, 
                "rectangular" :	{
                    "items" :	1, 
                    "0" :	{
                        "items" :	4, 
                        "0" :	"x", 
                        "1" :	"y", 
                        "2" :	"l", 
                        "3" :	"w", 
                        "x" :	4.128, 
                        "y" :	94.993, 
                        "z" :	1.6, 
                        "l" :	4.007, 
                        "w" :	2.979, 
                        "type" :	"rectangular", 
                        "id" :	"637074768563169408"
                    }
                }, 
                "triangular" :	{
                    "items" :	2, 
                    "0" :	{
                        "items" :	3, 
                        "0" :	{
                            "items" :	2, 
                            "0" :	"x", 
                            "1" :	"y", 
                            "x" :	23.876, 
                            "y" :	49.581, 
                            "z" :	1.6
                        }, 
                        "1" :	{
                            "items" :	2, 
                            "0" :	"x", 
                            "1" :	"y", 
                            "x" :	24.907, 
                            "y" :	46.669, 
                            "z" :	1.6
                        }, 
                        "2" :	{
                            "items" :	2, 
                            "0" :	"x", 
                            "1" :	"y", 
                            "x" :	26.745, 
                            "y" :	48.368, 
                            "z" :	1.6
                        }, 
                        "type" :	"triangular", 
                        "id" :	"637074760976692224"
                    }, 
                    "1" :	{
                        "items" :	3, 
                        "0" :	{
                            "items" :	2, 
                            "0" :	"x", 
                            "1" :	"y", 
                            "x" :	14.784, 
                            "y" :	61.399, 
                            "z" :	1.6
                        }, 
                        "1" :	{
                            "items" :	2, 
                            "0" :	"x", 
                            "1" :	"y", 
                            "x" :	17.254, 
                            "y" :	65.843, 
                            "z" :	1.6
                        }, 
                        "2" :	{
                            "items" :	2, 
                            "0" :	"x", 
                            "1" :	"y", 
                            "x" :	19.089, 
                            "y" :	60.497, 
                            "z" :	1.6
                        }, 
                        "type" :	"triangular", 
                        "id" :	"637074763211772160"
                    }
                }, 
                "polygonal" :	{
                    "items" :	0
                }
            }
        }, 
        "substrate" :	{
            "items" :	4, 
            "0" :	"l", 
            "1" :	"w", 
            "2" :	"x", 
            "3" :	"h", 
            "l" :	82.669, 
            "w" :	106.196, 
            "h" :	1.6, 
            "x" :	-0.371, 
            "y" :	-0.827, 
            "permitivitty" :	4.4, 
            "loss" :	0.02, 
            "name" :	"FR4"
        }
    }, 
    "fitness" :	{
        "items" :	1, 
        "0" :	"final", 
        "1" :	"freq", 
        "lower" :	1.357666010090516, 
        "desired" :	0.9661321785515087, 
        "upper" :	0.8903693379413362, 
        "area" :	0.9269141409108881, 
        "freq" :	0.8362126027408168, 
        "final" :	1.4466743214586302, 
        "resonant" :	935000000.0, 
        "dir" :	"C:\\Users\\project\\0. My Work\\1. Repositories\\1. Very Unfriendly Train\\Data\\Simulations\\637074752774927488_Primary\\637074768563259264_5\\5.out", 
        "890000000.0" :	{
            "f" :	0.9905108019438346, 
            "g" :	0.36715520814668146
        }, 
        "905000000.0" :	{
            "f" :	0.98239366508504, 
            "g" :	0.3513777986701765
        }, 
        "920000000.0" :	{
            "f" :	0.9015647890613069, 
            "g" :	0.33667027464393273
        }, 
        "935000000.0" :	{
            "f" :	0.0032119284325689305, 
            "g" :	0.32317807976150076
        }, 
        "950000000.0" :	{
            "f" :	0.5793567461600957, 
            "g" :	0.3110125917812405
        }
    }
}