{
    "geometry" :	{
        "items" :	3, 
        "0" :	"feed", 
        "1" :	"ground plane", 
        "2" :	"radiating plane", 
        "feed" :	{
            "items" :	2, 
            "0" :	"center", 
            "1" :	"width", 
            "center" :	54.622, 
            "width" :	1.616
        }, 
        "ground plane" :	{
            "items" :	5, 
            "0" :	"l", 
            "1" :	"w", 
            "2" :	"x", 
            "3" :	"y", 
            "4" :	"slots", 
            "l" :	80.74, 
            "w" :	93.753, 
            "x" :	-0.536, 
            "y" :	-0.484, 
            "slots" :	{
                "items" :	4, 
                "0" :	"elliptical", 
                "1" :	"rectangular", 
                "2" :	"triangular", 
                "3" :	"polygonal", 
                "elliptical" :	{
                    "items" :	0
                }, 
                "rectangular" :	{
                    "items" :	2, 
                    "0" :	{
                        "items" :	4, 
                        "0" :	"x", 
                        "1" :	"y", 
                        "2" :	"l", 
                        "3" :	"w", 
                        "x" :	51.201, 
                        "y" :	11.737, 
                        "z" :	0.0, 
                        "l" :	12.427, 
                        "w" :	10.992, 
                        "type" :	"rectangular", 
                        "id" :	"637074791812683008"
                    }, 
                    "1" :	{
                        "items" :	4, 
                        "0" :	"x", 
                        "1" :	"y", 
                        "2" :	"l", 
                        "3" :	"w", 
                        "x" :	47.019, 
                        "y" :	42.084, 
                        "z" :	0.0, 
                        "l" :	10.15, 
                        "w" :	11.182, 
                        "type" :	"rectangular", 
                        "id" :	"637074794711172352"
                    }
                }, 
                "triangular" :	{
                    "items" :	1, 
                    "0" :	{
                        "items" :	3, 
                        "0" :	{
                            "items" :	2, 
                            "0" :	"x", 
                            "1" :	"y", 
                            "x" :	27.526, 
                            "y" :	22.92, 
                            "z" :	0.0
                        }, 
                        "1" :	{
                            "items" :	2, 
                            "0" :	"x", 
                            "1" :	"y", 
                            "x" :	36.971, 
                            "y" :	43.456, 
                            "z" :	0.0
                        }, 
                        "2" :	{
                            "items" :	2, 
                            "0" :	"x", 
                            "1" :	"y", 
                            "x" :	36.811, 
                            "y" :	41.101, 
                            "z" :	0.0
                        }, 
                        "type" :	"triangular", 
                        "id" :	"637074796343056128"
                    }
                }, 
                "polygonal" :	{
                    "items" :	0
                }
            }
        }, 
        "radiating plane" :	{
            "items" :	5, 
            "0" :	"l", 
            "1" :	"w", 
            "2" :	"x", 
            "3" :	"y", 
            "4" :	"slots", 
            "l" :	72.636, 
            "w" :	97.568, 
            "x" :	4.141, 
            "y" :	4.708, 
            "slots" :	{
                "items" :	4, 
                "0" :	"elliptical", 
                "1" :	"rectangular", 
                "2" :	"triangular", 
                "3" :	"polygonal", 
                "elliptical" :	{
                    "items" :	0
                }, 
                "rectangular" :	{
                    "items" :	0
                }, 
                "triangular" :	{
                    "items" :	0
                }, 
                "polygonal" :	{
                    "items" :	0
                }
            }
        }, 
        "substrate" :	{
            "items" :	4, 
            "0" :	"l", 
            "1" :	"w", 
            "2" :	"x", 
            "3" :	"h", 
            "l" :	80.74, 
            "w" :	102.80999999999999, 
            "h" :	1.6, 
            "x" :	-0.536, 
            "y" :	-0.484, 
            "permitivitty" :	4.4, 
            "loss" :	0.02, 
            "name" :	"FR4"
        }
    }, 
    "fitness" :	{
        "items" :	1, 
        "0" :	"final", 
        "1" :	"freq", 
        "lower" :	0.8746492526563691, 
        "desired" :	1.06337372889102, 
        "upper" :	1.3932181617841621, 
        "area" :	0.8764209873475525, 
        "freq" :	0.8883677047887135, 
        "final" :	1.504569690303891, 
        "resonant" :	905000000.0, 
        "dir" :	"C:\\Users\\project\\0. My Work\\1. Repositories\\1. Very Unfriendly Train\\Data\\Simulations\\637074791583617408_Primary\\637074796343145600_3\\3.out", 
        "890000000.0" :	{
            "f" :	0.42932638743000967, 
            "g" :	0.4453228652263594
        }, 
        "905000000.0" :	{
            "f" :	0.04977748863192086, 
            "g" :	0.4343947741288577
        }, 
        "920000000.0" :	{
            "f" :	0.890598262174455, 
            "g" :	0.4239231262456916
        }, 
        "935000000.0" :	{
            "f" :	0.9773304010397676, 
            "g" :	0.4140971344523675
        }, 
        "950000000.0" :	{
            "f" :	0.9881690327681893, 
            "g" :	0.4050491290159728
        }
    }
}