{
    "geometry" :	{
        "items" :	3, 
        "0" :	"feed", 
        "1" :	"ground plane", 
        "2" :	"radiating plane", 
        "feed" :	{
            "items" :	2, 
            "0" :	"center", 
            "1" :	"width", 
            "center" :	56.247, 
            "width" :	1.613
        }, 
        "ground plane" :	{
            "items" :	5, 
            "0" :	"l", 
            "1" :	"w", 
            "2" :	"x", 
            "3" :	"y", 
            "4" :	"slots", 
            "l" :	82.316, 
            "w" :	102.609, 
            "x" :	-0.347, 
            "y" :	-0.967, 
            "slots" :	{
                "items" :	4, 
                "0" :	"elliptical", 
                "1" :	"rectangular", 
                "2" :	"triangular", 
                "3" :	"polygonal", 
                "elliptical" :	{
                    "items" :	0
                }, 
                "rectangular" :	{
                    "items" :	4, 
                    "0" :	{
                        "items" :	4, 
                        "0" :	"x", 
                        "1" :	"y", 
                        "2" :	"l", 
                        "3" :	"w", 
                        "x" :	84.333, 
                        "y" :	3.207, 
                        "z" :	0.0, 
                        "l" :	12.192, 
                        "w" :	13.812, 
                        "type" :	"rectangular", 
                        "id" :	"637074756696086912"
                    }, 
                    "1" :	{
                        "items" :	4, 
                        "0" :	"x", 
                        "1" :	"y", 
                        "2" :	"l", 
                        "3" :	"w", 
                        "x" :	17.915, 
                        "y" :	12.383, 
                        "z" :	0.0, 
                        "l" :	14.128, 
                        "w" :	4.43, 
                        "type" :	"rectangular", 
                        "id" :	"637074758836870528"
                    }, 
                    "2" :	{
                        "items" :	4, 
                        "0" :	"x", 
                        "1" :	"y", 
                        "2" :	"l", 
                        "3" :	"w", 
                        "x" :	85.32, 
                        "y" :	1.33, 
                        "z" :	0.0, 
                        "l" :	28.855, 
                        "w" :	12.884, 
                        "type" :	"rectangular", 
                        "id" :	"637074763211752192"
                    }, 
                    "3" :	{
                        "items" :	4, 
                        "0" :	"x", 
                        "1" :	"y", 
                        "2" :	"l", 
                        "3" :	"w", 
                        "x" :	72.003, 
                        "y" :	51.525, 
                        "z" :	0.0, 
                        "l" :	3.285, 
                        "w" :	24.568, 
                        "type" :	"rectangular", 
                        "id" :	"637074768562820352"
                    }
                }, 
                "triangular" :	{
                    "items" :	1, 
                    "0" :	{
                        "items" :	3, 
                        "0" :	{
                            "items" :	2, 
                            "0" :	"x", 
                            "1" :	"y", 
                            "x" :	56.636, 
                            "y" :	109.411, 
                            "z" :	0.0
                        }, 
                        "1" :	{
                            "items" :	2, 
                            "0" :	"x", 
                            "1" :	"y", 
                            "x" :	44.133, 
                            "y" :	96.345, 
                            "z" :	0.0
                        }, 
                        "2" :	{
                            "items" :	2, 
                            "0" :	"x", 
                            "1" :	"y", 
                            "x" :	55.798, 
                            "y" :	93.102, 
                            "z" :	0.0
                        }, 
                        "type" :	"triangular", 
                        "id" :	"637074760976682240"
                    }
                }, 
                "polygonal" :	{
                    "items" :	0
                }
            }
        }, 
        "radiating plane" :	{
            "items" :	5, 
            "0" :	"l", 
            "1" :	"w", 
            "2" :	"x", 
            "3" :	"y", 
            "4" :	"slots", 
            "l" :	70.807, 
            "w" :	101.124, 
            "x" :	4.484, 
            "y" :	4.402, 
            "slots" :	{
                "items" :	4, 
                "0" :	"elliptical", 
                "1" :	"rectangular", 
                "2" :	"triangular", 
                "3" :	"polygonal", 
                "elliptical" :	{
                    "items" :	0
                }, 
                "rectangular" :	{
                    "items" :	1, 
                    "0" :	{
                        "items" :	4, 
                        "0" :	"x", 
                        "1" :	"y", 
                        "2" :	"l", 
                        "3" :	"w", 
                        "x" :	41.797, 
                        "y" :	95.665, 
                        "z" :	1.6, 
                        "l" :	2.595, 
                        "w" :	2.106, 
                        "type" :	"rectangular", 
                        "id" :	"637074768562840320"
                    }
                }, 
                "triangular" :	{
                    "items" :	1, 
                    "0" :	{
                        "items" :	3, 
                        "0" :	{
                            "items" :	2, 
                            "0" :	"x", 
                            "1" :	"y", 
                            "x" :	14.453, 
                            "y" :	64.837, 
                            "z" :	1.6
                        }, 
                        "1" :	{
                            "items" :	2, 
                            "0" :	"x", 
                            "1" :	"y", 
                            "x" :	18.758, 
                            "y" :	62.598, 
                            "z" :	1.6
                        }, 
                        "2" :	{
                            "items" :	2, 
                            "0" :	"x", 
                            "1" :	"y", 
                            "x" :	17.285, 
                            "y" :	64.22, 
                            "z" :	1.6
                        }, 
                        "type" :	"triangular", 
                        "id" :	"637074763211772160"
                    }, 
                    "-1" :	{
                        "items" :	3, 
                        "0" :	{
                            "items" :	2, 
                            "0" :	"x", 
                            "1" :	"y", 
                            "x" :	22.742, 
                            "y" :	50.285, 
                            "z" :	1.6
                        }, 
                        "1" :	{
                            "items" :	2, 
                            "0" :	"x", 
                            "1" :	"y", 
                            "x" :	25.636, 
                            "y" :	48.621, 
                            "z" :	1.6
                        }, 
                        "2" :	{
                            "items" :	2, 
                            "0" :	"x", 
                            "1" :	"y", 
                            "x" :	25.369, 
                            "y" :	49.634, 
                            "z" :	1.6
                        }, 
                        "type" :	"triangular", 
                        "id" :	"637074760976692224"
                    }
                }, 
                "polygonal" :	{
                    "items" :	0
                }
            }
        }, 
        "substrate" :	{
            "items" :	4, 
            "0" :	"l", 
            "1" :	"w", 
            "2" :	"x", 
            "3" :	"h", 
            "l" :	82.316, 
            "w" :	106.54299999999999, 
            "h" :	1.6, 
            "x" :	-0.347, 
            "y" :	-0.967, 
            "permitivitty" :	4.4, 
            "loss" :	0.02, 
            "name" :	"FR4"
        }
    }, 
    "fitness" :	{
        "items" :	1, 
        "0" :	"final", 
        "1" :	"freq", 
        "lower" :	1.3240211479005692, 
        "desired" :	1.2879085263302052, 
        "upper" :	1.2444515499462272, 
        "area" :	0.9259719787790359, 
        "freq" :	1.0763003435000034, 
        "final" :	1.7098255150960493, 
        "resonant" :	950000000.0, 
        "dir" :	"C:\\Users\\project\\0. My Work\\1. Repositories\\1. Very Unfriendly Train\\Data\\Simulations\\637074752774927488_Primary\\637074768563259264_0\\0.out", 
        "890000000.0" :	{
            "f" :	0.9939490259629257, 
            "g" :	0.3300721219376436
        }, 
        "905000000.0" :	{
            "f" :	0.9933403075035416, 
            "g" :	0.3121887241306704
        }, 
        "920000000.0" :	{
            "f" :	0.9921107473579165, 
            "g" :	0.29582737242364504
        }, 
        "935000000.0" :	{
            "f" :	0.9889513111294762, 
            "g" :	0.28130711644536605
        }, 
        "950000000.0" :	{
            "f" :	0.9757044535496189, 
            "g" :	0.26874709639660826
        }
    }
}