{
    "geometry" :	{
        "items" :	3, 
        "0" :	"feed", 
        "1" :	"ground plane", 
        "2" :	"radiating plane", 
        "feed" :	{
            "items" :	2, 
            "0" :	"center", 
            "1" :	"width", 
            "center" :	54.049, 
            "width" :	1.606
        }, 
        "ground plane" :	{
            "items" :	5, 
            "0" :	"l", 
            "1" :	"w", 
            "2" :	"x", 
            "3" :	"y", 
            "4" :	"slots", 
            "l" :	89.195, 
            "w" :	103.988, 
            "x" :	-0.756, 
            "y" :	-0.467, 
            "slots" :	{
                "items" :	4, 
                "0" :	"elliptical", 
                "1" :	"rectangular", 
                "2" :	"triangular", 
                "3" :	"polygonal", 
                "elliptical" :	{
                    "items" :	0
                }, 
                "rectangular" :	{
                    "items" :	2, 
                    "0" :	{
                        "items" :	4, 
                        "0" :	"x", 
                        "1" :	"y", 
                        "2" :	"l", 
                        "3" :	"w", 
                        "x" :	50.292, 
                        "y" :	12.606, 
                        "z" :	0.0, 
                        "l" :	13.213, 
                        "w" :	12.148, 
                        "type" :	"rectangular", 
                        "id" :	"637074791812683008"
                    }, 
                    "1" :	{
                        "items" :	4, 
                        "0" :	"x", 
                        "1" :	"y", 
                        "2" :	"l", 
                        "3" :	"w", 
                        "x" :	2.299, 
                        "y" :	61.83, 
                        "z" :	0.0, 
                        "l" :	20.509, 
                        "w" :	15.093, 
                        "type" :	"rectangular", 
                        "id" :	"637074793148495744"
                    }
                }, 
                "triangular" :	{
                    "items" :	0
                }, 
                "polygonal" :	{
                    "items" :	0
                }
            }
        }, 
        "radiating plane" :	{
            "items" :	5, 
            "0" :	"l", 
            "1" :	"w", 
            "2" :	"x", 
            "3" :	"y", 
            "4" :	"slots", 
            "l" :	75.421, 
            "w" :	97.22, 
            "x" :	4.718, 
            "y" :	4.872, 
            "slots" :	{
                "items" :	4, 
                "0" :	"elliptical", 
                "1" :	"rectangular", 
                "2" :	"triangular", 
                "3" :	"polygonal", 
                "elliptical" :	{
                    "items" :	0
                }, 
                "rectangular" :	{
                    "items" :	0
                }, 
                "triangular" :	{
                    "items" :	0
                }, 
                "polygonal" :	{
                    "items" :	0
                }
            }
        }, 
        "substrate" :	{
            "items" :	4, 
            "0" :	"l", 
            "1" :	"w", 
            "2" :	"x", 
            "3" :	"h", 
            "l" :	89.195, 
            "w" :	103.988, 
            "h" :	1.6, 
            "x" :	-0.756, 
            "y" :	-0.467, 
            "permitivitty" :	4.4, 
            "loss" :	0.02, 
            "name" :	"FR4"
        }
    }, 
    "fitness" :	{
        "items" :	1, 
        "0" :	"final", 
        "1" :	"freq", 
        "lower" :	1.3118644469031224, 
        "desired" :	0.79818213820043, 
        "upper" :	1.2378051869238753, 
        "area" :	0.9792924359403122, 
        "freq" :	0.7321262340732602, 
        "final" :	1.5407564192448042, 
        "resonant" :	920000000.0, 
        "dir" :	"C:\\Users\\project\\0. My Work\\1. Repositories\\1. Very Unfriendly Train\\Data\\Simulations\\637074791583617408_Primary\\637074793148595456_3\\3.out", 
        "890000000.0" :	{
            "f" :	0.9834931192637533, 
            "g" :	0.32837132763936905
        }, 
        "905000000.0" :	{
            "f" :	0.9117881743682307, 
            "g" :	0.3110504935023177
        }, 
        "920000000.0" :	{
            "f" :	0.002704311373176434, 
            "g" :	0.29518328703765695
        }, 
        "935000000.0" :	{
            "f" :	0.5928275319402647, 
            "g" :	0.28099261637964396
        }, 
        "950000000.0" :	{
            "f" :	0.9690497037462011, 
            "g" :	0.26875548317767417
        }
    }
}