{
    "geometry" :	{
        "items" :	3, 
        "0" :	"feed", 
        "1" :	"ground plane", 
        "2" :	"radiating plane", 
        "feed" :	{
            "items" :	2, 
            "0" :	"center", 
            "1" :	"width", 
            "center" :	55.155, 
            "width" :	1.649
        }, 
        "ground plane" :	{
            "items" :	5, 
            "0" :	"l", 
            "1" :	"w", 
            "2" :	"x", 
            "3" :	"y", 
            "4" :	"slots", 
            "l" :	83.494, 
            "w" :	92.249, 
            "x" :	-0.553, 
            "y" :	-1.087, 
            "slots" :	{
                "items" :	4, 
                "0" :	"elliptical", 
                "1" :	"rectangular", 
                "2" :	"triangular", 
                "3" :	"polygonal", 
                "elliptical" :	{
                    "items" :	0
                }, 
                "rectangular" :	{
                    "items" :	3, 
                    "0" :	{
                        "items" :	4, 
                        "0" :	"x", 
                        "1" :	"y", 
                        "2" :	"l", 
                        "3" :	"w", 
                        "x" :	51.379, 
                        "y" :	41.264, 
                        "z" :	0.0, 
                        "l" :	9.949, 
                        "w" :	18.768, 
                        "type" :	"rectangular", 
                        "id" :	"637074794711172352"
                    }, 
                    "1" :	{
                        "items" :	4, 
                        "0" :	"x", 
                        "1" :	"y", 
                        "2" :	"l", 
                        "3" :	"w", 
                        "x" :	18.328, 
                        "y" :	2.139, 
                        "z" :	0.0, 
                        "l" :	13.553, 
                        "w" :	13.564, 
                        "type" :	"rectangular", 
                        "id" :	"637074796343085952"
                    }, 
                    "2" :	{
                        "items" :	4, 
                        "0" :	"x", 
                        "1" :	"y", 
                        "2" :	"l", 
                        "3" :	"w", 
                        "x" :	49.171, 
                        "y" :	51.519, 
                        "z" :	0.0, 
                        "l" :	24.419, 
                        "w" :	12.382, 
                        "type" :	"rectangular", 
                        "id" :	"637074799422776832"
                    }
                }, 
                "triangular" :	{
                    "items" :	0
                }, 
                "polygonal" :	{
                    "items" :	0
                }
            }
        }, 
        "radiating plane" :	{
            "items" :	5, 
            "0" :	"l", 
            "1" :	"w", 
            "2" :	"x", 
            "3" :	"y", 
            "4" :	"slots", 
            "l" :	73.039, 
            "w" :	95.194, 
            "x" :	4.073, 
            "y" :	5.204, 
            "slots" :	{
                "items" :	4, 
                "0" :	"elliptical", 
                "1" :	"rectangular", 
                "2" :	"triangular", 
                "3" :	"polygonal", 
                "elliptical" :	{
                    "items" :	0
                }, 
                "rectangular" :	{
                    "items" :	1, 
                    "0" :	{
                        "items" :	4, 
                        "0" :	"x", 
                        "1" :	"y", 
                        "2" :	"l", 
                        "3" :	"w", 
                        "x" :	38.553, 
                        "y" :	81.351, 
                        "z" :	1.6, 
                        "l" :	3.033, 
                        "w" :	0.972, 
                        "type" :	"rectangular", 
                        "id" :	"637074799422786688"
                    }
                }, 
                "triangular" :	{
                    "items" :	0
                }, 
                "polygonal" :	{
                    "items" :	0
                }
            }
        }, 
        "substrate" :	{
            "items" :	4, 
            "0" :	"l", 
            "1" :	"w", 
            "2" :	"x", 
            "3" :	"h", 
            "l" :	83.494, 
            "w" :	101.535, 
            "h" :	1.6, 
            "x" :	-0.553, 
            "y" :	-1.087, 
            "permitivitty" :	4.4, 
            "loss" :	0.02, 
            "name" :	"FR4"
        }
    }, 
    "fitness" :	{
        "items" :	1, 
        "0" :	"final", 
        "1" :	"freq", 
        "lower" :	1.3542303679157413, 
        "desired" :	0.8901388605991517, 
        "upper" :	1.2496525859119263, 
        "area" :	0.8950755734293848, 
        "freq" :	0.8006894129878405, 
        "final" :	1.4590398589599318, 
        "resonant" :	920000000.0, 
        "dir" :	"C:\\Users\\project\\0. My Work\\1. Repositories\\1. Very Unfriendly Train\\Data\\Simulations\\637074791583617408_Primary\\637074799422886528_2\\2.out", 
        "890000000.0" :	{
            "f" :	0.975093389491521, 
            "g" :	0.37913697842422034
        }, 
        "905000000.0" :	{
            "f" :	0.8866396205340006, 
            "g" :	0.3633345653141661
        }, 
        "920000000.0" :	{
            "f" :	0.24939030071136745, 
            "g" :	0.3482871302971086
        }, 
        "935000000.0" :	{
            "f" :	0.4887685562976442, 
            "g" :	0.333996408643168
        }, 
        "950000000.0" :	{
            "f" :	0.9290552409151859, 
            "g" :	0.32059734499674053
        }
    }
}