{
    "geometry" :	{
        "items" :	3, 
        "0" :	"feed", 
        "1" :	"ground plane", 
        "2" :	"radiating plane", 
        "feed" :	{
            "items" :	2, 
            "0" :	"center", 
            "1" :	"width", 
            "center" :	55.363, 
            "width" :	1.596
        }, 
        "ground plane" :	{
            "items" :	5, 
            "0" :	"l", 
            "1" :	"w", 
            "2" :	"x", 
            "3" :	"y", 
            "4" :	"slots", 
            "l" :	67.583, 
            "w" :	77.029, 
            "x" :	-2.089, 
            "y" :	-2.799, 
            "slots" :	{
                "items" :	4, 
                "0" :	"elliptical", 
                "1" :	"rectangular", 
                "2" :	"triangular", 
                "3" :	"polygonal", 
                "elliptical" :	{
                    "items" :	0
                }, 
                "rectangular" :	{
                    "items" :	7, 
                    "0" :	{
                        "items" :	4, 
                        "0" :	"x", 
                        "1" :	"y", 
                        "2" :	"l", 
                        "3" :	"w", 
                        "x" :	37.705, 
                        "y" :	35.972, 
                        "z" :	0.0, 
                        "l" :	11.533, 
                        "w" :	16.777, 
                        "type" :	"rectangular", 
                        "id" :	"637074794711172352"
                    }, 
                    "1" :	{
                        "items" :	4, 
                        "0" :	"x", 
                        "1" :	"y", 
                        "2" :	"l", 
                        "3" :	"w", 
                        "x" :	21.417, 
                        "y" :	-6.092, 
                        "z" :	0.0, 
                        "l" :	26.863, 
                        "w" :	19.736, 
                        "type" :	"rectangular", 
                        "id" :	"637074796343085952"
                    }, 
                    "2" :	{
                        "items" :	4, 
                        "0" :	"x", 
                        "1" :	"y", 
                        "2" :	"l", 
                        "3" :	"w", 
                        "x" :	42.679, 
                        "y" :	77.518, 
                        "z" :	0.0, 
                        "l" :	26.425, 
                        "w" :	14.508, 
                        "type" :	"rectangular", 
                        "id" :	"637074802750269696"
                    }, 
                    "3" :	{
                        "items" :	4, 
                        "0" :	"x", 
                        "1" :	"y", 
                        "2" :	"l", 
                        "3" :	"w", 
                        "x" :	58.808, 
                        "y" :	81.792, 
                        "z" :	0.0, 
                        "l" :	5.068, 
                        "w" :	15.385, 
                        "type" :	"rectangular", 
                        "id" :	"637074808733894784"
                    }, 
                    "4" :	{
                        "items" :	4, 
                        "0" :	"x", 
                        "1" :	"y", 
                        "2" :	"l", 
                        "3" :	"w", 
                        "x" :	55.56, 
                        "y" :	10.866, 
                        "z" :	0.0, 
                        "l" :	7.244, 
                        "w" :	20.519, 
                        "type" :	"rectangular", 
                        "id" :	"637074821576554752"
                    }, 
                    "5" :	{
                        "items" :	4, 
                        "0" :	"x", 
                        "1" :	"y", 
                        "2" :	"l", 
                        "3" :	"w", 
                        "x" :	6.13, 
                        "y" :	81.097, 
                        "z" :	0.0, 
                        "l" :	15.542, 
                        "w" :	12.964, 
                        "type" :	"rectangular", 
                        "id" :	"637074847003595520"
                    }, 
                    "6" :	{
                        "items" :	4, 
                        "0" :	"x", 
                        "1" :	"y", 
                        "2" :	"l", 
                        "3" :	"w", 
                        "x" :	54.454, 
                        "y" :	34.647, 
                        "z" :	0.0, 
                        "l" :	12.525, 
                        "w" :	12.748, 
                        "type" :	"rectangular", 
                        "id" :	"637074849402924288"
                    }
                }, 
                "triangular" :	{
                    "items" :	5, 
                    "0" :	{
                        "items" :	3, 
                        "0" :	{
                            "items" :	2, 
                            "0" :	"x", 
                            "1" :	"y", 
                            "x" :	77.919, 
                            "y" :	109.502, 
                            "z" :	0.0
                        }, 
                        "1" :	{
                            "items" :	2, 
                            "0" :	"x", 
                            "1" :	"y", 
                            "x" :	77.207, 
                            "y" :	78.214, 
                            "z" :	0.0
                        }, 
                        "2" :	{
                            "items" :	2, 
                            "0" :	"x", 
                            "1" :	"y", 
                            "x" :	60.302, 
                            "y" :	90.333, 
                            "z" :	0.0
                        }, 
                        "type" :	"triangular", 
                        "id" :	"637074799422796672"
                    }, 
                    "1" :	{
                        "items" :	3, 
                        "0" :	{
                            "items" :	2, 
                            "0" :	"x", 
                            "1" :	"y", 
                            "x" :	61.598, 
                            "y" :	37.741, 
                            "z" :	0.0
                        }, 
                        "1" :	{
                            "items" :	2, 
                            "0" :	"x", 
                            "1" :	"y", 
                            "x" :	63.511, 
                            "y" :	41.412, 
                            "z" :	0.0
                        }, 
                        "2" :	{
                            "items" :	2, 
                            "0" :	"x", 
                            "1" :	"y", 
                            "x" :	80.352, 
                            "y" :	59.247, 
                            "z" :	0.0
                        }, 
                        "type" :	"triangular", 
                        "id" :	"637074801091451392"
                    }, 
                    "2" :	{
                        "items" :	3, 
                        "0" :	{
                            "items" :	2, 
                            "0" :	"x", 
                            "1" :	"y", 
                            "x" :	31.284, 
                            "y" :	24.649, 
                            "z" :	0.0
                        }, 
                        "1" :	{
                            "items" :	2, 
                            "0" :	"x", 
                            "1" :	"y", 
                            "x" :	29.67, 
                            "y" :	32.41, 
                            "z" :	0.0
                        }, 
                        "2" :	{
                            "items" :	2, 
                            "0" :	"x", 
                            "1" :	"y", 
                            "x" :	14.866, 
                            "y" :	33.229, 
                            "z" :	0.0
                        }, 
                        "type" :	"triangular", 
                        "id" :	"637074819634485760"
                    }, 
                    "3" :	{
                        "items" :	3, 
                        "0" :	{
                            "items" :	2, 
                            "0" :	"x", 
                            "1" :	"y", 
                            "x" :	4.503, 
                            "y" :	63.472, 
                            "z" :	0.0
                        }, 
                        "1" :	{
                            "items" :	2, 
                            "0" :	"x", 
                            "1" :	"y", 
                            "x" :	0.661, 
                            "y" :	63.206, 
                            "z" :	0.0
                        }, 
                        "2" :	{
                            "items" :	2, 
                            "0" :	"x", 
                            "1" :	"y", 
                            "x" :	0.861, 
                            "y" :	62.495, 
                            "z" :	0.0
                        }, 
                        "type" :	"triangular", 
                        "id" :	"637074834774379776"
                    }, 
                    "4" :	{
                        "items" :	3, 
                        "0" :	{
                            "items" :	2, 
                            "0" :	"x", 
                            "1" :	"y", 
                            "x" :	40.038, 
                            "y" :	47.109, 
                            "z" :	0.0
                        }, 
                        "1" :	{
                            "items" :	2, 
                            "0" :	"x", 
                            "1" :	"y", 
                            "x" :	43.487, 
                            "y" :	48.128, 
                            "z" :	0.0
                        }, 
                        "2" :	{
                            "items" :	2, 
                            "0" :	"x", 
                            "1" :	"y", 
                            "x" :	38.672, 
                            "y" :	49.5, 
                            "z" :	0.0
                        }, 
                        "type" :	"triangular", 
                        "id" :	"637074837001005952"
                    }
                }, 
                "polygonal" :	{
                    "items" :	0
                }
            }
        }, 
        "radiating plane" :	{
            "items" :	5, 
            "0" :	"l", 
            "1" :	"w", 
            "2" :	"x", 
            "3" :	"y", 
            "4" :	"slots", 
            "l" :	63.163, 
            "w" :	86.465, 
            "x" :	2.281, 
            "y" :	2.894, 
            "slots" :	{
                "items" :	4, 
                "0" :	"elliptical", 
                "1" :	"rectangular", 
                "2" :	"triangular", 
                "3" :	"polygonal", 
                "elliptical" :	{
                    "items" :	0
                }, 
                "rectangular" :	{
                    "items" :	0
                }, 
                "triangular" :	{
                    "items" :	0
                }, 
                "polygonal" :	{
                    "items" :	0
                }
            }
        }, 
        "substrate" :	{
            "items" :	4, 
            "0" :	"l", 
            "1" :	"w", 
            "2" :	"x", 
            "3" :	"h", 
            "l" :	67.583, 
            "w" :	92.20800000000001, 
            "h" :	1.6, 
            "x" :	-2.089, 
            "y" :	-2.799, 
            "permitivitty" :	4.4, 
            "loss" :	0.02, 
            "name" :	"FR4"
        }
    }, 
    "fitness" :	{
        "items" :	1, 
        "0" :	"final", 
        "1" :	"freq", 
        "lower" :	1.493061444306552, 
        "desired" :	1.0364814160690257, 
        "upper" :	0.6355641556009088, 
        "area" :	0.6579527903130329, 
        "freq" :	0.8842254217944203, 
        "final" :	0.8106143498786618, 
        "resonant" :	935000000.0, 
        "dir" :	"C:\\Users\\project\\0. My Work\\1. Repositories\\1. Very Unfriendly Train\\Data\\Simulations\\637074791583617408_Primary\\637074849403283328_2\\2.out", 
        "890000000.0" :	{
            "f" :	0.9227610651974835, 
            "g" :	0.5703003791090684
        }, 
        "905000000.0" :	{
            "f" :	0.9044433148894474, 
            "g" :	0.5482700101735439
        }, 
        "920000000.0" :	{
            "f" :	0.5653408509349881, 
            "g" :	0.5432456744360477
        }, 
        "935000000.0" :	{
            "f" :	0.001928273694371061, 
            "g" :	0.5462161240786787
        }, 
        "950000000.0" :	{
            "f" :	0.08294928848306772, 
            "g" :	0.5526148671178411
        }
    }
}