{
    "geometry" :	{
        "items" :	3, 
        "0" :	"feed", 
        "1" :	"ground plane", 
        "2" :	"radiating plane", 
        "feed" :	{
            "items" :	2, 
            "0" :	"center", 
            "1" :	"width", 
            "center" :	55.298, 
            "width" :	1.665
        }, 
        "ground plane" :	{
            "items" :	5, 
            "0" :	"l", 
            "1" :	"w", 
            "2" :	"x", 
            "3" :	"y", 
            "4" :	"slots", 
            "l" :	75.052, 
            "w" :	85.644, 
            "x" :	-1.033, 
            "y" :	-0.368, 
            "slots" :	{
                "items" :	4, 
                "0" :	"elliptical", 
                "1" :	"rectangular", 
                "2" :	"triangular", 
                "3" :	"polygonal", 
                "elliptical" :	{
                    "items" :	0
                }, 
                "rectangular" :	{
                    "items" :	3, 
                    "0" :	{
                        "items" :	4, 
                        "0" :	"x", 
                        "1" :	"y", 
                        "2" :	"l", 
                        "3" :	"w", 
                        "x" :	48.582, 
                        "y" :	41.739, 
                        "z" :	0.0, 
                        "l" :	9.641, 
                        "w" :	16.266, 
                        "type" :	"rectangular", 
                        "id" :	"637074794711172352"
                    }, 
                    "1" :	{
                        "items" :	4, 
                        "0" :	"x", 
                        "1" :	"y", 
                        "2" :	"l", 
                        "3" :	"w", 
                        "x" :	21.531, 
                        "y" :	-9.968, 
                        "z" :	0.0, 
                        "l" :	24.429, 
                        "w" :	15.458, 
                        "type" :	"rectangular", 
                        "id" :	"637074796343085952"
                    }, 
                    "2" :	{
                        "items" :	4, 
                        "0" :	"x", 
                        "1" :	"y", 
                        "2" :	"l", 
                        "3" :	"w", 
                        "x" :	66.522, 
                        "y" :	0.003, 
                        "z" :	0.0, 
                        "l" :	21.615, 
                        "w" :	22.233, 
                        "type" :	"rectangular", 
                        "id" :	"637074802750139776"
                    }
                }, 
                "triangular" :	{
                    "items" :	1, 
                    "0" :	{
                        "items" :	3, 
                        "0" :	{
                            "items" :	2, 
                            "0" :	"x", 
                            "1" :	"y", 
                            "x" :	69.997, 
                            "y" :	43.483, 
                            "z" :	0.0
                        }, 
                        "1" :	{
                            "items" :	2, 
                            "0" :	"x", 
                            "1" :	"y", 
                            "x" :	62.883, 
                            "y" :	47.388, 
                            "z" :	0.0
                        }, 
                        "2" :	{
                            "items" :	2, 
                            "0" :	"x", 
                            "1" :	"y", 
                            "x" :	77.955, 
                            "y" :	66.04, 
                            "z" :	0.0
                        }, 
                        "type" :	"triangular", 
                        "id" :	"637074801091451392"
                    }
                }, 
                "polygonal" :	{
                    "items" :	0
                }
            }
        }, 
        "radiating plane" :	{
            "items" :	5, 
            "0" :	"l", 
            "1" :	"w", 
            "2" :	"x", 
            "3" :	"y", 
            "4" :	"slots", 
            "l" :	68.774, 
            "w" :	95.27, 
            "x" :	3.742, 
            "y" :	4.525, 
            "slots" :	{
                "items" :	4, 
                "0" :	"elliptical", 
                "1" :	"rectangular", 
                "2" :	"triangular", 
                "3" :	"polygonal", 
                "elliptical" :	{
                    "items" :	0
                }, 
                "rectangular" :	{
                    "items" :	0
                }, 
                "triangular" :	{
                    "items" :	0
                }, 
                "polygonal" :	{
                    "items" :	0
                }
            }
        }, 
        "substrate" :	{
            "items" :	4, 
            "0" :	"l", 
            "1" :	"w", 
            "2" :	"x", 
            "3" :	"h", 
            "l" :	75.052, 
            "w" :	100.213, 
            "h" :	1.6, 
            "x" :	-1.033, 
            "y" :	-0.368, 
            "permitivitty" :	4.4, 
            "loss" :	0.02, 
            "name" :	"FR4"
        }
    }, 
    "fitness" :	{
        "items" :	1, 
        "0" :	"final", 
        "1" :	"freq", 
        "lower" :	1.4444079209726688, 
        "desired" :	1.3927753074361071, 
        "upper" :	1.3651408295852911, 
        "area" :	0.7940996380157729, 
        "freq" :	1.1659744299672161, 
        "final" :	1.5044006671502452, 
        "resonant" :	950000000.0, 
        "dir" :	"C:\\Users\\project\\0. My Work\\1. Repositories\\1. Very Unfriendly Train\\Data\\Simulations\\637074791583617408_Primary\\637074802750399104_0\\0.out", 
        "890000000.0" :	{
            "f" :	0.9945809447756009, 
            "g" :	0.44982697619706785
        }, 
        "905000000.0" :	{
            "f" :	0.9945013198423658, 
            "g" :	0.41749325482980737
        }, 
        "920000000.0" :	{
            "f" :	0.9943677606355131, 
            "g" :	0.396007765536689
        }, 
        "935000000.0" :	{
            "f" :	0.9941578667439648, 
            "g" :	0.3817979547199811
        }, 
        "950000000.0" :	{
            "f" :	0.9938169006925285, 
            "g" :	0.3713239288927627
        }
    }
}