{
    "geometry" :	{
        "items" :	3, 
        "0" :	"feed", 
        "1" :	"ground plane", 
        "2" :	"radiating plane", 
        "feed" :	{
            "items" :	2, 
            "0" :	"center", 
            "1" :	"width", 
            "center" :	53.764, 
            "width" :	1.582
        }, 
        "ground plane" :	{
            "items" :	5, 
            "0" :	"l", 
            "1" :	"w", 
            "2" :	"x", 
            "3" :	"y", 
            "4" :	"slots", 
            "l" :	88.289, 
            "w" :	105.833, 
            "x" :	-0.175, 
            "y" :	0.26, 
            "slots" :	{
                "items" :	4, 
                "0" :	"elliptical", 
                "1" :	"rectangular", 
                "2" :	"triangular", 
                "3" :	"polygonal", 
                "elliptical" :	{
                    "items" :	0
                }, 
                "rectangular" :	{
                    "items" :	0
                }, 
                "triangular" :	{
                    "items" :	1, 
                    "0" :	{
                        "items" :	3, 
                        "0" :	{
                            "items" :	2, 
                            "0" :	"x", 
                            "1" :	"y", 
                            "x" :	93.861, 
                            "y" :	48.149, 
                            "z" :	0.0
                        }, 
                        "1" :	{
                            "items" :	2, 
                            "0" :	"x", 
                            "1" :	"y", 
                            "x" :	89.156, 
                            "y" :	38.663, 
                            "z" :	0.0
                        }, 
                        "2" :	{
                            "items" :	2, 
                            "0" :	"x", 
                            "1" :	"y", 
                            "x" :	98.855, 
                            "y" :	40.941, 
                            "z" :	0.0
                        }, 
                        "type" :	"triangular", 
                        "id" :	"637074791812683008"
                    }
                }, 
                "polygonal" :	{
                    "items" :	0
                }
            }
        }, 
        "radiating plane" :	{
            "items" :	5, 
            "0" :	"l", 
            "1" :	"w", 
            "2" :	"x", 
            "3" :	"y", 
            "4" :	"slots", 
            "l" :	76.522, 
            "w" :	98.492, 
            "x" :	4.931, 
            "y" :	4.978, 
            "slots" :	{
                "items" :	4, 
                "0" :	"elliptical", 
                "1" :	"rectangular", 
                "2" :	"triangular", 
                "3" :	"polygonal", 
                "elliptical" :	{
                    "items" :	0
                }, 
                "rectangular" :	{
                    "items" :	0
                }, 
                "triangular" :	{
                    "items" :	0
                }, 
                "polygonal" :	{
                    "items" :	0
                }
            }
        }, 
        "substrate" :	{
            "items" :	4, 
            "0" :	"l", 
            "1" :	"w", 
            "2" :	"x", 
            "3" :	"h", 
            "l" :	88.289, 
            "w" :	105.833, 
            "h" :	1.6, 
            "x" :	-0.175, 
            "y" :	0.26, 
            "permitivitty" :	4.4, 
            "loss" :	0.02, 
            "name" :	"FR4"
        }
    }, 
    "fitness" :	{
        "items" :	1, 
        "0" :	"final", 
        "1" :	"freq", 
        "lower" :	1.3343630690414243, 
        "desired" :	0.8871669977587638, 
        "upper" :	1.1646591968520386, 
        "area" :	0.9865437954643943, 
        "freq" :	0.7926707191422576, 
        "final" :	1.6218691565502024, 
        "resonant" :	935000000.0, 
        "dir" :	"C:\\Users\\project\\0. My Work\\1. Repositories\\1. Very Unfriendly Train\\Data\\Simulations\\637074791583617408_Primary\\637074791812683008_3\\3.out", 
        "890000000.0" :	{
            "f" :	0.989502515671051, 
            "g" :	0.34486055337037336
        }, 
        "905000000.0" :	{
            "f" :	0.976365588571485, 
            "g" :	0.32949383095917373
        }, 
        "920000000.0" :	{
            "f" :	0.7375229067531276, 
            "g" :	0.31526873053455584
        }, 
        "935000000.0" :	{
            "f" :	0.00046811266417763647, 
            "g" :	0.3023818237937718
        }, 
        "950000000.0" :	{
            "f" :	0.8736547092777192, 
            "g" :	0.29100448757431946
        }
    }
}