{
    "geometry" :	{
        "items" :	3, 
        "0" :	"feed", 
        "1" :	"ground plane", 
        "2" :	"radiating plane", 
        "feed" :	{
            "items" :	2, 
            "0" :	"center", 
            "1" :	"width", 
            "center" :	54.102, 
            "width" :	1.628
        }, 
        "ground plane" :	{
            "items" :	5, 
            "0" :	"l", 
            "1" :	"w", 
            "2" :	"x", 
            "3" :	"y", 
            "4" :	"slots", 
            "l" :	82.519, 
            "w" :	92.461, 
            "x" :	-1.427, 
            "y" :	-0.78, 
            "slots" :	{
                "items" :	4, 
                "0" :	"elliptical", 
                "1" :	"rectangular", 
                "2" :	"triangular", 
                "3" :	"polygonal", 
                "elliptical" :	{
                    "items" :	0
                }, 
                "rectangular" :	{
                    "items" :	2, 
                    "0" :	{
                        "items" :	4, 
                        "0" :	"x", 
                        "1" :	"y", 
                        "2" :	"l", 
                        "3" :	"w", 
                        "x" :	47.183, 
                        "y" :	42.658, 
                        "z" :	0.0, 
                        "l" :	9.781, 
                        "w" :	17.372, 
                        "type" :	"rectangular", 
                        "id" :	"637074794711172352"
                    }, 
                    "1" :	{
                        "items" :	4, 
                        "0" :	"x", 
                        "1" :	"y", 
                        "2" :	"l", 
                        "3" :	"w", 
                        "x" :	20.434, 
                        "y" :	5.847, 
                        "z" :	0.0, 
                        "l" :	17.84, 
                        "w" :	16.507, 
                        "type" :	"rectangular", 
                        "id" :	"637074796343085952"
                    }
                }, 
                "triangular" :	{
                    "items" :	2, 
                    "0" :	{
                        "items" :	3, 
                        "0" :	{
                            "items" :	2, 
                            "0" :	"x", 
                            "1" :	"y", 
                            "x" :	80.497, 
                            "y" :	105.145, 
                            "z" :	0.0
                        }, 
                        "1" :	{
                            "items" :	2, 
                            "0" :	"x", 
                            "1" :	"y", 
                            "x" :	82.813, 
                            "y" :	89.816, 
                            "z" :	0.0
                        }, 
                        "2" :	{
                            "items" :	2, 
                            "0" :	"x", 
                            "1" :	"y", 
                            "x" :	69.779, 
                            "y" :	88.065, 
                            "z" :	0.0
                        }, 
                        "type" :	"triangular", 
                        "id" :	"637074799422796672"
                    }, 
                    "1" :	{
                        "items" :	3, 
                        "0" :	{
                            "items" :	2, 
                            "0" :	"x", 
                            "1" :	"y", 
                            "x" :	38.094, 
                            "y" :	67.137, 
                            "z" :	0.0
                        }, 
                        "1" :	{
                            "items" :	2, 
                            "0" :	"x", 
                            "1" :	"y", 
                            "x" :	39.696, 
                            "y" :	62.038, 
                            "z" :	0.0
                        }, 
                        "2" :	{
                            "items" :	2, 
                            "0" :	"x", 
                            "1" :	"y", 
                            "x" :	48.978, 
                            "y" :	41.475, 
                            "z" :	0.0
                        }, 
                        "type" :	"triangular", 
                        "id" :	"637074801091381248"
                    }
                }, 
                "polygonal" :	{
                    "items" :	0
                }
            }
        }, 
        "radiating plane" :	{
            "items" :	5, 
            "0" :	"l", 
            "1" :	"w", 
            "2" :	"x", 
            "3" :	"y", 
            "4" :	"slots", 
            "l" :	71.645, 
            "w" :	98.02, 
            "x" :	4.001, 
            "y" :	5.651, 
            "slots" :	{
                "items" :	4, 
                "0" :	"elliptical", 
                "1" :	"rectangular", 
                "2" :	"triangular", 
                "3" :	"polygonal", 
                "elliptical" :	{
                    "items" :	0
                }, 
                "rectangular" :	{
                    "items" :	0
                }, 
                "triangular" :	{
                    "items" :	1, 
                    "0" :	{
                        "items" :	3, 
                        "0" :	{
                            "items" :	2, 
                            "0" :	"x", 
                            "1" :	"y", 
                            "x" :	48.789, 
                            "y" :	60.332, 
                            "z" :	1.6
                        }, 
                        "1" :	{
                            "items" :	2, 
                            "0" :	"x", 
                            "1" :	"y", 
                            "x" :	47.906, 
                            "y" :	60.252, 
                            "z" :	1.6
                        }, 
                        "2" :	{
                            "items" :	2, 
                            "0" :	"x", 
                            "1" :	"y", 
                            "x" :	49.54, 
                            "y" :	61.361, 
                            "z" :	1.6
                        }, 
                        "type" :	"triangular", 
                        "id" :	"637074801091391488"
                    }
                }, 
                "polygonal" :	{
                    "items" :	0
                }
            }
        }, 
        "substrate" :	{
            "items" :	4, 
            "0" :	"l", 
            "1" :	"w", 
            "2" :	"x", 
            "3" :	"h", 
            "l" :	82.519, 
            "w" :	104.50099999999999, 
            "h" :	1.6, 
            "x" :	-1.427, 
            "y" :	-0.78, 
            "permitivitty" :	4.4, 
            "loss" :	0.02, 
            "name" :	"FR4"
        }
    }, 
    "fitness" :	{
        "items" :	1, 
        "0" :	"final", 
        "1" :	"freq", 
        "lower" :	0.6835641947948905, 
        "desired" :	1.3455779320382497, 
        "upper" :	1.3444793872139629, 
        "area" :	0.9104646060059519, 
        "freq" :	1.0672314783450387, 
        "final" :	1.7823644342220757, 
        "resonant" :	890000000.0, 
        "dir" :	"C:\\Users\\project\\0. My Work\\1. Repositories\\1. Very Unfriendly Train\\Data\\Simulations\\637074791583617408_Primary\\637074801091550848_2\\2.out", 
        "890000000.0" :	{
            "f" :	0.28721815982265697, 
            "g" :	0.39634603497223353
        }, 
        "905000000.0" :	{
            "f" :	0.945641712223821, 
            "g" :	0.3837932744547054
        }, 
        "920000000.0" :	{
            "f" :	0.983261001000954, 
            "g" :	0.3722959989663327
        }, 
        "935000000.0" :	{
            "f" :	0.9898022022095222, 
            "g" :	0.3619396072594136
        }, 
        "950000000.0" :	{
            "f" :	0.9920215446667513, 
            "g" :	0.35245784254721163
        }
    }
}