{
    "geometry" :	{
        "items" :	3, 
        "0" :	"feed", 
        "1" :	"ground plane", 
        "2" :	"radiating plane", 
        "feed" :	{
            "items" :	2, 
            "0" :	"center", 
            "1" :	"width", 
            "center" :	53.419, 
            "width" :	1.657
        }, 
        "ground plane" :	{
            "items" :	5, 
            "0" :	"l", 
            "1" :	"w", 
            "2" :	"x", 
            "3" :	"y", 
            "4" :	"slots", 
            "l" :	77.405, 
            "w" :	84.723, 
            "x" :	-1.108, 
            "y" :	-0.821, 
            "slots" :	{
                "items" :	4, 
                "0" :	"elliptical", 
                "1" :	"rectangular", 
                "2" :	"triangular", 
                "3" :	"polygonal", 
                "elliptical" :	{
                    "items" :	0
                }, 
                "rectangular" :	{
                    "items" :	4, 
                    "0" :	{
                        "items" :	4, 
                        "0" :	"x", 
                        "1" :	"y", 
                        "2" :	"l", 
                        "3" :	"w", 
                        "x" :	43.098, 
                        "y" :	34.808, 
                        "z" :	0.0, 
                        "l" :	11.352, 
                        "w" :	17.072, 
                        "type" :	"rectangular", 
                        "id" :	"637074794711172352"
                    }, 
                    "1" :	{
                        "items" :	4, 
                        "0" :	"x", 
                        "1" :	"y", 
                        "2" :	"l", 
                        "3" :	"w", 
                        "x" :	24.192, 
                        "y" :	-1.61, 
                        "z" :	0.0, 
                        "l" :	24.193, 
                        "w" :	16.406, 
                        "type" :	"rectangular", 
                        "id" :	"637074796343085952"
                    }, 
                    "2" :	{
                        "items" :	4, 
                        "0" :	"x", 
                        "1" :	"y", 
                        "2" :	"l", 
                        "3" :	"w", 
                        "x" :	42.591, 
                        "y" :	75.397, 
                        "z" :	0.0, 
                        "l" :	23.265, 
                        "w" :	10.814, 
                        "type" :	"rectangular", 
                        "id" :	"637074802750269696"
                    }, 
                    "3" :	{
                        "items" :	4, 
                        "0" :	"x", 
                        "1" :	"y", 
                        "2" :	"l", 
                        "3" :	"w", 
                        "x" :	62.355, 
                        "y" :	80.234, 
                        "z" :	0.0, 
                        "l" :	4.267, 
                        "w" :	9.458, 
                        "type" :	"rectangular", 
                        "id" :	"637074808733894784"
                    }
                }, 
                "triangular" :	{
                    "items" :	3, 
                    "0" :	{
                        "items" :	3, 
                        "0" :	{
                            "items" :	2, 
                            "0" :	"x", 
                            "1" :	"y", 
                            "x" :	76.029, 
                            "y" :	112.838, 
                            "z" :	0.0
                        }, 
                        "1" :	{
                            "items" :	2, 
                            "0" :	"x", 
                            "1" :	"y", 
                            "x" :	76.651, 
                            "y" :	82.154, 
                            "z" :	0.0
                        }, 
                        "2" :	{
                            "items" :	2, 
                            "0" :	"x", 
                            "1" :	"y", 
                            "x" :	62.228, 
                            "y" :	92.976, 
                            "z" :	0.0
                        }, 
                        "type" :	"triangular", 
                        "id" :	"637074799422796672"
                    }, 
                    "1" :	{
                        "items" :	3, 
                        "0" :	{
                            "items" :	2, 
                            "0" :	"x", 
                            "1" :	"y", 
                            "x" :	63.987, 
                            "y" :	41.576, 
                            "z" :	0.0
                        }, 
                        "1" :	{
                            "items" :	2, 
                            "0" :	"x", 
                            "1" :	"y", 
                            "x" :	55.317, 
                            "y" :	38.421, 
                            "z" :	0.0
                        }, 
                        "2" :	{
                            "items" :	2, 
                            "0" :	"x", 
                            "1" :	"y", 
                            "x" :	75.537, 
                            "y" :	63.396, 
                            "z" :	0.0
                        }, 
                        "type" :	"triangular", 
                        "id" :	"637074801091451392"
                    }, 
                    "2" :	{
                        "items" :	3, 
                        "0" :	{
                            "items" :	2, 
                            "0" :	"x", 
                            "1" :	"y", 
                            "x" :	76.901, 
                            "y" :	59.32, 
                            "z" :	0.0
                        }, 
                        "1" :	{
                            "items" :	2, 
                            "0" :	"x", 
                            "1" :	"y", 
                            "x" :	70.959, 
                            "y" :	52.267, 
                            "z" :	0.0
                        }, 
                        "2" :	{
                            "items" :	2, 
                            "0" :	"x", 
                            "1" :	"y", 
                            "x" :	70.121, 
                            "y" :	62.529, 
                            "z" :	0.0
                        }, 
                        "type" :	"triangular", 
                        "id" :	"637074819634386048"
                    }
                }, 
                "polygonal" :	{
                    "items" :	0
                }
            }
        }, 
        "radiating plane" :	{
            "items" :	5, 
            "0" :	"l", 
            "1" :	"w", 
            "2" :	"x", 
            "3" :	"y", 
            "4" :	"slots", 
            "l" :	66.126, 
            "w" :	90.334, 
            "x" :	3.198, 
            "y" :	4.278, 
            "slots" :	{
                "items" :	4, 
                "0" :	"elliptical", 
                "1" :	"rectangular", 
                "2" :	"triangular", 
                "3" :	"polygonal", 
                "elliptical" :	{
                    "items" :	0
                }, 
                "rectangular" :	{
                    "items" :	0
                }, 
                "triangular" :	{
                    "items" :	0
                }, 
                "polygonal" :	{
                    "items" :	0
                }
            }
        }, 
        "substrate" :	{
            "items" :	4, 
            "0" :	"l", 
            "1" :	"w", 
            "2" :	"x", 
            "3" :	"h", 
            "l" :	77.405, 
            "w" :	95.483, 
            "h" :	1.6, 
            "x" :	-1.108, 
            "y" :	-0.821, 
            "permitivitty" :	4.4, 
            "loss" :	0.02, 
            "name" :	"FR4"
        }
    }, 
    "fitness" :	{
        "items" :	1, 
        "0" :	"final", 
        "1" :	"freq", 
        "lower" :	1.4579612984925112, 
        "desired" :	0.8892722614904535, 
        "upper" :	1.2720705399514551, 
        "area" :	0.780339759419638, 
        "freq" :	0.8100208204127536, 
        "final" :	1.1452351345668308, 
        "resonant" :	920000000.0, 
        "dir" :	"C:\\Users\\project\\0. My Work\\1. Repositories\\1. Very Unfriendly Train\\Data\\Simulations\\637074791583617408_Primary\\637074819634505728_4\\4.out", 
        "890000000.0" :	{
            "f" :	0.9779497281056715, 
            "g" :	0.4800115703868397
        }, 
        "905000000.0" :	{
            "f" :	0.8585299258395643, 
            "g" :	0.3981137273550616
        }, 
        "920000000.0" :	{
            "f" :	0.011627729873562477, 
            "g" :	0.35033501771790343
        }, 
        "935000000.0" :	{
            "f" :	0.7261812669358538, 
            "g" :	0.3230291167494148
        }, 
        "950000000.0" :	{
            "f" :	0.9658704674425826, 
            "g" :	0.30620007250887255
        }
    }
}