{
    "geometry" :	{
        "items" :	3, 
        "0" :	"feed", 
        "1" :	"ground plane", 
        "2" :	"radiating plane", 
        "feed" :	{
            "items" :	2, 
            "0" :	"center", 
            "1" :	"width", 
            "center" :	53.885, 
            "width" :	1.557
        }, 
        "ground plane" :	{
            "items" :	5, 
            "0" :	"l", 
            "1" :	"w", 
            "2" :	"x", 
            "3" :	"y", 
            "4" :	"slots", 
            "l" :	76.875, 
            "w" :	90.386, 
            "x" :	-1.224, 
            "y" :	-0.172, 
            "slots" :	{
                "items" :	4, 
                "0" :	"elliptical", 
                "1" :	"rectangular", 
                "2" :	"triangular", 
                "3" :	"polygonal", 
                "elliptical" :	{
                    "items" :	0
                }, 
                "rectangular" :	{
                    "items" :	2, 
                    "0" :	{
                        "items" :	4, 
                        "0" :	"x", 
                        "1" :	"y", 
                        "2" :	"l", 
                        "3" :	"w", 
                        "x" :	49.985, 
                        "y" :	40.366, 
                        "z" :	0.0, 
                        "l" :	13.704, 
                        "w" :	7.789, 
                        "type" :	"rectangular", 
                        "id" :	"637074794711172352"
                    }, 
                    "1" :	{
                        "items" :	4, 
                        "0" :	"x", 
                        "1" :	"y", 
                        "2" :	"l", 
                        "3" :	"w", 
                        "x" :	19.446, 
                        "y" :	5.794, 
                        "z" :	0.0, 
                        "l" :	19.38, 
                        "w" :	19.924, 
                        "type" :	"rectangular", 
                        "id" :	"637074796343085952"
                    }
                }, 
                "triangular" :	{
                    "items" :	2, 
                    "0" :	{
                        "items" :	3, 
                        "0" :	{
                            "items" :	2, 
                            "0" :	"x", 
                            "1" :	"y", 
                            "x" :	72.613, 
                            "y" :	107.843, 
                            "z" :	0.0
                        }, 
                        "1" :	{
                            "items" :	2, 
                            "0" :	"x", 
                            "1" :	"y", 
                            "x" :	74.724, 
                            "y" :	93.519, 
                            "z" :	0.0
                        }, 
                        "2" :	{
                            "items" :	2, 
                            "0" :	"x", 
                            "1" :	"y", 
                            "x" :	66.99, 
                            "y" :	87.742, 
                            "z" :	0.0
                        }, 
                        "type" :	"triangular", 
                        "id" :	"637074799422796672"
                    }, 
                    "1" :	{
                        "items" :	3, 
                        "0" :	{
                            "items" :	2, 
                            "0" :	"x", 
                            "1" :	"y", 
                            "x" :	67.652, 
                            "y" :	6.296, 
                            "z" :	0.0
                        }, 
                        "1" :	{
                            "items" :	2, 
                            "0" :	"x", 
                            "1" :	"y", 
                            "x" :	46.673, 
                            "y" :	14.545, 
                            "z" :	0.0
                        }, 
                        "2" :	{
                            "items" :	2, 
                            "0" :	"x", 
                            "1" :	"y", 
                            "x" :	59.797, 
                            "y" :	17.757, 
                            "z" :	0.0
                        }, 
                        "type" :	"triangular", 
                        "id" :	"637074801091421184"
                    }
                }, 
                "polygonal" :	{
                    "items" :	0
                }
            }
        }, 
        "radiating plane" :	{
            "items" :	5, 
            "0" :	"l", 
            "1" :	"w", 
            "2" :	"x", 
            "3" :	"y", 
            "4" :	"slots", 
            "l" :	72.218, 
            "w" :	95.289, 
            "x" :	3.383, 
            "y" :	5.699, 
            "slots" :	{
                "items" :	4, 
                "0" :	"elliptical", 
                "1" :	"rectangular", 
                "2" :	"triangular", 
                "3" :	"polygonal", 
                "elliptical" :	{
                    "items" :	0
                }, 
                "rectangular" :	{
                    "items" :	1, 
                    "0" :	{
                        "items" :	4, 
                        "0" :	"x", 
                        "1" :	"y", 
                        "2" :	"l", 
                        "3" :	"w", 
                        "x" :	13.777, 
                        "y" :	43.451, 
                        "z" :	1.6, 
                        "l" :	2.872, 
                        "w" :	3.256, 
                        "type" :	"rectangular", 
                        "id" :	"637074801091431296"
                    }
                }, 
                "triangular" :	{
                    "items" :	0
                }, 
                "polygonal" :	{
                    "items" :	0
                }
            }
        }, 
        "substrate" :	{
            "items" :	4, 
            "0" :	"l", 
            "1" :	"w", 
            "2" :	"x", 
            "3" :	"h", 
            "l" :	76.875, 
            "w" :	101.21, 
            "h" :	1.6, 
            "x" :	-1.224, 
            "y" :	-0.172, 
            "permitivitty" :	4.4, 
            "loss" :	0.02, 
            "name" :	"FR4"
        }
    }, 
    "fitness" :	{
        "items" :	1, 
        "0" :	"final", 
        "1" :	"freq", 
        "lower" :	1.2754933565021433, 
        "desired" :	1.1466101559140862, 
        "upper" :	1.5133258154192415, 
        "area" :	0.8214804235020142, 
        "freq" :	0.9867103352135046, 
        "final" :	1.4380576539004, 
        "resonant" :	905000000.0, 
        "dir" :	"C:\\Users\\project\\0. My Work\\1. Repositories\\1. Very Unfriendly Train\\Data\\Simulations\\637074791583617408_Primary\\637074801091550848_3\\3.out", 
        "890000000.0" :	{
            "f" :	0.7555435039077517, 
            "g" :	0.5199498525943915
        }, 
        "905000000.0" :	{
            "f" :	0.011936649796066377, 
            "g" :	0.5188916159741727
        }, 
        "920000000.0" :	{
            "f" :	0.8889045381289685, 
            "g" :	0.5191521932798607
        }, 
        "935000000.0" :	{
            "f" :	0.98020760594307, 
            "g" :	0.5207378646201205
        }, 
        "950000000.0" :	{
            "f" :	0.9894817207453422, 
            "g" :	0.5238440946738991
        }
    }
}