{
    "geometry" :	{
        "items" :	3, 
        "0" :	"feed", 
        "1" :	"ground plane", 
        "2" :	"radiating plane", 
        "feed" :	{
            "items" :	2, 
            "0" :	"center", 
            "1" :	"width", 
            "center" :	53.33, 
            "width" :	1.593
        }, 
        "ground plane" :	{
            "items" :	5, 
            "0" :	"l", 
            "1" :	"w", 
            "2" :	"x", 
            "3" :	"y", 
            "4" :	"slots", 
            "l" :	78.016, 
            "w" :	87.433, 
            "x" :	-1.44, 
            "y" :	-0.76, 
            "slots" :	{
                "items" :	4, 
                "0" :	"elliptical", 
                "1" :	"rectangular", 
                "2" :	"triangular", 
                "3" :	"polygonal", 
                "elliptical" :	{
                    "items" :	0
                }, 
                "rectangular" :	{
                    "items" :	5, 
                    "0" :	{
                        "items" :	4, 
                        "0" :	"x", 
                        "1" :	"y", 
                        "2" :	"l", 
                        "3" :	"w", 
                        "x" :	36.379, 
                        "y" :	39.632, 
                        "z" :	0.0, 
                        "l" :	15.65, 
                        "w" :	14.19, 
                        "type" :	"rectangular", 
                        "id" :	"637074794711172352"
                    }, 
                    "1" :	{
                        "items" :	4, 
                        "0" :	"x", 
                        "1" :	"y", 
                        "2" :	"l", 
                        "3" :	"w", 
                        "x" :	19.303, 
                        "y" :	-2.228, 
                        "z" :	0.0, 
                        "l" :	26.576, 
                        "w" :	16.425, 
                        "type" :	"rectangular", 
                        "id" :	"637074796343085952"
                    }, 
                    "2" :	{
                        "items" :	4, 
                        "0" :	"x", 
                        "1" :	"y", 
                        "2" :	"l", 
                        "3" :	"w", 
                        "x" :	41.351, 
                        "y" :	73.571, 
                        "z" :	0.0, 
                        "l" :	20.049, 
                        "w" :	14.367, 
                        "type" :	"rectangular", 
                        "id" :	"637074802750269696"
                    }, 
                    "3" :	{
                        "items" :	4, 
                        "0" :	"x", 
                        "1" :	"y", 
                        "2" :	"l", 
                        "3" :	"w", 
                        "x" :	66.903, 
                        "y" :	80.363, 
                        "z" :	0.0, 
                        "l" :	5.821, 
                        "w" :	12.266, 
                        "type" :	"rectangular", 
                        "id" :	"637074808733894784"
                    }, 
                    "4" :	{
                        "items" :	4, 
                        "0" :	"x", 
                        "1" :	"y", 
                        "2" :	"l", 
                        "3" :	"w", 
                        "x" :	23.614, 
                        "y" :	68.005, 
                        "z" :	0.0, 
                        "l" :	19.404, 
                        "w" :	10.691, 
                        "type" :	"rectangular", 
                        "id" :	"637074815039574528"
                    }
                }, 
                "triangular" :	{
                    "items" :	2, 
                    "0" :	{
                        "items" :	3, 
                        "0" :	{
                            "items" :	2, 
                            "0" :	"x", 
                            "1" :	"y", 
                            "x" :	71.437, 
                            "y" :	117.079, 
                            "z" :	0.0
                        }, 
                        "1" :	{
                            "items" :	2, 
                            "0" :	"x", 
                            "1" :	"y", 
                            "x" :	75.572, 
                            "y" :	81.548, 
                            "z" :	0.0
                        }, 
                        "2" :	{
                            "items" :	2, 
                            "0" :	"x", 
                            "1" :	"y", 
                            "x" :	58.452, 
                            "y" :	96.429, 
                            "z" :	0.0
                        }, 
                        "type" :	"triangular", 
                        "id" :	"637074799422796672"
                    }, 
                    "1" :	{
                        "items" :	3, 
                        "0" :	{
                            "items" :	2, 
                            "0" :	"x", 
                            "1" :	"y", 
                            "x" :	61.809, 
                            "y" :	40.479, 
                            "z" :	0.0
                        }, 
                        "1" :	{
                            "items" :	2, 
                            "0" :	"x", 
                            "1" :	"y", 
                            "x" :	61.9, 
                            "y" :	35.512, 
                            "z" :	0.0
                        }, 
                        "2" :	{
                            "items" :	2, 
                            "0" :	"x", 
                            "1" :	"y", 
                            "x" :	80.345, 
                            "y" :	60.355, 
                            "z" :	0.0
                        }, 
                        "type" :	"triangular", 
                        "id" :	"637074801091451392"
                    }
                }, 
                "polygonal" :	{
                    "items" :	0
                }
            }
        }, 
        "radiating plane" :	{
            "items" :	5, 
            "0" :	"l", 
            "1" :	"w", 
            "2" :	"x", 
            "3" :	"y", 
            "4" :	"slots", 
            "l" :	66.815, 
            "w" :	90.086, 
            "x" :	3.536, 
            "y" :	3.719, 
            "slots" :	{
                "items" :	4, 
                "0" :	"elliptical", 
                "1" :	"rectangular", 
                "2" :	"triangular", 
                "3" :	"polygonal", 
                "elliptical" :	{
                    "items" :	0
                }, 
                "rectangular" :	{
                    "items" :	1, 
                    "0" :	{
                        "items" :	4, 
                        "0" :	"x", 
                        "1" :	"y", 
                        "2" :	"l", 
                        "3" :	"w", 
                        "x" :	59.453, 
                        "y" :	34.061, 
                        "z" :	1.6, 
                        "l" :	3.112, 
                        "w" :	2.566, 
                        "type" :	"rectangular", 
                        "id" :	"637074815039594624"
                    }
                }, 
                "triangular" :	{
                    "items" :	1, 
                    "0" :	{
                        "items" :	3, 
                        "0" :	{
                            "items" :	2, 
                            "0" :	"x", 
                            "1" :	"y", 
                            "x" :	10.767, 
                            "y" :	65.029, 
                            "z" :	1.6
                        }, 
                        "1" :	{
                            "items" :	2, 
                            "0" :	"x", 
                            "1" :	"y", 
                            "x" :	6.02, 
                            "y" :	65.877, 
                            "z" :	1.6
                        }, 
                        "2" :	{
                            "items" :	2, 
                            "0" :	"x", 
                            "1" :	"y", 
                            "x" :	8.655, 
                            "y" :	65.47, 
                            "z" :	1.6
                        }, 
                        "type" :	"triangular", 
                        "id" :	"637074802750269696"
                    }
                }, 
                "polygonal" :	{
                    "items" :	0
                }
            }
        }, 
        "substrate" :	{
            "items" :	4, 
            "0" :	"l", 
            "1" :	"w", 
            "2" :	"x", 
            "3" :	"h", 
            "l" :	78.016, 
            "w" :	94.615, 
            "h" :	1.6, 
            "x" :	-1.44, 
            "y" :	-0.76, 
            "permitivitty" :	4.4, 
            "loss" :	0.02, 
            "name" :	"FR4"
        }
    }, 
    "fitness" :	{
        "items" :	1, 
        "0" :	"final", 
        "1" :	"freq", 
        "lower" :	1.3526228413126058, 
        "desired" :	1.3017171288239704, 
        "upper" :	1.2630979123719273, 
        "area" :	0.7793496379603835, 
        "freq" :	1.089329827306947, 
        "final" :	1.3818594473036492, 
        "resonant" :	950000000.0, 
        "dir" :	"C:\\Users\\project\\0. My Work\\1. Repositories\\1. Very Unfriendly Train\\Data\\Simulations\\637074791583617408_Primary\\637074815039644416_5\\5.out", 
        "890000000.0" :	{
            "f" :	0.994459970384583, 
            "g" :	0.35816287092802285
        }, 
        "905000000.0" :	{
            "f" :	0.9944068288980678, 
            "g" :	0.3301747405596897
        }, 
        "920000000.0" :	{
            "f" :	0.9943220261220677, 
            "g" :	0.3063125694491684
        }, 
        "935000000.0" :	{
            "f" :	0.994196844124525, 
            "g" :	0.2857383773183935
        }, 
        "950000000.0" :	{
            "f" :	0.9940132390347459, 
            "g" :	0.2690846733371814
        }
    }
}