{
    "geometry" :	{
        "items" :	3, 
        "0" :	"feed", 
        "1" :	"ground plane", 
        "2" :	"radiating plane", 
        "feed" :	{
            "items" :	2, 
            "0" :	"center", 
            "1" :	"width", 
            "center" :	55.219, 
            "width" :	1.611
        }, 
        "ground plane" :	{
            "items" :	5, 
            "0" :	"l", 
            "1" :	"w", 
            "2" :	"x", 
            "3" :	"y", 
            "4" :	"slots", 
            "l" :	66.98499999999999, 
            "w" :	78.946, 
            "x" :	-1.829, 
            "y" :	-2.548, 
            "slots" :	{
                "items" :	4, 
                "0" :	"elliptical", 
                "1" :	"rectangular", 
                "2" :	"triangular", 
                "3" :	"polygonal", 
                "elliptical" :	{
                    "items" :	0
                }, 
                "rectangular" :	{
                    "items" :	6, 
                    "0" :	{
                        "items" :	4, 
                        "0" :	"x", 
                        "1" :	"y", 
                        "2" :	"l", 
                        "3" :	"w", 
                        "x" :	37.417, 
                        "y" :	35.37, 
                        "z" :	0.0, 
                        "l" :	11.787, 
                        "w" :	17.93, 
                        "type" :	"rectangular", 
                        "id" :	"637074794711172352"
                    }, 
                    "1" :	{
                        "items" :	4, 
                        "0" :	"x", 
                        "1" :	"y", 
                        "2" :	"l", 
                        "3" :	"w", 
                        "x" :	19.881, 
                        "y" :	-6.805, 
                        "z" :	0.0, 
                        "l" :	25.032, 
                        "w" :	19.073, 
                        "type" :	"rectangular", 
                        "id" :	"637074796343085952"
                    }, 
                    "2" :	{
                        "items" :	4, 
                        "0" :	"x", 
                        "1" :	"y", 
                        "2" :	"l", 
                        "3" :	"w", 
                        "x" :	40.247, 
                        "y" :	76.734, 
                        "z" :	0.0, 
                        "l" :	27.132, 
                        "w" :	16.235, 
                        "type" :	"rectangular", 
                        "id" :	"637074802750269696"
                    }, 
                    "3" :	{
                        "items" :	4, 
                        "0" :	"x", 
                        "1" :	"y", 
                        "2" :	"l", 
                        "3" :	"w", 
                        "x" :	57.705, 
                        "y" :	80.203, 
                        "z" :	0.0, 
                        "l" :	5.76, 
                        "w" :	16.214, 
                        "type" :	"rectangular", 
                        "id" :	"637074808733894784"
                    }, 
                    "4" :	{
                        "items" :	4, 
                        "0" :	"x", 
                        "1" :	"y", 
                        "2" :	"l", 
                        "3" :	"w", 
                        "x" :	56.047, 
                        "y" :	10.169, 
                        "z" :	0.0, 
                        "l" :	5.921, 
                        "w" :	16.78, 
                        "type" :	"rectangular", 
                        "id" :	"637074821576554752"
                    }, 
                    "5" :	{
                        "items" :	4, 
                        "0" :	"x", 
                        "1" :	"y", 
                        "2" :	"l", 
                        "3" :	"w", 
                        "x" :	5.082, 
                        "y" :	1.908, 
                        "z" :	0.0, 
                        "l" :	12.683, 
                        "w" :	13.796, 
                        "type" :	"rectangular", 
                        "id" :	"637074841759395584"
                    }
                }, 
                "triangular" :	{
                    "items" :	6, 
                    "0" :	{
                        "items" :	3, 
                        "0" :	{
                            "items" :	2, 
                            "0" :	"x", 
                            "1" :	"y", 
                            "x" :	79.236, 
                            "y" :	108.879, 
                            "z" :	0.0
                        }, 
                        "1" :	{
                            "items" :	2, 
                            "0" :	"x", 
                            "1" :	"y", 
                            "x" :	77.895, 
                            "y" :	77.578, 
                            "z" :	0.0
                        }, 
                        "2" :	{
                            "items" :	2, 
                            "0" :	"x", 
                            "1" :	"y", 
                            "x" :	60.962, 
                            "y" :	89.448, 
                            "z" :	0.0
                        }, 
                        "type" :	"triangular", 
                        "id" :	"637074799422796672"
                    }, 
                    "1" :	{
                        "items" :	3, 
                        "0" :	{
                            "items" :	2, 
                            "0" :	"x", 
                            "1" :	"y", 
                            "x" :	62.087, 
                            "y" :	39.402, 
                            "z" :	0.0
                        }, 
                        "1" :	{
                            "items" :	2, 
                            "0" :	"x", 
                            "1" :	"y", 
                            "x" :	63.347, 
                            "y" :	42.208, 
                            "z" :	0.0
                        }, 
                        "2" :	{
                            "items" :	2, 
                            "0" :	"x", 
                            "1" :	"y", 
                            "x" :	81.498, 
                            "y" :	58.794, 
                            "z" :	0.0
                        }, 
                        "type" :	"triangular", 
                        "id" :	"637074801091451392"
                    }, 
                    "2" :	{
                        "items" :	3, 
                        "0" :	{
                            "items" :	2, 
                            "0" :	"x", 
                            "1" :	"y", 
                            "x" :	28.824, 
                            "y" :	27.395, 
                            "z" :	0.0
                        }, 
                        "1" :	{
                            "items" :	2, 
                            "0" :	"x", 
                            "1" :	"y", 
                            "x" :	30.093, 
                            "y" :	31.852, 
                            "z" :	0.0
                        }, 
                        "2" :	{
                            "items" :	2, 
                            "0" :	"x", 
                            "1" :	"y", 
                            "x" :	14.068, 
                            "y" :	35.263, 
                            "z" :	0.0
                        }, 
                        "type" :	"triangular", 
                        "id" :	"637074819634485760"
                    }, 
                    "3" :	{
                        "items" :	3, 
                        "0" :	{
                            "items" :	2, 
                            "0" :	"x", 
                            "1" :	"y", 
                            "x" :	19.917, 
                            "y" :	63.211, 
                            "z" :	0.0
                        }, 
                        "1" :	{
                            "items" :	2, 
                            "0" :	"x", 
                            "1" :	"y", 
                            "x" :	18.015, 
                            "y" :	56.454, 
                            "z" :	0.0
                        }, 
                        "2" :	{
                            "items" :	2, 
                            "0" :	"x", 
                            "1" :	"y", 
                            "x" :	18.26, 
                            "y" :	68.002, 
                            "z" :	0.0
                        }, 
                        "type" :	"triangular", 
                        "id" :	"637074828878567296"
                    }, 
                    "4" :	{
                        "items" :	3, 
                        "0" :	{
                            "items" :	2, 
                            "0" :	"x", 
                            "1" :	"y", 
                            "x" :	3.518, 
                            "y" :	62.947, 
                            "z" :	0.0
                        }, 
                        "1" :	{
                            "items" :	2, 
                            "0" :	"x", 
                            "1" :	"y", 
                            "x" :	1.775, 
                            "y" :	68.132, 
                            "z" :	0.0
                        }, 
                        "2" :	{
                            "items" :	2, 
                            "0" :	"x", 
                            "1" :	"y", 
                            "x" :	0.418, 
                            "y" :	64.917, 
                            "z" :	0.0
                        }, 
                        "type" :	"triangular", 
                        "id" :	"637074834774379776"
                    }, 
                    "5" :	{
                        "items" :	3, 
                        "0" :	{
                            "items" :	2, 
                            "0" :	"x", 
                            "1" :	"y", 
                            "x" :	42.211, 
                            "y" :	47.06, 
                            "z" :	0.0
                        }, 
                        "1" :	{
                            "items" :	2, 
                            "0" :	"x", 
                            "1" :	"y", 
                            "x" :	41.221, 
                            "y" :	49.272, 
                            "z" :	0.0
                        }, 
                        "2" :	{
                            "items" :	2, 
                            "0" :	"x", 
                            "1" :	"y", 
                            "x" :	37.44, 
                            "y" :	47.715, 
                            "z" :	0.0
                        }, 
                        "type" :	"triangular", 
                        "id" :	"637074837001005952"
                    }
                }, 
                "polygonal" :	{
                    "items" :	0
                }
            }
        }, 
        "radiating plane" :	{
            "items" :	5, 
            "0" :	"l", 
            "1" :	"w", 
            "2" :	"x", 
            "3" :	"y", 
            "4" :	"slots", 
            "l" :	62.428, 
            "w" :	86.708, 
            "x" :	2.678, 
            "y" :	3.075, 
            "slots" :	{
                "items" :	4, 
                "0" :	"elliptical", 
                "1" :	"rectangular", 
                "2" :	"triangular", 
                "3" :	"polygonal", 
                "elliptical" :	{
                    "items" :	0
                }, 
                "rectangular" :	{
                    "items" :	0
                }, 
                "triangular" :	{
                    "items" :	1, 
                    "0" :	{
                        "items" :	3, 
                        "0" :	{
                            "items" :	2, 
                            "0" :	"x", 
                            "1" :	"y", 
                            "x" :	45.163, 
                            "y" :	80.533, 
                            "z" :	1.6
                        }, 
                        "1" :	{
                            "items" :	2, 
                            "0" :	"x", 
                            "1" :	"y", 
                            "x" :	44.832, 
                            "y" :	79.991, 
                            "z" :	1.6
                        }, 
                        "2" :	{
                            "items" :	2, 
                            "0" :	"x", 
                            "1" :	"y", 
                            "x" :	45.621, 
                            "y" :	80.449, 
                            "z" :	1.6
                        }, 
                        "type" :	"triangular", 
                        "id" :	"637074828878567296"
                    }
                }, 
                "polygonal" :	{
                    "items" :	0
                }
            }
        }, 
        "substrate" :	{
            "items" :	4, 
            "0" :	"l", 
            "1" :	"w", 
            "2" :	"x", 
            "3" :	"h", 
            "l" :	66.98499999999999, 
            "w" :	92.381, 
            "h" :	1.6, 
            "x" :	-1.829, 
            "y" :	-2.548, 
            "permitivitty" :	4.4, 
            "loss" :	0.02, 
            "name" :	"FR4"
        }
    }, 
    "fitness" :	{
        "items" :	1, 
        "0" :	"final", 
        "1" :	"freq", 
        "lower" :	1.5856891205078703, 
        "desired" :	1.460656716738684, 
        "upper" :	1.4399525814223257, 
        "area" :	0.6533544981807413, 
        "freq" :	1.229240906031364, 
        "final" :	1.009596533896748, 
        "resonant" :	905000000.0, 
        "dir" :	"C:\\Users\\project\\0. My Work\\1. Repositories\\1. Very Unfriendly Train\\Data\\Simulations\\637074791583617408_Primary\\637074841759754624_2\\2.out", 
        "890000000.0" :	{
            "f" :	0.9848217921787282, 
            "g" :	0.6008673283291421
        }, 
        "905000000.0" :	{
            "f" :	0.7622762975569316, 
            "g" :	0.5955069419867117
        }, 
        "920000000.0" :	{
            "f" :	0.964763482444949, 
            "g" :	0.5767303595558011
        }, 
        "935000000.0" :	{
            "f" :	0.9809377675326808, 
            "g" :	0.5017553011389775
        }, 
        "950000000.0" :	{
            "f" :	0.9725583106401293, 
            "g" :	0.4673942707821964
        }
    }
}