{
    "geometry" :	{
        "items" :	3, 
        "0" :	"feed", 
        "1" :	"ground plane", 
        "2" :	"radiating plane", 
        "feed" :	{
            "items" :	2, 
            "0" :	"center", 
            "1" :	"width", 
            "center" :	54.849, 
            "width" :	1.584
        }, 
        "ground plane" :	{
            "items" :	5, 
            "0" :	"l", 
            "1" :	"w", 
            "2" :	"x", 
            "3" :	"y", 
            "4" :	"slots", 
            "l" :	82.512, 
            "w" :	101.893, 
            "x" :	-0.208, 
            "y" :	-0.746, 
            "slots" :	{
                "items" :	4, 
                "0" :	"elliptical", 
                "1" :	"rectangular", 
                "2" :	"triangular", 
                "3" :	"polygonal", 
                "elliptical" :	{
                    "items" :	0
                }, 
                "rectangular" :	{
                    "items" :	3, 
                    "0" :	{
                        "items" :	4, 
                        "0" :	"x", 
                        "1" :	"y", 
                        "2" :	"l", 
                        "3" :	"w", 
                        "x" :	89.364, 
                        "y" :	-1.365, 
                        "z" :	0.0, 
                        "l" :	13.264, 
                        "w" :	12.183, 
                        "type" :	"rectangular", 
                        "id" :	"637074756696086912"
                    }, 
                    "1" :	{
                        "items" :	4, 
                        "0" :	"x", 
                        "1" :	"y", 
                        "2" :	"l", 
                        "3" :	"w", 
                        "x" :	9.37, 
                        "y" :	7.678, 
                        "z" :	0.0, 
                        "l" :	13.984, 
                        "w" :	3.327, 
                        "type" :	"rectangular", 
                        "id" :	"637074758836870528"
                    }, 
                    "2" :	{
                        "items" :	4, 
                        "0" :	"x", 
                        "1" :	"y", 
                        "2" :	"l", 
                        "3" :	"w", 
                        "x" :	58.032, 
                        "y" :	58.126, 
                        "z" :	0.0, 
                        "l" :	12.542, 
                        "w" :	16.989, 
                        "type" :	"rectangular", 
                        "id" :	"637074763211662464"
                    }
                }, 
                "triangular" :	{
                    "items" :	1, 
                    "0" :	{
                        "items" :	3, 
                        "0" :	{
                            "items" :	2, 
                            "0" :	"x", 
                            "1" :	"y", 
                            "x" :	50.421, 
                            "y" :	112.249, 
                            "z" :	0.0
                        }, 
                        "1" :	{
                            "items" :	2, 
                            "0" :	"x", 
                            "1" :	"y", 
                            "x" :	46.14, 
                            "y" :	98.555, 
                            "z" :	0.0
                        }, 
                        "2" :	{
                            "items" :	2, 
                            "0" :	"x", 
                            "1" :	"y", 
                            "x" :	51.635, 
                            "y" :	89.887, 
                            "z" :	0.0
                        }, 
                        "type" :	"triangular", 
                        "id" :	"637074760976682240"
                    }
                }, 
                "polygonal" :	{
                    "items" :	0
                }
            }
        }, 
        "radiating plane" :	{
            "items" :	5, 
            "0" :	"l", 
            "1" :	"w", 
            "2" :	"x", 
            "3" :	"y", 
            "4" :	"slots", 
            "l" :	75.512, 
            "w" :	100.481, 
            "x" :	4.139, 
            "y" :	3.747, 
            "slots" :	{
                "items" :	4, 
                "0" :	"elliptical", 
                "1" :	"rectangular", 
                "2" :	"triangular", 
                "3" :	"polygonal", 
                "elliptical" :	{
                    "items" :	0
                }, 
                "rectangular" :	{
                    "items" :	0
                }, 
                "triangular" :	{
                    "items" :	1, 
                    "0" :	{
                        "items" :	3, 
                        "0" :	{
                            "items" :	2, 
                            "0" :	"x", 
                            "1" :	"y", 
                            "x" :	25.089, 
                            "y" :	49.203, 
                            "z" :	1.6
                        }, 
                        "1" :	{
                            "items" :	2, 
                            "0" :	"x", 
                            "1" :	"y", 
                            "x" :	28.087, 
                            "y" :	47.99, 
                            "z" :	1.6
                        }, 
                        "2" :	{
                            "items" :	2, 
                            "0" :	"x", 
                            "1" :	"y", 
                            "x" :	24.688, 
                            "y" :	49.904, 
                            "z" :	1.6
                        }, 
                        "type" :	"triangular", 
                        "id" :	"637074760976692224"
                    }
                }, 
                "polygonal" :	{
                    "items" :	0
                }
            }
        }, 
        "substrate" :	{
            "items" :	4, 
            "0" :	"l", 
            "1" :	"w", 
            "2" :	"x", 
            "3" :	"h", 
            "l" :	82.512, 
            "w" :	105.02399999999999, 
            "h" :	1.6, 
            "x" :	-0.208, 
            "y" :	-0.746, 
            "permitivitty" :	4.4, 
            "loss" :	0.02, 
            "name" :	"FR4"
        }
    }, 
    "fitness" :	{
        "items" :	1, 
        "0" :	"final", 
        "1" :	"freq", 
        "lower" :	0.7454673265667244, 
        "desired" :	1.0922369396752691, 
        "upper" :	1.361204273348678, 
        "area" :	0.9149436214320166, 
        "freq" :	0.8959907941982939, 
        "final" :	1.4887488661457795, 
        "resonant" :	905000000.0, 
        "dir" :	"C:\\Users\\project\\0. My Work\\1. Repositories\\1. Very Unfriendly Train\\Data\\Simulations\\637074752774927488_Primary\\637074763211901824_2\\2.out", 
        "890000000.0" :	{
            "f" :	0.3292012280543869, 
            "g" :	0.4162660985123376
        }, 
        "905000000.0" :	{
            "f" :	0.1861838279015085, 
            "g" :	0.40387741445750514
        }, 
        "920000000.0" :	{
            "f" :	0.9312766055174555, 
            "g" :	0.3922157774090073
        }, 
        "935000000.0" :	{
            "f" :	0.9817110506053401, 
            "g" :	0.3814461431349909
        }, 
        "950000000.0" :	{
            "f" :	0.9894337376231326, 
            "g" :	0.3717705357255454
        }
    }
}