{
    "geometry" :	{
        "items" :	3, 
        "0" :	"feed", 
        "1" :	"ground plane", 
        "2" :	"radiating plane", 
        "feed" :	{
            "items" :	2, 
            "0" :	"center", 
            "1" :	"width", 
            "center" :	54.915, 
            "width" :	1.632
        }, 
        "ground plane" :	{
            "items" :	5, 
            "0" :	"l", 
            "1" :	"w", 
            "2" :	"x", 
            "3" :	"y", 
            "4" :	"slots", 
            "l" :	78.915, 
            "w" :	93.551, 
            "x" :	-1.075, 
            "y" :	-0.585, 
            "slots" :	{
                "items" :	4, 
                "0" :	"elliptical", 
                "1" :	"rectangular", 
                "2" :	"triangular", 
                "3" :	"polygonal", 
                "elliptical" :	{
                    "items" :	0
                }, 
                "rectangular" :	{
                    "items" :	3, 
                    "0" :	{
                        "items" :	4, 
                        "0" :	"x", 
                        "1" :	"y", 
                        "2" :	"l", 
                        "3" :	"w", 
                        "x" :	44.153, 
                        "y" :	42.582, 
                        "z" :	0.0, 
                        "l" :	9.444, 
                        "w" :	15.865, 
                        "type" :	"rectangular", 
                        "id" :	"637074794711172352"
                    }, 
                    "1" :	{
                        "items" :	4, 
                        "0" :	"x", 
                        "1" :	"y", 
                        "2" :	"l", 
                        "3" :	"w", 
                        "x" :	28.426, 
                        "y" :	-0.836, 
                        "z" :	0.0, 
                        "l" :	19.703, 
                        "w" :	14.921, 
                        "type" :	"rectangular", 
                        "id" :	"637074796343085952"
                    }, 
                    "2" :	{
                        "items" :	4, 
                        "0" :	"x", 
                        "1" :	"y", 
                        "2" :	"l", 
                        "3" :	"w", 
                        "x" :	8.333, 
                        "y" :	74.868, 
                        "z" :	0.0, 
                        "l" :	23.048, 
                        "w" :	6.628, 
                        "type" :	"rectangular", 
                        "id" :	"637074801091311488"
                    }
                }, 
                "triangular" :	{
                    "items" :	1, 
                    "0" :	{
                        "items" :	3, 
                        "0" :	{
                            "items" :	2, 
                            "0" :	"x", 
                            "1" :	"y", 
                            "x" :	73.068, 
                            "y" :	109.849, 
                            "z" :	0.0
                        }, 
                        "1" :	{
                            "items" :	2, 
                            "0" :	"x", 
                            "1" :	"y", 
                            "x" :	77.97, 
                            "y" :	92.683, 
                            "z" :	0.0
                        }, 
                        "2" :	{
                            "items" :	2, 
                            "0" :	"x", 
                            "1" :	"y", 
                            "x" :	69.772, 
                            "y" :	97.057, 
                            "z" :	0.0
                        }, 
                        "type" :	"triangular", 
                        "id" :	"637074799422796672"
                    }
                }, 
                "polygonal" :	{
                    "items" :	0
                }
            }
        }, 
        "radiating plane" :	{
            "items" :	5, 
            "0" :	"l", 
            "1" :	"w", 
            "2" :	"x", 
            "3" :	"y", 
            "4" :	"slots", 
            "l" :	71.57, 
            "w" :	95.265, 
            "x" :	3.989, 
            "y" :	6.37, 
            "slots" :	{
                "items" :	4, 
                "0" :	"elliptical", 
                "1" :	"rectangular", 
                "2" :	"triangular", 
                "3" :	"polygonal", 
                "elliptical" :	{
                    "items" :	0
                }, 
                "rectangular" :	{
                    "items" :	1, 
                    "0" :	{
                        "items" :	4, 
                        "0" :	"x", 
                        "1" :	"y", 
                        "2" :	"l", 
                        "3" :	"w", 
                        "x" :	43.847, 
                        "y" :	5.173, 
                        "z" :	1.6, 
                        "l" :	3.285, 
                        "w" :	1.899, 
                        "type" :	"rectangular", 
                        "id" :	"637074801091321472"
                    }
                }, 
                "triangular" :	{
                    "items" :	0
                }, 
                "polygonal" :	{
                    "items" :	0
                }
            }
        }, 
        "substrate" :	{
            "items" :	4, 
            "0" :	"l", 
            "1" :	"w", 
            "2" :	"x", 
            "3" :	"h", 
            "l" :	78.915, 
            "w" :	102.27, 
            "h" :	1.6, 
            "x" :	-1.075, 
            "y" :	-0.585, 
            "permitivitty" :	4.4, 
            "loss" :	0.02, 
            "name" :	"FR4"
        }
    }, 
    "fitness" :	{
        "items" :	1, 
        "0" :	"final", 
        "1" :	"freq", 
        "lower" :	1.2322521694149744, 
        "desired" :	0.8185560246494501, 
        "upper" :	1.277588408492535, 
        "area" :	0.8521116078237133, 
        "freq" :	0.7416100720795147, 
        "final" :	1.2917073598932742, 
        "resonant" :	905000000.0, 
        "dir" :	"C:\\Users\\project\\0. My Work\\1. Repositories\\1. Very Unfriendly Train\\Data\\Simulations\\637074791583617408_Primary\\637074801091550848_0\\0.out", 
        "890000000.0" :	{
            "f" :	0.8618808121900586, 
            "g" :	0.37037135722491576
        }, 
        "905000000.0" :	{
            "f" :	0.0027879227822238247, 
            "g" :	0.3492873315092
        }, 
        "920000000.0" :	{
            "f" :	0.5062496744995103, 
            "g" :	0.32930197965616365
        }, 
        "935000000.0" :	{
            "f" :	0.9574719811899598, 
            "g" :	0.31056918431129266
        }, 
        "950000000.0" :	{
            "f" :	0.984493479571033, 
            "g" :	0.293094928921502
        }
    }
}