{
    "geometry" :	{
        "items" :	3, 
        "0" :	"feed", 
        "1" :	"ground plane", 
        "2" :	"radiating plane", 
        "feed" :	{
            "items" :	2, 
            "0" :	"center", 
            "1" :	"width", 
            "center" :	54.573, 
            "width" :	1.599
        }, 
        "ground plane" :	{
            "items" :	5, 
            "0" :	"l", 
            "1" :	"w", 
            "2" :	"x", 
            "3" :	"y", 
            "4" :	"slots", 
            "l" :	84.325, 
            "w" :	100.105, 
            "x" :	-0.24, 
            "y" :	-0.629, 
            "slots" :	{
                "items" :	4, 
                "0" :	"elliptical", 
                "1" :	"rectangular", 
                "2" :	"triangular", 
                "3" :	"polygonal", 
                "elliptical" :	{
                    "items" :	0
                }, 
                "rectangular" :	{
                    "items" :	1, 
                    "0" :	{
                        "items" :	4, 
                        "0" :	"x", 
                        "1" :	"y", 
                        "2" :	"l", 
                        "3" :	"w", 
                        "x" :	50.882, 
                        "y" :	14.865, 
                        "z" :	0.0, 
                        "l" :	13.845, 
                        "w" :	10.215, 
                        "type" :	"rectangular", 
                        "id" :	"637074791812683008"
                    }
                }, 
                "triangular" :	{
                    "items" :	1, 
                    "0" :	{
                        "items" :	3, 
                        "0" :	{
                            "items" :	2, 
                            "0" :	"x", 
                            "1" :	"y", 
                            "x" :	71.582, 
                            "y" :	32.628, 
                            "z" :	0.0
                        }, 
                        "1" :	{
                            "items" :	2, 
                            "0" :	"x", 
                            "1" :	"y", 
                            "x" :	61.468, 
                            "y" :	47.561, 
                            "z" :	0.0
                        }, 
                        "2" :	{
                            "items" :	2, 
                            "0" :	"x", 
                            "1" :	"y", 
                            "x" :	67.866, 
                            "y" :	36.916, 
                            "z" :	0.0
                        }, 
                        "type" :	"triangular", 
                        "id" :	"637074793148446208"
                    }
                }, 
                "polygonal" :	{
                    "items" :	0
                }
            }
        }, 
        "radiating plane" :	{
            "items" :	5, 
            "0" :	"l", 
            "1" :	"w", 
            "2" :	"x", 
            "3" :	"y", 
            "4" :	"slots", 
            "l" :	76.703, 
            "w" :	98.908, 
            "x" :	5.208, 
            "y" :	5.056, 
            "slots" :	{
                "items" :	4, 
                "0" :	"elliptical", 
                "1" :	"rectangular", 
                "2" :	"triangular", 
                "3" :	"polygonal", 
                "elliptical" :	{
                    "items" :	0
                }, 
                "rectangular" :	{
                    "items" :	0
                }, 
                "triangular" :	{
                    "items" :	0
                }, 
                "polygonal" :	{
                    "items" :	0
                }
            }
        }, 
        "substrate" :	{
            "items" :	4, 
            "0" :	"l", 
            "1" :	"w", 
            "2" :	"x", 
            "3" :	"h", 
            "l" :	84.325, 
            "w" :	104.643, 
            "h" :	1.6, 
            "x" :	-0.24, 
            "y" :	-0.629, 
            "permitivitty" :	4.4, 
            "loss" :	0.02, 
            "name" :	"FR4"
        }
    }, 
    "fitness" :	{
        "items" :	1, 
        "0" :	"final", 
        "1" :	"freq", 
        "lower" :	1.3223510217786847, 
        "desired" :	0.9212108349130134, 
        "upper" :	1.3575567524927479, 
        "area" :	0.9316551659918122, 
        "freq" :	0.8251252589149349, 
        "final" :	1.5646963611524956, 
        "resonant" :	905000000.0, 
        "dir" :	"C:\\Users\\project\\0. My Work\\1. Repositories\\1. Very Unfriendly Train\\Data\\Simulations\\637074791583617408_Primary\\637074793148595456_1\\1.out", 
        "890000000.0" :	{
            "f" :	0.9085341390870038, 
            "g" :	0.413816882691681
        }, 
        "905000000.0" :	{
            "f" :	0.06158734722582961, 
            "g" :	0.40196058812538843
        }, 
        "920000000.0" :	{
            "f" :	0.567125637811534, 
            "g" :	0.39097175910038195
        }, 
        "935000000.0" :	{
            "f" :	0.9610369838265481, 
            "g" :	0.3809501886493579
        }, 
        "950000000.0" :	{
            "f" :	0.9855617853629596, 
            "g" :	0.37199496712978836
        }
    }
}