{
    "geometry" :	{
        "items" :	3, 
        "0" :	"feed", 
        "1" :	"ground plane", 
        "2" :	"radiating plane", 
        "feed" :	{
            "items" :	2, 
            "0" :	"center", 
            "1" :	"width", 
            "center" :	53.759, 
            "width" :	1.557
        }, 
        "ground plane" :	{
            "items" :	5, 
            "0" :	"l", 
            "1" :	"w", 
            "2" :	"x", 
            "3" :	"y", 
            "4" :	"slots", 
            "l" :	84.213, 
            "w" :	102.034, 
            "x" :	-0.411, 
            "y" :	-0.733, 
            "slots" :	{
                "items" :	4, 
                "0" :	"elliptical", 
                "1" :	"rectangular", 
                "2" :	"triangular", 
                "3" :	"polygonal", 
                "elliptical" :	{
                    "items" :	0
                }, 
                "rectangular" :	{
                    "items" :	0
                }, 
                "triangular" :	{
                    "items" :	1, 
                    "0" :	{
                        "items" :	3, 
                        "0" :	{
                            "items" :	2, 
                            "0" :	"x", 
                            "1" :	"y", 
                            "x" :	70.559, 
                            "y" :	80.761, 
                            "z" :	0.0
                        }, 
                        "1" :	{
                            "items" :	2, 
                            "0" :	"x", 
                            "1" :	"y", 
                            "x" :	87.129, 
                            "y" :	80.425, 
                            "z" :	0.0
                        }, 
                        "2" :	{
                            "items" :	2, 
                            "0" :	"x", 
                            "1" :	"y", 
                            "x" :	76.699, 
                            "y" :	91.425, 
                            "z" :	0.0
                        }, 
                        "type" :	"triangular", 
                        "id" :	"637074793148425856"
                    }
                }, 
                "polygonal" :	{
                    "items" :	0
                }
            }
        }, 
        "radiating plane" :	{
            "items" :	5, 
            "0" :	"l", 
            "1" :	"w", 
            "2" :	"x", 
            "3" :	"y", 
            "4" :	"slots", 
            "l" :	75.871, 
            "w" :	98.032, 
            "x" :	5.105, 
            "y" :	4.066, 
            "slots" :	{
                "items" :	4, 
                "0" :	"elliptical", 
                "1" :	"rectangular", 
                "2" :	"triangular", 
                "3" :	"polygonal", 
                "elliptical" :	{
                    "items" :	0
                }, 
                "rectangular" :	{
                    "items" :	0
                }, 
                "triangular" :	{
                    "items" :	0
                }, 
                "polygonal" :	{
                    "items" :	0
                }
            }
        }, 
        "substrate" :	{
            "items" :	4, 
            "0" :	"l", 
            "1" :	"w", 
            "2" :	"x", 
            "3" :	"h", 
            "l" :	84.213, 
            "w" :	102.881, 
            "h" :	1.6, 
            "x" :	-0.411, 
            "y" :	-0.733, 
            "permitivitty" :	4.4, 
            "loss" :	0.02, 
            "name" :	"FR4"
        }
    }, 
    "fitness" :	{
        "items" :	1, 
        "0" :	"final", 
        "1" :	"freq", 
        "lower" :	1.3860134460467917, 
        "desired" :	1.0884959654182855, 
        "upper" :	0.48273863999471245, 
        "area" :	0.9147511845239132, 
        "freq" :	0.9038952507065128, 
        "final" :	1.6152869308977704, 
        "resonant" :	950000000.0, 
        "dir" :	"C:\\Users\\project\\0. My Work\\1. Repositories\\1. Very Unfriendly Train\\Data\\Simulations\\637074791583617408_Primary\\637074793148595456_0\\0.out", 
        "890000000.0" :	{
            "f" :	0.9911717702237877, 
            "g" :	0.39484167582300406
        }, 
        "905000000.0" :	{
            "f" :	0.9856308734294753, 
            "g" :	0.381684319569286
        }, 
        "920000000.0" :	{
            "f" :	0.9506777568651069, 
            "g" :	0.3693078431615817
        }, 
        "935000000.0" :	{
            "f" :	0.22027463261793623, 
            "g" :	0.3579124706114698
        }, 
        "950000000.0" :	{
            "f" :	0.1350608975078011, 
            "g" :	0.34767774248691136
        }
    }
}