{
    "geometry" :	{
        "items" :	3, 
        "0" :	"feed", 
        "1" :	"ground plane", 
        "2" :	"radiating plane", 
        "feed" :	{
            "items" :	2, 
            "0" :	"center", 
            "1" :	"width", 
            "center" :	54.537, 
            "width" :	1.634
        }, 
        "ground plane" :	{
            "items" :	5, 
            "0" :	"l", 
            "1" :	"w", 
            "2" :	"x", 
            "3" :	"y", 
            "4" :	"slots", 
            "l" :	66.666, 
            "w" :	85.24, 
            "x" :	-1.112, 
            "y" :	-1.79, 
            "slots" :	{
                "items" :	4, 
                "0" :	"elliptical", 
                "1" :	"rectangular", 
                "2" :	"triangular", 
                "3" :	"polygonal", 
                "elliptical" :	{
                    "items" :	0
                }, 
                "rectangular" :	{
                    "items" :	5, 
                    "0" :	{
                        "items" :	4, 
                        "0" :	"x", 
                        "1" :	"y", 
                        "2" :	"l", 
                        "3" :	"w", 
                        "x" :	38.028, 
                        "y" :	40.618, 
                        "z" :	0.0, 
                        "l" :	12.224, 
                        "w" :	20.403, 
                        "type" :	"rectangular", 
                        "id" :	"637074794711172352"
                    }, 
                    "1" :	{
                        "items" :	4, 
                        "0" :	"x", 
                        "1" :	"y", 
                        "2" :	"l", 
                        "3" :	"w", 
                        "x" :	38.725, 
                        "y" :	72.735, 
                        "z" :	0.0, 
                        "l" :	30.602, 
                        "w" :	16.507, 
                        "type" :	"rectangular", 
                        "id" :	"637074802750269696"
                    }, 
                    "2" :	{
                        "items" :	4, 
                        "0" :	"x", 
                        "1" :	"y", 
                        "2" :	"l", 
                        "3" :	"w", 
                        "x" :	58.806, 
                        "y" :	77.574, 
                        "z" :	0.0, 
                        "l" :	1.996, 
                        "w" :	15.697, 
                        "type" :	"rectangular", 
                        "id" :	"637074808733894784"
                    }, 
                    "3" :	{
                        "items" :	4, 
                        "0" :	"x", 
                        "1" :	"y", 
                        "2" :	"l", 
                        "3" :	"w", 
                        "x" :	54.953, 
                        "y" :	16.631, 
                        "z" :	0.0, 
                        "l" :	9.677, 
                        "w" :	18.354, 
                        "type" :	"rectangular", 
                        "id" :	"637074821576554752"
                    }, 
                    "4" :	{
                        "items" :	4, 
                        "0" :	"x", 
                        "1" :	"y", 
                        "2" :	"l", 
                        "3" :	"w", 
                        "x" :	62.062, 
                        "y" :	42.715, 
                        "z" :	0.0, 
                        "l" :	4.293, 
                        "w" :	2.273, 
                        "type" :	"rectangular", 
                        "id" :	"637074823382710400"
                    }
                }, 
                "triangular" :	{
                    "items" :	3, 
                    "0" :	{
                        "items" :	3, 
                        "0" :	{
                            "items" :	2, 
                            "0" :	"x", 
                            "1" :	"y", 
                            "x" :	74.551, 
                            "y" :	114.668, 
                            "z" :	0.0
                        }, 
                        "1" :	{
                            "items" :	2, 
                            "0" :	"x", 
                            "1" :	"y", 
                            "x" :	75.217, 
                            "y" :	75.589, 
                            "z" :	0.0
                        }, 
                        "2" :	{
                            "items" :	2, 
                            "0" :	"x", 
                            "1" :	"y", 
                            "x" :	59.14, 
                            "y" :	92.17, 
                            "z" :	0.0
                        }, 
                        "type" :	"triangular", 
                        "id" :	"637074799422796672"
                    }, 
                    "1" :	{
                        "items" :	3, 
                        "0" :	{
                            "items" :	2, 
                            "0" :	"x", 
                            "1" :	"y", 
                            "x" :	65.845, 
                            "y" :	40.637, 
                            "z" :	0.0
                        }, 
                        "1" :	{
                            "items" :	2, 
                            "0" :	"x", 
                            "1" :	"y", 
                            "x" :	54.93, 
                            "y" :	34.813, 
                            "z" :	0.0
                        }, 
                        "2" :	{
                            "items" :	2, 
                            "0" :	"x", 
                            "1" :	"y", 
                            "x" :	79.771, 
                            "y" :	61.889, 
                            "z" :	0.0
                        }, 
                        "type" :	"triangular", 
                        "id" :	"637074801091451392"
                    }, 
                    "2" :	{
                        "items" :	3, 
                        "0" :	{
                            "items" :	2, 
                            "0" :	"x", 
                            "1" :	"y", 
                            "x" :	24.202, 
                            "y" :	24.25, 
                            "z" :	0.0
                        }, 
                        "1" :	{
                            "items" :	2, 
                            "0" :	"x", 
                            "1" :	"y", 
                            "x" :	27.469, 
                            "y" :	30.231, 
                            "z" :	0.0
                        }, 
                        "2" :	{
                            "items" :	2, 
                            "0" :	"x", 
                            "1" :	"y", 
                            "x" :	15.173, 
                            "y" :	37.501, 
                            "z" :	0.0
                        }, 
                        "type" :	"triangular", 
                        "id" :	"637074819634485760"
                    }
                }, 
                "polygonal" :	{
                    "items" :	0
                }
            }
        }, 
        "radiating plane" :	{
            "items" :	5, 
            "0" :	"l", 
            "1" :	"w", 
            "2" :	"x", 
            "3" :	"y", 
            "4" :	"slots", 
            "l" :	62.252, 
            "w" :	86.368, 
            "x" :	1.857, 
            "y" :	3.714, 
            "slots" :	{
                "items" :	4, 
                "0" :	"elliptical", 
                "1" :	"rectangular", 
                "2" :	"triangular", 
                "3" :	"polygonal", 
                "elliptical" :	{
                    "items" :	0
                }, 
                "rectangular" :	{
                    "items" :	0
                }, 
                "triangular" :	{
                    "items" :	0
                }, 
                "polygonal" :	{
                    "items" :	0
                }
            }
        }, 
        "substrate" :	{
            "items" :	4, 
            "0" :	"l", 
            "1" :	"w", 
            "2" :	"x", 
            "3" :	"h", 
            "l" :	66.666, 
            "w" :	91.922, 
            "h" :	1.6, 
            "x" :	-1.112, 
            "y" :	-1.79, 
            "permitivitty" :	4.4, 
            "loss" :	0.02, 
            "name" :	"FR4"
        }
    }, 
    "fitness" :	{
        "items" :	1, 
        "0" :	"final", 
        "1" :	"freq", 
        "lower" :	1.5257293642280172, 
        "desired" :	1.5169168726100206, 
        "upper" :	1.504646970338289, 
        "area" :	0.6470122862344901, 
        "freq" :	1.2667611553033102, 
        "final" :	1.0102583572254025, 
        "resonant" :	950000000.0, 
        "dir" :	"C:\\Users\\project\\0. My Work\\1. Repositories\\1. Very Unfriendly Train\\Data\\Simulations\\637074791583617408_Primary\\637074823382779904_5\\5.out", 
        "890000000.0" :	{
            "f" :	0.9934838450661924, 
            "g" :	0.5322455191618248
        }, 
        "905000000.0" :	{
            "f" :	0.9933398664663035, 
            "g" :	0.5287889023276725
        }, 
        "920000000.0" :	{
            "f" :	0.9930012474899166, 
            "g" :	0.5243684179243547
        }, 
        "935000000.0" :	{
            "f" :	0.9923931233857937, 
            "g" :	0.5188590602360214
        }, 
        "950000000.0" :	{
            "f" :	0.9912853766345286, 
            "g" :	0.5133615937037604
        }
    }
}