{
    "geometry" :	{
        "items" :	3, 
        "0" :	"feed", 
        "1" :	"ground plane", 
        "2" :	"radiating plane", 
        "feed" :	{
            "items" :	2, 
            "0" :	"center", 
            "1" :	"width", 
            "center" :	54.8, 
            "width" :	1.599
        }, 
        "ground plane" :	{
            "items" :	5, 
            "0" :	"l", 
            "1" :	"w", 
            "2" :	"x", 
            "3" :	"y", 
            "4" :	"slots", 
            "l" :	85.165, 
            "w" :	107.16, 
            "x" :	-0.227, 
            "y" :	-0.579, 
            "slots" :	{
                "items" :	4, 
                "0" :	"elliptical", 
                "1" :	"rectangular", 
                "2" :	"triangular", 
                "3" :	"polygonal", 
                "elliptical" :	{
                    "items" :	0
                }, 
                "rectangular" :	{
                    "items" :	1, 
                    "0" :	{
                        "items" :	4, 
                        "0" :	"x", 
                        "1" :	"y", 
                        "2" :	"l", 
                        "3" :	"w", 
                        "x" :	13.767, 
                        "y" :	41.565, 
                        "z" :	0.0, 
                        "l" :	11.9, 
                        "w" :	20.998, 
                        "type" :	"rectangular", 
                        "id" :	"637074791812683008"
                    }
                }, 
                "triangular" :	{
                    "items" :	0
                }, 
                "polygonal" :	{
                    "items" :	0
                }
            }
        }, 
        "radiating plane" :	{
            "items" :	5, 
            "0" :	"l", 
            "1" :	"w", 
            "2" :	"x", 
            "3" :	"y", 
            "4" :	"slots", 
            "l" :	75.787, 
            "w" :	98.876, 
            "x" :	4.987, 
            "y" :	4.96, 
            "slots" :	{
                "items" :	4, 
                "0" :	"elliptical", 
                "1" :	"rectangular", 
                "2" :	"triangular", 
                "3" :	"polygonal", 
                "elliptical" :	{
                    "items" :	0
                }, 
                "rectangular" :	{
                    "items" :	0
                }, 
                "triangular" :	{
                    "items" :	0
                }, 
                "polygonal" :	{
                    "items" :	0
                }
            }
        }, 
        "substrate" :	{
            "items" :	4, 
            "0" :	"l", 
            "1" :	"w", 
            "2" :	"x", 
            "3" :	"h", 
            "l" :	85.165, 
            "w" :	107.16, 
            "h" :	1.6, 
            "x" :	-0.227, 
            "y" :	-0.579, 
            "permitivitty" :	4.4, 
            "loss" :	0.02, 
            "name" :	"FR4"
        }
    }, 
    "fitness" :	{
        "items" :	1, 
        "0" :	"final", 
        "1" :	"freq", 
        "lower" :	1.3611451221172934, 
        "desired" :	0.811233302577473, 
        "upper" :	1.250279196029989, 
        "area" :	0.9635683365547517, 
        "freq" :	0.7460746069857004, 
        "final" :	1.5328028744110265, 
        "resonant" :	935000000.0, 
        "dir" :	"C:\\Users\\project\\0. My Work\\1. Repositories\\1. Very Unfriendly Train\\Data\\Simulations\\637074791583617408_Primary\\637074791812683008_5\\5.out", 
        "890000000.0" :	{
            "f" :	0.9879162139620986, 
            "g" :	0.3732289081551949
        }, 
        "905000000.0" :	{
            "f" :	0.965592477672935, 
            "g" :	0.3588298793133724
        }, 
        "920000000.0" :	{
            "f" :	0.39780964204567976, 
            "g" :	0.34525998396764923
        }, 
        "935000000.0" :	{
            "f" :	0.033528153932579796, 
            "g" :	0.33267977080020267
        }, 
        "950000000.0" :	{
            "f" :	0.9290552409151859, 
            "g" :	0.32122395511480306
        }
    }
}