{
    "geometry" :	{
        "items" :	3, 
        "0" :	"feed", 
        "1" :	"ground plane", 
        "2" :	"radiating plane", 
        "feed" :	{
            "items" :	2, 
            "0" :	"center", 
            "1" :	"width", 
            "center" :	55.77, 
            "width" :	1.597
        }, 
        "ground plane" :	{
            "items" :	5, 
            "0" :	"l", 
            "1" :	"w", 
            "2" :	"x", 
            "3" :	"y", 
            "4" :	"slots", 
            "l" :	85.802, 
            "w" :	100.866, 
            "x" :	-0.325, 
            "y" :	-1.004, 
            "slots" :	{
                "items" :	4, 
                "0" :	"elliptical", 
                "1" :	"rectangular", 
                "2" :	"triangular", 
                "3" :	"polygonal", 
                "elliptical" :	{
                    "items" :	0
                }, 
                "rectangular" :	{
                    "items" :	3, 
                    "0" :	{
                        "items" :	4, 
                        "0" :	"x", 
                        "1" :	"y", 
                        "2" :	"l", 
                        "3" :	"w", 
                        "x" :	14.526, 
                        "y" :	12.375, 
                        "z" :	0.0, 
                        "l" :	15.171, 
                        "w" :	6.0, 
                        "type" :	"rectangular", 
                        "id" :	"637074758836870528"
                    }, 
                    "1" :	{
                        "items" :	4, 
                        "0" :	"x", 
                        "1" :	"y", 
                        "2" :	"l", 
                        "3" :	"w", 
                        "x" :	83.654, 
                        "y" :	10.02, 
                        "z" :	0.0, 
                        "l" :	28.407, 
                        "w" :	12.112, 
                        "type" :	"rectangular", 
                        "id" :	"637074763211752192"
                    }, 
                    "2" :	{
                        "items" :	4, 
                        "0" :	"x", 
                        "1" :	"y", 
                        "2" :	"l", 
                        "3" :	"w", 
                        "x" :	3.809, 
                        "y" :	46.787, 
                        "z" :	0.0, 
                        "l" :	10.744, 
                        "w" :	15.404, 
                        "type" :	"rectangular", 
                        "id" :	"637074777942735616"
                    }
                }, 
                "triangular" :	{
                    "items" :	1, 
                    "0" :	{
                        "items" :	3, 
                        "0" :	{
                            "items" :	2, 
                            "0" :	"x", 
                            "1" :	"y", 
                            "x" :	55.663, 
                            "y" :	106.119, 
                            "z" :	0.0
                        }, 
                        "1" :	{
                            "items" :	2, 
                            "0" :	"x", 
                            "1" :	"y", 
                            "x" :	47.098, 
                            "y" :	97.421, 
                            "z" :	0.0
                        }, 
                        "2" :	{
                            "items" :	2, 
                            "0" :	"x", 
                            "1" :	"y", 
                            "x" :	53.373, 
                            "y" :	94.665, 
                            "z" :	0.0
                        }, 
                        "type" :	"triangular", 
                        "id" :	"637074760976682240"
                    }
                }, 
                "polygonal" :	{
                    "items" :	0
                }
            }
        }, 
        "radiating plane" :	{
            "items" :	5, 
            "0" :	"l", 
            "1" :	"w", 
            "2" :	"x", 
            "3" :	"y", 
            "4" :	"slots", 
            "l" :	72.388, 
            "w" :	101.268, 
            "x" :	4.201, 
            "y" :	3.366, 
            "slots" :	{
                "items" :	4, 
                "0" :	"elliptical", 
                "1" :	"rectangular", 
                "2" :	"triangular", 
                "3" :	"polygonal", 
                "elliptical" :	{
                    "items" :	0
                }, 
                "rectangular" :	{
                    "items" :	1, 
                    "0" :	{
                        "items" :	4, 
                        "0" :	"x", 
                        "1" :	"y", 
                        "2" :	"l", 
                        "3" :	"w", 
                        "x" :	47.96, 
                        "y" :	5.047, 
                        "z" :	1.6, 
                        "l" :	1.771, 
                        "w" :	2.6, 
                        "type" :	"rectangular", 
                        "id" :	"637074777942765440"
                    }
                }, 
                "triangular" :	{
                    "items" :	2, 
                    "0" :	{
                        "items" :	3, 
                        "0" :	{
                            "items" :	2, 
                            "0" :	"x", 
                            "1" :	"y", 
                            "x" :	23.261, 
                            "y" :	50.61, 
                            "z" :	1.6
                        }, 
                        "1" :	{
                            "items" :	2, 
                            "0" :	"x", 
                            "1" :	"y", 
                            "x" :	25.915, 
                            "y" :	48.922, 
                            "z" :	1.6
                        }, 
                        "2" :	{
                            "items" :	2, 
                            "0" :	"x", 
                            "1" :	"y", 
                            "x" :	25.448, 
                            "y" :	50.12, 
                            "z" :	1.6
                        }, 
                        "type" :	"triangular", 
                        "id" :	"637074760976692224"
                    }, 
                    "1" :	{
                        "items" :	3, 
                        "0" :	{
                            "items" :	2, 
                            "0" :	"x", 
                            "1" :	"y", 
                            "x" :	15.815, 
                            "y" :	64.428, 
                            "z" :	1.6
                        }, 
                        "1" :	{
                            "items" :	2, 
                            "0" :	"x", 
                            "1" :	"y", 
                            "x" :	17.484, 
                            "y" :	63.009, 
                            "z" :	1.6
                        }, 
                        "2" :	{
                            "items" :	2, 
                            "0" :	"x", 
                            "1" :	"y", 
                            "x" :	16.804, 
                            "y" :	63.073, 
                            "z" :	1.6
                        }, 
                        "type" :	"triangular", 
                        "id" :	"637074763211772160"
                    }
                }, 
                "polygonal" :	{
                    "items" :	0
                }
            }
        }, 
        "substrate" :	{
            "items" :	4, 
            "0" :	"l", 
            "1" :	"w", 
            "2" :	"x", 
            "3" :	"h", 
            "l" :	85.802, 
            "w" :	105.688, 
            "h" :	1.6, 
            "x" :	-0.325, 
            "y" :	-1.004, 
            "permitivitty" :	4.4, 
            "loss" :	0.02, 
            "name" :	"FR4"
        }
    }, 
    "fitness" :	{
        "items" :	1, 
        "0" :	"final", 
        "1" :	"freq", 
        "lower" :	1.3055420566795144, 
        "desired" :	1.2577744624429645, 
        "upper" :	1.1797484693790652, 
        "area" :	0.9574404141840979, 
        "freq" :	1.0504006219967872, 
        "final" :	1.7437525841974266, 
        "resonant" :	950000000.0, 
        "dir" :	"C:\\Users\\project\\0. My Work\\1. Repositories\\1. Very Unfriendly Train\\Data\\Simulations\\637074752774927488_Primary\\637074777942905088_5\\5.out", 
        "890000000.0" :	{
            "f" :	0.9938446951608232, 
            "g" :	0.3116973615186913
        }, 
        "905000000.0" :	{
            "f" :	0.9930772818575265, 
            "g" :	0.28877923743195916
        }, 
        "920000000.0" :	{
            "f" :	0.9913667769389846, 
            "g" :	0.26709448355127846
        }, 
        "935000000.0" :	{
            "f" :	0.986084426030546, 
            "g" :	0.24692118151859854
        }, 
        "950000000.0" :	{
            "f" :	0.9512806725093726, 
            "g" :	0.2284677968696925
        }
    }
}