{
    "geometry" :	{
        "items" :	3, 
        "0" :	"feed", 
        "1" :	"ground plane", 
        "2" :	"radiating plane", 
        "feed" :	{
            "items" :	2, 
            "0" :	"center", 
            "1" :	"width", 
            "center" :	54.918, 
            "width" :	1.619
        }, 
        "ground plane" :	{
            "items" :	5, 
            "0" :	"l", 
            "1" :	"w", 
            "2" :	"x", 
            "3" :	"y", 
            "4" :	"slots", 
            "l" :	68.403, 
            "w" :	81.736, 
            "x" :	-1.541, 
            "y" :	-1.73, 
            "slots" :	{
                "items" :	4, 
                "0" :	"elliptical", 
                "1" :	"rectangular", 
                "2" :	"triangular", 
                "3" :	"polygonal", 
                "elliptical" :	{
                    "items" :	0
                }, 
                "rectangular" :	{
                    "items" :	5, 
                    "0" :	{
                        "items" :	4, 
                        "0" :	"x", 
                        "1" :	"y", 
                        "2" :	"l", 
                        "3" :	"w", 
                        "x" :	36.576, 
                        "y" :	38.348, 
                        "z" :	0.0, 
                        "l" :	11.575, 
                        "w" :	20.842, 
                        "type" :	"rectangular", 
                        "id" :	"637074794711172352"
                    }, 
                    "1" :	{
                        "items" :	4, 
                        "0" :	"x", 
                        "1" :	"y", 
                        "2" :	"l", 
                        "3" :	"w", 
                        "x" :	21.485, 
                        "y" :	-4.825, 
                        "z" :	0.0, 
                        "l" :	22.114, 
                        "w" :	17.963, 
                        "type" :	"rectangular", 
                        "id" :	"637074796343085952"
                    }, 
                    "2" :	{
                        "items" :	4, 
                        "0" :	"x", 
                        "1" :	"y", 
                        "2" :	"l", 
                        "3" :	"w", 
                        "x" :	41.636, 
                        "y" :	72.634, 
                        "z" :	0.0, 
                        "l" :	25.96, 
                        "w" :	10.429, 
                        "type" :	"rectangular", 
                        "id" :	"637074802750269696"
                    }, 
                    "3" :	{
                        "items" :	4, 
                        "0" :	"x", 
                        "1" :	"y", 
                        "2" :	"l", 
                        "3" :	"w", 
                        "x" :	59.442, 
                        "y" :	83.916, 
                        "z" :	0.0, 
                        "l" :	1.464, 
                        "w" :	11.006, 
                        "type" :	"rectangular", 
                        "id" :	"637074808733894784"
                    }, 
                    "4" :	{
                        "items" :	4, 
                        "0" :	"x", 
                        "1" :	"y", 
                        "2" :	"l", 
                        "3" :	"w", 
                        "x" :	58.708, 
                        "y" :	13.695, 
                        "z" :	0.0, 
                        "l" :	11.582, 
                        "w" :	18.773, 
                        "type" :	"rectangular", 
                        "id" :	"637074821576554752"
                    }
                }, 
                "triangular" :	{
                    "items" :	3, 
                    "0" :	{
                        "items" :	3, 
                        "0" :	{
                            "items" :	2, 
                            "0" :	"x", 
                            "1" :	"y", 
                            "x" :	66.48, 
                            "y" :	41.5, 
                            "z" :	0.0
                        }, 
                        "1" :	{
                            "items" :	2, 
                            "0" :	"x", 
                            "1" :	"y", 
                            "x" :	58.728, 
                            "y" :	42.716, 
                            "z" :	0.0
                        }, 
                        "2" :	{
                            "items" :	2, 
                            "0" :	"x", 
                            "1" :	"y", 
                            "x" :	82.826, 
                            "y" :	61.427, 
                            "z" :	0.0
                        }, 
                        "type" :	"triangular", 
                        "id" :	"637074801091451392"
                    }, 
                    "1" :	{
                        "items" :	3, 
                        "0" :	{
                            "items" :	2, 
                            "0" :	"x", 
                            "1" :	"y", 
                            "x" :	24.661, 
                            "y" :	25.52, 
                            "z" :	0.0
                        }, 
                        "1" :	{
                            "items" :	2, 
                            "0" :	"x", 
                            "1" :	"y", 
                            "x" :	26.807, 
                            "y" :	30.369, 
                            "z" :	0.0
                        }, 
                        "2" :	{
                            "items" :	2, 
                            "0" :	"x", 
                            "1" :	"y", 
                            "x" :	16.762, 
                            "y" :	35.039, 
                            "z" :	0.0
                        }, 
                        "type" :	"triangular", 
                        "id" :	"637074819634485760"
                    }, 
                    "2" :	{
                        "items" :	3, 
                        "0" :	{
                            "items" :	2, 
                            "0" :	"x", 
                            "1" :	"y", 
                            "x" :	39.498, 
                            "y" :	23.816, 
                            "z" :	0.0
                        }, 
                        "1" :	{
                            "items" :	2, 
                            "0" :	"x", 
                            "1" :	"y", 
                            "x" :	37.522, 
                            "y" :	25.789, 
                            "z" :	0.0
                        }, 
                        "2" :	{
                            "items" :	2, 
                            "0" :	"x", 
                            "1" :	"y", 
                            "x" :	41.115, 
                            "y" :	14.828, 
                            "z" :	0.0
                        }, 
                        "type" :	"triangular", 
                        "id" :	"637074827176433280"
                    }
                }, 
                "polygonal" :	{
                    "items" :	0
                }
            }
        }, 
        "radiating plane" :	{
            "items" :	5, 
            "0" :	"l", 
            "1" :	"w", 
            "2" :	"x", 
            "3" :	"y", 
            "4" :	"slots", 
            "l" :	63.074, 
            "w" :	87.516, 
            "x" :	2.013, 
            "y" :	4.233, 
            "slots" :	{
                "items" :	4, 
                "0" :	"elliptical", 
                "1" :	"rectangular", 
                "2" :	"triangular", 
                "3" :	"polygonal", 
                "elliptical" :	{
                    "items" :	0
                }, 
                "rectangular" :	{
                    "items" :	1, 
                    "0" :	{
                        "items" :	4, 
                        "0" :	"x", 
                        "1" :	"y", 
                        "2" :	"l", 
                        "3" :	"w", 
                        "x" :	13.602, 
                        "y" :	82.002, 
                        "z" :	1.6, 
                        "l" :	2.995, 
                        "w" :	2.401, 
                        "type" :	"rectangular", 
                        "id" :	"637074827176443392"
                    }
                }, 
                "triangular" :	{
                    "items" :	0
                }, 
                "polygonal" :	{
                    "items" :	0
                }
            }
        }, 
        "substrate" :	{
            "items" :	4, 
            "0" :	"l", 
            "1" :	"w", 
            "2" :	"x", 
            "3" :	"h", 
            "l" :	68.403, 
            "w" :	93.52900000000001, 
            "h" :	1.6, 
            "x" :	-1.541, 
            "y" :	-1.73, 
            "permitivitty" :	4.4, 
            "loss" :	0.02, 
            "name" :	"FR4"
        }
    }, 
    "fitness" :	{
        "items" :	1, 
        "0" :	"final", 
        "1" :	"freq", 
        "lower" :	1.5780327303032449, 
        "desired" :	1.2523939148186545, 
        "upper" :	0.7227025066794699, 
        "area" :	0.6754762830897916, 
        "freq" :	1.0469436477828074, 
        "final" :	0.9701468542318579, 
        "resonant" :	950000000.0, 
        "dir" :	"C:\\Users\\project\\0. My Work\\1. Repositories\\1. Very Unfriendly Train\\Data\\Simulations\\637074791583617408_Primary\\637074827176683008_2\\2.out", 
        "890000000.0" :	{
            "f" :	0.9810459189575005, 
            "g" :	0.5969868113457443
        }, 
        "905000000.0" :	{
            "f" :	0.9541975583471256, 
            "g" :	0.5786590519465469
        }, 
        "920000000.0" :	{
            "f" :	0.8163083059882216, 
            "g" :	0.5751304305493827
        }, 
        "935000000.0" :	{
            "f" :	0.26017356090653904, 
            "g" :	0.5727128367181481
        }, 
        "950000000.0" :	{
            "f" :	0.15247323682157882, 
            "g" :	0.570229269857891
        }
    }
}