{
    "geometry" :	{
        "items" :	3, 
        "0" :	"feed", 
        "1" :	"ground plane", 
        "2" :	"radiating plane", 
        "feed" :	{
            "items" :	2, 
            "0" :	"center", 
            "1" :	"width", 
            "center" :	55.886, 
            "width" :	1.633
        }, 
        "ground plane" :	{
            "items" :	5, 
            "0" :	"l", 
            "1" :	"w", 
            "2" :	"x", 
            "3" :	"y", 
            "4" :	"slots", 
            "l" :	79.896, 
            "w" :	103.329, 
            "x" :	-0.101, 
            "y" :	-0.893, 
            "slots" :	{
                "items" :	4, 
                "0" :	"elliptical", 
                "1" :	"rectangular", 
                "2" :	"triangular", 
                "3" :	"polygonal", 
                "elliptical" :	{
                    "items" :	0
                }, 
                "rectangular" :	{
                    "items" :	2, 
                    "0" :	{
                        "items" :	4, 
                        "0" :	"x", 
                        "1" :	"y", 
                        "2" :	"l", 
                        "3" :	"w", 
                        "x" :	87.143, 
                        "y" :	4.378, 
                        "z" :	0.0, 
                        "l" :	14.989, 
                        "w" :	13.693, 
                        "type" :	"rectangular", 
                        "id" :	"637074756696086912"
                    }, 
                    "1" :	{
                        "items" :	4, 
                        "0" :	"x", 
                        "1" :	"y", 
                        "2" :	"l", 
                        "3" :	"w", 
                        "x" :	12.915, 
                        "y" :	8.749, 
                        "z" :	0.0, 
                        "l" :	18.55, 
                        "w" :	9.925, 
                        "type" :	"rectangular", 
                        "id" :	"637074758836870528"
                    }
                }, 
                "triangular" :	{
                    "items" :	1, 
                    "0" :	{
                        "items" :	3, 
                        "0" :	{
                            "items" :	2, 
                            "0" :	"x", 
                            "1" :	"y", 
                            "x" :	5.033, 
                            "y" :	28.775, 
                            "z" :	0.0
                        }, 
                        "1" :	{
                            "items" :	2, 
                            "0" :	"x", 
                            "1" :	"y", 
                            "x" :	13.224, 
                            "y" :	18.598, 
                            "z" :	0.0
                        }, 
                        "2" :	{
                            "items" :	2, 
                            "0" :	"x", 
                            "1" :	"y", 
                            "x" :	18.859, 
                            "y" :	38.845, 
                            "z" :	0.0
                        }, 
                        "type" :	"triangular", 
                        "id" :	"637074763211871872"
                    }
                }, 
                "polygonal" :	{
                    "items" :	0
                }
            }
        }, 
        "radiating plane" :	{
            "items" :	5, 
            "0" :	"l", 
            "1" :	"w", 
            "2" :	"x", 
            "3" :	"y", 
            "4" :	"slots", 
            "l" :	74.924, 
            "w" :	100.655, 
            "x" :	3.916, 
            "y" :	3.74, 
            "slots" :	{
                "items" :	4, 
                "0" :	"elliptical", 
                "1" :	"rectangular", 
                "2" :	"triangular", 
                "3" :	"polygonal", 
                "elliptical" :	{
                    "items" :	0
                }, 
                "rectangular" :	{
                    "items" :	0
                }, 
                "triangular" :	{
                    "items" :	0
                }, 
                "polygonal" :	{
                    "items" :	0
                }
            }
        }, 
        "substrate" :	{
            "items" :	4, 
            "0" :	"l", 
            "1" :	"w", 
            "2" :	"x", 
            "3" :	"h", 
            "l" :	79.896, 
            "w" :	105.338, 
            "h" :	1.6, 
            "x" :	-0.101, 
            "y" :	-0.893, 
            "permitivitty" :	4.4, 
            "loss" :	0.02, 
            "name" :	"FR4"
        }
    }, 
    "fitness" :	{
        "items" :	1, 
        "0" :	"final", 
        "1" :	"freq", 
        "lower" :	1.413490143043327, 
        "desired" :	0.9865440796759142, 
        "upper" :	1.4447669998429529, 
        "area" :	0.888584574796369, 
        "freq" :	0.8829658679239704, 
        "final" :	1.4174996724057098, 
        "resonant" :	905000000.0, 
        "dir" :	"C:\\Users\\project\\0. My Work\\1. Repositories\\1. Very Unfriendly Train\\Data\\Simulations\\637074752774927488_Primary\\637074763211901824_6\\6.out", 
        "890000000.0" :	{
            "f" :	0.9541421673550348, 
            "g" :	0.4593479756882923
        }, 
        "905000000.0" :	{
            "f" :	0.02539532892553305, 
            "g" :	0.454249815843273
        }, 
        "920000000.0" :	{
            "f" :	0.6019028541757945, 
            "g" :	0.4515045840774511
        }, 
        "935000000.0" :	{
            "f" :	0.9748836719867885, 
            "g" :	0.4516959840189023
        }, 
        "950000000.0" :	{
            "f" :	0.9892552309652369, 
            "g" :	0.4555117688777159
        }
    }
}