{
    "geometry" :	{
        "items" :	3, 
        "0" :	"feed", 
        "1" :	"ground plane", 
        "2" :	"radiating plane", 
        "feed" :	{
            "items" :	2, 
            "0" :	"center", 
            "1" :	"width", 
            "center" :	54.409, 
            "width" :	1.532
        }, 
        "ground plane" :	{
            "items" :	5, 
            "0" :	"l", 
            "1" :	"w", 
            "2" :	"x", 
            "3" :	"y", 
            "4" :	"slots", 
            "l" :	85.856, 
            "w" :	94.51, 
            "x" :	-0.957, 
            "y" :	-0.671, 
            "slots" :	{
                "items" :	4, 
                "0" :	"elliptical", 
                "1" :	"rectangular", 
                "2" :	"triangular", 
                "3" :	"polygonal", 
                "elliptical" :	{
                    "items" :	0
                }, 
                "rectangular" :	{
                    "items" :	1, 
                    "0" :	{
                        "items" :	4, 
                        "0" :	"x", 
                        "1" :	"y", 
                        "2" :	"l", 
                        "3" :	"w", 
                        "x" :	50.911, 
                        "y" :	41.893, 
                        "z" :	0.0, 
                        "l" :	11.354, 
                        "w" :	16.04, 
                        "type" :	"rectangular", 
                        "id" :	"637074794711172352"
                    }
                }, 
                "triangular" :	{
                    "items" :	1, 
                    "0" :	{
                        "items" :	3, 
                        "0" :	{
                            "items" :	2, 
                            "0" :	"x", 
                            "1" :	"y", 
                            "x" :	61.675, 
                            "y" :	28.227, 
                            "z" :	0.0
                        }, 
                        "1" :	{
                            "items" :	2, 
                            "0" :	"x", 
                            "1" :	"y", 
                            "x" :	61.147, 
                            "y" :	31.38, 
                            "z" :	0.0
                        }, 
                        "2" :	{
                            "items" :	2, 
                            "0" :	"x", 
                            "1" :	"y", 
                            "x" :	66.582, 
                            "y" :	35.23, 
                            "z" :	0.0
                        }, 
                        "type" :	"triangular", 
                        "id" :	"637074799422826624"
                    }
                }, 
                "polygonal" :	{
                    "items" :	0
                }
            }
        }, 
        "radiating plane" :	{
            "items" :	5, 
            "0" :	"l", 
            "1" :	"w", 
            "2" :	"x", 
            "3" :	"y", 
            "4" :	"slots", 
            "l" :	71.542, 
            "w" :	95.64, 
            "x" :	3.376, 
            "y" :	5.018, 
            "slots" :	{
                "items" :	4, 
                "0" :	"elliptical", 
                "1" :	"rectangular", 
                "2" :	"triangular", 
                "3" :	"polygonal", 
                "elliptical" :	{
                    "items" :	0
                }, 
                "rectangular" :	{
                    "items" :	1, 
                    "0" :	{
                        "items" :	4, 
                        "0" :	"x", 
                        "1" :	"y", 
                        "2" :	"l", 
                        "3" :	"w", 
                        "x" :	37.897, 
                        "y" :	62.425, 
                        "z" :	1.6, 
                        "l" :	2.14, 
                        "w" :	2.759, 
                        "type" :	"rectangular", 
                        "id" :	"637074799422836608"
                    }
                }, 
                "triangular" :	{
                    "items" :	0
                }, 
                "polygonal" :	{
                    "items" :	0
                }
            }
        }, 
        "substrate" :	{
            "items" :	4, 
            "0" :	"l", 
            "1" :	"w", 
            "2" :	"x", 
            "3" :	"h", 
            "l" :	85.856, 
            "w" :	101.379, 
            "h" :	1.6, 
            "x" :	-0.957, 
            "y" :	-0.671, 
            "permitivitty" :	4.4, 
            "loss" :	0.02, 
            "name" :	"FR4"
        }
    }, 
    "fitness" :	{
        "items" :	1, 
        "0" :	"final", 
        "1" :	"freq", 
        "lower" :	1.3210469764300101, 
        "desired" :	1.2681803706596357, 
        "upper" :	1.1356257575902946, 
        "area" :	0.9189826638573573, 
        "freq" :	1.0567965403378106, 
        "final" :	1.7921408250529656, 
        "resonant" :	950000000.0, 
        "dir" :	"C:\\Users\\project\\0. My Work\\1. Repositories\\1. Very Unfriendly Train\\Data\\Simulations\\637074791583617408_Primary\\637074799422886528_4\\4.out", 
        "890000000.0" :	{
            "f" :	0.9931918268484393, 
            "g" :	0.32785514958157086
        }, 
        "905000000.0" :	{
            "f" :	0.9919670123505029, 
            "g" :	0.30356623201127786
        }, 
        "920000000.0" :	{
            "f" :	0.9890484970754198, 
            "g" :	0.2809732802246557
        }, 
        "935000000.0" :	{
            "f" :	0.9788581724019303, 
            "g" :	0.26012791791512085
        }, 
        "950000000.0" :	{
            "f" :	0.8945420862174349, 
            "g" :	0.24108367137285974
        }
    }
}