{
    "geometry" :	{
        "items" :	3, 
        "0" :	"feed", 
        "1" :	"ground plane", 
        "2" :	"radiating plane", 
        "feed" :	{
            "items" :	2, 
            "0" :	"center", 
            "1" :	"width", 
            "center" :	54.015, 
            "width" :	1.651
        }, 
        "ground plane" :	{
            "items" :	5, 
            "0" :	"l", 
            "1" :	"w", 
            "2" :	"x", 
            "3" :	"y", 
            "4" :	"slots", 
            "l" :	74.908, 
            "w" :	87.414, 
            "x" :	-1.103, 
            "y" :	-0.305, 
            "slots" :	{
                "items" :	4, 
                "0" :	"elliptical", 
                "1" :	"rectangular", 
                "2" :	"triangular", 
                "3" :	"polygonal", 
                "elliptical" :	{
                    "items" :	0
                }, 
                "rectangular" :	{
                    "items" :	5, 
                    "0" :	{
                        "items" :	4, 
                        "0" :	"x", 
                        "1" :	"y", 
                        "2" :	"l", 
                        "3" :	"w", 
                        "x" :	42.232, 
                        "y" :	36.373, 
                        "z" :	0.0, 
                        "l" :	11.733, 
                        "w" :	17.514, 
                        "type" :	"rectangular", 
                        "id" :	"637074794711172352"
                    }, 
                    "1" :	{
                        "items" :	4, 
                        "0" :	"x", 
                        "1" :	"y", 
                        "2" :	"l", 
                        "3" :	"w", 
                        "x" :	21.652, 
                        "y" :	-1.633, 
                        "z" :	0.0, 
                        "l" :	17.05, 
                        "w" :	17.49, 
                        "type" :	"rectangular", 
                        "id" :	"637074796343085952"
                    }, 
                    "2" :	{
                        "items" :	4, 
                        "0" :	"x", 
                        "1" :	"y", 
                        "2" :	"l", 
                        "3" :	"w", 
                        "x" :	43.356, 
                        "y" :	68.32, 
                        "z" :	0.0, 
                        "l" :	24.06, 
                        "w" :	11.794, 
                        "type" :	"rectangular", 
                        "id" :	"637074802750269696"
                    }, 
                    "3" :	{
                        "items" :	4, 
                        "0" :	"x", 
                        "1" :	"y", 
                        "2" :	"l", 
                        "3" :	"w", 
                        "x" :	62.882, 
                        "y" :	75.949, 
                        "z" :	0.0, 
                        "l" :	4.289, 
                        "w" :	8.243, 
                        "type" :	"rectangular", 
                        "id" :	"637074808733894784"
                    }, 
                    "4" :	{
                        "items" :	4, 
                        "0" :	"x", 
                        "1" :	"y", 
                        "2" :	"l", 
                        "3" :	"w", 
                        "x" :	71.656, 
                        "y" :	61.661, 
                        "z" :	0.0, 
                        "l" :	14.401, 
                        "w" :	0.855, 
                        "type" :	"rectangular", 
                        "id" :	"637074813028096384"
                    }
                }, 
                "triangular" :	{
                    "items" :	2, 
                    "0" :	{
                        "items" :	3, 
                        "0" :	{
                            "items" :	2, 
                            "0" :	"x", 
                            "1" :	"y", 
                            "x" :	78.236, 
                            "y" :	114.884, 
                            "z" :	0.0
                        }, 
                        "1" :	{
                            "items" :	2, 
                            "0" :	"x", 
                            "1" :	"y", 
                            "x" :	72.528, 
                            "y" :	76.555, 
                            "z" :	0.0
                        }, 
                        "2" :	{
                            "items" :	2, 
                            "0" :	"x", 
                            "1" :	"y", 
                            "x" :	63.852, 
                            "y" :	90.298, 
                            "z" :	0.0
                        }, 
                        "type" :	"triangular", 
                        "id" :	"637074799422796672"
                    }, 
                    "1" :	{
                        "items" :	3, 
                        "0" :	{
                            "items" :	2, 
                            "0" :	"x", 
                            "1" :	"y", 
                            "x" :	63.846, 
                            "y" :	37.971, 
                            "z" :	0.0
                        }, 
                        "1" :	{
                            "items" :	2, 
                            "0" :	"x", 
                            "1" :	"y", 
                            "x" :	56.871, 
                            "y" :	40.121, 
                            "z" :	0.0
                        }, 
                        "2" :	{
                            "items" :	2, 
                            "0" :	"x", 
                            "1" :	"y", 
                            "x" :	73.51, 
                            "y" :	57.751, 
                            "z" :	0.0
                        }, 
                        "type" :	"triangular", 
                        "id" :	"637074801091451392"
                    }
                }, 
                "polygonal" :	{
                    "items" :	0
                }
            }
        }, 
        "radiating plane" :	{
            "items" :	5, 
            "0" :	"l", 
            "1" :	"w", 
            "2" :	"x", 
            "3" :	"y", 
            "4" :	"slots", 
            "l" :	64.034, 
            "w" :	88.706, 
            "x" :	2.779, 
            "y" :	3.699, 
            "slots" :	{
                "items" :	4, 
                "0" :	"elliptical", 
                "1" :	"rectangular", 
                "2" :	"triangular", 
                "3" :	"polygonal", 
                "elliptical" :	{
                    "items" :	0
                }, 
                "rectangular" :	{
                    "items" :	0
                }, 
                "triangular" :	{
                    "items" :	1, 
                    "0" :	{
                        "items" :	3, 
                        "0" :	{
                            "items" :	2, 
                            "0" :	"x", 
                            "1" :	"y", 
                            "x" :	43.471, 
                            "y" :	7.035, 
                            "z" :	1.6
                        }, 
                        "1" :	{
                            "items" :	2, 
                            "0" :	"x", 
                            "1" :	"y", 
                            "x" :	44.08, 
                            "y" :	4.666, 
                            "z" :	1.6
                        }, 
                        "2" :	{
                            "items" :	2, 
                            "0" :	"x", 
                            "1" :	"y", 
                            "x" :	45.057, 
                            "y" :	5.224, 
                            "z" :	1.6
                        }, 
                        "type" :	"triangular", 
                        "id" :	"637074813028096384"
                    }
                }, 
                "polygonal" :	{
                    "items" :	0
                }
            }
        }, 
        "substrate" :	{
            "items" :	4, 
            "0" :	"l", 
            "1" :	"w", 
            "2" :	"x", 
            "3" :	"h", 
            "l" :	74.908, 
            "w" :	92.76, 
            "h" :	1.6, 
            "x" :	-1.103, 
            "y" :	-0.305, 
            "permitivitty" :	4.4, 
            "loss" :	0.02, 
            "name" :	"FR4"
        }
    }, 
    "fitness" :	{
        "items" :	1, 
        "0" :	"final", 
        "1" :	"freq", 
        "lower" :	1.4037677769471357, 
        "desired" :	1.3572418908773856, 
        "upper" :	1.2637449821272437, 
        "area" :	0.7336308852270013, 
        "freq" :	1.1325768337610385, 
        "final" :	1.2428825833509223, 
        "resonant" :	950000000.0, 
        "dir" :	"C:\\Users\\project\\0. My Work\\1. Repositories\\1. Very Unfriendly Train\\Data\\Simulations\\637074791583617408_Primary\\637074813028325376_2\\2.out", 
        "890000000.0" :	{
            "f" :	0.9933868933085901, 
            "g" :	0.4103808836385455
        }, 
        "905000000.0" :	{
            "f" :	0.99234516357432, 
            "g" :	0.38890967655823866
        }, 
        "920000000.0" :	{
            "f" :	0.989985603234842, 
            "g" :	0.3683860850149019
        }, 
        "935000000.0" :	{
            "f" :	0.9824891165386224, 
            "g" :	0.3496100277112316
        }, 
        "950000000.0" :	{
            "f" :	0.9318122659302978, 
            "g" :	0.331932716196946
        }
    }
}