{
    "geometry" :	{
        "items" :	3, 
        "0" :	"feed", 
        "1" :	"ground plane", 
        "2" :	"radiating plane", 
        "feed" :	{
            "items" :	2, 
            "0" :	"center", 
            "1" :	"width", 
            "center" :	53.618, 
            "width" :	1.644
        }, 
        "ground plane" :	{
            "items" :	5, 
            "0" :	"l", 
            "1" :	"w", 
            "2" :	"x", 
            "3" :	"y", 
            "4" :	"slots", 
            "l" :	78.551, 
            "w" :	84.479, 
            "x" :	-1.337, 
            "y" :	-1.127, 
            "slots" :	{
                "items" :	4, 
                "0" :	"elliptical", 
                "1" :	"rectangular", 
                "2" :	"triangular", 
                "3" :	"polygonal", 
                "elliptical" :	{
                    "items" :	0
                }, 
                "rectangular" :	{
                    "items" :	3, 
                    "0" :	{
                        "items" :	4, 
                        "0" :	"x", 
                        "1" :	"y", 
                        "2" :	"l", 
                        "3" :	"w", 
                        "x" :	22.509, 
                        "y" :	-3.103, 
                        "z" :	0.0, 
                        "l" :	20.483, 
                        "w" :	19.651, 
                        "type" :	"rectangular", 
                        "id" :	"637074796343085952"
                    }, 
                    "1" :	{
                        "items" :	4, 
                        "0" :	"x", 
                        "1" :	"y", 
                        "2" :	"l", 
                        "3" :	"w", 
                        "x" :	41.829, 
                        "y" :	76.807, 
                        "z" :	0.0, 
                        "l" :	24.108, 
                        "w" :	12.656, 
                        "type" :	"rectangular", 
                        "id" :	"637074802750269696"
                    }, 
                    "2" :	{
                        "items" :	4, 
                        "0" :	"x", 
                        "1" :	"y", 
                        "2" :	"l", 
                        "3" :	"w", 
                        "x" :	61.092, 
                        "y" :	78.477, 
                        "z" :	0.0, 
                        "l" :	5.909, 
                        "w" :	10.743, 
                        "type" :	"rectangular", 
                        "id" :	"637074808733894784"
                    }
                }, 
                "triangular" :	{
                    "items" :	3, 
                    "0" :	{
                        "items" :	3, 
                        "0" :	{
                            "items" :	2, 
                            "0" :	"x", 
                            "1" :	"y", 
                            "x" :	71.617, 
                            "y" :	111.832, 
                            "z" :	0.0
                        }, 
                        "1" :	{
                            "items" :	2, 
                            "0" :	"x", 
                            "1" :	"y", 
                            "x" :	73.765, 
                            "y" :	80.403, 
                            "z" :	0.0
                        }, 
                        "2" :	{
                            "items" :	2, 
                            "0" :	"x", 
                            "1" :	"y", 
                            "x" :	58.608, 
                            "y" :	92.287, 
                            "z" :	0.0
                        }, 
                        "type" :	"triangular", 
                        "id" :	"637074799422796672"
                    }, 
                    "1" :	{
                        "items" :	3, 
                        "0" :	{
                            "items" :	2, 
                            "0" :	"x", 
                            "1" :	"y", 
                            "x" :	63.251, 
                            "y" :	42.083, 
                            "z" :	0.0
                        }, 
                        "1" :	{
                            "items" :	2, 
                            "0" :	"x", 
                            "1" :	"y", 
                            "x" :	55.3, 
                            "y" :	35.18, 
                            "z" :	0.0
                        }, 
                        "2" :	{
                            "items" :	2, 
                            "0" :	"x", 
                            "1" :	"y", 
                            "x" :	76.689, 
                            "y" :	62.529, 
                            "z" :	0.0
                        }, 
                        "type" :	"triangular", 
                        "id" :	"637074801091451392"
                    }, 
                    "2" :	{
                        "items" :	3, 
                        "0" :	{
                            "items" :	2, 
                            "0" :	"x", 
                            "1" :	"y", 
                            "x" :	18.213, 
                            "y" :	24.902, 
                            "z" :	0.0
                        }, 
                        "1" :	{
                            "items" :	2, 
                            "0" :	"x", 
                            "1" :	"y", 
                            "x" :	27.195, 
                            "y" :	12.616, 
                            "z" :	0.0
                        }, 
                        "2" :	{
                            "items" :	2, 
                            "0" :	"x", 
                            "1" :	"y", 
                            "x" :	31.291, 
                            "y" :	13.381, 
                            "z" :	0.0
                        }, 
                        "type" :	"triangular", 
                        "id" :	"637074817118792576"
                    }
                }, 
                "polygonal" :	{
                    "items" :	0
                }
            }
        }, 
        "radiating plane" :	{
            "items" :	5, 
            "0" :	"l", 
            "1" :	"w", 
            "2" :	"x", 
            "3" :	"y", 
            "4" :	"slots", 
            "l" :	66.171, 
            "w" :	89.729, 
            "x" :	3.453, 
            "y" :	3.686, 
            "slots" :	{
                "items" :	4, 
                "0" :	"elliptical", 
                "1" :	"rectangular", 
                "2" :	"triangular", 
                "3" :	"polygonal", 
                "elliptical" :	{
                    "items" :	0
                }, 
                "rectangular" :	{
                    "items" :	0
                }, 
                "triangular" :	{
                    "items" :	2, 
                    "0" :	{
                        "items" :	3, 
                        "0" :	{
                            "items" :	2, 
                            "0" :	"x", 
                            "1" :	"y", 
                            "x" :	9.725, 
                            "y" :	66.316, 
                            "z" :	1.6
                        }, 
                        "1" :	{
                            "items" :	2, 
                            "0" :	"x", 
                            "1" :	"y", 
                            "x" :	7.251, 
                            "y" :	65.542, 
                            "z" :	1.6
                        }, 
                        "2" :	{
                            "items" :	2, 
                            "0" :	"x", 
                            "1" :	"y", 
                            "x" :	8.454, 
                            "y" :	65.776, 
                            "z" :	1.6
                        }, 
                        "type" :	"triangular", 
                        "id" :	"637074802750269696"
                    }, 
                    "1" :	{
                        "items" :	3, 
                        "0" :	{
                            "items" :	2, 
                            "0" :	"x", 
                            "1" :	"y", 
                            "x" :	15.958, 
                            "y" :	74.444, 
                            "z" :	1.6
                        }, 
                        "1" :	{
                            "items" :	2, 
                            "0" :	"x", 
                            "1" :	"y", 
                            "x" :	15.132, 
                            "y" :	76.044, 
                            "z" :	1.6
                        }, 
                        "2" :	{
                            "items" :	2, 
                            "0" :	"x", 
                            "1" :	"y", 
                            "x" :	16.661, 
                            "y" :	73.827, 
                            "z" :	1.6
                        }, 
                        "type" :	"triangular", 
                        "id" :	"637074817118812544"
                    }
                }, 
                "polygonal" :	{
                    "items" :	0
                }
            }
        }, 
        "substrate" :	{
            "items" :	4, 
            "0" :	"l", 
            "1" :	"w", 
            "2" :	"x", 
            "3" :	"h", 
            "l" :	78.551, 
            "w" :	94.59199999999998, 
            "h" :	1.6, 
            "x" :	-1.337, 
            "y" :	-1.127, 
            "permitivitty" :	4.4, 
            "loss" :	0.02, 
            "name" :	"FR4"
        }
    }, 
    "fitness" :	{
        "items" :	1, 
        "0" :	"final", 
        "1" :	"freq", 
        "lower" :	1.504296569811562, 
        "desired" :	1.4494048101149188, 
        "upper" :	1.4446579333020313, 
        "area" :	0.7845033292349002, 
        "freq" :	1.2146814721795276, 
        "final" :	1.5098955778409415, 
        "resonant" :	890000000.0, 
        "dir" :	"C:\\Users\\project\\0. My Work\\1. Repositories\\1. Very Unfriendly Train\\Data\\Simulations\\637074791583617408_Primary\\637074817118822400_6\\6.out", 
        "890000000.0" :	{
            "f" :	0.9702771795489101, 
            "g" :	0.534019390262652
        }, 
        "905000000.0" :	{
            "f" :	0.9875650748264696, 
            "g" :	0.4711175740186304
        }, 
        "920000000.0" :	{
            "f" :	0.9914598510085283, 
            "g" :	0.4546237329559224
        }, 
        "935000000.0" :	{
            "f" :	0.9927781781595131, 
            "g" :	0.4506700193756927
        }, 
        "950000000.0" :	{
            "f" :	0.9934200950647094, 
            "g" :	0.4512378382373219
        }
    }
}