{
    "geometry" :	{
        "items" :	3, 
        "0" :	"feed", 
        "1" :	"ground plane", 
        "2" :	"radiating plane", 
        "feed" :	{
            "items" :	2, 
            "0" :	"center", 
            "1" :	"width", 
            "center" :	56.721, 
            "width" :	1.677
        }, 
        "ground plane" :	{
            "items" :	5, 
            "0" :	"l", 
            "1" :	"w", 
            "2" :	"x", 
            "3" :	"y", 
            "4" :	"slots", 
            "l" :	83.079, 
            "w" :	101.503, 
            "x" :	-0.508, 
            "y" :	-0.739, 
            "slots" :	{
                "items" :	4, 
                "0" :	"elliptical", 
                "1" :	"rectangular", 
                "2" :	"triangular", 
                "3" :	"polygonal", 
                "elliptical" :	{
                    "items" :	0
                }, 
                "rectangular" :	{
                    "items" :	4, 
                    "0" :	{
                        "items" :	4, 
                        "0" :	"x", 
                        "1" :	"y", 
                        "2" :	"l", 
                        "3" :	"w", 
                        "x" :	78.967, 
                        "y" :	6.495, 
                        "z" :	0.0, 
                        "l" :	11.857, 
                        "w" :	14.278, 
                        "type" :	"rectangular", 
                        "id" :	"637074756696086912"
                    }, 
                    "1" :	{
                        "items" :	4, 
                        "0" :	"x", 
                        "1" :	"y", 
                        "2" :	"l", 
                        "3" :	"w", 
                        "x" :	22.02, 
                        "y" :	12.265, 
                        "z" :	0.0, 
                        "l" :	15.036, 
                        "w" :	7.022, 
                        "type" :	"rectangular", 
                        "id" :	"637074758836870528"
                    }, 
                    "2" :	{
                        "items" :	4, 
                        "0" :	"x", 
                        "1" :	"y", 
                        "2" :	"l", 
                        "3" :	"w", 
                        "x" :	78.586, 
                        "y" :	14.749, 
                        "z" :	0.0, 
                        "l" :	24.496, 
                        "w" :	12.695, 
                        "type" :	"rectangular", 
                        "id" :	"637074763211752192"
                    }, 
                    "3" :	{
                        "items" :	4, 
                        "0" :	"x", 
                        "1" :	"y", 
                        "2" :	"l", 
                        "3" :	"w", 
                        "x" :	64.09, 
                        "y" :	37.681, 
                        "z" :	0.0, 
                        "l" :	10.647, 
                        "w" :	16.531, 
                        "type" :	"rectangular", 
                        "id" :	"637074771084977792"
                    }
                }, 
                "triangular" :	{
                    "items" :	1, 
                    "0" :	{
                        "items" :	3, 
                        "0" :	{
                            "items" :	2, 
                            "0" :	"x", 
                            "1" :	"y", 
                            "x" :	57.848, 
                            "y" :	105.171, 
                            "z" :	0.0
                        }, 
                        "1" :	{
                            "items" :	2, 
                            "0" :	"x", 
                            "1" :	"y", 
                            "x" :	46.668, 
                            "y" :	97.262, 
                            "z" :	0.0
                        }, 
                        "2" :	{
                            "items" :	2, 
                            "0" :	"x", 
                            "1" :	"y", 
                            "x" :	53.892, 
                            "y" :	94.1, 
                            "z" :	0.0
                        }, 
                        "type" :	"triangular", 
                        "id" :	"637074760976682240"
                    }
                }, 
                "polygonal" :	{
                    "items" :	0
                }
            }
        }, 
        "radiating plane" :	{
            "items" :	5, 
            "0" :	"l", 
            "1" :	"w", 
            "2" :	"x", 
            "3" :	"y", 
            "4" :	"slots", 
            "l" :	74.939, 
            "w" :	101.469, 
            "x" :	3.71, 
            "y" :	2.911, 
            "slots" :	{
                "items" :	4, 
                "0" :	"elliptical", 
                "1" :	"rectangular", 
                "2" :	"triangular", 
                "3" :	"polygonal", 
                "elliptical" :	{
                    "items" :	0
                }, 
                "rectangular" :	{
                    "items" :	0
                }, 
                "triangular" :	{
                    "items" :	1, 
                    "0" :	{
                        "items" :	3, 
                        "0" :	{
                            "items" :	2, 
                            "0" :	"x", 
                            "1" :	"y", 
                            "x" :	15.895, 
                            "y" :	64.061, 
                            "z" :	1.6
                        }, 
                        "1" :	{
                            "items" :	2, 
                            "0" :	"x", 
                            "1" :	"y", 
                            "x" :	16.245, 
                            "y" :	62.381, 
                            "z" :	1.6
                        }, 
                        "2" :	{
                            "items" :	2, 
                            "0" :	"x", 
                            "1" :	"y", 
                            "x" :	16.309, 
                            "y" :	61.953, 
                            "z" :	1.6
                        }, 
                        "type" :	"triangular", 
                        "id" :	"637074763211772160"
                    }
                }, 
                "polygonal" :	{
                    "items" :	0
                }
            }
        }, 
        "substrate" :	{
            "items" :	4, 
            "0" :	"l", 
            "1" :	"w", 
            "2" :	"x", 
            "3" :	"h", 
            "l" :	83.079, 
            "w" :	105.169, 
            "h" :	1.6, 
            "x" :	-0.508, 
            "y" :	-0.739, 
            "permitivitty" :	4.4, 
            "loss" :	0.02, 
            "name" :	"FR4"
        }
    }, 
    "fitness" :	{
        "items" :	1, 
        "0" :	"final", 
        "1" :	"freq", 
        "lower" :	1.383261177046243, 
        "desired" :	0.8619043168844346, 
        "upper" :	1.3258500045522368, 
        "area" :	0.9225027501435686, 
        "freq" :	0.7872027220956467, 
        "final" :	1.3844779354120624, 
        "resonant" :	920000000.0, 
        "dir" :	"C:\\Users\\project\\0. My Work\\1. Repositories\\1. Very Unfriendly Train\\Data\\Simulations\\637074752774927488_Primary\\637074771085017728_6\\6.out", 
        "890000000.0" :	{
            "f" :	0.9829911557923927, 
            "g" :	0.40027002125385047
        }, 
        "905000000.0" :	{
            "f" :	0.9210766890675052, 
            "g" :	0.3889152087022867
        }, 
        "920000000.0" :	{
            "f" :	0.048037973491183224, 
            "g" :	0.3792505147587751
        }, 
        "935000000.0" :	{
            "f" :	0.47689979005051725, 
            "g" :	0.37153277458303624
        }, 
        "950000000.0" :	{
            "f" :	0.95984147266168, 
            "g" :	0.36600853189055693
        }
    }
}