{
    "geometry" :	{
        "items" :	3, 
        "0" :	"feed", 
        "1" :	"ground plane", 
        "2" :	"radiating plane", 
        "feed" :	{
            "items" :	2, 
            "0" :	"center", 
            "1" :	"width", 
            "center" :	54.62, 
            "width" :	1.58
        }, 
        "ground plane" :	{
            "items" :	5, 
            "0" :	"l", 
            "1" :	"w", 
            "2" :	"x", 
            "3" :	"y", 
            "4" :	"slots", 
            "l" :	82.572, 
            "w" :	92.796, 
            "x" :	-0.882, 
            "y" :	-1.159, 
            "slots" :	{
                "items" :	4, 
                "0" :	"elliptical", 
                "1" :	"rectangular", 
                "2" :	"triangular", 
                "3" :	"polygonal", 
                "elliptical" :	{
                    "items" :	0
                }, 
                "rectangular" :	{
                    "items" :	3, 
                    "0" :	{
                        "items" :	4, 
                        "0" :	"x", 
                        "1" :	"y", 
                        "2" :	"l", 
                        "3" :	"w", 
                        "x" :	49.748, 
                        "y" :	45.343, 
                        "z" :	0.0, 
                        "l" :	13.593, 
                        "w" :	18.784, 
                        "type" :	"rectangular", 
                        "id" :	"637074794711172352"
                    }, 
                    "1" :	{
                        "items" :	4, 
                        "0" :	"x", 
                        "1" :	"y", 
                        "2" :	"l", 
                        "3" :	"w", 
                        "x" :	19.988, 
                        "y" :	1.926, 
                        "z" :	0.0, 
                        "l" :	18.538, 
                        "w" :	16.532, 
                        "type" :	"rectangular", 
                        "id" :	"637074796343085952"
                    }, 
                    "2" :	{
                        "items" :	4, 
                        "0" :	"x", 
                        "1" :	"y", 
                        "2" :	"l", 
                        "3" :	"w", 
                        "x" :	54.143, 
                        "y" :	26.822, 
                        "z" :	0.0, 
                        "l" :	18.426, 
                        "w" :	27.177, 
                        "type" :	"rectangular", 
                        "id" :	"637074799422756992"
                    }
                }, 
                "triangular" :	{
                    "items" :	0
                }, 
                "polygonal" :	{
                    "items" :	0
                }
            }
        }, 
        "radiating plane" :	{
            "items" :	5, 
            "0" :	"l", 
            "1" :	"w", 
            "2" :	"x", 
            "3" :	"y", 
            "4" :	"slots", 
            "l" :	71.413, 
            "w" :	96.131, 
            "x" :	3.673, 
            "y" :	5.581, 
            "slots" :	{
                "items" :	4, 
                "0" :	"elliptical", 
                "1" :	"rectangular", 
                "2" :	"triangular", 
                "3" :	"polygonal", 
                "elliptical" :	{
                    "items" :	0
                }, 
                "rectangular" :	{
                    "items" :	0
                }, 
                "triangular" :	{
                    "items" :	0
                }, 
                "polygonal" :	{
                    "items" :	0
                }
            }
        }, 
        "substrate" :	{
            "items" :	4, 
            "0" :	"l", 
            "1" :	"w", 
            "2" :	"x", 
            "3" :	"h", 
            "l" :	82.572, 
            "w" :	102.921, 
            "h" :	1.6, 
            "x" :	-0.882, 
            "y" :	-1.159, 
            "permitivitty" :	4.4, 
            "loss" :	0.02, 
            "name" :	"FR4"
        }
    }, 
    "fitness" :	{
        "items" :	1, 
        "0" :	"final", 
        "1" :	"freq", 
        "lower" :	0.797661499540357, 
        "desired" :	1.1274817773816468, 
        "upper" :	1.2713178811246673, 
        "area" :	0.8972747898446018, 
        "freq" :	0.9206043656843164, 
        "final" :	1.591796189573198, 
        "resonant" :	890000000.0, 
        "dir" :	"C:\\Users\\project\\0. My Work\\1. Repositories\\1. Very Unfriendly Train\\Data\\Simulations\\637074791583617408_Primary\\637074799422886528_1\\1.out", 
        "890000000.0" :	{
            "f" :	0.4512553127025931, 
            "g" :	0.3464061868377639
        }, 
        "905000000.0" :	{
            "f" :	0.5827323189732048, 
            "g" :	0.3278728326227634
        }, 
        "920000000.0" :	{
            "f" :	0.8957870827833107, 
            "g" :	0.31204941880987985
        }, 
        "935000000.0" :	{
            "f" :	0.9647385443492185, 
            "g" :	0.29926513460656345
        }, 
        "950000000.0" :	{
            "f" :	0.9812027155861418, 
            "g" :	0.2901151655385255
        }
    }
}