{
    "geometry" :	{
        "items" :	3, 
        "0" :	"feed", 
        "1" :	"ground plane", 
        "2" :	"radiating plane", 
        "feed" :	{
            "items" :	2, 
            "0" :	"center", 
            "1" :	"width", 
            "center" :	53.919, 
            "width" :	1.592
        }, 
        "ground plane" :	{
            "items" :	5, 
            "0" :	"l", 
            "1" :	"w", 
            "2" :	"x", 
            "3" :	"y", 
            "4" :	"slots", 
            "l" :	83.933, 
            "w" :	88.896, 
            "x" :	-0.695, 
            "y" :	-0.738, 
            "slots" :	{
                "items" :	4, 
                "0" :	"elliptical", 
                "1" :	"rectangular", 
                "2" :	"triangular", 
                "3" :	"polygonal", 
                "elliptical" :	{
                    "items" :	0
                }, 
                "rectangular" :	{
                    "items" :	2, 
                    "0" :	{
                        "items" :	4, 
                        "0" :	"x", 
                        "1" :	"y", 
                        "2" :	"l", 
                        "3" :	"w", 
                        "x" :	26.168, 
                        "y" :	-0.952, 
                        "z" :	0.0, 
                        "l" :	15.89, 
                        "w" :	11.083, 
                        "type" :	"rectangular", 
                        "id" :	"637074796343085952"
                    }, 
                    "1" :	{
                        "items" :	4, 
                        "0" :	"x", 
                        "1" :	"y", 
                        "2" :	"l", 
                        "3" :	"w", 
                        "x" :	43.338, 
                        "y" :	70.892, 
                        "z" :	0.0, 
                        "l" :	22.088, 
                        "w" :	16.812, 
                        "type" :	"rectangular", 
                        "id" :	"637074802750269696"
                    }
                }, 
                "triangular" :	{
                    "items" :	3, 
                    "0" :	{
                        "items" :	3, 
                        "0" :	{
                            "items" :	2, 
                            "0" :	"x", 
                            "1" :	"y", 
                            "x" :	68.939, 
                            "y" :	109.721, 
                            "z" :	0.0
                        }, 
                        "1" :	{
                            "items" :	2, 
                            "0" :	"x", 
                            "1" :	"y", 
                            "x" :	80.357, 
                            "y" :	84.322, 
                            "z" :	0.0
                        }, 
                        "2" :	{
                            "items" :	2, 
                            "0" :	"x", 
                            "1" :	"y", 
                            "x" :	66.953, 
                            "y" :	85.449, 
                            "z" :	0.0
                        }, 
                        "type" :	"triangular", 
                        "id" :	"637074799422796672"
                    }, 
                    "1" :	{
                        "items" :	3, 
                        "0" :	{
                            "items" :	2, 
                            "0" :	"x", 
                            "1" :	"y", 
                            "x" :	55.818, 
                            "y" :	38.795, 
                            "z" :	0.0
                        }, 
                        "1" :	{
                            "items" :	2, 
                            "0" :	"x", 
                            "1" :	"y", 
                            "x" :	62.467, 
                            "y" :	40.206, 
                            "z" :	0.0
                        }, 
                        "2" :	{
                            "items" :	2, 
                            "0" :	"x", 
                            "1" :	"y", 
                            "x" :	72.523, 
                            "y" :	63.823, 
                            "z" :	0.0
                        }, 
                        "type" :	"triangular", 
                        "id" :	"637074801091451392"
                    }, 
                    "2" :	{
                        "items" :	3, 
                        "0" :	{
                            "items" :	2, 
                            "0" :	"x", 
                            "1" :	"y", 
                            "x" :	61.468, 
                            "y" :	58.662, 
                            "z" :	0.0
                        }, 
                        "1" :	{
                            "items" :	2, 
                            "0" :	"x", 
                            "1" :	"y", 
                            "x" :	87.033, 
                            "y" :	56.715, 
                            "z" :	0.0
                        }, 
                        "2" :	{
                            "items" :	2, 
                            "0" :	"x", 
                            "1" :	"y", 
                            "x" :	72.893, 
                            "y" :	53.32, 
                            "z" :	0.0
                        }, 
                        "type" :	"triangular", 
                        "id" :	"637074804468009600"
                    }
                }, 
                "polygonal" :	{
                    "items" :	0
                }
            }
        }, 
        "radiating plane" :	{
            "items" :	5, 
            "0" :	"l", 
            "1" :	"w", 
            "2" :	"x", 
            "3" :	"y", 
            "4" :	"slots", 
            "l" :	69.345, 
            "w" :	90.392, 
            "x" :	3.105, 
            "y" :	4.804, 
            "slots" :	{
                "items" :	4, 
                "0" :	"elliptical", 
                "1" :	"rectangular", 
                "2" :	"triangular", 
                "3" :	"polygonal", 
                "elliptical" :	{
                    "items" :	0
                }, 
                "rectangular" :	{
                    "items" :	1, 
                    "0" :	{
                        "items" :	4, 
                        "0" :	"x", 
                        "1" :	"y", 
                        "2" :	"l", 
                        "3" :	"w", 
                        "x" :	52.15, 
                        "y" :	59.022, 
                        "z" :	1.6, 
                        "l" :	5.06, 
                        "w" :	3.254, 
                        "type" :	"rectangular", 
                        "id" :	"637074804468019584"
                    }
                }, 
                "triangular" :	{
                    "items" :	1, 
                    "0" :	{
                        "items" :	3, 
                        "0" :	{
                            "items" :	2, 
                            "0" :	"x", 
                            "1" :	"y", 
                            "x" :	8.365, 
                            "y" :	63.768, 
                            "z" :	1.6
                        }, 
                        "1" :	{
                            "items" :	2, 
                            "0" :	"x", 
                            "1" :	"y", 
                            "x" :	10.571, 
                            "y" :	66.441, 
                            "z" :	1.6
                        }, 
                        "2" :	{
                            "items" :	2, 
                            "0" :	"x", 
                            "1" :	"y", 
                            "x" :	6.297, 
                            "y" :	64.69, 
                            "z" :	1.6
                        }, 
                        "type" :	"triangular", 
                        "id" :	"637074802750269696"
                    }
                }, 
                "polygonal" :	{
                    "items" :	0
                }
            }
        }, 
        "substrate" :	{
            "items" :	4, 
            "0" :	"l", 
            "1" :	"w", 
            "2" :	"x", 
            "3" :	"h", 
            "l" :	83.933, 
            "w" :	95.984, 
            "h" :	1.6, 
            "x" :	-0.695, 
            "y" :	-0.738, 
            "permitivitty" :	4.4, 
            "loss" :	0.02, 
            "name" :	"FR4"
        }
    }, 
    "fitness" :	{
        "items" :	1, 
        "0" :	"final", 
        "1" :	"freq", 
        "lower" :	1.3730810656835386, 
        "desired" :	1.1454175431555371, 
        "upper" :	0.20067510242031256, 
        "area" :	0.8505899666361072, 
        "freq" :	0.9285379259129924, 
        "final" :	1.4729519958913242, 
        "resonant" :	950000000.0, 
        "dir" :	"C:\\Users\\project\\0. My Work\\1. Repositories\\1. Very Unfriendly Train\\Data\\Simulations\\637074791583617408_Primary\\637074804468079488_5\\5.out", 
        "890000000.0" :	{
            "f" :	0.9909526961182533, 
            "g" :	0.38212836956528523
        }, 
        "905000000.0" :	{
            "f" :	0.9874985863255225, 
            "g" :	0.30164576809437854
        }, 
        "920000000.0" :	{
            "f" :	0.9723332339222632, 
            "g" :	0.2370955408911293
        }, 
        "935000000.0" :	{
            "f" :	0.7454833733307035, 
            "g" :	0.19219612690261423
        }, 
        "950000000.0" :	{
            "f" :	0.03263891116100515, 
            "g" :	0.1680361912593074
        }
    }
}