{
    "geometry" :	{
        "items" :	3, 
        "0" :	"feed", 
        "1" :	"ground plane", 
        "2" :	"radiating plane", 
        "feed" :	{
            "items" :	2, 
            "0" :	"center", 
            "1" :	"width", 
            "center" :	53.807, 
            "width" :	1.61
        }, 
        "ground plane" :	{
            "items" :	5, 
            "0" :	"l", 
            "1" :	"w", 
            "2" :	"x", 
            "3" :	"y", 
            "4" :	"slots", 
            "l" :	87.713, 
            "w" :	107.884, 
            "x" :	-0.212, 
            "y" :	-0.173, 
            "slots" :	{
                "items" :	4, 
                "0" :	"elliptical", 
                "1" :	"rectangular", 
                "2" :	"triangular", 
                "3" :	"polygonal", 
                "elliptical" :	{
                    "items" :	0
                }, 
                "rectangular" :	{
                    "items" :	1, 
                    "0" :	{
                        "items" :	4, 
                        "0" :	"x", 
                        "1" :	"y", 
                        "2" :	"l", 
                        "3" :	"w", 
                        "x" :	87.477, 
                        "y" :	66.266, 
                        "z" :	0.0, 
                        "l" :	5.329, 
                        "w" :	19.544, 
                        "type" :	"rectangular", 
                        "id" :	"637074754177941632"
                    }
                }, 
                "triangular" :	{
                    "items" :	0
                }, 
                "polygonal" :	{
                    "items" :	0
                }
            }
        }, 
        "radiating plane" :	{
            "items" :	5, 
            "0" :	"l", 
            "1" :	"w", 
            "2" :	"x", 
            "3" :	"y", 
            "4" :	"slots", 
            "l" :	76.984, 
            "w" :	98.98, 
            "x" :	4.745, 
            "y" :	4.187, 
            "slots" :	{
                "items" :	4, 
                "0" :	"elliptical", 
                "1" :	"rectangular", 
                "2" :	"triangular", 
                "3" :	"polygonal", 
                "elliptical" :	{
                    "items" :	0
                }, 
                "rectangular" :	{
                    "items" :	0
                }, 
                "triangular" :	{
                    "items" :	1, 
                    "0" :	{
                        "items" :	3, 
                        "0" :	{
                            "items" :	2, 
                            "0" :	"x", 
                            "1" :	"y", 
                            "x" :	52.964, 
                            "y" :	4.174, 
                            "z" :	1.6
                        }, 
                        "1" :	{
                            "items" :	2, 
                            "0" :	"x", 
                            "1" :	"y", 
                            "x" :	53.515, 
                            "y" :	4.979, 
                            "z" :	1.6
                        }, 
                        "2" :	{
                            "items" :	2, 
                            "0" :	"x", 
                            "1" :	"y", 
                            "x" :	54.379, 
                            "y" :	4.55, 
                            "z" :	1.6
                        }, 
                        "type" :	"triangular", 
                        "id" :	"637074754177941632"
                    }
                }, 
                "polygonal" :	{
                    "items" :	0
                }
            }
        }, 
        "substrate" :	{
            "items" :	4, 
            "0" :	"l", 
            "1" :	"w", 
            "2" :	"x", 
            "3" :	"h", 
            "l" :	87.713, 
            "w" :	107.884, 
            "h" :	1.6, 
            "x" :	-0.212, 
            "y" :	-0.173, 
            "permitivitty" :	4.4, 
            "loss" :	0.02, 
            "name" :	"FR4"
        }
    }, 
    "fitness" :	{
        "items" :	1, 
        "0" :	"final", 
        "1" :	"freq", 
        "lower" :	1.3452926343480556, 
        "desired" :	0.8542129429928659, 
        "upper" :	1.2137647210875468, 
        "area" :	0.9991016362912082, 
        "freq" :	0.7729871700689681, 
        "final" :	1.4841823935664964, 
        "resonant" :	935000000.0, 
        "dir" :	"C:\\Users\\project\\0. My Work\\1. Repositories\\1. Very Unfriendly Train\\Data\\Simulations\\637074752774927488_Primary\\637074754177981696_5\\5.out", 
        "890000000.0" :	{
            "f" :	0.988812784173838, 
            "g" :	0.35647985017421757
        }, 
        "905000000.0" :	{
            "f" :	0.9720466477946388, 
            "g" :	0.3419843614890396
        }, 
        "920000000.0" :	{
            "f" :	0.5979506380158273, 
            "g" :	0.3285542318519238
        }, 
        "935000000.0" :	{
            "f" :	0.005699468018234416, 
            "g" :	0.3164034818089335
        }, 
        "950000000.0" :	{
            "f" :	0.9081011008686828, 
            "g" :	0.30566362021886395
        }
    }
}