{
    "geometry" :	{
        "items" :	3, 
        "0" :	"feed", 
        "1" :	"ground plane", 
        "2" :	"radiating plane", 
        "feed" :	{
            "items" :	2, 
            "0" :	"center", 
            "1" :	"width", 
            "center" :	54.961, 
            "width" :	1.633
        }, 
        "ground plane" :	{
            "items" :	5, 
            "0" :	"l", 
            "1" :	"w", 
            "2" :	"x", 
            "3" :	"y", 
            "4" :	"slots", 
            "l" :	72.877, 
            "w" :	81.175, 
            "x" :	-1.739, 
            "y" :	-2.074, 
            "slots" :	{
                "items" :	4, 
                "0" :	"elliptical", 
                "1" :	"rectangular", 
                "2" :	"triangular", 
                "3" :	"polygonal", 
                "elliptical" :	{
                    "items" :	0
                }, 
                "rectangular" :	{
                    "items" :	5, 
                    "0" :	{
                        "items" :	4, 
                        "0" :	"x", 
                        "1" :	"y", 
                        "2" :	"l", 
                        "3" :	"w", 
                        "x" :	38.171, 
                        "y" :	37.687, 
                        "z" :	0.0, 
                        "l" :	8.94, 
                        "w" :	17.965, 
                        "type" :	"rectangular", 
                        "id" :	"637074794711172352"
                    }, 
                    "1" :	{
                        "items" :	4, 
                        "0" :	"x", 
                        "1" :	"y", 
                        "2" :	"l", 
                        "3" :	"w", 
                        "x" :	19.596, 
                        "y" :	-7.142, 
                        "z" :	0.0, 
                        "l" :	20.91, 
                        "w" :	15.627, 
                        "type" :	"rectangular", 
                        "id" :	"637074796343085952"
                    }, 
                    "2" :	{
                        "items" :	4, 
                        "0" :	"x", 
                        "1" :	"y", 
                        "2" :	"l", 
                        "3" :	"w", 
                        "x" :	42.19, 
                        "y" :	71.42, 
                        "z" :	0.0, 
                        "l" :	29.189, 
                        "w" :	13.117, 
                        "type" :	"rectangular", 
                        "id" :	"637074802750269696"
                    }, 
                    "3" :	{
                        "items" :	4, 
                        "0" :	"x", 
                        "1" :	"y", 
                        "2" :	"l", 
                        "3" :	"w", 
                        "x" :	58.534, 
                        "y" :	81.996, 
                        "z" :	0.0, 
                        "l" :	2.896, 
                        "w" :	9.729, 
                        "type" :	"rectangular", 
                        "id" :	"637074808733894784"
                    }, 
                    "4" :	{
                        "items" :	4, 
                        "0" :	"x", 
                        "1" :	"y", 
                        "2" :	"l", 
                        "3" :	"w", 
                        "x" :	57.053, 
                        "y" :	13.261, 
                        "z" :	0.0, 
                        "l" :	8.503, 
                        "w" :	22.789, 
                        "type" :	"rectangular", 
                        "id" :	"637074821576554752"
                    }
                }, 
                "triangular" :	{
                    "items" :	3, 
                    "0" :	{
                        "items" :	3, 
                        "0" :	{
                            "items" :	2, 
                            "0" :	"x", 
                            "1" :	"y", 
                            "x" :	63.305, 
                            "y" :	38.593, 
                            "z" :	0.0
                        }, 
                        "1" :	{
                            "items" :	2, 
                            "0" :	"x", 
                            "1" :	"y", 
                            "x" :	60.629, 
                            "y" :	40.222, 
                            "z" :	0.0
                        }, 
                        "2" :	{
                            "items" :	2, 
                            "0" :	"x", 
                            "1" :	"y", 
                            "x" :	81.693, 
                            "y" :	60.329, 
                            "z" :	0.0
                        }, 
                        "type" :	"triangular", 
                        "id" :	"637074801091451392"
                    }, 
                    "1" :	{
                        "items" :	3, 
                        "0" :	{
                            "items" :	2, 
                            "0" :	"x", 
                            "1" :	"y", 
                            "x" :	24.619, 
                            "y" :	22.842, 
                            "z" :	0.0
                        }, 
                        "1" :	{
                            "items" :	2, 
                            "0" :	"x", 
                            "1" :	"y", 
                            "x" :	28.863, 
                            "y" :	29.97, 
                            "z" :	0.0
                        }, 
                        "2" :	{
                            "items" :	2, 
                            "0" :	"x", 
                            "1" :	"y", 
                            "x" :	17.742, 
                            "y" :	29.958, 
                            "z" :	0.0
                        }, 
                        "type" :	"triangular", 
                        "id" :	"637074819634485760"
                    }, 
                    "-1" :	{
                        "items" :	3, 
                        "0" :	{
                            "items" :	2, 
                            "0" :	"x", 
                            "1" :	"y", 
                            "x" :	73.566, 
                            "y" :	110.842, 
                            "z" :	0.0
                        }, 
                        "1" :	{
                            "items" :	2, 
                            "0" :	"x", 
                            "1" :	"y", 
                            "x" :	77.537, 
                            "y" :	80.077, 
                            "z" :	0.0
                        }, 
                        "2" :	{
                            "items" :	2, 
                            "0" :	"x", 
                            "1" :	"y", 
                            "x" :	58.572, 
                            "y" :	90.788, 
                            "z" :	0.0
                        }, 
                        "type" :	"triangular", 
                        "id" :	"637074799422796672"
                    }, 
                    "2" :	{
                        "items" :	3, 
                        "0" :	{
                            "items" :	2, 
                            "0" :	"x", 
                            "1" :	"y", 
                            "x" :	52.18, 
                            "y" :	23.847, 
                            "z" :	0.0
                        }, 
                        "1" :	{
                            "items" :	2, 
                            "0" :	"x", 
                            "1" :	"y", 
                            "x" :	48.197, 
                            "y" :	21.471, 
                            "z" :	0.0
                        }, 
                        "2" :	{
                            "items" :	2, 
                            "0" :	"x", 
                            "1" :	"y", 
                            "x" :	48.123, 
                            "y" :	13.649, 
                            "z" :	0.0
                        }, 
                        "type" :	"triangular", 
                        "id" :	"637074827176613120"
                    }
                }, 
                "polygonal" :	{
                    "items" :	0
                }
            }
        }, 
        "radiating plane" :	{
            "items" :	5, 
            "0" :	"l", 
            "1" :	"w", 
            "2" :	"x", 
            "3" :	"y", 
            "4" :	"slots", 
            "l" :	64.59, 
            "w" :	88.903, 
            "x" :	1.823, 
            "y" :	3.227, 
            "slots" :	{
                "items" :	4, 
                "0" :	"elliptical", 
                "1" :	"rectangular", 
                "2" :	"triangular", 
                "3" :	"polygonal", 
                "elliptical" :	{
                    "items" :	0
                }, 
                "rectangular" :	{
                    "items" :	0
                }, 
                "triangular" :	{
                    "items" :	0
                }, 
                "polygonal" :	{
                    "items" :	0
                }
            }
        }, 
        "substrate" :	{
            "items" :	4, 
            "0" :	"l", 
            "1" :	"w", 
            "2" :	"x", 
            "3" :	"h", 
            "l" :	72.877, 
            "w" :	94.254, 
            "h" :	1.6, 
            "x" :	-1.739, 
            "y" :	-2.074, 
            "permitivitty" :	4.4, 
            "loss" :	0.02, 
            "name" :	"FR4"
        }
    }, 
    "fitness" :	{
        "items" :	1, 
        "0" :	"final", 
        "1" :	"freq", 
        "lower" :	1.5759523330786922, 
        "desired" :	1.4366901535204193, 
        "upper" :	1.3722038207794531, 
        "area" :	0.725235310914902, 
        "freq" :	1.2082492468149548, 
        "final" :	1.2674561347276025, 
        "resonant" :	950000000.0, 
        "dir" :	"C:\\Users\\project\\0. My Work\\1. Repositories\\1. Very Unfriendly Train\\Data\\Simulations\\637074791583617408_Primary\\637074827176683008_5\\5.out", 
        "890000000.0" :	{
            "f" :	0.9890224707784009, 
            "g" :	0.5869298623002912
        }, 
        "905000000.0" :	{
            "f" :	0.9846514492899274, 
            "g" :	0.47603700664420756
        }, 
        "920000000.0" :	{
            "f" :	0.9830145473322994, 
            "g" :	0.4489143263522809
        }, 
        "935000000.0" :	{
            "f" :	0.9725832090569402, 
            "g" :	0.4448699218856029
        }, 
        "950000000.0" :	{
            "f" :	0.9323818918451443, 
            "g" :	0.4398219289343089
        }
    }
}