{
    "geometry" :	{
        "items" :	3, 
        "0" :	"feed", 
        "1" :	"ground plane", 
        "2" :	"radiating plane", 
        "feed" :	{
            "items" :	2, 
            "0" :	"center", 
            "1" :	"width", 
            "center" :	55.626, 
            "width" :	1.613
        }, 
        "ground plane" :	{
            "items" :	5, 
            "0" :	"l", 
            "1" :	"w", 
            "2" :	"x", 
            "3" :	"y", 
            "4" :	"slots", 
            "l" :	67.26899999999999, 
            "w" :	78.176, 
            "x" :	-1.871, 
            "y" :	-2.583, 
            "slots" :	{
                "items" :	4, 
                "0" :	"elliptical", 
                "1" :	"rectangular", 
                "2" :	"triangular", 
                "3" :	"polygonal", 
                "elliptical" :	{
                    "items" :	0
                }, 
                "rectangular" :	{
                    "items" :	6, 
                    "0" :	{
                        "items" :	4, 
                        "0" :	"x", 
                        "1" :	"y", 
                        "2" :	"l", 
                        "3" :	"w", 
                        "x" :	37.31, 
                        "y" :	35.571, 
                        "z" :	0.0, 
                        "l" :	12.126, 
                        "w" :	15.755, 
                        "type" :	"rectangular", 
                        "id" :	"637074794711172352"
                    }, 
                    "1" :	{
                        "items" :	4, 
                        "0" :	"x", 
                        "1" :	"y", 
                        "2" :	"l", 
                        "3" :	"w", 
                        "x" :	18.266, 
                        "y" :	-8.494, 
                        "z" :	0.0, 
                        "l" :	26.974, 
                        "w" :	18.074, 
                        "type" :	"rectangular", 
                        "id" :	"637074796343085952"
                    }, 
                    "2" :	{
                        "items" :	4, 
                        "0" :	"x", 
                        "1" :	"y", 
                        "2" :	"l", 
                        "3" :	"w", 
                        "x" :	40.978, 
                        "y" :	77.281, 
                        "z" :	0.0, 
                        "l" :	28.656, 
                        "w" :	14.8, 
                        "type" :	"rectangular", 
                        "id" :	"637074802750269696"
                    }, 
                    "3" :	{
                        "items" :	4, 
                        "0" :	"x", 
                        "1" :	"y", 
                        "2" :	"l", 
                        "3" :	"w", 
                        "x" :	59.093, 
                        "y" :	82.129, 
                        "z" :	0.0, 
                        "l" :	6.296, 
                        "w" :	14.949, 
                        "type" :	"rectangular", 
                        "id" :	"637074808733894784"
                    }, 
                    "4" :	{
                        "items" :	4, 
                        "0" :	"x", 
                        "1" :	"y", 
                        "2" :	"l", 
                        "3" :	"w", 
                        "x" :	55.678, 
                        "y" :	9.824, 
                        "z" :	0.0, 
                        "l" :	7.306, 
                        "w" :	19.269, 
                        "type" :	"rectangular", 
                        "id" :	"637074821576554752"
                    }, 
                    "5" :	{
                        "items" :	4, 
                        "0" :	"x", 
                        "1" :	"y", 
                        "2" :	"l", 
                        "3" :	"w", 
                        "x" :	25.7, 
                        "y" :	60.368, 
                        "z" :	0.0, 
                        "l" :	13.054, 
                        "w" :	12.783, 
                        "type" :	"rectangular", 
                        "id" :	"637074844240887552"
                    }
                }, 
                "triangular" :	{
                    "items" :	5, 
                    "0" :	{
                        "items" :	3, 
                        "0" :	{
                            "items" :	2, 
                            "0" :	"x", 
                            "1" :	"y", 
                            "x" :	62.327, 
                            "y" :	39.918, 
                            "z" :	0.0
                        }, 
                        "1" :	{
                            "items" :	2, 
                            "0" :	"x", 
                            "1" :	"y", 
                            "x" :	63.969, 
                            "y" :	41.187, 
                            "z" :	0.0
                        }, 
                        "2" :	{
                            "items" :	2, 
                            "0" :	"x", 
                            "1" :	"y", 
                            "x" :	80.534, 
                            "y" :	59.995, 
                            "z" :	0.0
                        }, 
                        "type" :	"triangular", 
                        "id" :	"637074801091451392"
                    }, 
                    "1" :	{
                        "items" :	3, 
                        "0" :	{
                            "items" :	2, 
                            "0" :	"x", 
                            "1" :	"y", 
                            "x" :	30.853, 
                            "y" :	25.17, 
                            "z" :	0.0
                        }, 
                        "1" :	{
                            "items" :	2, 
                            "0" :	"x", 
                            "1" :	"y", 
                            "x" :	30.354, 
                            "y" :	31.601, 
                            "z" :	0.0
                        }, 
                        "2" :	{
                            "items" :	2, 
                            "0" :	"x", 
                            "1" :	"y", 
                            "x" :	15.979, 
                            "y" :	33.595, 
                            "z" :	0.0
                        }, 
                        "type" :	"triangular", 
                        "id" :	"637074819634485760"
                    }, 
                    "2" :	{
                        "items" :	3, 
                        "0" :	{
                            "items" :	2, 
                            "0" :	"x", 
                            "1" :	"y", 
                            "x" :	19.608, 
                            "y" :	62.374, 
                            "z" :	0.0
                        }, 
                        "1" :	{
                            "items" :	2, 
                            "0" :	"x", 
                            "1" :	"y", 
                            "x" :	16.112, 
                            "y" :	55.762, 
                            "z" :	0.0
                        }, 
                        "2" :	{
                            "items" :	2, 
                            "0" :	"x", 
                            "1" :	"y", 
                            "x" :	21.635, 
                            "y" :	69.336, 
                            "z" :	0.0
                        }, 
                        "type" :	"triangular", 
                        "id" :	"637074828878567296"
                    }, 
                    "3" :	{
                        "items" :	3, 
                        "0" :	{
                            "items" :	2, 
                            "0" :	"x", 
                            "1" :	"y", 
                            "x" :	4.83, 
                            "y" :	63.47, 
                            "z" :	0.0
                        }, 
                        "1" :	{
                            "items" :	2, 
                            "0" :	"x", 
                            "1" :	"y", 
                            "x" :	0.5, 
                            "y" :	65.332, 
                            "z" :	0.0
                        }, 
                        "2" :	{
                            "items" :	2, 
                            "0" :	"x", 
                            "1" :	"y", 
                            "x" :	-1.256, 
                            "y" :	63.639, 
                            "z" :	0.0
                        }, 
                        "type" :	"triangular", 
                        "id" :	"637074834774379776"
                    }, 
                    "4" :	{
                        "items" :	3, 
                        "0" :	{
                            "items" :	2, 
                            "0" :	"x", 
                            "1" :	"y", 
                            "x" :	39.544, 
                            "y" :	46.458, 
                            "z" :	0.0
                        }, 
                        "1" :	{
                            "items" :	2, 
                            "0" :	"x", 
                            "1" :	"y", 
                            "x" :	42.411, 
                            "y" :	47.734, 
                            "z" :	0.0
                        }, 
                        "2" :	{
                            "items" :	2, 
                            "0" :	"x", 
                            "1" :	"y", 
                            "x" :	38.676, 
                            "y" :	51.383, 
                            "z" :	0.0
                        }, 
                        "type" :	"triangular", 
                        "id" :	"637074837001005952"
                    }, 
                    "-1" :	{
                        "items" :	3, 
                        "0" :	{
                            "items" :	2, 
                            "0" :	"x", 
                            "1" :	"y", 
                            "x" :	77.838, 
                            "y" :	109.164, 
                            "z" :	0.0
                        }, 
                        "1" :	{
                            "items" :	2, 
                            "0" :	"x", 
                            "1" :	"y", 
                            "x" :	76.304, 
                            "y" :	80.175, 
                            "z" :	0.0
                        }, 
                        "2" :	{
                            "items" :	2, 
                            "0" :	"x", 
                            "1" :	"y", 
                            "x" :	60.242, 
                            "y" :	89.869, 
                            "z" :	0.0
                        }, 
                        "type" :	"triangular", 
                        "id" :	"637074799422796672"
                    }
                }, 
                "polygonal" :	{
                    "items" :	0
                }
            }
        }, 
        "radiating plane" :	{
            "items" :	5, 
            "0" :	"l", 
            "1" :	"w", 
            "2" :	"x", 
            "3" :	"y", 
            "4" :	"slots", 
            "l" :	63.036, 
            "w" :	86.532, 
            "x" :	2.312, 
            "y" :	3.138, 
            "slots" :	{
                "items" :	4, 
                "0" :	"elliptical", 
                "1" :	"rectangular", 
                "2" :	"triangular", 
                "3" :	"polygonal", 
                "elliptical" :	{
                    "items" :	0
                }, 
                "rectangular" :	{
                    "items" :	0
                }, 
                "triangular" :	{
                    "items" :	1, 
                    "0" :	{
                        "items" :	3, 
                        "0" :	{
                            "items" :	2, 
                            "0" :	"x", 
                            "1" :	"y", 
                            "x" :	46.661, 
                            "y" :	79.708, 
                            "z" :	1.6
                        }, 
                        "1" :	{
                            "items" :	2, 
                            "0" :	"x", 
                            "1" :	"y", 
                            "x" :	44.433, 
                            "y" :	80.019, 
                            "z" :	1.6
                        }, 
                        "2" :	{
                            "items" :	2, 
                            "0" :	"x", 
                            "1" :	"y", 
                            "x" :	45.47, 
                            "y" :	80.051, 
                            "z" :	1.6
                        }, 
                        "type" :	"triangular", 
                        "id" :	"637074828878567296"
                    }
                }, 
                "polygonal" :	{
                    "items" :	0
                }
            }
        }, 
        "substrate" :	{
            "items" :	4, 
            "0" :	"l", 
            "1" :	"w", 
            "2" :	"x", 
            "3" :	"h", 
            "l" :	67.26899999999999, 
            "w" :	92.303, 
            "h" :	1.6, 
            "x" :	-1.871, 
            "y" :	-2.583, 
            "permitivitty" :	4.4, 
            "loss" :	0.02, 
            "name" :	"FR4"
        }
    }, 
    "fitness" :	{
        "items" :	1, 
        "0" :	"final", 
        "1" :	"freq", 
        "lower" :	1.601787549776081, 
        "desired" :	1.2463441278701126, 
        "upper" :	0.5543846791803875, 
        "area" :	0.6555705759940025, 
        "freq" :	1.0363120651990652, 
        "final" :	0.8978489399054506, 
        "resonant" :	950000000.0, 
        "dir" :	"C:\\Users\\project\\0. My Work\\1. Repositories\\1. Very Unfriendly Train\\Data\\Simulations\\637074791583617408_Primary\\637074844241006976_5\\5.out", 
        "890000000.0" :	{
            "f" :	0.9877543911896739, 
            "g" :	0.6140331585864072
        }, 
        "905000000.0" :	{
            "f" :	0.9776035115614959, 
            "g" :	0.5984001297995885
        }, 
        "920000000.0" :	{
            "f" :	0.9146306615428109, 
            "g" :	0.5759730880326475
        }, 
        "935000000.0" :	{
            "f" :	0.12438626002666911, 
            "g" :	0.5480387326471264
        }, 
        "950000000.0" :	{
            "f" :	0.0009221009412322243, 
            "g" :	0.5534625782391552
        }
    }
}