{
    "geometry" :	{
        "items" :	3, 
        "0" :	"feed", 
        "1" :	"ground plane", 
        "2" :	"radiating plane", 
        "feed" :	{
            "items" :	2, 
            "0" :	"center", 
            "1" :	"width", 
            "center" :	54.605, 
            "width" :	1.565
        }, 
        "ground plane" :	{
            "items" :	5, 
            "0" :	"l", 
            "1" :	"w", 
            "2" :	"x", 
            "3" :	"y", 
            "4" :	"slots", 
            "l" :	82.895, 
            "w" :	89.894, 
            "x" :	-0.362, 
            "y" :	-0.592, 
            "slots" :	{
                "items" :	4, 
                "0" :	"elliptical", 
                "1" :	"rectangular", 
                "2" :	"triangular", 
                "3" :	"polygonal", 
                "elliptical" :	{
                    "items" :	0
                }, 
                "rectangular" :	{
                    "items" :	2, 
                    "0" :	{
                        "items" :	4, 
                        "0" :	"x", 
                        "1" :	"y", 
                        "2" :	"l", 
                        "3" :	"w", 
                        "x" :	46.987, 
                        "y" :	47.269, 
                        "z" :	0.0, 
                        "l" :	7.426, 
                        "w" :	15.722, 
                        "type" :	"rectangular", 
                        "id" :	"637074794711172352"
                    }, 
                    "1" :	{
                        "items" :	4, 
                        "0" :	"x", 
                        "1" :	"y", 
                        "2" :	"l", 
                        "3" :	"w", 
                        "x" :	19.792, 
                        "y" :	-2.972, 
                        "z" :	0.0, 
                        "l" :	16.904, 
                        "w" :	19.508, 
                        "type" :	"rectangular", 
                        "id" :	"637074796343085952"
                    }
                }, 
                "triangular" :	{
                    "items" :	1, 
                    "0" :	{
                        "items" :	3, 
                        "0" :	{
                            "items" :	2, 
                            "0" :	"x", 
                            "1" :	"y", 
                            "x" :	91.243, 
                            "y" :	106.144, 
                            "z" :	0.0
                        }, 
                        "1" :	{
                            "items" :	2, 
                            "0" :	"x", 
                            "1" :	"y", 
                            "x" :	77.759, 
                            "y" :	82.485, 
                            "z" :	0.0
                        }, 
                        "2" :	{
                            "items" :	2, 
                            "0" :	"x", 
                            "1" :	"y", 
                            "x" :	82.067, 
                            "y" :	72.673, 
                            "z" :	0.0
                        }, 
                        "type" :	"triangular", 
                        "id" :	"637074797811177984"
                    }
                }, 
                "polygonal" :	{
                    "items" :	0
                }
            }
        }, 
        "radiating plane" :	{
            "items" :	5, 
            "0" :	"l", 
            "1" :	"w", 
            "2" :	"x", 
            "3" :	"y", 
            "4" :	"slots", 
            "l" :	72.487, 
            "w" :	95.847, 
            "x" :	3.454, 
            "y" :	5.434, 
            "slots" :	{
                "items" :	4, 
                "0" :	"elliptical", 
                "1" :	"rectangular", 
                "2" :	"triangular", 
                "3" :	"polygonal", 
                "elliptical" :	{
                    "items" :	0
                }, 
                "rectangular" :	{
                    "items" :	0
                }, 
                "triangular" :	{
                    "items" :	1, 
                    "0" :	{
                        "items" :	3, 
                        "0" :	{
                            "items" :	2, 
                            "0" :	"x", 
                            "1" :	"y", 
                            "x" :	57.817, 
                            "y" :	49.588, 
                            "z" :	1.6
                        }, 
                        "1" :	{
                            "items" :	2, 
                            "0" :	"x", 
                            "1" :	"y", 
                            "x" :	56.429, 
                            "y" :	50.234, 
                            "z" :	1.6
                        }, 
                        "2" :	{
                            "items" :	2, 
                            "0" :	"x", 
                            "1" :	"y", 
                            "x" :	58.832, 
                            "y" :	48.837, 
                            "z" :	1.6
                        }, 
                        "type" :	"triangular", 
                        "id" :	"637074797811187840"
                    }
                }, 
                "polygonal" :	{
                    "items" :	0
                }
            }
        }, 
        "substrate" :	{
            "items" :	4, 
            "0" :	"l", 
            "1" :	"w", 
            "2" :	"x", 
            "3" :	"h", 
            "l" :	82.895, 
            "w" :	101.92299999999999, 
            "h" :	1.6, 
            "x" :	-0.362, 
            "y" :	-0.592, 
            "permitivitty" :	4.4, 
            "loss" :	0.02, 
            "name" :	"FR4"
        }
    }, 
    "fitness" :	{
        "items" :	1, 
        "0" :	"final", 
        "1" :	"freq", 
        "lower" :	0.30927697356382194, 
        "desired" :	1.0779707972648298, 
        "upper" :	1.2338145344287579, 
        "area" :	0.8920500024905111, 
        "freq" :	0.8425588275597437, 
        "final" :	1.4962143541142385, 
        "resonant" :	890000000.0, 
        "dir" :	"C:\\Users\\project\\0. My Work\\1. Repositories\\1. Very Unfriendly Train\\Data\\Simulations\\637074791583617408_Primary\\637074797811357440_0\\0.out", 
        "890000000.0" :	{
            "f" :	0.001743237216400562, 
            "g" :	0.30753373634742137
        }, 
        "905000000.0" :	{
            "f" :	0.47302621342508533, 
            "g" :	0.2894926706965037
        }, 
        "920000000.0" :	{
            "f" :	0.9569037434573617, 
            "g" :	0.2726939336396771
        }, 
        "935000000.0" :	{
            "f" :	0.9843975211790639, 
            "g" :	0.2573983093967972
        }, 
        "950000000.0" :	{
            "f" :	0.9899458689764723, 
            "g" :	0.2438686654522855
        }
    }
}