{
    "geometry" :	{
        "items" :	3, 
        "0" :	"feed", 
        "1" :	"ground plane", 
        "2" :	"radiating plane", 
        "feed" :	{
            "items" :	2, 
            "0" :	"center", 
            "1" :	"width", 
            "center" :	53.889, 
            "width" :	1.671
        }, 
        "ground plane" :	{
            "items" :	5, 
            "0" :	"l", 
            "1" :	"w", 
            "2" :	"x", 
            "3" :	"y", 
            "4" :	"slots", 
            "l" :	83.151, 
            "w" :	103.434, 
            "x" :	-1.015, 
            "y" :	-1.373, 
            "slots" :	{
                "items" :	4, 
                "0" :	"elliptical", 
                "1" :	"rectangular", 
                "2" :	"triangular", 
                "3" :	"polygonal", 
                "elliptical" :	{
                    "items" :	0
                }, 
                "rectangular" :	{
                    "items" :	4, 
                    "0" :	{
                        "items" :	4, 
                        "0" :	"x", 
                        "1" :	"y", 
                        "2" :	"l", 
                        "3" :	"w", 
                        "x" :	42.526, 
                        "y" :	76.952, 
                        "z" :	0.0, 
                        "l" :	7.42, 
                        "w" :	8.732, 
                        "type" :	"rectangular", 
                        "id" :	"637074070327098368"
                    }, 
                    "1" :	{
                        "items" :	4, 
                        "0" :	"x", 
                        "1" :	"y", 
                        "2" :	"l", 
                        "3" :	"w", 
                        "x" :	17.069, 
                        "y" :	95.745, 
                        "z" :	0.0, 
                        "l" :	15.736, 
                        "w" :	22.931, 
                        "type" :	"rectangular", 
                        "id" :	"637074071964394752"
                    }, 
                    "2" :	{
                        "items" :	4, 
                        "0" :	"x", 
                        "1" :	"y", 
                        "2" :	"l", 
                        "3" :	"w", 
                        "x" :	14.804, 
                        "y" :	47.929, 
                        "z" :	0.0, 
                        "l" :	7.81, 
                        "w" :	16.769, 
                        "type" :	"rectangular", 
                        "id" :	"637074075039515136"
                    }, 
                    "3" :	{
                        "items" :	4, 
                        "0" :	"x", 
                        "1" :	"y", 
                        "2" :	"l", 
                        "3" :	"w", 
                        "x" :	35.223, 
                        "y" :	74.427, 
                        "z" :	0.0, 
                        "l" :	11.936, 
                        "w" :	2.691, 
                        "type" :	"rectangular", 
                        "id" :	"637074077111393280"
                    }
                }, 
                "triangular" :	{
                    "items" :	0
                }, 
                "polygonal" :	{
                    "items" :	0
                }
            }
        }, 
        "radiating plane" :	{
            "items" :	5, 
            "0" :	"l", 
            "1" :	"w", 
            "2" :	"x", 
            "3" :	"y", 
            "4" :	"slots", 
            "l" :	71.051, 
            "w" :	96.774, 
            "x" :	3.911, 
            "y" :	4.167, 
            "slots" :	{
                "items" :	4, 
                "0" :	"elliptical", 
                "1" :	"rectangular", 
                "2" :	"triangular", 
                "3" :	"polygonal", 
                "elliptical" :	{
                    "items" :	0
                }, 
                "rectangular" :	{
                    "items" :	1, 
                    "0" :	{
                        "items" :	4, 
                        "0" :	"x", 
                        "1" :	"y", 
                        "2" :	"l", 
                        "3" :	"w", 
                        "x" :	6.712, 
                        "y" :	31.659, 
                        "z" :	1.6, 
                        "l" :	3.738, 
                        "w" :	2.672, 
                        "type" :	"rectangular", 
                        "id" :	"637074077111393280"
                    }
                }, 
                "triangular" :	{
                    "items" :	0
                }, 
                "polygonal" :	{
                    "items" :	0
                }
            }
        }, 
        "substrate" :	{
            "items" :	4, 
            "0" :	"l", 
            "1" :	"w", 
            "2" :	"x", 
            "3" :	"h", 
            "l" :	83.151, 
            "w" :	103.434, 
            "h" :	1.6, 
            "x" :	-1.015, 
            "y" :	-1.373, 
            "permitivitty" :	4.4, 
            "loss" :	0.02, 
            "name" :	"FR4"
        }
    }, 
    "fitness" :	{
        "items" :	1, 
        "0" :	"final", 
        "1" :	"freq", 
        "lower" :	1.341366896477246, 
        "desired" :	0.7089154531177805, 
        "upper" :	1.2313457227096887, 
        "area" :	0.908070278509246, 
        "freq" :	0.6718242895184966, 
        "final" :	1.2323197074518029, 
        "resonant" :	920000000.0, 
        "dir" :	"C:\\Users\\project\\0. My Work\\1. Repositories\\1. Very Unfriendly Train\\Data\\Simulations\\637074078979016448_Secondary\\637074078979086208_19\\19.out", 
        "890000000.0" :	{
            "f" :	0.9860312680526387, 
            "g" :	0.35533562842460725
        }, 
        "905000000.0" :	{
            "f" :	0.9492775849137334, 
            "g" :	0.33730749916685937
        }, 
        "920000000.0" :	{
            "f" :	0.1028024702763763, 
            "g" :	0.3200747126100029
        }, 
        "935000000.0" :	{
            "f" :	0.11342069933972161, 
            "g" :	0.3038633930466481
        }, 
        "950000000.0" :	{
            "f" :	0.9424882042346396, 
            "g" :	0.2888575184750491
        }
    }
}