{
    "geometry" :	{
        "items" :	3, 
        "0" :	"feed", 
        "1" :	"ground plane", 
        "2" :	"radiating plane", 
        "feed" :	{
            "items" :	2, 
            "0" :	"center", 
            "1" :	"width", 
            "center" :	53.899, 
            "width" :	1.599
        }, 
        "ground plane" :	{
            "items" :	5, 
            "0" :	"l", 
            "1" :	"w", 
            "2" :	"x", 
            "3" :	"y", 
            "4" :	"slots", 
            "l" :	82.607, 
            "w" :	100.907, 
            "x" :	-0.71, 
            "y" :	-1.13, 
            "slots" :	{
                "items" :	4, 
                "0" :	"elliptical", 
                "1" :	"rectangular", 
                "2" :	"triangular", 
                "3" :	"polygonal", 
                "elliptical" :	{
                    "items" :	0
                }, 
                "rectangular" :	{
                    "items" :	2, 
                    "0" :	{
                        "items" :	4, 
                        "0" :	"x", 
                        "1" :	"y", 
                        "2" :	"l", 
                        "3" :	"w", 
                        "x" :	22.487, 
                        "y" :	8.459, 
                        "z" :	0.0, 
                        "l" :	15.406, 
                        "w" :	9.36, 
                        "type" :	"rectangular", 
                        "id" :	"637074051789029376"
                    }, 
                    "1" :	{
                        "items" :	4, 
                        "0" :	"x", 
                        "1" :	"y", 
                        "2" :	"l", 
                        "3" :	"w", 
                        "x" :	5.54, 
                        "y" :	60.731, 
                        "z" :	0.0, 
                        "l" :	28.763, 
                        "w" :	10.296, 
                        "type" :	"rectangular", 
                        "id" :	"637074053452876672"
                    }
                }, 
                "triangular" :	{
                    "items" :	1, 
                    "0" :	{
                        "items" :	3, 
                        "0" :	{
                            "items" :	2, 
                            "0" :	"x", 
                            "1" :	"y", 
                            "x" :	26.21, 
                            "y" :	112.235, 
                            "z" :	0.0
                        }, 
                        "1" :	{
                            "items" :	2, 
                            "0" :	"x", 
                            "1" :	"y", 
                            "x" :	17.869, 
                            "y" :	89.314, 
                            "z" :	0.0
                        }, 
                        "2" :	{
                            "items" :	2, 
                            "0" :	"x", 
                            "1" :	"y", 
                            "x" :	18.799, 
                            "y" :	96.611, 
                            "z" :	0.0
                        }, 
                        "type" :	"triangular", 
                        "id" :	"637074055663590656"
                    }
                }, 
                "polygonal" :	{
                    "items" :	0
                }
            }
        }, 
        "radiating plane" :	{
            "items" :	5, 
            "0" :	"l", 
            "1" :	"w", 
            "2" :	"x", 
            "3" :	"y", 
            "4" :	"slots", 
            "l" :	73.947, 
            "w" :	98.14, 
            "x" :	4.996, 
            "y" :	4.828, 
            "slots" :	{
                "items" :	4, 
                "0" :	"elliptical", 
                "1" :	"rectangular", 
                "2" :	"triangular", 
                "3" :	"polygonal", 
                "elliptical" :	{
                    "items" :	0
                }, 
                "rectangular" :	{
                    "items" :	1, 
                    "0" :	{
                        "items" :	4, 
                        "0" :	"x", 
                        "1" :	"y", 
                        "2" :	"l", 
                        "3" :	"w", 
                        "x" :	31.166, 
                        "y" :	12.461, 
                        "z" :	1.6, 
                        "l" :	2.245, 
                        "w" :	2.903, 
                        "type" :	"rectangular", 
                        "id" :	"637074055663600640"
                    }
                }, 
                "triangular" :	{
                    "items" :	1, 
                    "0" :	{
                        "items" :	3, 
                        "0" :	{
                            "items" :	2, 
                            "0" :	"x", 
                            "1" :	"y", 
                            "x" :	35.026, 
                            "y" :	32.283, 
                            "z" :	1.6
                        }, 
                        "1" :	{
                            "items" :	2, 
                            "0" :	"x", 
                            "1" :	"y", 
                            "x" :	36.691, 
                            "y" :	34.307, 
                            "z" :	1.6
                        }, 
                        "2" :	{
                            "items" :	2, 
                            "0" :	"x", 
                            "1" :	"y", 
                            "x" :	38.055, 
                            "y" :	31.608, 
                            "z" :	1.6
                        }, 
                        "type" :	"triangular", 
                        "id" :	"637074053452876672"
                    }, 
                    "-1" :	{
                        "items" :	3, 
                        "0" :	{
                            "items" :	2, 
                            "0" :	"x", 
                            "1" :	"y", 
                            "x" :	68.588, 
                            "y" :	10.794, 
                            "z" :	1.6
                        }, 
                        "1" :	{
                            "items" :	2, 
                            "0" :	"x", 
                            "1" :	"y", 
                            "x" :	70.847, 
                            "y" :	13.53, 
                            "z" :	1.6
                        }, 
                        "2" :	{
                            "items" :	2, 
                            "0" :	"x", 
                            "1" :	"y", 
                            "x" :	71.264, 
                            "y" :	13.409, 
                            "z" :	1.6
                        }, 
                        "type" :	"triangular", 
                        "id" :	"637074051789029376"
                    }
                }, 
                "polygonal" :	{
                    "items" :	0
                }
            }
        }, 
        "substrate" :	{
            "items" :	4, 
            "0" :	"l", 
            "1" :	"w", 
            "2" :	"x", 
            "3" :	"h", 
            "l" :	82.607, 
            "w" :	104.148, 
            "h" :	1.6, 
            "x" :	-0.71, 
            "y" :	-1.13, 
            "permitivitty" :	4.4, 
            "loss" :	0.02, 
            "name" :	"FR4"
        }
    }, 
    "fitness" :	{
        "items" :	1, 
        "0" :	"final", 
        "1" :	"freq", 
        "lower" :	1.3551269071260639, 
        "desired" :	0.9189087682493887, 
        "upper" :	1.1277220625402353, 
        "area" :	0.9083567535564335, 
        "freq" :	0.8148080280072993, 
        "final" :	1.3872911012186278, 
        "resonant" :	935000000.0, 
        "dir" :	"C:\\Users\\project\\0. My Work\\1. Repositories\\1. Very Unfriendly Train\\Data\\Simulations\\637074060948763264_Secondary\\637074060948852992_17\\17.out", 
        "890000000.0" :	{
            "f" :	0.9894990526769842, 
            "g" :	0.3656278544490797
        }, 
        "905000000.0" :	{
            "f" :	0.9769101149110377, 
            "g" :	0.34961300743300516
        }, 
        "920000000.0" :	{
            "f" :	0.7760857759636308, 
            "g" :	0.3342540093937379
        }, 
        "935000000.0" :	{
            "f" :	0.00014472458024195804, 
            "g" :	0.319718672466513
        }, 
        "950000000.0" :	{
            "f" :	0.821586499433615, 
            "g" :	0.30613556310662043
        }
    }
}