{
    "geometry" :	{
        "items" :	3, 
        "0" :	"feed", 
        "1" :	"ground plane", 
        "2" :	"radiating plane", 
        "feed" :	{
            "items" :	2, 
            "0" :	"center", 
            "1" :	"width", 
            "center" :	54.067, 
            "width" :	1.602
        }, 
        "ground plane" :	{
            "items" :	5, 
            "0" :	"l", 
            "1" :	"w", 
            "2" :	"x", 
            "3" :	"y", 
            "4" :	"slots", 
            "l" :	86.998, 
            "w" :	105.421, 
            "x" :	-0.132, 
            "y" :	-0.05, 
            "slots" :	{
                "items" :	4, 
                "0" :	"elliptical", 
                "1" :	"rectangular", 
                "2" :	"triangular", 
                "3" :	"polygonal", 
                "elliptical" :	{
                    "items" :	0
                }, 
                "rectangular" :	{
                    "items" :	1, 
                    "0" :	{
                        "items" :	4, 
                        "0" :	"x", 
                        "1" :	"y", 
                        "2" :	"l", 
                        "3" :	"w", 
                        "x" :	30.753, 
                        "y" :	85.555, 
                        "z" :	0.0, 
                        "l" :	8.079, 
                        "w" :	6.738, 
                        "type" :	"rectangular", 
                        "id" :	"637074091544497664"
                    }
                }, 
                "triangular" :	{
                    "items" :	0
                }, 
                "polygonal" :	{
                    "items" :	0
                }
            }
        }, 
        "radiating plane" :	{
            "items" :	5, 
            "0" :	"l", 
            "1" :	"w", 
            "2" :	"x", 
            "3" :	"y", 
            "4" :	"slots", 
            "l" :	76.209, 
            "w" :	98.405, 
            "x" :	4.631, 
            "y" :	4.399, 
            "slots" :	{
                "items" :	4, 
                "0" :	"elliptical", 
                "1" :	"rectangular", 
                "2" :	"triangular", 
                "3" :	"polygonal", 
                "elliptical" :	{
                    "items" :	0
                }, 
                "rectangular" :	{
                    "items" :	0
                }, 
                "triangular" :	{
                    "items" :	0
                }, 
                "polygonal" :	{
                    "items" :	0
                }
            }
        }, 
        "substrate" :	{
            "items" :	4, 
            "0" :	"l", 
            "1" :	"w", 
            "2" :	"x", 
            "3" :	"h", 
            "l" :	86.998, 
            "w" :	105.421, 
            "h" :	1.6, 
            "x" :	-0.132, 
            "y" :	-0.05, 
            "permitivitty" :	4.4, 
            "loss" :	0.02, 
            "name" :	"FR4"
        }
    }, 
    "fitness" :	{
        "items" :	1, 
        "0" :	"final", 
        "1" :	"freq", 
        "lower" :	1.3526425700832183, 
        "desired" :	0.7821222328451282, 
        "upper" :	1.2573538734051384, 
        "area" :	0.9683337411900792, 
        "freq" :	0.7253278751189202, 
        "final" :	1.388734457943939, 
        "resonant" :	935000000.0, 
        "dir" :	"C:\\Users\\project\\0. My Work\\1. Repositories\\1. Very Unfriendly Train\\Data\\Simulations\\637074089568034432_Primary\\637074091544507520_2\\2.out", 
        "890000000.0" :	{
            "f" :	0.9877220941237171, 
            "g" :	0.36492047595950117
        }, 
        "905000000.0" :	{
            "f" :	0.9631303485261435, 
            "g" :	0.35060564874861916
        }, 
        "920000000.0" :	{
            "f" :	0.2968520760891178, 
            "g" :	0.3373638583754266
        }, 
        "935000000.0" :	{
            "f" :	0.07306052939900906, 
            "g" :	0.3253542373970683
        }, 
        "950000000.0" :	{
            "f" :	0.9426037307401526, 
            "g" :	0.3147501426649858
        }
    }
}