{
    "geometry" :	{
        "items" :	3, 
        "0" :	"feed", 
        "1" :	"ground plane", 
        "2" :	"radiating plane", 
        "feed" :	{
            "items" :	2, 
            "0" :	"center", 
            "1" :	"width", 
            "center" :	54.523, 
            "width" :	1.579
        }, 
        "ground plane" :	{
            "items" :	5, 
            "0" :	"l", 
            "1" :	"w", 
            "2" :	"x", 
            "3" :	"y", 
            "4" :	"slots", 
            "l" :	83.816, 
            "w" :	103.102, 
            "x" :	-0.078, 
            "y" :	-0.321, 
            "slots" :	{
                "items" :	4, 
                "0" :	"elliptical", 
                "1" :	"rectangular", 
                "2" :	"triangular", 
                "3" :	"polygonal", 
                "elliptical" :	{
                    "items" :	0
                }, 
                "rectangular" :	{
                    "items" :	1, 
                    "0" :	{
                        "items" :	4, 
                        "0" :	"x", 
                        "1" :	"y", 
                        "2" :	"l", 
                        "3" :	"w", 
                        "x" :	29.429, 
                        "y" :	85.046, 
                        "z" :	0.0, 
                        "l" :	11.87, 
                        "w" :	6.389, 
                        "type" :	"rectangular", 
                        "id" :	"637074091544497664"
                    }
                }, 
                "triangular" :	{
                    "items" :	1, 
                    "0" :	{
                        "items" :	3, 
                        "0" :	{
                            "items" :	2, 
                            "0" :	"x", 
                            "1" :	"y", 
                            "x" :	46.74, 
                            "y" :	67.681, 
                            "z" :	0.0
                        }, 
                        "1" :	{
                            "items" :	2, 
                            "0" :	"x", 
                            "1" :	"y", 
                            "x" :	24.242, 
                            "y" :	61.637, 
                            "z" :	0.0
                        }, 
                        "2" :	{
                            "items" :	2, 
                            "0" :	"x", 
                            "1" :	"y", 
                            "x" :	26.956, 
                            "y" :	61.604, 
                            "z" :	0.0
                        }, 
                        "type" :	"triangular", 
                        "id" :	"637074093063715328"
                    }
                }, 
                "polygonal" :	{
                    "items" :	0
                }
            }
        }, 
        "radiating plane" :	{
            "items" :	5, 
            "0" :	"l", 
            "1" :	"w", 
            "2" :	"x", 
            "3" :	"y", 
            "4" :	"slots", 
            "l" :	77.34, 
            "w" :	96.162, 
            "x" :	4.5, 
            "y" :	4.439, 
            "slots" :	{
                "items" :	4, 
                "0" :	"elliptical", 
                "1" :	"rectangular", 
                "2" :	"triangular", 
                "3" :	"polygonal", 
                "elliptical" :	{
                    "items" :	0
                }, 
                "rectangular" :	{
                    "items" :	1, 
                    "0" :	{
                        "items" :	4, 
                        "0" :	"x", 
                        "1" :	"y", 
                        "2" :	"l", 
                        "3" :	"w", 
                        "x" :	3.553, 
                        "y" :	22.703, 
                        "z" :	1.6, 
                        "l" :	4.144, 
                        "w" :	2.81, 
                        "type" :	"rectangular", 
                        "id" :	"637074093063715328"
                    }
                }, 
                "triangular" :	{
                    "items" :	0
                }, 
                "polygonal" :	{
                    "items" :	0
                }
            }
        }, 
        "substrate" :	{
            "items" :	4, 
            "0" :	"l", 
            "1" :	"w", 
            "2" :	"x", 
            "3" :	"h", 
            "l" :	83.816, 
            "w" :	103.102, 
            "h" :	1.6, 
            "x" :	-0.078, 
            "y" :	-0.321, 
            "permitivitty" :	4.4, 
            "loss" :	0.02, 
            "name" :	"FR4"
        }
    }, 
    "fitness" :	{
        "items" :	1, 
        "0" :	"final", 
        "1" :	"freq", 
        "lower" :	1.3908194688239224, 
        "desired" :	0.9619153937188233, 
        "upper" :	1.420170142854479, 
        "area" :	0.9123945564525753, 
        "freq" :	0.8625689375959337, 
        "final" :	1.447185478828272, 
        "resonant" :	905000000.0, 
        "dir" :	"C:\\Users\\project\\0. My Work\\1. Repositories\\1. Very Unfriendly Train\\Data\\Simulations\\637074089568034432_Primary\\637074093063725312_6\\6.out", 
        "890000000.0" :	{
            "f" :	0.9318546125162074, 
            "g" :	0.4589648563077149
        }, 
        "905000000.0" :	{
            "f" :	0.057432347862550547, 
            "g" :	0.4513310520942221
        }, 
        "920000000.0" :	{
            "f" :	0.5294990351994185, 
            "g" :	0.4444677705209761
        }, 
        "935000000.0" :	{
            "f" :	0.9645452667156287, 
            "g" :	0.4384707087636738
        }, 
        "950000000.0" :	{
            "f" :	0.98675323559303, 
            "g" :	0.433416907261449
        }
    }
}