{
    "geometry" :	{
        "items" :	3, 
        "0" :	"feed", 
        "1" :	"ground plane", 
        "2" :	"radiating plane", 
        "feed" :	{
            "items" :	2, 
            "0" :	"center", 
            "1" :	"width", 
            "center" :	55.025, 
            "width" :	1.665
        }, 
        "ground plane" :	{
            "items" :	5, 
            "0" :	"l", 
            "1" :	"w", 
            "2" :	"x", 
            "3" :	"y", 
            "4" :	"slots", 
            "l" :	84.972, 
            "w" :	102.537, 
            "x" :	-0.203, 
            "y" :	-0.753, 
            "slots" :	{
                "items" :	4, 
                "0" :	"elliptical", 
                "1" :	"rectangular", 
                "2" :	"triangular", 
                "3" :	"polygonal", 
                "elliptical" :	{
                    "items" :	0
                }, 
                "rectangular" :	{
                    "items" :	1, 
                    "0" :	{
                        "items" :	4, 
                        "0" :	"x", 
                        "1" :	"y", 
                        "2" :	"l", 
                        "3" :	"w", 
                        "x" :	22.627, 
                        "y" :	51.404, 
                        "z" :	0.0, 
                        "l" :	16.077, 
                        "w" :	17.797, 
                        "type" :	"rectangular", 
                        "id" :	"637074071964394752"
                    }
                }, 
                "triangular" :	{
                    "items" :	0
                }, 
                "polygonal" :	{
                    "items" :	0
                }
            }
        }, 
        "radiating plane" :	{
            "items" :	5, 
            "0" :	"l", 
            "1" :	"w", 
            "2" :	"x", 
            "3" :	"y", 
            "4" :	"slots", 
            "l" :	74.667, 
            "w" :	98.403, 
            "x" :	4.331, 
            "y" :	5.0, 
            "slots" :	{
                "items" :	4, 
                "0" :	"elliptical", 
                "1" :	"rectangular", 
                "2" :	"triangular", 
                "3" :	"polygonal", 
                "elliptical" :	{
                    "items" :	0
                }, 
                "rectangular" :	{
                    "items" :	1, 
                    "0" :	{
                        "items" :	4, 
                        "0" :	"x", 
                        "1" :	"y", 
                        "2" :	"l", 
                        "3" :	"w", 
                        "x" :	2.026, 
                        "y" :	1.788, 
                        "z" :	1.6, 
                        "l" :	2.657, 
                        "w" :	1.954, 
                        "type" :	"rectangular", 
                        "id" :	"637074071964394752"
                    }
                }, 
                "triangular" :	{
                    "items" :	1, 
                    "0" :	{
                        "items" :	3, 
                        "0" :	{
                            "items" :	2, 
                            "0" :	"x", 
                            "1" :	"y", 
                            "x" :	63.25, 
                            "y" :	68.754, 
                            "z" :	1.6
                        }, 
                        "1" :	{
                            "items" :	2, 
                            "0" :	"x", 
                            "1" :	"y", 
                            "x" :	62.481, 
                            "y" :	66.152, 
                            "z" :	1.6
                        }, 
                        "2" :	{
                            "items" :	2, 
                            "0" :	"x", 
                            "1" :	"y", 
                            "x" :	63.629, 
                            "y" :	65.766, 
                            "z" :	1.6
                        }, 
                        "type" :	"triangular", 
                        "id" :	"637074070327098368"
                    }
                }, 
                "polygonal" :	{
                    "items" :	0
                }
            }
        }, 
        "substrate" :	{
            "items" :	4, 
            "0" :	"l", 
            "1" :	"w", 
            "2" :	"x", 
            "3" :	"h", 
            "l" :	84.972, 
            "w" :	104.206, 
            "h" :	1.6, 
            "x" :	-0.203, 
            "y" :	-0.753, 
            "permitivitty" :	4.4, 
            "loss" :	0.02, 
            "name" :	"FR4"
        }
    }, 
    "fitness" :	{
        "items" :	1, 
        "0" :	"final", 
        "1" :	"freq", 
        "lower" :	1.1889334003694907, 
        "desired" :	0.9373033938943497, 
        "upper" :	1.3004119763945163, 
        "area" :	0.9348829313830785, 
        "freq" :	0.8221923135771773, 
        "final" :	1.4456568682887048, 
        "resonant" :	905000000.0, 
        "dir" :	"C:\\Users\\project\\0. My Work\\1. Repositories\\1. Very Unfriendly Train\\Data\\Simulations\\637074070080628736_Primary\\637074071964411264_3\\3.out", 
        "890000000.0" :	{
            "f" :	0.8247017986478788, 
            "g" :	0.3642316017216118
        }, 
        "905000000.0" :	{
            "f" :	0.000122484937779706, 
            "g" :	0.3494734047486356
        }, 
        "920000000.0" :	{
            "f" :	0.8261906668719657, 
            "g" :	0.33565270251092827
        }, 
        "935000000.0" :	{
            "f" :	0.9775699148061807, 
            "g" :	0.322901007807559
        }, 
        "950000000.0" :	{
            "f" :	0.9890759030778605, 
            "g" :	0.3113360733166558
        }
    }
}