{
    "geometry" :	{
        "items" :	3, 
        "0" :	"feed", 
        "1" :	"ground plane", 
        "2" :	"radiating plane", 
        "feed" :	{
            "items" :	2, 
            "0" :	"center", 
            "1" :	"width", 
            "center" :	54.581, 
            "width" :	1.606
        }, 
        "ground plane" :	{
            "items" :	5, 
            "0" :	"l", 
            "1" :	"w", 
            "2" :	"x", 
            "3" :	"y", 
            "4" :	"slots", 
            "l" :	82.378, 
            "w" :	102.499, 
            "x" :	-0.143, 
            "y" :	-0.115, 
            "slots" :	{
                "items" :	4, 
                "0" :	"elliptical", 
                "1" :	"rectangular", 
                "2" :	"triangular", 
                "3" :	"polygonal", 
                "elliptical" :	{
                    "items" :	0
                }, 
                "rectangular" :	{
                    "items" :	0
                }, 
                "triangular" :	{
                    "items" :	1, 
                    "0" :	{
                        "items" :	3, 
                        "0" :	{
                            "items" :	2, 
                            "0" :	"x", 
                            "1" :	"y", 
                            "x" :	49.366, 
                            "y" :	50.388, 
                            "z" :	0.0
                        }, 
                        "1" :	{
                            "items" :	2, 
                            "0" :	"x", 
                            "1" :	"y", 
                            "x" :	51.324, 
                            "y" :	37.317, 
                            "z" :	0.0
                        }, 
                        "2" :	{
                            "items" :	2, 
                            "0" :	"x", 
                            "1" :	"y", 
                            "x" :	47.34, 
                            "y" :	47.688, 
                            "z" :	0.0
                        }, 
                        "type" :	"triangular", 
                        "id" :	"637074094504170368"
                    }
                }, 
                "polygonal" :	{
                    "items" :	0
                }
            }
        }, 
        "radiating plane" :	{
            "items" :	5, 
            "0" :	"l", 
            "1" :	"w", 
            "2" :	"x", 
            "3" :	"y", 
            "4" :	"slots", 
            "l" :	76.033, 
            "w" :	97.016, 
            "x" :	4.655, 
            "y" :	4.048, 
            "slots" :	{
                "items" :	4, 
                "0" :	"elliptical", 
                "1" :	"rectangular", 
                "2" :	"triangular", 
                "3" :	"polygonal", 
                "elliptical" :	{
                    "items" :	0
                }, 
                "rectangular" :	{
                    "items" :	0
                }, 
                "triangular" :	{
                    "items" :	0
                }, 
                "polygonal" :	{
                    "items" :	0
                }
            }
        }, 
        "substrate" :	{
            "items" :	4, 
            "0" :	"l", 
            "1" :	"w", 
            "2" :	"x", 
            "3" :	"h", 
            "l" :	82.378, 
            "w" :	102.499, 
            "h" :	1.6, 
            "x" :	-0.143, 
            "y" :	-0.115, 
            "permitivitty" :	4.4, 
            "loss" :	0.02, 
            "name" :	"FR4"
        }
    }, 
    "fitness" :	{
        "items" :	1, 
        "0" :	"final", 
        "1" :	"freq", 
        "lower" :	1.441002909556563, 
        "desired" :	0.9376232237412978, 
        "upper" :	1.3411057270689022, 
        "area" :	0.8914962831531881, 
        "freq" :	0.8458767902846615, 
        "final" :	1.3849485382100823, 
        "resonant" :	935000000.0, 
        "dir" :	"C:\\Users\\project\\0. My Work\\1. Repositories\\1. Very Unfriendly Train\\Data\\Simulations\\637074098254293632_Secondary\\637074098254450048_12\\12.out", 
        "890000000.0" :	{
            "f" :	0.9868919411818508, 
            "g" :	0.4541109683747124
        }, 
        "905000000.0" :	{
            "f" :	0.9615750883432379, 
            "g" :	0.4446331456107528
        }, 
        "920000000.0" :	{
            "f" :	0.45330315092788565, 
            "g" :	0.4357846113362037
        }, 
        "935000000.0" :	{
            "f" :	0.08988826325395899, 
            "g" :	0.4276854117518547
        }, 
        "950000000.0" :	{
            "f" :	0.9206881137649678, 
            "g" :	0.42041761330393435
        }
    }
}