{
    "geometry" :	{
        "items" :	3, 
        "0" :	"feed", 
        "1" :	"ground plane", 
        "2" :	"radiating plane", 
        "feed" :	{
            "items" :	2, 
            "0" :	"center", 
            "1" :	"width", 
            "center" :	53.637, 
            "width" :	1.616
        }, 
        "ground plane" :	{
            "items" :	5, 
            "0" :	"l", 
            "1" :	"w", 
            "2" :	"x", 
            "3" :	"y", 
            "4" :	"slots", 
            "l" :	82.169, 
            "w" :	105.128, 
            "x" :	-0.354, 
            "y" :	-0.207, 
            "slots" :	{
                "items" :	4, 
                "0" :	"elliptical", 
                "1" :	"rectangular", 
                "2" :	"triangular", 
                "3" :	"polygonal", 
                "elliptical" :	{
                    "items" :	0
                }, 
                "rectangular" :	{
                    "items" :	1, 
                    "0" :	{
                        "items" :	4, 
                        "0" :	"x", 
                        "1" :	"y", 
                        "2" :	"l", 
                        "3" :	"w", 
                        "x" :	64.907, 
                        "y" :	46.127, 
                        "z" :	0.0, 
                        "l" :	10.289, 
                        "w" :	9.979, 
                        "type" :	"rectangular", 
                        "id" :	"637074089808158848"
                    }
                }, 
                "triangular" :	{
                    "items" :	0
                }, 
                "polygonal" :	{
                    "items" :	0
                }
            }
        }, 
        "radiating plane" :	{
            "items" :	5, 
            "0" :	"l", 
            "1" :	"w", 
            "2" :	"x", 
            "3" :	"y", 
            "4" :	"slots", 
            "l" :	76.949, 
            "w" :	99.582, 
            "x" :	4.816, 
            "y" :	4.641, 
            "slots" :	{
                "items" :	4, 
                "0" :	"elliptical", 
                "1" :	"rectangular", 
                "2" :	"triangular", 
                "3" :	"polygonal", 
                "elliptical" :	{
                    "items" :	0
                }, 
                "rectangular" :	{
                    "items" :	0
                }, 
                "triangular" :	{
                    "items" :	0
                }, 
                "polygonal" :	{
                    "items" :	0
                }
            }
        }, 
        "substrate" :	{
            "items" :	4, 
            "0" :	"l", 
            "1" :	"w", 
            "2" :	"x", 
            "3" :	"h", 
            "l" :	82.169, 
            "w" :	105.128, 
            "h" :	1.6, 
            "x" :	-0.354, 
            "y" :	-0.207, 
            "permitivitty" :	4.4, 
            "loss" :	0.02, 
            "name" :	"FR4"
        }
    }, 
    "fitness" :	{
        "items" :	1, 
        "0" :	"final", 
        "1" :	"freq", 
        "lower" :	1.455948219398613, 
        "desired" :	1.1299386666456408, 
        "upper" :	0.8641144009080761, 
        "area" :	0.9120424837041855, 
        "freq" :	0.9579183853462344, 
        "final" :	1.549942528495282, 
        "resonant" :	935000000.0, 
        "dir" :	"C:\\Users\\project\\0. My Work\\1. Repositories\\1. Very Unfriendly Train\\Data\\Simulations\\637074089568034432_Primary\\637074089808168704_2\\2.out", 
        "890000000.0" :	{
            "f" :	0.9905688998220732, 
            "g" :	0.46537931957653994
        }, 
        "905000000.0" :	{
            "f" :	0.9834280559052615, 
            "g" :	0.45787858404469617
        }, 
        "920000000.0" :	{
            "f" :	0.9303190094435494, 
            "g" :	0.4511576932925728
        }, 
        "935000000.0" :	{
            "f" :	0.12173163070215298, 
            "g" :	0.4453010265486893
        }, 
        "950000000.0" :	{
            "f" :	0.4237332169319684, 
            "g" :	0.44038118397610765
        }
    }
}