{
    "geometry" :	{
        "items" :	3, 
        "0" :	"feed", 
        "1" :	"ground plane", 
        "2" :	"radiating plane", 
        "feed" :	{
            "items" :	2, 
            "0" :	"center", 
            "1" :	"width", 
            "center" :	54.541, 
            "width" :	1.626
        }, 
        "ground plane" :	{
            "items" :	5, 
            "0" :	"l", 
            "1" :	"w", 
            "2" :	"x", 
            "3" :	"y", 
            "4" :	"slots", 
            "l" :	84.328, 
            "w" :	105.847, 
            "x" :	-0.221, 
            "y" :	-0.208, 
            "slots" :	{
                "items" :	4, 
                "0" :	"elliptical", 
                "1" :	"rectangular", 
                "2" :	"triangular", 
                "3" :	"polygonal", 
                "elliptical" :	{
                    "items" :	0
                }, 
                "rectangular" :	{
                    "items" :	0
                }, 
                "triangular" :	{
                    "items" :	1, 
                    "0" :	{
                        "items" :	3, 
                        "0" :	{
                            "items" :	2, 
                            "0" :	"x", 
                            "1" :	"y", 
                            "x" :	8.173, 
                            "y" :	30.533, 
                            "z" :	0.0
                        }, 
                        "1" :	{
                            "items" :	2, 
                            "0" :	"x", 
                            "1" :	"y", 
                            "x" :	18.945, 
                            "y" :	40.613, 
                            "z" :	0.0
                        }, 
                        "2" :	{
                            "items" :	2, 
                            "0" :	"x", 
                            "1" :	"y", 
                            "x" :	-3.655, 
                            "y" :	35.894, 
                            "z" :	0.0
                        }, 
                        "type" :	"triangular", 
                        "id" :	"637074070327108608"
                    }
                }, 
                "polygonal" :	{
                    "items" :	0
                }
            }
        }, 
        "radiating plane" :	{
            "items" :	5, 
            "0" :	"l", 
            "1" :	"w", 
            "2" :	"x", 
            "3" :	"y", 
            "4" :	"slots", 
            "l" :	76.515, 
            "w" :	99.086, 
            "x" :	4.875, 
            "y" :	5.279, 
            "slots" :	{
                "items" :	4, 
                "0" :	"elliptical", 
                "1" :	"rectangular", 
                "2" :	"triangular", 
                "3" :	"polygonal", 
                "elliptical" :	{
                    "items" :	0
                }, 
                "rectangular" :	{
                    "items" :	0
                }, 
                "triangular" :	{
                    "items" :	0
                }, 
                "polygonal" :	{
                    "items" :	0
                }
            }
        }, 
        "substrate" :	{
            "items" :	4, 
            "0" :	"l", 
            "1" :	"w", 
            "2" :	"x", 
            "3" :	"h", 
            "l" :	84.328, 
            "w" :	105.847, 
            "h" :	1.6, 
            "x" :	-0.221, 
            "y" :	-0.208, 
            "permitivitty" :	4.4, 
            "loss" :	0.02, 
            "name" :	"FR4"
        }
    }, 
    "fitness" :	{
        "items" :	1, 
        "0" :	"final", 
        "1" :	"freq", 
        "lower" :	1.3957106747436012, 
        "desired" :	1.0209179367587806, 
        "upper" :	0.8904447755312274, 
        "area" :	0.9424081177941809, 
        "freq" :	0.8778002018609139, 
        "final" :	1.5212663409213107, 
        "resonant" :	935000000.0, 
        "dir" :	"C:\\Users\\project\\0. My Work\\1. Repositories\\1. Very Unfriendly Train\\Data\\Simulations\\637074070080628736_Primary\\637074070327118592_2\\2.out", 
        "890000000.0" :	{
            "f" :	0.9906161159460104, 
            "g" :	0.4050945587975908
        }, 
        "905000000.0" :	{
            "f" :	0.9829878115606717, 
            "g" :	0.39295630460875075
        }, 
        "920000000.0" :	{
            "f" :	0.9146983077893707, 
            "g" :	0.38152438443392167
        }, 
        "935000000.0" :	{
            "f" :	0.019704635615305433, 
            "g" :	0.3708823662683214
        }, 
        "950000000.0" :	{
            "f" :	0.5292831171934776, 
            "g" :	0.3611616583377497
        }
    }
}