{
    "geometry" :	{
        "items" :	3, 
        "0" :	"feed", 
        "1" :	"ground plane", 
        "2" :	"radiating plane", 
        "feed" :	{
            "items" :	2, 
            "0" :	"center", 
            "1" :	"width", 
            "center" :	53.608, 
            "width" :	1.614
        }, 
        "ground plane" :	{
            "items" :	5, 
            "0" :	"l", 
            "1" :	"w", 
            "2" :	"x", 
            "3" :	"y", 
            "4" :	"slots", 
            "l" :	82.49199999999999, 
            "w" :	105.664, 
            "x" :	-0.331, 
            "y" :	-0.461, 
            "slots" :	{
                "items" :	4, 
                "0" :	"elliptical", 
                "1" :	"rectangular", 
                "2" :	"triangular", 
                "3" :	"polygonal", 
                "elliptical" :	{
                    "items" :	0
                }, 
                "rectangular" :	{
                    "items" :	2, 
                    "0" :	{
                        "items" :	4, 
                        "0" :	"x", 
                        "1" :	"y", 
                        "2" :	"l", 
                        "3" :	"w", 
                        "x" :	32.525, 
                        "y" :	87.903, 
                        "z" :	0.0, 
                        "l" :	13.82, 
                        "w" :	7.504, 
                        "type" :	"rectangular", 
                        "id" :	"637074091544497664"
                    }, 
                    "1" :	{
                        "items" :	4, 
                        "0" :	"x", 
                        "1" :	"y", 
                        "2" :	"l", 
                        "3" :	"w", 
                        "x" :	56.994, 
                        "y" :	12.518, 
                        "z" :	0.0, 
                        "l" :	5.235, 
                        "w" :	12.539, 
                        "type" :	"rectangular", 
                        "id" :	"637074094504170368"
                    }
                }, 
                "triangular" :	{
                    "items" :	0
                }, 
                "polygonal" :	{
                    "items" :	0
                }
            }
        }, 
        "radiating plane" :	{
            "items" :	5, 
            "0" :	"l", 
            "1" :	"w", 
            "2" :	"x", 
            "3" :	"y", 
            "4" :	"slots", 
            "l" :	77.499, 
            "w" :	97.813, 
            "x" :	4.612, 
            "y" :	4.154, 
            "slots" :	{
                "items" :	4, 
                "0" :	"elliptical", 
                "1" :	"rectangular", 
                "2" :	"triangular", 
                "3" :	"polygonal", 
                "elliptical" :	{
                    "items" :	0
                }, 
                "rectangular" :	{
                    "items" :	0
                }, 
                "triangular" :	{
                    "items" :	0
                }, 
                "polygonal" :	{
                    "items" :	0
                }
            }
        }, 
        "substrate" :	{
            "items" :	4, 
            "0" :	"l", 
            "1" :	"w", 
            "2" :	"x", 
            "3" :	"h", 
            "l" :	82.49199999999999, 
            "w" :	105.664, 
            "h" :	1.6, 
            "x" :	-0.331, 
            "y" :	-0.461, 
            "permitivitty" :	4.4, 
            "loss" :	0.02, 
            "name" :	"FR4"
        }
    }, 
    "fitness" :	{
        "items" :	1, 
        "0" :	"final", 
        "1" :	"freq", 
        "lower" :	1.0346956259829931, 
        "desired" :	1.1692371721888202, 
        "upper" :	1.4870066536366884, 
        "area" :	0.920296022540385, 
        "freq" :	0.9807654814225629, 
        "final" :	1.592554318888262, 
        "resonant" :	905000000.0, 
        "dir" :	"C:\\Users\\project\\0. My Work\\1. Repositories\\1. Very Unfriendly Train\\Data\\Simulations\\637074089568034432_Primary\\637074094504170368_4\\4.out", 
        "890000000.0" :	{
            "f" :	0.5296152941734262, 
            "g" :	0.5050803318095668
        }, 
        "905000000.0" :	{
            "f" :	0.09135512144094131, 
            "g" :	0.5015564769723
        }, 
        "920000000.0" :	{
            "f" :	0.9349295104719748, 
            "g" :	0.4989240631607347
        }, 
        "935000000.0" :	{
            "f" :	0.9836825262567577, 
            "g" :	0.4972638182637518
        }, 
        "950000000.0" :	{
            "f" :	0.9903865611535405, 
            "g" :	0.4966200924831479
        }
    }
}