{
    "geometry" :	{
        "items" :	3, 
        "0" :	"feed", 
        "1" :	"ground plane", 
        "2" :	"radiating plane", 
        "feed" :	{
            "items" :	2, 
            "0" :	"center", 
            "1" :	"width", 
            "center" :	55.94, 
            "width" :	1.659
        }, 
        "ground plane" :	{
            "items" :	5, 
            "0" :	"l", 
            "1" :	"w", 
            "2" :	"x", 
            "3" :	"y", 
            "4" :	"slots", 
            "l" :	84.368, 
            "w" :	108.92, 
            "x" :	-0.964, 
            "y" :	-1.19, 
            "slots" :	{
                "items" :	4, 
                "0" :	"elliptical", 
                "1" :	"rectangular", 
                "2" :	"triangular", 
                "3" :	"polygonal", 
                "elliptical" :	{
                    "items" :	0
                }, 
                "rectangular" :	{
                    "items" :	2, 
                    "0" :	{
                        "items" :	4, 
                        "0" :	"x", 
                        "1" :	"y", 
                        "2" :	"l", 
                        "3" :	"w", 
                        "x" :	45.291, 
                        "y" :	69.28, 
                        "z" :	0.0, 
                        "l" :	10.598, 
                        "w" :	8.511, 
                        "type" :	"rectangular", 
                        "id" :	"637074070327098368"
                    }, 
                    "1" :	{
                        "items" :	4, 
                        "0" :	"x", 
                        "1" :	"y", 
                        "2" :	"l", 
                        "3" :	"w", 
                        "x" :	21.666, 
                        "y" :	59.649, 
                        "z" :	0.0, 
                        "l" :	5.716, 
                        "w" :	10.636, 
                        "type" :	"rectangular", 
                        "id" :	"637074073646797696"
                    }
                }, 
                "triangular" :	{
                    "items" :	0
                }, 
                "polygonal" :	{
                    "items" :	0
                }
            }
        }, 
        "radiating plane" :	{
            "items" :	5, 
            "0" :	"l", 
            "1" :	"w", 
            "2" :	"x", 
            "3" :	"y", 
            "4" :	"slots", 
            "l" :	74.333, 
            "w" :	96.595, 
            "x" :	4.09, 
            "y" :	4.06, 
            "slots" :	{
                "items" :	4, 
                "0" :	"elliptical", 
                "1" :	"rectangular", 
                "2" :	"triangular", 
                "3" :	"polygonal", 
                "elliptical" :	{
                    "items" :	0
                }, 
                "rectangular" :	{
                    "items" :	0
                }, 
                "triangular" :	{
                    "items" :	0
                }, 
                "polygonal" :	{
                    "items" :	0
                }
            }
        }, 
        "substrate" :	{
            "items" :	4, 
            "0" :	"l", 
            "1" :	"w", 
            "2" :	"x", 
            "3" :	"h", 
            "l" :	84.368, 
            "w" :	108.92, 
            "h" :	1.6, 
            "x" :	-0.964, 
            "y" :	-1.19, 
            "permitivitty" :	4.4, 
            "loss" :	0.02, 
            "name" :	"FR4"
        }
    }, 
    "fitness" :	{
        "items" :	1, 
        "0" :	"final", 
        "1" :	"freq", 
        "lower" :	1.39352551428183, 
        "desired" :	0.9822731812825108, 
        "upper" :	1.1396267148642802, 
        "area" :	0.9702285528843889, 
        "freq" :	0.8630222313549272, 
        "final" :	1.5501781072447096, 
        "resonant" :	935000000.0, 
        "dir" :	"C:\\Users\\project\\0. My Work\\1. Repositories\\1. Very Unfriendly Train\\Data\\Simulations\\637074070080628736_Primary\\637074073646817664_0\\0.out", 
        "890000000.0" :	{
            "f" :	0.9896024524487014, 
            "g" :	0.4039230618331285
        }, 
        "905000000.0" :	{
            "f" :	0.9782198052065583, 
            "g" :	0.39110081940777297
        }, 
        "920000000.0" :	{
            "f" :	0.8283625712033642, 
            "g" :	0.37896909852529564
        }, 
        "935000000.0" :	{
            "f" :	0.002496083097304892, 
            "g" :	0.3676711664072364
        }, 
        "950000000.0" :	{
            "f" :	0.7822454406415595, 
            "g" :	0.35738127422272065
        }
    }
}