{
    "geometry" :	{
        "items" :	3, 
        "0" :	"feed", 
        "1" :	"ground plane", 
        "2" :	"radiating plane", 
        "feed" :	{
            "items" :	2, 
            "0" :	"center", 
            "1" :	"width", 
            "center" :	55.046, 
            "width" :	1.603
        }, 
        "ground plane" :	{
            "items" :	5, 
            "0" :	"l", 
            "1" :	"w", 
            "2" :	"x", 
            "3" :	"y", 
            "4" :	"slots", 
            "l" :	80.051, 
            "w" :	108.524, 
            "x" :	-0.413, 
            "y" :	-1.18, 
            "slots" :	{
                "items" :	4, 
                "0" :	"elliptical", 
                "1" :	"rectangular", 
                "2" :	"triangular", 
                "3" :	"polygonal", 
                "elliptical" :	{
                    "items" :	0
                }, 
                "rectangular" :	{
                    "items" :	2, 
                    "0" :	{
                        "items" :	4, 
                        "0" :	"x", 
                        "1" :	"y", 
                        "2" :	"l", 
                        "3" :	"w", 
                        "x" :	14.978, 
                        "y" :	86.443, 
                        "z" :	0.0, 
                        "l" :	8.054, 
                        "w" :	21.804, 
                        "type" :	"rectangular", 
                        "id" :	"637074071964394752"
                    }, 
                    "1" :	{
                        "items" :	4, 
                        "0" :	"x", 
                        "1" :	"y", 
                        "2" :	"l", 
                        "3" :	"w", 
                        "x" :	9.062, 
                        "y" :	111.117, 
                        "z" :	0.0, 
                        "l" :	9.217, 
                        "w" :	3.15, 
                        "type" :	"rectangular", 
                        "id" :	"637074073646807680"
                    }
                }, 
                "triangular" :	{
                    "items" :	0
                }, 
                "polygonal" :	{
                    "items" :	0
                }
            }
        }, 
        "radiating plane" :	{
            "items" :	5, 
            "0" :	"l", 
            "1" :	"w", 
            "2" :	"x", 
            "3" :	"y", 
            "4" :	"slots", 
            "l" :	71.727, 
            "w" :	93.593, 
            "x" :	4.633, 
            "y" :	4.649, 
            "slots" :	{
                "items" :	4, 
                "0" :	"elliptical", 
                "1" :	"rectangular", 
                "2" :	"triangular", 
                "3" :	"polygonal", 
                "elliptical" :	{
                    "items" :	0
                }, 
                "rectangular" :	{
                    "items" :	0
                }, 
                "triangular" :	{
                    "items" :	0
                }, 
                "polygonal" :	{
                    "items" :	0
                }
            }
        }, 
        "substrate" :	{
            "items" :	4, 
            "0" :	"l", 
            "1" :	"w", 
            "2" :	"x", 
            "3" :	"h", 
            "l" :	80.051, 
            "w" :	108.524, 
            "h" :	1.6, 
            "x" :	-0.413, 
            "y" :	-1.18, 
            "permitivitty" :	4.4, 
            "loss" :	0.02, 
            "name" :	"FR4"
        }
    }, 
    "fitness" :	{
        "items" :	1, 
        "0" :	"final", 
        "1" :	"freq", 
        "lower" :	1.32856226430098, 
        "desired" :	1.2735095319497653, 
        "upper" :	0.5927649535500661, 
        "area" :	0.917236268574778, 
        "freq" :	1.0340227125079222, 
        "final" :	1.6441932182447372, 
        "resonant" :	950000000.0, 
        "dir" :	"C:\\Users\\project\\0. My Work\\1. Repositories\\1. Very Unfriendly Train\\Data\\Simulations\\637074070080628736_Primary\\637074073646817664_1\\1.out", 
        "890000000.0" :	{
            "f" :	0.992981296633704, 
            "g" :	0.335580967667276
        }, 
        "905000000.0" :	{
            "f" :	0.9911979824564081, 
            "g" :	0.31556910181457953
        }, 
        "920000000.0" :	{
            "f" :	0.9858761609481901, 
            "g" :	0.29586745585605445
        }, 
        "935000000.0" :	{
            "f" :	0.9551923278849699, 
            "g" :	0.27682556688909377
        }, 
        "950000000.0" :	{
            "f" :	0.33404790374421395, 
            "g" :	0.25871704980585214
        }
    }
}