{
    "geometry" :	{
        "items" :	3, 
        "0" :	"feed", 
        "1" :	"ground plane", 
        "2" :	"radiating plane", 
        "feed" :	{
            "items" :	2, 
            "0" :	"center", 
            "1" :	"width", 
            "center" :	54.581, 
            "width" :	1.606
        }, 
        "ground plane" :	{
            "items" :	5, 
            "0" :	"l", 
            "1" :	"w", 
            "2" :	"x", 
            "3" :	"y", 
            "4" :	"slots", 
            "l" :	83.111, 
            "w" :	102.499, 
            "x" :	-0.143, 
            "y" :	-0.115, 
            "slots" :	{
                "items" :	4, 
                "0" :	"elliptical", 
                "1" :	"rectangular", 
                "2" :	"triangular", 
                "3" :	"polygonal", 
                "elliptical" :	{
                    "items" :	0
                }, 
                "rectangular" :	{
                    "items" :	0
                }, 
                "triangular" :	{
                    "items" :	1, 
                    "0" :	{
                        "items" :	3, 
                        "0" :	{
                            "items" :	2, 
                            "0" :	"x", 
                            "1" :	"y", 
                            "x" :	49.366, 
                            "y" :	50.388, 
                            "z" :	0.0
                        }, 
                        "1" :	{
                            "items" :	2, 
                            "0" :	"x", 
                            "1" :	"y", 
                            "x" :	52.09, 
                            "y" :	37.317, 
                            "z" :	0.0
                        }, 
                        "2" :	{
                            "items" :	2, 
                            "0" :	"x", 
                            "1" :	"y", 
                            "x" :	48.174, 
                            "y" :	46.673, 
                            "z" :	0.0
                        }, 
                        "type" :	"triangular", 
                        "id" :	"637074094504170368"
                    }
                }, 
                "polygonal" :	{
                    "items" :	0
                }
            }
        }, 
        "radiating plane" :	{
            "items" :	5, 
            "0" :	"l", 
            "1" :	"w", 
            "2" :	"x", 
            "3" :	"y", 
            "4" :	"slots", 
            "l" :	76.015, 
            "w" :	97.016, 
            "x" :	4.655, 
            "y" :	4.048, 
            "slots" :	{
                "items" :	4, 
                "0" :	"elliptical", 
                "1" :	"rectangular", 
                "2" :	"triangular", 
                "3" :	"polygonal", 
                "elliptical" :	{
                    "items" :	0
                }, 
                "rectangular" :	{
                    "items" :	0
                }, 
                "triangular" :	{
                    "items" :	0
                }, 
                "polygonal" :	{
                    "items" :	0
                }
            }
        }, 
        "substrate" :	{
            "items" :	4, 
            "0" :	"l", 
            "1" :	"w", 
            "2" :	"x", 
            "3" :	"h", 
            "l" :	83.111, 
            "w" :	102.499, 
            "h" :	1.6, 
            "x" :	-0.143, 
            "y" :	-0.115, 
            "permitivitty" :	4.4, 
            "loss" :	0.02, 
            "name" :	"FR4"
        }
    }, 
    "fitness" :	{
        "items" :	1, 
        "0" :	"final", 
        "1" :	"freq", 
        "lower" :	1.4221898969801683, 
        "desired" :	0.8984377826820956, 
        "upper" :	1.3220078862274929, 
        "area" :	0.8994288230977278, 
        "freq" :	0.8158929834321558, 
        "final" :	1.3701499353053854, 
        "resonant" :	935000000.0, 
        "dir" :	"C:\\Users\\project\\0. My Work\\1. Repositories\\1. Very Unfriendly Train\\Data\\Simulations\\637074098254293632_Secondary\\637074098254450048_15\\15.out", 
        "890000000.0" :	{
            "f" :	0.9865619161583502, 
            "g" :	0.4356279808218181
        }, 
        "905000000.0" :	{
            "f" :	0.9589428573013782, 
            "g" :	0.42477247894658227
        }, 
        "920000000.0" :	{
            "f" :	0.3902646290210774, 
            "g" :	0.4145461502599028
        }, 
        "935000000.0" :	{
            "f" :	0.10171310609501351, 
            "g" :	0.4050741264223329
        }, 
        "950000000.0" :	{
            "f" :	0.9255642122669905, 
            "g" :	0.39644367396050234
        }
    }
}