{
    "geometry" :	{
        "items" :	3, 
        "0" :	"feed", 
        "1" :	"ground plane", 
        "2" :	"radiating plane", 
        "feed" :	{
            "items" :	2, 
            "0" :	"center", 
            "1" :	"width", 
            "center" :	54.68, 
            "width" :	1.659
        }, 
        "ground plane" :	{
            "items" :	5, 
            "0" :	"l", 
            "1" :	"w", 
            "2" :	"x", 
            "3" :	"y", 
            "4" :	"slots", 
            "l" :	88.423, 
            "w" :	104.526, 
            "x" :	-0.63, 
            "y" :	-0.581, 
            "slots" :	{
                "items" :	4, 
                "0" :	"elliptical", 
                "1" :	"rectangular", 
                "2" :	"triangular", 
                "3" :	"polygonal", 
                "elliptical" :	{
                    "items" :	0
                }, 
                "rectangular" :	{
                    "items" :	0
                }, 
                "triangular" :	{
                    "items" :	1, 
                    "0" :	{
                        "items" :	3, 
                        "0" :	{
                            "items" :	2, 
                            "0" :	"x", 
                            "1" :	"y", 
                            "x" :	75.226, 
                            "y" :	94.706, 
                            "z" :	0.0
                        }, 
                        "1" :	{
                            "items" :	2, 
                            "0" :	"x", 
                            "1" :	"y", 
                            "x" :	75.498, 
                            "y" :	97.214, 
                            "z" :	0.0
                        }, 
                        "2" :	{
                            "items" :	2, 
                            "0" :	"x", 
                            "1" :	"y", 
                            "x" :	66.826, 
                            "y" :	90.278, 
                            "z" :	0.0
                        }, 
                        "type" :	"triangular", 
                        "id" :	"637074071964384768"
                    }
                }, 
                "polygonal" :	{
                    "items" :	0
                }
            }
        }, 
        "radiating plane" :	{
            "items" :	5, 
            "0" :	"l", 
            "1" :	"w", 
            "2" :	"x", 
            "3" :	"y", 
            "4" :	"slots", 
            "l" :	76.901, 
            "w" :	95.925, 
            "x" :	4.635, 
            "y" :	4.06, 
            "slots" :	{
                "items" :	4, 
                "0" :	"elliptical", 
                "1" :	"rectangular", 
                "2" :	"triangular", 
                "3" :	"polygonal", 
                "elliptical" :	{
                    "items" :	0
                }, 
                "rectangular" :	{
                    "items" :	0
                }, 
                "triangular" :	{
                    "items" :	1, 
                    "0" :	{
                        "items" :	3, 
                        "0" :	{
                            "items" :	2, 
                            "0" :	"x", 
                            "1" :	"y", 
                            "x" :	61.6, 
                            "y" :	67.399, 
                            "z" :	1.6
                        }, 
                        "1" :	{
                            "items" :	2, 
                            "0" :	"x", 
                            "1" :	"y", 
                            "x" :	63.511, 
                            "y" :	66.759, 
                            "z" :	1.6
                        }, 
                        "2" :	{
                            "items" :	2, 
                            "0" :	"x", 
                            "1" :	"y", 
                            "x" :	64.157, 
                            "y" :	66.595, 
                            "z" :	1.6
                        }, 
                        "type" :	"triangular", 
                        "id" :	"637074070327098368"
                    }
                }, 
                "polygonal" :	{
                    "items" :	0
                }
            }
        }, 
        "substrate" :	{
            "items" :	4, 
            "0" :	"l", 
            "1" :	"w", 
            "2" :	"x", 
            "3" :	"h", 
            "l" :	88.423, 
            "w" :	104.526, 
            "h" :	1.6, 
            "x" :	-0.63, 
            "y" :	-0.581, 
            "permitivitty" :	4.4, 
            "loss" :	0.02, 
            "name" :	"FR4"
        }
    }, 
    "fitness" :	{
        "items" :	1, 
        "0" :	"final", 
        "1" :	"freq", 
        "lower" :	1.3394923223930637, 
        "desired" :	0.7802757141182539, 
        "upper" :	1.234072318082192, 
        "area" :	0.9758391580606969, 
        "freq" :	0.7217534631902977, 
        "final" :	1.3948131182707932, 
        "resonant" :	935000000.0, 
        "dir" :	"C:\\Users\\project\\0. My Work\\1. Repositories\\1. Very Unfriendly Train\\Data\\Simulations\\637074070080628736_Primary\\637074071964411264_2\\2.out", 
        "890000000.0" :	{
            "f" :	0.987605126639338, 
            "g" :	0.3518871957537258
        }, 
        "905000000.0" :	{
            "f" :	0.963607920420775, 
            "g" :	0.33722777591033287
        }, 
        "920000000.0" :	{
            "f" :	0.3552746331643406, 
            "g" :	0.32367605247319836
        }, 
        "935000000.0" :	{
            "f" :	0.04964521633112686, 
            "g" :	0.3113955440549881
        }, 
        "950000000.0" :	{
            "f" :	0.933528611173647, 
            "g" :	0.30054370690854504
        }
    }
}