{
    "geometry" :	{
        "items" :	3, 
        "0" :	"feed", 
        "1" :	"ground plane", 
        "2" :	"radiating plane", 
        "feed" :	{
            "items" :	2, 
            "0" :	"center", 
            "1" :	"width", 
            "center" :	53.966, 
            "width" :	1.613
        }, 
        "ground plane" :	{
            "items" :	5, 
            "0" :	"l", 
            "1" :	"w", 
            "2" :	"x", 
            "3" :	"y", 
            "4" :	"slots", 
            "l" :	86.268, 
            "w" :	110.931, 
            "x" :	-0.112, 
            "y" :	0.074, 
            "slots" :	{
                "items" :	4, 
                "0" :	"elliptical", 
                "1" :	"rectangular", 
                "2" :	"triangular", 
                "3" :	"polygonal", 
                "elliptical" :	{
                    "items" :	0
                }, 
                "rectangular" :	{
                    "items" :	1, 
                    "0" :	{
                        "items" :	4, 
                        "0" :	"x", 
                        "1" :	"y", 
                        "2" :	"l", 
                        "3" :	"w", 
                        "x" :	28.562, 
                        "y" :	46.004, 
                        "z" :	0.0, 
                        "l" :	2.232, 
                        "w" :	15.076, 
                        "type" :	"rectangular", 
                        "id" :	"637074089808158848"
                    }
                }, 
                "triangular" :	{
                    "items" :	0
                }, 
                "polygonal" :	{
                    "items" :	0
                }
            }
        }, 
        "radiating plane" :	{
            "items" :	5, 
            "0" :	"l", 
            "1" :	"w", 
            "2" :	"x", 
            "3" :	"y", 
            "4" :	"slots", 
            "l" :	77.989, 
            "w" :	99.062, 
            "x" :	4.361, 
            "y" :	4.595, 
            "slots" :	{
                "items" :	4, 
                "0" :	"elliptical", 
                "1" :	"rectangular", 
                "2" :	"triangular", 
                "3" :	"polygonal", 
                "elliptical" :	{
                    "items" :	0
                }, 
                "rectangular" :	{
                    "items" :	0
                }, 
                "triangular" :	{
                    "items" :	1, 
                    "0" :	{
                        "items" :	3, 
                        "0" :	{
                            "items" :	2, 
                            "0" :	"x", 
                            "1" :	"y", 
                            "x" :	19.911, 
                            "y" :	69.448, 
                            "z" :	1.6
                        }, 
                        "1" :	{
                            "items" :	2, 
                            "0" :	"x", 
                            "1" :	"y", 
                            "x" :	19.3, 
                            "y" :	70.911, 
                            "z" :	1.6
                        }, 
                        "2" :	{
                            "items" :	2, 
                            "0" :	"x", 
                            "1" :	"y", 
                            "x" :	20.65, 
                            "y" :	71.72, 
                            "z" :	1.6
                        }, 
                        "type" :	"triangular", 
                        "id" :	"637074089808158848"
                    }
                }, 
                "polygonal" :	{
                    "items" :	0
                }
            }
        }, 
        "substrate" :	{
            "items" :	4, 
            "0" :	"l", 
            "1" :	"w", 
            "2" :	"x", 
            "3" :	"h", 
            "l" :	86.268, 
            "w" :	110.931, 
            "h" :	1.6, 
            "x" :	-0.112, 
            "y" :	0.074, 
            "permitivitty" :	4.4, 
            "loss" :	0.02, 
            "name" :	"FR4"
        }
    }, 
    "fitness" :	{
        "items" :	1, 
        "0" :	"final", 
        "1" :	"freq", 
        "lower" :	0.5237640613696799, 
        "desired" :	1.1964950995156236, 
        "upper" :	1.389507993994991, 
        "area" :	1.0103953115901834, 
        "freq" :	0.9515419145771088, 
        "final" :	1.709643104999114, 
        "resonant" :	890000000.0, 
        "dir" :	"C:\\Users\\project\\0. My Work\\1. Repositories\\1. Very Unfriendly Train\\Data\\Simulations\\637074089568034432_Primary\\637074089808168704_5\\5.out", 
        "890000000.0" :	{
            "f" :	0.09854767937615284, 
            "g" :	0.42521638199352707
        }, 
        "905000000.0" :	{
            "f" :	0.40894380829686033, 
            "g" :	0.4167564842004978
        }, 
        "920000000.0" :	{
            "f" :	0.9642247006582747, 
            "g" :	0.4093234358961914
        }, 
        "935000000.0" :	{
            "f" :	0.9871920686097608, 
            "g" :	0.40304480088528616
        }, 
        "950000000.0" :	{
            "f" :	0.991465493969358, 
            "g" :	0.3980425000256331
        }
    }
}