{
    "geometry" :	{
        "items" :	4, 
        "0" :	"feed", 
        "1" :	"ground plane", 
        "2" :	"radiating plane", 
        "3" :	"substrate", 
        "feed" :	{
            "items" :	2, 
            "0" :	"center", 
            "1" :	"width", 
            "center" :	54.37823, 
            "width" :	1.6
        }, 
        "ground plane" :	{
            "items" :	5, 
            "0" :	"l", 
            "1" :	"w", 
            "2" :	"x", 
            "3" :	"y", 
            "4" :	"slots", 
            "l" :	87.08759, 
            "w" :	108.75646, 
            "x" :	0.0, 
            "y" :	0.0, 
            "slots" :	{
                "items" :	4, 
                "0" :	"elliptical", 
                "1" :	"rectangular", 
                "2" :	"triangular", 
                "3" :	"polygonal", 
                "elliptical" :	{
                    "items" :	0
                }, 
                "rectangular" :	{
                    "items" :	0
                }, 
                "triangular" :	{
                    "items" :	0
                }, 
                "polygonal" :	{
                    "items" :	0
                }
            }
        }, 
        "radiating plane" :	{
            "items" :	5, 
            "0" :	"l", 
            "1" :	"w", 
            "2" :	"x", 
            "3" :	"y", 
            "4" :	"slots", 
            "l" :	77.48759, 
            "w" :	99.15646, 
            "x" :	4.8, 
            "y" :	4.8, 
            "slots" :	{
                "items" :	4, 
                "0" :	"elliptical", 
                "1" :	"rectangular", 
                "2" :	"triangular", 
                "3" :	"polygonal", 
                "elliptical" :	{
                    "items" :	0
                }, 
                "rectangular" :	{
                    "items" :	0
                }, 
                "triangular" :	{
                    "items" :	0
                }, 
                "polygonal" :	{
                    "items" :	0
                }
            }
        }, 
        "substrate" :	{
            "items" :	4, 
            "0" :	"l", 
            "1" :	"w", 
            "2" :	"x", 
            "3" :	"y", 
            "x" :	0.0, 
            "y" :	0.0, 
            "l" :	87.08759, 
            "w" :	108.75646, 
            "h" :	1.6, 
            "permitivitty" :	4.4, 
            "loss" :	0.02, 
            "name" :	"FR4"
        }
    }, 
    "fitness" :	{
        "items" :	1, 
        "0" :	"final", 
        "1" :	"freq", 
        "lower" :	1.3652849635973654, 
        "desired" :	0.8066462454579129, 
        "upper" :	1.2947053919504024, 
        "area" :	1.0, 
        "freq" :	0.7454368633238351, 
        "final" :	1.452727770715406, 
        "resonant" :	920000000.0, 
        "dir" :	"C:\\Users\\project\\0. My Work\\1. Repositories\\1. Very Unfriendly Train\\Data\\Simulations\\637074089568034432_Primary\\637074089568044416_center\\center.out", 
        "890000000.0" :	{
            "f" :	0.9855930574001421, 
            "g" :	0.3796919061972233
        }, 
        "905000000.0" :	{
            "f" :	0.9431387865310811, 
            "g" :	0.3669626145472412
        }, 
        "920000000.0" :	{
            "f" :	0.06610003822729774, 
            "g" :	0.3552238608017024
        }, 
        "935000000.0" :	{
            "f" :	0.3438914934485298, 
            "g" :	0.34462194281788655
        }, 
        "950000000.0" :	{
            "f" :	0.9593789600203155, 
            "g" :	0.3353264319300869
        }
    }
}