{
    "geometry" :	{
        "items" :	3, 
        "0" :	"feed", 
        "1" :	"ground plane", 
        "2" :	"radiating plane", 
        "feed" :	{
            "items" :	2, 
            "0" :	"center", 
            "1" :	"width", 
            "center" :	54.581, 
            "width" :	1.606
        }, 
        "ground plane" :	{
            "items" :	5, 
            "0" :	"l", 
            "1" :	"w", 
            "2" :	"x", 
            "3" :	"y", 
            "4" :	"slots", 
            "l" :	83.667, 
            "w" :	102.499, 
            "x" :	-0.143, 
            "y" :	-0.115, 
            "slots" :	{
                "items" :	4, 
                "0" :	"elliptical", 
                "1" :	"rectangular", 
                "2" :	"triangular", 
                "3" :	"polygonal", 
                "elliptical" :	{
                    "items" :	0
                }, 
                "rectangular" :	{
                    "items" :	0
                }, 
                "triangular" :	{
                    "items" :	1, 
                    "0" :	{
                        "items" :	3, 
                        "0" :	{
                            "items" :	2, 
                            "0" :	"x", 
                            "1" :	"y", 
                            "x" :	49.366, 
                            "y" :	50.388, 
                            "z" :	0.0
                        }, 
                        "1" :	{
                            "items" :	2, 
                            "0" :	"x", 
                            "1" :	"y", 
                            "x" :	52.166, 
                            "y" :	37.317, 
                            "z" :	0.0
                        }, 
                        "2" :	{
                            "items" :	2, 
                            "0" :	"x", 
                            "1" :	"y", 
                            "x" :	49.022, 
                            "y" :	46.246, 
                            "z" :	0.0
                        }, 
                        "type" :	"triangular", 
                        "id" :	"637074094504170368"
                    }
                }, 
                "polygonal" :	{
                    "items" :	0
                }
            }
        }, 
        "radiating plane" :	{
            "items" :	5, 
            "0" :	"l", 
            "1" :	"w", 
            "2" :	"x", 
            "3" :	"y", 
            "4" :	"slots", 
            "l" :	75.142, 
            "w" :	97.016, 
            "x" :	4.655, 
            "y" :	4.048, 
            "slots" :	{
                "items" :	4, 
                "0" :	"elliptical", 
                "1" :	"rectangular", 
                "2" :	"triangular", 
                "3" :	"polygonal", 
                "elliptical" :	{
                    "items" :	0
                }, 
                "rectangular" :	{
                    "items" :	0
                }, 
                "triangular" :	{
                    "items" :	0
                }, 
                "polygonal" :	{
                    "items" :	0
                }
            }
        }, 
        "substrate" :	{
            "items" :	4, 
            "0" :	"l", 
            "1" :	"w", 
            "2" :	"x", 
            "3" :	"h", 
            "l" :	83.667, 
            "w" :	102.499, 
            "h" :	1.6, 
            "x" :	-0.143, 
            "y" :	-0.115, 
            "permitivitty" :	4.4, 
            "loss" :	0.02, 
            "name" :	"FR4"
        }
    }, 
    "fitness" :	{
        "items" :	1, 
        "0" :	"final", 
        "1" :	"freq", 
        "lower" :	1.3962533652085014, 
        "desired" :	1.0332634272155647, 
        "upper" :	0.7452810519816437, 
        "area" :	0.9054458656750319, 
        "freq" :	0.8792299876927, 
        "final" :	1.450733271633805, 
        "resonant" :	935000000.0, 
        "dir" :	"C:\\Users\\project\\0. My Work\\1. Repositories\\1. Very Unfriendly Train\\Data\\Simulations\\637074098254293632_Secondary\\637074102730787328_19\\19.out", 
        "890000000.0" :	{
            "f" :	0.9905458279340055, 
            "g" :	0.4057075372744958
        }, 
        "905000000.0" :	{
            "f" :	0.9831895299551098, 
            "g" :	0.39217070843325263
        }, 
        "920000000.0" :	{
            "f" :	0.9245055562511965, 
            "g" :	0.3792705389990086
        }, 
        "935000000.0" :	{
            "f" :	0.053521406088420626, 
            "g" :	0.3671325419197056
        }, 
        "950000000.0" :	{
            "f" :	0.3894241703103783, 
            "g" :	0.3558568816712654
        }
    }
}