{
    "geometry" :	{
        "items" :	3, 
        "0" :	"feed", 
        "1" :	"ground plane", 
        "2" :	"radiating plane", 
        "feed" :	{
            "items" :	2, 
            "0" :	"center", 
            "1" :	"width", 
            "center" :	56.162, 
            "width" :	1.632
        }, 
        "ground plane" :	{
            "items" :	5, 
            "0" :	"l", 
            "1" :	"w", 
            "2" :	"x", 
            "3" :	"y", 
            "4" :	"slots", 
            "l" :	86.289, 
            "w" :	97.088, 
            "x" :	-1.358, 
            "y" :	-0.394, 
            "slots" :	{
                "items" :	4, 
                "0" :	"elliptical", 
                "1" :	"rectangular", 
                "2" :	"triangular", 
                "3" :	"polygonal", 
                "elliptical" :	{
                    "items" :	0
                }, 
                "rectangular" :	{
                    "items" :	1, 
                    "0" :	{
                        "items" :	4, 
                        "0" :	"x", 
                        "1" :	"y", 
                        "2" :	"l", 
                        "3" :	"w", 
                        "x" :	11.929, 
                        "y" :	-1.808, 
                        "z" :	0.0, 
                        "l" :	21.846, 
                        "w" :	17.109, 
                        "type" :	"rectangular", 
                        "id" :	"637074134313100160"
                    }
                }, 
                "triangular" :	{
                    "items" :	2, 
                    "0" :	{
                        "items" :	3, 
                        "0" :	{
                            "items" :	2, 
                            "0" :	"x", 
                            "1" :	"y", 
                            "x" :	67.506, 
                            "y" :	108.19, 
                            "z" :	0.0
                        }, 
                        "1" :	{
                            "items" :	2, 
                            "0" :	"x", 
                            "1" :	"y", 
                            "x" :	60.78, 
                            "y" :	100.723, 
                            "z" :	0.0
                        }, 
                        "2" :	{
                            "items" :	2, 
                            "0" :	"x", 
                            "1" :	"y", 
                            "x" :	63.896, 
                            "y" :	90.935, 
                            "z" :	0.0
                        }, 
                        "type" :	"triangular", 
                        "id" :	"637074129751669760"
                    }, 
                    "-1" :	{
                        "items" :	3, 
                        "0" :	{
                            "items" :	2, 
                            "0" :	"x", 
                            "1" :	"y", 
                            "x" :	40.8, 
                            "y" :	90.787, 
                            "z" :	0.0
                        }, 
                        "1" :	{
                            "items" :	2, 
                            "0" :	"x", 
                            "1" :	"y", 
                            "x" :	32.407, 
                            "y" :	90.825, 
                            "z" :	0.0
                        }, 
                        "2" :	{
                            "items" :	2, 
                            "0" :	"x", 
                            "1" :	"y", 
                            "x" :	27.702, 
                            "y" :	98.254, 
                            "z" :	0.0
                        }, 
                        "type" :	"triangular", 
                        "id" :	"637074128242971392"
                    }, 
                    "1" :	{
                        "items" :	3, 
                        "0" :	{
                            "items" :	2, 
                            "0" :	"x", 
                            "1" :	"y", 
                            "x" :	6.188, 
                            "y" :	81.064, 
                            "z" :	0.0
                        }, 
                        "1" :	{
                            "items" :	2, 
                            "0" :	"x", 
                            "1" :	"y", 
                            "x" :	-7.506, 
                            "y" :	83.896, 
                            "z" :	0.0
                        }, 
                        "2" :	{
                            "items" :	2, 
                            "0" :	"x", 
                            "1" :	"y", 
                            "x" :	-10.36, 
                            "y" :	84.159, 
                            "z" :	0.0
                        }, 
                        "type" :	"triangular", 
                        "id" :	"637074132078001024"
                    }
                }, 
                "polygonal" :	{
                    "items" :	0
                }
            }
        }, 
        "radiating plane" :	{
            "items" :	5, 
            "0" :	"l", 
            "1" :	"w", 
            "2" :	"x", 
            "3" :	"y", 
            "4" :	"slots", 
            "l" :	75.877, 
            "w" :	92.433, 
            "x" :	4.139, 
            "y" :	4.029, 
            "slots" :	{
                "items" :	4, 
                "0" :	"elliptical", 
                "1" :	"rectangular", 
                "2" :	"triangular", 
                "3" :	"polygonal", 
                "elliptical" :	{
                    "items" :	0
                }, 
                "rectangular" :	{
                    "items" :	0
                }, 
                "triangular" :	{
                    "items" :	0
                }, 
                "polygonal" :	{
                    "items" :	0
                }
            }
        }, 
        "substrate" :	{
            "items" :	4, 
            "0" :	"l", 
            "1" :	"w", 
            "2" :	"x", 
            "3" :	"h", 
            "l" :	86.289, 
            "w" :	97.088, 
            "h" :	1.6, 
            "x" :	-1.358, 
            "y" :	-0.394, 
            "permitivitty" :	4.4, 
            "loss" :	0.02, 
            "name" :	"FR4"
        }
    }, 
    "fitness" :	{
        "items" :	1, 
        "0" :	"final", 
        "1" :	"freq", 
        "lower" :	1.223682753734918, 
        "desired" :	0.6554751772123744, 
        "upper" :	1.2018653461791733, 
        "area" :	0.8845240697223471, 
        "freq" :	0.6229389254250888, 
        "final" :	1.1362048842378565, 
        "resonant" :	905000000.0, 
        "dir" :	"C:\\Users\\project\\0. My Work\\1. Repositories\\1. Very Unfriendly Train\\Data\\Simulations\\637074136546836096_Secondary\\637074186004427520_18\\18.out", 
        "890000000.0" :	{
            "f" :	0.9278551681648162, 
            "g" :	0.2958275855701018
        }, 
        "905000000.0" :	{
            "f" :	0.020689954416649694, 
            "g" :	0.274706784025161
        }, 
        "920000000.0" :	{
            "f" :	0.23392730427615335, 
            "g" :	0.2546184141710256
        }, 
        "935000000.0" :	{
            "f" :	0.9466539328137031, 
            "g" :	0.23582914193443022
        }, 
        "950000000.0" :	{
            "f" :	0.9832653894500335, 
            "g" :	0.21859995672913976
        }
    }
}