{
    "geometry" :	{
        "items" :	3, 
        "0" :	"feed", 
        "1" :	"ground plane", 
        "2" :	"radiating plane", 
        "feed" :	{
            "items" :	2, 
            "0" :	"center", 
            "1" :	"width", 
            "center" :	54.875, 
            "width" :	1.595
        }, 
        "ground plane" :	{
            "items" :	5, 
            "0" :	"l", 
            "1" :	"w", 
            "2" :	"x", 
            "3" :	"y", 
            "4" :	"slots", 
            "l" :	84.856, 
            "w" :	110.963, 
            "x" :	-0.318, 
            "y" :	-0.648, 
            "slots" :	{
                "items" :	4, 
                "0" :	"elliptical", 
                "1" :	"rectangular", 
                "2" :	"triangular", 
                "3" :	"polygonal", 
                "elliptical" :	{
                    "items" :	0
                }, 
                "rectangular" :	{
                    "items" :	1, 
                    "0" :	{
                        "items" :	4, 
                        "0" :	"x", 
                        "1" :	"y", 
                        "2" :	"l", 
                        "3" :	"w", 
                        "x" :	22.901, 
                        "y" :	13.115, 
                        "z" :	0.0, 
                        "l" :	8.873, 
                        "w" :	15.576, 
                        "type" :	"rectangular", 
                        "id" :	"637074070327098368"
                    }
                }, 
                "triangular" :	{
                    "items" :	0
                }, 
                "polygonal" :	{
                    "items" :	0
                }
            }
        }, 
        "radiating plane" :	{
            "items" :	5, 
            "0" :	"l", 
            "1" :	"w", 
            "2" :	"x", 
            "3" :	"y", 
            "4" :	"slots", 
            "l" :	79.529, 
            "w" :	97.507, 
            "x" :	4.684, 
            "y" :	4.237, 
            "slots" :	{
                "items" :	4, 
                "0" :	"elliptical", 
                "1" :	"rectangular", 
                "2" :	"triangular", 
                "3" :	"polygonal", 
                "elliptical" :	{
                    "items" :	0
                }, 
                "rectangular" :	{
                    "items" :	0
                }, 
                "triangular" :	{
                    "items" :	0
                }, 
                "polygonal" :	{
                    "items" :	0
                }
            }
        }, 
        "substrate" :	{
            "items" :	4, 
            "0" :	"l", 
            "1" :	"w", 
            "2" :	"x", 
            "3" :	"h", 
            "l" :	84.856, 
            "w" :	110.963, 
            "h" :	1.6, 
            "x" :	-0.318, 
            "y" :	-0.648, 
            "permitivitty" :	4.4, 
            "loss" :	0.02, 
            "name" :	"FR4"
        }
    }, 
    "fitness" :	{
        "items" :	1, 
        "0" :	"final", 
        "1" :	"freq", 
        "lower" :	1.4978219633550094, 
        "desired" :	1.5214322322627207, 
        "upper" :	1.5325875064408283, 
        "area" :	0.9941442623691422, 
        "freq" :	1.2689468047911217, 
        "final" :	2.061278765106118, 
        "resonant" :	890000000.0, 
        "dir" :	"C:\\Users\\project\\0. My Work\\1. Repositories\\1. Very Unfriendly Train\\Data\\Simulations\\637074070080628736_Primary\\637074070327118592_0\\0.out", 
        "890000000.0" :	{
            "f" :	0.9714259662763367, 
            "g" :	0.5263959970786727
        }, 
        "905000000.0" :	{
            "f" :	0.9886186580834472, 
            "g" :	0.5273271153380311
        }, 
        "920000000.0" :	{
            "f" :	0.9920278740147401, 
            "g" :	0.5296560925793309
        }, 
        "935000000.0" :	{
            "f" :	0.9932693712512697, 
            "g" :	0.533397585521343
        }, 
        "950000000.0" :	{
            "f" :	0.9938634268567825, 
            "g" :	0.5387240795840457
        }
    }
}