{
    "geometry" :	{
        "items" :	3, 
        "0" :	"feed", 
        "1" :	"ground plane", 
        "2" :	"radiating plane", 
        "feed" :	{
            "items" :	2, 
            "0" :	"center", 
            "1" :	"width", 
            "center" :	54.411, 
            "width" :	1.612
        }, 
        "ground plane" :	{
            "items" :	5, 
            "0" :	"l", 
            "1" :	"w", 
            "2" :	"x", 
            "3" :	"y", 
            "4" :	"slots", 
            "l" :	85.901, 
            "w" :	97.445, 
            "x" :	-0.573, 
            "y" :	-0.835, 
            "slots" :	{
                "items" :	4, 
                "0" :	"elliptical", 
                "1" :	"rectangular", 
                "2" :	"triangular", 
                "3" :	"polygonal", 
                "elliptical" :	{
                    "items" :	0
                }, 
                "rectangular" :	{
                    "items" :	2, 
                    "0" :	{
                        "items" :	4, 
                        "0" :	"x", 
                        "1" :	"y", 
                        "2" :	"l", 
                        "3" :	"w", 
                        "x" :	27.127, 
                        "y" :	12.969, 
                        "z" :	0.0, 
                        "l" :	17.44, 
                        "w" :	15.018, 
                        "type" :	"rectangular", 
                        "id" :	"637074051789029376"
                    }, 
                    "1" :	{
                        "items" :	4, 
                        "0" :	"x", 
                        "1" :	"y", 
                        "2" :	"l", 
                        "3" :	"w", 
                        "x" :	6.984, 
                        "y" :	62.091, 
                        "z" :	0.0, 
                        "l" :	34.563, 
                        "w" :	9.7, 
                        "type" :	"rectangular", 
                        "id" :	"637074053452876672"
                    }
                }, 
                "triangular" :	{
                    "items" :	2, 
                    "0" :	{
                        "items" :	3, 
                        "0" :	{
                            "items" :	2, 
                            "0" :	"x", 
                            "1" :	"y", 
                            "x" :	24.451, 
                            "y" :	114.69, 
                            "z" :	0.0
                        }, 
                        "1" :	{
                            "items" :	2, 
                            "0" :	"x", 
                            "1" :	"y", 
                            "x" :	22.244, 
                            "y" :	89.083, 
                            "z" :	0.0
                        }, 
                        "2" :	{
                            "items" :	2, 
                            "0" :	"x", 
                            "1" :	"y", 
                            "x" :	17.608, 
                            "y" :	98.795, 
                            "z" :	0.0
                        }, 
                        "type" :	"triangular", 
                        "id" :	"637074055663590656"
                    }, 
                    "1" :	{
                        "items" :	3, 
                        "0" :	{
                            "items" :	2, 
                            "0" :	"x", 
                            "1" :	"y", 
                            "x" :	68.459, 
                            "y" :	85.749, 
                            "z" :	0.0
                        }, 
                        "1" :	{
                            "items" :	2, 
                            "0" :	"x", 
                            "1" :	"y", 
                            "x" :	44.681, 
                            "y" :	86.605, 
                            "z" :	0.0
                        }, 
                        "2" :	{
                            "items" :	2, 
                            "0" :	"x", 
                            "1" :	"y", 
                            "x" :	65.539, 
                            "y" :	89.029, 
                            "z" :	0.0
                        }, 
                        "type" :	"triangular", 
                        "id" :	"637074058616357504"
                    }
                }, 
                "polygonal" :	{
                    "items" :	0
                }
            }
        }, 
        "radiating plane" :	{
            "items" :	5, 
            "0" :	"l", 
            "1" :	"w", 
            "2" :	"x", 
            "3" :	"y", 
            "4" :	"slots", 
            "l" :	73.705, 
            "w" :	99.232, 
            "x" :	4.765, 
            "y" :	4.748, 
            "slots" :	{
                "items" :	4, 
                "0" :	"elliptical", 
                "1" :	"rectangular", 
                "2" :	"triangular", 
                "3" :	"polygonal", 
                "elliptical" :	{
                    "items" :	0
                }, 
                "rectangular" :	{
                    "items" :	1, 
                    "0" :	{
                        "items" :	4, 
                        "0" :	"x", 
                        "1" :	"y", 
                        "2" :	"l", 
                        "3" :	"w", 
                        "x" :	30.891, 
                        "y" :	12.654, 
                        "z" :	1.6, 
                        "l" :	2.925, 
                        "w" :	2.956, 
                        "type" :	"rectangular", 
                        "id" :	"637074055663600640"
                    }
                }, 
                "triangular" :	{
                    "items" :	1, 
                    "0" :	{
                        "items" :	3, 
                        "0" :	{
                            "items" :	2, 
                            "0" :	"x", 
                            "1" :	"y", 
                            "x" :	35.839, 
                            "y" :	31.348, 
                            "z" :	1.6
                        }, 
                        "1" :	{
                            "items" :	2, 
                            "0" :	"x", 
                            "1" :	"y", 
                            "x" :	37.843, 
                            "y" :	36.11, 
                            "z" :	1.6
                        }, 
                        "2" :	{
                            "items" :	2, 
                            "0" :	"x", 
                            "1" :	"y", 
                            "x" :	35.931, 
                            "y" :	30.759, 
                            "z" :	1.6
                        }, 
                        "type" :	"triangular", 
                        "id" :	"637074053452876672"
                    }, 
                    "-1" :	{
                        "items" :	3, 
                        "0" :	{
                            "items" :	2, 
                            "0" :	"x", 
                            "1" :	"y", 
                            "x" :	68.588, 
                            "y" :	10.794, 
                            "z" :	1.6
                        }, 
                        "1" :	{
                            "items" :	2, 
                            "0" :	"x", 
                            "1" :	"y", 
                            "x" :	70.847, 
                            "y" :	13.53, 
                            "z" :	1.6
                        }, 
                        "2" :	{
                            "items" :	2, 
                            "0" :	"x", 
                            "1" :	"y", 
                            "x" :	71.264, 
                            "y" :	13.409, 
                            "z" :	1.6
                        }, 
                        "type" :	"triangular", 
                        "id" :	"637074051789029376"
                    }
                }, 
                "polygonal" :	{
                    "items" :	0
                }
            }
        }, 
        "substrate" :	{
            "items" :	4, 
            "0" :	"l", 
            "1" :	"w", 
            "2" :	"x", 
            "3" :	"h", 
            "l" :	85.901, 
            "w" :	104.865, 
            "h" :	1.6, 
            "x" :	-0.573, 
            "y" :	-0.835, 
            "permitivitty" :	4.4, 
            "loss" :	0.02, 
            "name" :	"FR4"
        }
    }, 
    "fitness" :	{
        "items" :	1, 
        "0" :	"final", 
        "1" :	"freq", 
        "lower" :	0.36472078996663543, 
        "desired" :	1.0686605941781402, 
        "upper" :	1.268049312753847, 
        "area" :	0.9510808680449344, 
        "freq" :	0.8424661487095545, 
        "final" :	1.4962976346012864, 
        "resonant" :	890000000.0, 
        "dir" :	"C:\\Users\\project\\0. My Work\\1. Repositories\\1. Very Unfriendly Train\\Data\\Simulations\\637074049977146112_Primary\\637074058616377472_3\\3.out", 
        "890000000.0" :	{
            "f" :	0.0414447230401138, 
            "g" :	0.3232760669265216
        }, 
        "905000000.0" :	{
            "f" :	0.3659726859985127, 
            "g" :	0.30839911026806965
        }, 
        "920000000.0" :	{
            "f" :	0.9643555522952162, 
            "g" :	0.2954381250980746
        }, 
        "935000000.0" :	{
            "f" :	0.9872013374825581, 
            "g" :	0.28461497139198993
        }, 
        "950000000.0" :	{
            "f" :	0.9914270488176122, 
            "g" :	0.27662226393623485
        }
    }
}