{
    "geometry" :	{
        "items" :	3, 
        "0" :	"feed", 
        "1" :	"ground plane", 
        "2" :	"radiating plane", 
        "feed" :	{
            "items" :	2, 
            "0" :	"center", 
            "1" :	"width", 
            "center" :	53.873, 
            "width" :	1.613
        }, 
        "ground plane" :	{
            "items" :	5, 
            "0" :	"l", 
            "1" :	"w", 
            "2" :	"x", 
            "3" :	"y", 
            "4" :	"slots", 
            "l" :	81.141, 
            "w" :	103.941, 
            "x" :	-0.845, 
            "y" :	-0.019, 
            "slots" :	{
                "items" :	4, 
                "0" :	"elliptical", 
                "1" :	"rectangular", 
                "2" :	"triangular", 
                "3" :	"polygonal", 
                "elliptical" :	{
                    "items" :	0
                }, 
                "rectangular" :	{
                    "items" :	1, 
                    "0" :	{
                        "items" :	4, 
                        "0" :	"x", 
                        "1" :	"y", 
                        "2" :	"l", 
                        "3" :	"w", 
                        "x" :	10.304, 
                        "y" :	55.987, 
                        "z" :	0.0, 
                        "l" :	27.852, 
                        "w" :	7.013, 
                        "type" :	"rectangular", 
                        "id" :	"637074053452876672"
                    }
                }, 
                "triangular" :	{
                    "items" :	1, 
                    "0" :	{
                        "items" :	3, 
                        "0" :	{
                            "items" :	2, 
                            "0" :	"x", 
                            "1" :	"y", 
                            "x" :	62.742, 
                            "y" :	12.145, 
                            "z" :	0.0
                        }, 
                        "1" :	{
                            "items" :	2, 
                            "0" :	"x", 
                            "1" :	"y", 
                            "x" :	79.151, 
                            "y" :	-0.159, 
                            "z" :	0.0
                        }, 
                        "2" :	{
                            "items" :	2, 
                            "0" :	"x", 
                            "1" :	"y", 
                            "x" :	92.59, 
                            "y" :	-17.886, 
                            "z" :	0.0
                        }, 
                        "type" :	"triangular", 
                        "id" :	"637074055663580800"
                    }
                }, 
                "polygonal" :	{
                    "items" :	0
                }
            }
        }, 
        "radiating plane" :	{
            "items" :	5, 
            "0" :	"l", 
            "1" :	"w", 
            "2" :	"x", 
            "3" :	"y", 
            "4" :	"slots", 
            "l" :	76.028, 
            "w" :	95.15, 
            "x" :	4.218, 
            "y" :	5.406, 
            "slots" :	{
                "items" :	4, 
                "0" :	"elliptical", 
                "1" :	"rectangular", 
                "2" :	"triangular", 
                "3" :	"polygonal", 
                "elliptical" :	{
                    "items" :	0
                }, 
                "rectangular" :	{
                    "items" :	1, 
                    "0" :	{
                        "items" :	4, 
                        "0" :	"x", 
                        "1" :	"y", 
                        "2" :	"l", 
                        "3" :	"w", 
                        "x" :	55.381, 
                        "y" :	89.851, 
                        "z" :	1.6, 
                        "l" :	2.971, 
                        "w" :	0.596, 
                        "type" :	"rectangular", 
                        "id" :	"637074055663590656"
                    }
                }, 
                "triangular" :	{
                    "items" :	1, 
                    "0" :	{
                        "items" :	3, 
                        "0" :	{
                            "items" :	2, 
                            "0" :	"x", 
                            "1" :	"y", 
                            "x" :	36.976, 
                            "y" :	30.651, 
                            "z" :	1.6
                        }, 
                        "1" :	{
                            "items" :	2, 
                            "0" :	"x", 
                            "1" :	"y", 
                            "x" :	35.708, 
                            "y" :	33.473, 
                            "z" :	1.6
                        }, 
                        "2" :	{
                            "items" :	2, 
                            "0" :	"x", 
                            "1" :	"y", 
                            "x" :	37.403, 
                            "y" :	31.397, 
                            "z" :	1.6
                        }, 
                        "type" :	"triangular", 
                        "id" :	"637074053452876672"
                    }, 
                    "-1" :	{
                        "items" :	3, 
                        "0" :	{
                            "items" :	2, 
                            "0" :	"x", 
                            "1" :	"y", 
                            "x" :	69.919, 
                            "y" :	11.712, 
                            "z" :	1.6
                        }, 
                        "1" :	{
                            "items" :	2, 
                            "0" :	"x", 
                            "1" :	"y", 
                            "x" :	70.553, 
                            "y" :	12.546, 
                            "z" :	1.6
                        }, 
                        "2" :	{
                            "items" :	2, 
                            "0" :	"x", 
                            "1" :	"y", 
                            "x" :	69.529, 
                            "y" :	13.613, 
                            "z" :	1.6
                        }, 
                        "type" :	"triangular", 
                        "id" :	"637074051789029376"
                    }
                }, 
                "polygonal" :	{
                    "items" :	0
                }
            }
        }, 
        "substrate" :	{
            "items" :	4, 
            "0" :	"l", 
            "1" :	"w", 
            "2" :	"x", 
            "3" :	"h", 
            "l" :	81.141, 
            "w" :	103.941, 
            "h" :	1.6, 
            "x" :	-0.845, 
            "y" :	-0.019, 
            "permitivitty" :	4.4, 
            "loss" :	0.02, 
            "name" :	"FR4"
        }
    }, 
    "fitness" :	{
        "items" :	1, 
        "0" :	"final", 
        "1" :	"freq", 
        "lower" :	1.4622769792485792, 
        "desired" :	1.112276694474579, 
        "upper" :	0.9395326331803137, 
        "area" :	0.8904630668323554, 
        "freq" :	0.9498638610273502, 
        "final" :	1.4923367741808078, 
        "resonant" :	935000000.0, 
        "dir" :	"C:\\Users\\project\\0. My Work\\1. Repositories\\1. Very Unfriendly Train\\Data\\Simulations\\637074049977146112_Primary\\637074055663620864_0\\0.out", 
        "890000000.0" :	{
            "f" :	0.9906655641843806, 
            "g" :	0.47161141506419857
        }, 
        "905000000.0" :	{
            "f" :	0.9834095754920307, 
            "g" :	0.4635708921988293
        }, 
        "920000000.0" :	{
            "f" :	0.9244217595353922, 
            "g" :	0.45621981720838967
        }, 
        "935000000.0" :	{
            "f" :	0.059557963584349144, 
            "g" :	0.44965007540474594
        }, 
        "950000000.0" :	{
            "f" :	0.4955667828426181, 
            "g" :	0.44396585033769553
        }
    }
}