{
    "geometry" :	{
        "items" :	3, 
        "0" :	"feed", 
        "1" :	"ground plane", 
        "2" :	"radiating plane", 
        "feed" :	{
            "items" :	2, 
            "0" :	"center", 
            "1" :	"width", 
            "center" :	53.114, 
            "width" :	1.7
        }, 
        "ground plane" :	{
            "items" :	5, 
            "0" :	"l", 
            "1" :	"w", 
            "2" :	"x", 
            "3" :	"y", 
            "4" :	"slots", 
            "l" :	80.553, 
            "w" :	104.96, 
            "x" :	-1.031, 
            "y" :	-1.37, 
            "slots" :	{
                "items" :	4, 
                "0" :	"elliptical", 
                "1" :	"rectangular", 
                "2" :	"triangular", 
                "3" :	"polygonal", 
                "elliptical" :	{
                    "items" :	0
                }, 
                "rectangular" :	{
                    "items" :	4, 
                    "0" :	{
                        "items" :	4, 
                        "0" :	"x", 
                        "1" :	"y", 
                        "2" :	"l", 
                        "3" :	"w", 
                        "x" :	43.424, 
                        "y" :	72.404, 
                        "z" :	0.0, 
                        "l" :	7.589, 
                        "w" :	13.421, 
                        "type" :	"rectangular", 
                        "id" :	"637074070327098368"
                    }, 
                    "1" :	{
                        "items" :	4, 
                        "0" :	"x", 
                        "1" :	"y", 
                        "2" :	"l", 
                        "3" :	"w", 
                        "x" :	13.539, 
                        "y" :	95.474, 
                        "z" :	0.0, 
                        "l" :	4.156, 
                        "w" :	19.964, 
                        "type" :	"rectangular", 
                        "id" :	"637074071964394752"
                    }, 
                    "2" :	{
                        "items" :	4, 
                        "0" :	"x", 
                        "1" :	"y", 
                        "2" :	"l", 
                        "3" :	"w", 
                        "x" :	15.754, 
                        "y" :	42.371, 
                        "z" :	0.0, 
                        "l" :	16.099, 
                        "w" :	14.949, 
                        "type" :	"rectangular", 
                        "id" :	"637074075039515136"
                    }, 
                    "3" :	{
                        "items" :	4, 
                        "0" :	"x", 
                        "1" :	"y", 
                        "2" :	"l", 
                        "3" :	"w", 
                        "x" :	4.644, 
                        "y" :	18.682, 
                        "z" :	0.0, 
                        "l" :	23.427, 
                        "w" :	17.062, 
                        "type" :	"rectangular", 
                        "id" :	"637074077111403264"
                    }
                }, 
                "triangular" :	{
                    "items" :	0
                }, 
                "polygonal" :	{
                    "items" :	0
                }
            }
        }, 
        "radiating plane" :	{
            "items" :	5, 
            "0" :	"l", 
            "1" :	"w", 
            "2" :	"x", 
            "3" :	"y", 
            "4" :	"slots", 
            "l" :	72.176, 
            "w" :	93.72, 
            "x" :	4.013, 
            "y" :	3.42, 
            "slots" :	{
                "items" :	4, 
                "0" :	"elliptical", 
                "1" :	"rectangular", 
                "2" :	"triangular", 
                "3" :	"polygonal", 
                "elliptical" :	{
                    "items" :	0
                }, 
                "rectangular" :	{
                    "items" :	0
                }, 
                "triangular" :	{
                    "items" :	0
                }, 
                "polygonal" :	{
                    "items" :	0
                }
            }
        }, 
        "substrate" :	{
            "items" :	4, 
            "0" :	"l", 
            "1" :	"w", 
            "2" :	"x", 
            "3" :	"h", 
            "l" :	80.553, 
            "w" :	104.96, 
            "h" :	1.6, 
            "x" :	-1.031, 
            "y" :	-1.37, 
            "permitivitty" :	4.4, 
            "loss" :	0.02, 
            "name" :	"FR4"
        }
    }, 
    "fitness" :	{
        "items" :	1, 
        "0" :	"final", 
        "1" :	"freq", 
        "lower" :	1.326099949703412, 
        "desired" :	1.0259104419652472, 
        "upper" :	1.41799834746503, 
        "area" :	0.8926767138380574, 
        "freq" :	0.9017557224737146, 
        "final" :	1.446663057774001, 
        "resonant" :	905000000.0, 
        "dir" :	"C:\\Users\\project\\0. My Work\\1. Repositories\\1. Very Unfriendly Train\\Data\\Simulations\\637074070080628736_Primary\\637074077111413504_4\\4.out", 
        "890000000.0" :	{
            "f" :	0.8626804121494857, 
            "g" :	0.46341953755392634
        }, 
        "905000000.0" :	{
            "f" :	0.001452715901780239, 
            "g" :	0.45413076696349897
        }, 
        "920000000.0" :	{
            "f" :	0.7655825116588569, 
            "g" :	0.44535045803862955
        }, 
        "935000000.0" :	{
            "f" :	0.9740240950685384, 
            "g" :	0.4371907782644378
        }, 
        "950000000.0" :	{
            "f" :	0.9882180344084809, 
            "g" :	0.4297803130565492
        }
    }
}