{
    "geometry" :	{
        "items" :	3, 
        "0" :	"feed", 
        "1" :	"ground plane", 
        "2" :	"radiating plane", 
        "feed" :	{
            "items" :	2, 
            "0" :	"center", 
            "1" :	"width", 
            "center" :	55.83, 
            "width" :	1.553
        }, 
        "ground plane" :	{
            "items" :	5, 
            "0" :	"l", 
            "1" :	"w", 
            "2" :	"x", 
            "3" :	"y", 
            "4" :	"slots", 
            "l" :	89.591, 
            "w" :	82.65, 
            "x" :	-1.136, 
            "y" :	-0.657, 
            "slots" :	{
                "items" :	4, 
                "0" :	"elliptical", 
                "1" :	"rectangular", 
                "2" :	"triangular", 
                "3" :	"polygonal", 
                "elliptical" :	{
                    "items" :	0
                }, 
                "rectangular" :	{
                    "items" :	1, 
                    "0" :	{
                        "items" :	4, 
                        "0" :	"x", 
                        "1" :	"y", 
                        "2" :	"l", 
                        "3" :	"w", 
                        "x" :	45.891, 
                        "y" :	33.538, 
                        "z" :	0.0, 
                        "l" :	1.149, 
                        "w" :	25.731, 
                        "type" :	"rectangular", 
                        "id" :	"637074132078001024"
                    }
                }, 
                "triangular" :	{
                    "items" :	1, 
                    "0" :	{
                        "items" :	3, 
                        "0" :	{
                            "items" :	2, 
                            "0" :	"x", 
                            "1" :	"y", 
                            "x" :	75.89, 
                            "y" :	103.841, 
                            "z" :	0.0
                        }, 
                        "1" :	{
                            "items" :	2, 
                            "0" :	"x", 
                            "1" :	"y", 
                            "x" :	56.441, 
                            "y" :	98.606, 
                            "z" :	0.0
                        }, 
                        "2" :	{
                            "items" :	2, 
                            "0" :	"x", 
                            "1" :	"y", 
                            "x" :	64.958, 
                            "y" :	90.135, 
                            "z" :	0.0
                        }, 
                        "type" :	"triangular", 
                        "id" :	"637074129751669760"
                    }, 
                    "-1" :	{
                        "items" :	3, 
                        "0" :	{
                            "items" :	2, 
                            "0" :	"x", 
                            "1" :	"y", 
                            "x" :	59.483, 
                            "y" :	19.48, 
                            "z" :	0.0
                        }, 
                        "1" :	{
                            "items" :	2, 
                            "0" :	"x", 
                            "1" :	"y", 
                            "x" :	69.209, 
                            "y" :	32.312, 
                            "z" :	0.0
                        }, 
                        "2" :	{
                            "items" :	2, 
                            "0" :	"x", 
                            "1" :	"y", 
                            "x" :	67.09, 
                            "y" :	32.892, 
                            "z" :	0.0
                        }, 
                        "type" :	"triangular", 
                        "id" :	"637074126545974144"
                    }
                }, 
                "polygonal" :	{
                    "items" :	0
                }
            }
        }, 
        "radiating plane" :	{
            "items" :	5, 
            "0" :	"l", 
            "1" :	"w", 
            "2" :	"x", 
            "3" :	"y", 
            "4" :	"slots", 
            "l" :	76.104, 
            "w" :	89.813, 
            "x" :	4.88, 
            "y" :	5.941, 
            "slots" :	{
                "items" :	4, 
                "0" :	"elliptical", 
                "1" :	"rectangular", 
                "2" :	"triangular", 
                "3" :	"polygonal", 
                "elliptical" :	{
                    "items" :	0
                }, 
                "rectangular" :	{
                    "items" :	1, 
                    "0" :	{
                        "items" :	4, 
                        "0" :	"x", 
                        "1" :	"y", 
                        "2" :	"l", 
                        "3" :	"w", 
                        "x" :	21.684, 
                        "y" :	14.085, 
                        "z" :	1.6, 
                        "l" :	3.271, 
                        "w" :	1.863, 
                        "type" :	"rectangular", 
                        "id" :	"637074132078001024"
                    }
                }, 
                "triangular" :	{
                    "items" :	1, 
                    "0" :	{
                        "items" :	3, 
                        "0" :	{
                            "items" :	2, 
                            "0" :	"x", 
                            "1" :	"y", 
                            "x" :	36.477, 
                            "y" :	85.164, 
                            "z" :	1.6
                        }, 
                        "1" :	{
                            "items" :	2, 
                            "0" :	"x", 
                            "1" :	"y", 
                            "x" :	35.454, 
                            "y" :	83.866, 
                            "z" :	1.6
                        }, 
                        "2" :	{
                            "items" :	2, 
                            "0" :	"x", 
                            "1" :	"y", 
                            "x" :	37.2, 
                            "y" :	86.85, 
                            "z" :	1.6
                        }, 
                        "type" :	"triangular", 
                        "id" :	"637074129751669760"
                    }
                }, 
                "polygonal" :	{
                    "items" :	0
                }
            }
        }, 
        "substrate" :	{
            "items" :	4, 
            "0" :	"l", 
            "1" :	"w", 
            "2" :	"x", 
            "3" :	"h", 
            "l" :	89.591, 
            "w" :	96.461, 
            "h" :	1.6, 
            "x" :	-1.136, 
            "y" :	-0.657, 
            "permitivitty" :	4.4, 
            "loss" :	0.02, 
            "name" :	"FR4"
        }
    }, 
    "fitness" :	{
        "items" :	1, 
        "0" :	"final", 
        "1" :	"freq", 
        "lower" :	1.3161649922621068, 
        "desired" :	1.408847684096578, 
        "upper" :	1.4777486986176225, 
        "area" :	0.912441035524495, 
        "freq" :	1.1719548381407647, 
        "final" :	1.7831976381064283, 
        "resonant" :	920000000.0, 
        "dir" :	"C:\\Users\\project\\0. My Work\\1. Repositories\\1. Very Unfriendly Train\\Data\\Simulations\\637074126305120896_Primary\\637074132078001024_4\\4.out", 
        "890000000.0" :	{
            "f" :	0.9315746740277873, 
            "g" :	0.3845903182343196
        }, 
        "905000000.0" :	{
            "f" :	0.956519973550124, 
            "g" :	0.4636610937223027
        }, 
        "920000000.0" :	{
            "f" :	0.9052812190187846, 
            "g" :	0.4557177043707856
        }, 
        "935000000.0" :	{
            "f" :	0.9853525513898357, 
            "g" :	0.46001051023790124
        }, 
        "950000000.0" :	{
            "f" :	0.991384446949362, 
            "g" :	0.48636425166826036
        }
    }
}