{
    "geometry" :	{
        "items" :	3, 
        "0" :	"feed", 
        "1" :	"ground plane", 
        "2" :	"radiating plane", 
        "feed" :	{
            "items" :	2, 
            "0" :	"center", 
            "1" :	"width", 
            "center" :	55.203, 
            "width" :	1.677
        }, 
        "ground plane" :	{
            "items" :	5, 
            "0" :	"l", 
            "1" :	"w", 
            "2" :	"x", 
            "3" :	"y", 
            "4" :	"slots", 
            "l" :	82.236, 
            "w" :	103.553, 
            "x" :	-0.887, 
            "y" :	-0.889, 
            "slots" :	{
                "items" :	4, 
                "0" :	"elliptical", 
                "1" :	"rectangular", 
                "2" :	"triangular", 
                "3" :	"polygonal", 
                "elliptical" :	{
                    "items" :	0
                }, 
                "rectangular" :	{
                    "items" :	3, 
                    "0" :	{
                        "items" :	4, 
                        "0" :	"x", 
                        "1" :	"y", 
                        "2" :	"l", 
                        "3" :	"w", 
                        "x" :	47.129, 
                        "y" :	70.221, 
                        "z" :	0.0, 
                        "l" :	12.691, 
                        "w" :	7.888, 
                        "type" :	"rectangular", 
                        "id" :	"637074070327098368"
                    }, 
                    "1" :	{
                        "items" :	4, 
                        "0" :	"x", 
                        "1" :	"y", 
                        "2" :	"l", 
                        "3" :	"w", 
                        "x" :	13.654, 
                        "y" :	98.326, 
                        "z" :	0.0, 
                        "l" :	14.488, 
                        "w" :	23.248, 
                        "type" :	"rectangular", 
                        "id" :	"637074071964394752"
                    }, 
                    "2" :	{
                        "items" :	4, 
                        "0" :	"x", 
                        "1" :	"y", 
                        "2" :	"l", 
                        "3" :	"w", 
                        "x" :	19.232, 
                        "y" :	6.236, 
                        "z" :	0.0, 
                        "l" :	29.347, 
                        "w" :	21.119, 
                        "type" :	"rectangular", 
                        "id" :	"637074073646807680"
                    }
                }, 
                "triangular" :	{
                    "items" :	0
                }, 
                "polygonal" :	{
                    "items" :	0
                }
            }
        }, 
        "radiating plane" :	{
            "items" :	5, 
            "0" :	"l", 
            "1" :	"w", 
            "2" :	"x", 
            "3" :	"y", 
            "4" :	"slots", 
            "l" :	73.24, 
            "w" :	94.336, 
            "x" :	4.028, 
            "y" :	5.64, 
            "slots" :	{
                "items" :	4, 
                "0" :	"elliptical", 
                "1" :	"rectangular", 
                "2" :	"triangular", 
                "3" :	"polygonal", 
                "elliptical" :	{
                    "items" :	0
                }, 
                "rectangular" :	{
                    "items" :	1, 
                    "0" :	{
                        "items" :	4, 
                        "0" :	"x", 
                        "1" :	"y", 
                        "2" :	"l", 
                        "3" :	"w", 
                        "x" :	53.422, 
                        "y" :	24.766, 
                        "z" :	1.6, 
                        "l" :	3.57, 
                        "w" :	1.998, 
                        "type" :	"rectangular", 
                        "id" :	"637074073646817664"
                    }
                }, 
                "triangular" :	{
                    "items" :	0
                }, 
                "polygonal" :	{
                    "items" :	0
                }
            }
        }, 
        "substrate" :	{
            "items" :	4, 
            "0" :	"l", 
            "1" :	"w", 
            "2" :	"x", 
            "3" :	"h", 
            "l" :	82.236, 
            "w" :	103.553, 
            "h" :	1.6, 
            "x" :	-0.887, 
            "y" :	-0.889, 
            "permitivitty" :	4.4, 
            "loss" :	0.02, 
            "name" :	"FR4"
        }
    }, 
    "fitness" :	{
        "items" :	1, 
        "0" :	"final", 
        "1" :	"freq", 
        "lower" :	1.4223852446642153, 
        "desired" :	1.432112986191357, 
        "upper" :	1.4469319936394087, 
        "area" :	0.899111034734507, 
        "freq" :	1.1957284358123785, 
        "final" :	1.7748670221729823, 
        "resonant" :	890000000.0, 
        "dir" :	"C:\\Users\\project\\0. My Work\\1. Repositories\\1. Very Unfriendly Train\\Data\\Simulations\\637074070080628736_Primary\\637074073646817664_4\\4.out", 
        "890000000.0" :	{
            "f" :	0.9857979720128969, 
            "g" :	0.4365872726513184
        }, 
        "905000000.0" :	{
            "f" :	0.9915076985122367, 
            "g" :	0.4360333272029803
        }, 
        "920000000.0" :	{
            "f" :	0.9931406980689373, 
            "g" :	0.4382528406211628
        }, 
        "935000000.0" :	{
            "f" :	0.9938361248529756, 
            "g" :	0.4435682693157786
        }, 
        "950000000.0" :	{
            "f" :	0.9941960748099329, 
            "g" :	0.4527359188294757
        }
    }
}