{
    "geometry" :	{
        "items" :	3, 
        "0" :	"feed", 
        "1" :	"ground plane", 
        "2" :	"radiating plane", 
        "feed" :	{
            "items" :	2, 
            "0" :	"center", 
            "1" :	"width", 
            "center" :	53.588, 
            "width" :	1.607
        }, 
        "ground plane" :	{
            "items" :	5, 
            "0" :	"l", 
            "1" :	"w", 
            "2" :	"x", 
            "3" :	"y", 
            "4" :	"slots", 
            "l" :	85.242, 
            "w" :	105.584, 
            "x" :	-0.089, 
            "y" :	-0.365, 
            "slots" :	{
                "items" :	4, 
                "0" :	"elliptical", 
                "1" :	"rectangular", 
                "2" :	"triangular", 
                "3" :	"polygonal", 
                "elliptical" :	{
                    "items" :	0
                }, 
                "rectangular" :	{
                    "items" :	2, 
                    "0" :	{
                        "items" :	4, 
                        "0" :	"x", 
                        "1" :	"y", 
                        "2" :	"l", 
                        "3" :	"w", 
                        "x" :	32.987, 
                        "y" :	84.325, 
                        "z" :	0.0, 
                        "l" :	10.208, 
                        "w" :	7.983, 
                        "type" :	"rectangular", 
                        "id" :	"637074091544497664"
                    }, 
                    "1" :	{
                        "items" :	4, 
                        "0" :	"x", 
                        "1" :	"y", 
                        "2" :	"l", 
                        "3" :	"w", 
                        "x" :	82.407, 
                        "y" :	95.474, 
                        "z" :	0.0, 
                        "l" :	19.94, 
                        "w" :	13.145, 
                        "type" :	"rectangular", 
                        "id" :	"637074093063685248"
                    }
                }, 
                "triangular" :	{
                    "items" :	0
                }, 
                "polygonal" :	{
                    "items" :	0
                }
            }
        }, 
        "radiating plane" :	{
            "items" :	5, 
            "0" :	"l", 
            "1" :	"w", 
            "2" :	"x", 
            "3" :	"y", 
            "4" :	"slots", 
            "l" :	76.222, 
            "w" :	99.752, 
            "x" :	4.598, 
            "y" :	4.409, 
            "slots" :	{
                "items" :	4, 
                "0" :	"elliptical", 
                "1" :	"rectangular", 
                "2" :	"triangular", 
                "3" :	"polygonal", 
                "elliptical" :	{
                    "items" :	0
                }, 
                "rectangular" :	{
                    "items" :	0
                }, 
                "triangular" :	{
                    "items" :	0
                }, 
                "polygonal" :	{
                    "items" :	0
                }
            }
        }, 
        "substrate" :	{
            "items" :	4, 
            "0" :	"l", 
            "1" :	"w", 
            "2" :	"x", 
            "3" :	"h", 
            "l" :	85.242, 
            "w" :	105.584, 
            "h" :	1.6, 
            "x" :	-0.089, 
            "y" :	-0.365, 
            "permitivitty" :	4.4, 
            "loss" :	0.02, 
            "name" :	"FR4"
        }
    }, 
    "fitness" :	{
        "items" :	1, 
        "0" :	"final", 
        "1" :	"freq", 
        "lower" :	1.3786205048921225, 
        "desired" :	0.9314585934554702, 
        "upper" :	1.3364275809457, 
        "area" :	0.9502555319623898, 
        "freq" :	0.8360251373819445, 
        "final" :	1.48763206475562, 
        "resonant" :	920000000.0, 
        "dir" :	"C:\\Users\\project\\0. My Work\\1. Repositories\\1. Very Unfriendly Train\\Data\\Simulations\\637074089568034432_Primary\\637074093063725312_0\\0.out", 
        "890000000.0" :	{
            "f" :	0.9801298540778133, 
            "g" :	0.39849065081430934
        }, 
        "905000000.0" :	{
            "f" :	0.8389811319721532, 
            "g" :	0.38690616579055565
        }, 
        "920000000.0" :	{
            "f" :	0.0004659342431925621, 
            "g" :	0.37631276437235867
        }, 
        "935000000.0" :	{
            "f" :	0.8248270563011989, 
            "g" :	0.36688272768695157
        }, 
        "950000000.0" :	{
            "f" :	0.9776516297316299, 
            "g" :	0.3587759512140702
        }
    }
}