{
    "geometry" :	{
        "items" :	3, 
        "0" :	"feed", 
        "1" :	"ground plane", 
        "2" :	"radiating plane", 
        "feed" :	{
            "items" :	2, 
            "0" :	"center", 
            "1" :	"width", 
            "center" :	54.14, 
            "width" :	1.635
        }, 
        "ground plane" :	{
            "items" :	5, 
            "0" :	"l", 
            "1" :	"w", 
            "2" :	"x", 
            "3" :	"y", 
            "4" :	"slots", 
            "l" :	86.7, 
            "w" :	98.062, 
            "x" :	-0.517, 
            "y" :	-1.098, 
            "slots" :	{
                "items" :	4, 
                "0" :	"elliptical", 
                "1" :	"rectangular", 
                "2" :	"triangular", 
                "3" :	"polygonal", 
                "elliptical" :	{
                    "items" :	0
                }, 
                "rectangular" :	{
                    "items" :	1, 
                    "0" :	{
                        "items" :	4, 
                        "0" :	"x", 
                        "1" :	"y", 
                        "2" :	"l", 
                        "3" :	"w", 
                        "x" :	60.94, 
                        "y" :	85.817, 
                        "z" :	0.0, 
                        "l" :	18.967, 
                        "w" :	24.743, 
                        "type" :	"rectangular", 
                        "id" :	"637074129751669760"
                    }
                }, 
                "triangular" :	{
                    "items" :	1, 
                    "0" :	{
                        "items" :	3, 
                        "0" :	{
                            "items" :	2, 
                            "0" :	"x", 
                            "1" :	"y", 
                            "x" :	29.872, 
                            "y" :	81.309, 
                            "z" :	0.0
                        }, 
                        "1" :	{
                            "items" :	2, 
                            "0" :	"x", 
                            "1" :	"y", 
                            "x" :	22.561, 
                            "y" :	87.85, 
                            "z" :	0.0
                        }, 
                        "2" :	{
                            "items" :	2, 
                            "0" :	"x", 
                            "1" :	"y", 
                            "x" :	18.42, 
                            "y" :	89.69, 
                            "z" :	0.0
                        }, 
                        "type" :	"triangular", 
                        "id" :	"637074128242971392"
                    }, 
                    "-1" :	{
                        "items" :	3, 
                        "0" :	{
                            "items" :	2, 
                            "0" :	"x", 
                            "1" :	"y", 
                            "x" :	62.783, 
                            "y" :	23.07, 
                            "z" :	0.0
                        }, 
                        "1" :	{
                            "items" :	2, 
                            "0" :	"x", 
                            "1" :	"y", 
                            "x" :	69.915, 
                            "y" :	38.782, 
                            "z" :	0.0
                        }, 
                        "2" :	{
                            "items" :	2, 
                            "0" :	"x", 
                            "1" :	"y", 
                            "x" :	73.586, 
                            "y" :	28.268, 
                            "z" :	0.0
                        }, 
                        "type" :	"triangular", 
                        "id" :	"637074126545974144"
                    }
                }, 
                "polygonal" :	{
                    "items" :	0
                }
            }
        }, 
        "radiating plane" :	{
            "items" :	5, 
            "0" :	"l", 
            "1" :	"w", 
            "2" :	"x", 
            "3" :	"y", 
            "4" :	"slots", 
            "l" :	75.635, 
            "w" :	95.248, 
            "x" :	5.094, 
            "y" :	5.4, 
            "slots" :	{
                "items" :	4, 
                "0" :	"elliptical", 
                "1" :	"rectangular", 
                "2" :	"triangular", 
                "3" :	"polygonal", 
                "elliptical" :	{
                    "items" :	0
                }, 
                "rectangular" :	{
                    "items" :	1, 
                    "0" :	{
                        "items" :	4, 
                        "0" :	"x", 
                        "1" :	"y", 
                        "2" :	"l", 
                        "3" :	"w", 
                        "x" :	5.255, 
                        "y" :	29.79, 
                        "z" :	1.6, 
                        "l" :	1.568, 
                        "w" :	3.925, 
                        "type" :	"rectangular", 
                        "id" :	"637074129751669760"
                    }
                }, 
                "triangular" :	{
                    "items" :	0
                }, 
                "polygonal" :	{
                    "items" :	0
                }
            }
        }, 
        "substrate" :	{
            "items" :	4, 
            "0" :	"l", 
            "1" :	"w", 
            "2" :	"x", 
            "3" :	"h", 
            "l" :	86.7, 
            "w" :	101.796, 
            "h" :	1.6, 
            "x" :	-0.517, 
            "y" :	-1.098, 
            "permitivitty" :	4.4, 
            "loss" :	0.02, 
            "name" :	"FR4"
        }
    }, 
    "fitness" :	{
        "items" :	1, 
        "0" :	"final", 
        "1" :	"freq", 
        "lower" :	1.3135917817722085, 
        "desired" :	0.7825021217947293, 
        "upper" :	1.1594100917494479, 
        "area" :	0.9318338339899661, 
        "freq" :	0.7173772912944206, 
        "final" :	1.3237681285722998, 
        "resonant" :	935000000.0, 
        "dir" :	"C:\\Users\\project\\0. My Work\\1. Repositories\\1. Very Unfriendly Train\\Data\\Simulations\\637074126305120896_Primary\\637074129751669760_0\\0.out", 
        "890000000.0" :	{
            "f" :	0.9857005753944831, 
            "g" :	0.3278912063777255
        }, 
        "905000000.0" :	{
            "f" :	0.9568046613284166, 
            "g" :	0.31193787213011354
        }, 
        "920000000.0" :	{
            "f" :	0.44624192482383535, 
            "g" :	0.2969521887096691
        }, 
        "935000000.0" :	{
            "f" :	0.05248410586315304, 
            "g" :	0.28308561252900005
        }, 
        "950000000.0" :	{
            "f" :	0.8889045381289685, 
            "g" :	0.27050555362047946
        }
    }
}