{
    "geometry" :	{
        "items" :	3, 
        "0" :	"feed", 
        "1" :	"ground plane", 
        "2" :	"radiating plane", 
        "feed" :	{
            "items" :	2, 
            "0" :	"center", 
            "1" :	"width", 
            "center" :	56.176, 
            "width" :	1.627
        }, 
        "ground plane" :	{
            "items" :	5, 
            "0" :	"l", 
            "1" :	"w", 
            "2" :	"x", 
            "3" :	"y", 
            "4" :	"slots", 
            "l" :	84.943, 
            "w" :	101.959, 
            "x" :	-0.815, 
            "y" :	-1.103, 
            "slots" :	{
                "items" :	4, 
                "0" :	"elliptical", 
                "1" :	"rectangular", 
                "2" :	"triangular", 
                "3" :	"polygonal", 
                "elliptical" :	{
                    "items" :	0
                }, 
                "rectangular" :	{
                    "items" :	3, 
                    "0" :	{
                        "items" :	4, 
                        "0" :	"x", 
                        "1" :	"y", 
                        "2" :	"l", 
                        "3" :	"w", 
                        "x" :	43.373, 
                        "y" :	68.725, 
                        "z" :	0.0, 
                        "l" :	11.009, 
                        "w" :	12.068, 
                        "type" :	"rectangular", 
                        "id" :	"637074070327098368"
                    }, 
                    "1" :	{
                        "items" :	4, 
                        "0" :	"x", 
                        "1" :	"y", 
                        "2" :	"l", 
                        "3" :	"w", 
                        "x" :	10.144, 
                        "y" :	89.902, 
                        "z" :	0.0, 
                        "l" :	5.52, 
                        "w" :	23.778, 
                        "type" :	"rectangular", 
                        "id" :	"637074071964394752"
                    }, 
                    "2" :	{
                        "items" :	4, 
                        "0" :	"x", 
                        "1" :	"y", 
                        "2" :	"l", 
                        "3" :	"w", 
                        "x" :	53.362, 
                        "y" :	17.113, 
                        "z" :	0.0, 
                        "l" :	14.289, 
                        "w" :	19.968, 
                        "type" :	"rectangular", 
                        "id" :	"637074075039515136"
                    }
                }, 
                "triangular" :	{
                    "items" :	0
                }, 
                "polygonal" :	{
                    "items" :	0
                }
            }
        }, 
        "radiating plane" :	{
            "items" :	5, 
            "0" :	"l", 
            "1" :	"w", 
            "2" :	"x", 
            "3" :	"y", 
            "4" :	"slots", 
            "l" :	73.14, 
            "w" :	95.281, 
            "x" :	3.834, 
            "y" :	5.536, 
            "slots" :	{
                "items" :	4, 
                "0" :	"elliptical", 
                "1" :	"rectangular", 
                "2" :	"triangular", 
                "3" :	"polygonal", 
                "elliptical" :	{
                    "items" :	0
                }, 
                "rectangular" :	{
                    "items" :	0
                }, 
                "triangular" :	{
                    "items" :	0
                }, 
                "polygonal" :	{
                    "items" :	0
                }
            }
        }, 
        "substrate" :	{
            "items" :	4, 
            "0" :	"l", 
            "1" :	"w", 
            "2" :	"x", 
            "3" :	"h", 
            "l" :	84.943, 
            "w" :	101.959, 
            "h" :	1.6, 
            "x" :	-0.815, 
            "y" :	-1.103, 
            "permitivitty" :	4.4, 
            "loss" :	0.02, 
            "name" :	"FR4"
        }
    }, 
    "fitness" :	{
        "items" :	1, 
        "0" :	"final", 
        "1" :	"freq", 
        "lower" :	1.2055699420521757, 
        "desired" :	0.8719752608787701, 
        "upper" :	1.2711329498065547, 
        "area" :	0.914411811565144, 
        "freq" :	0.7764127751799017, 
        "final" :	1.3575044799028397, 
        "resonant" :	905000000.0, 
        "dir" :	"C:\\Users\\project\\0. My Work\\1. Repositories\\1. Very Unfriendly Train\\Data\\Simulations\\637074070080628736_Primary\\637074075039525120_1\\1.out", 
        "890000000.0" :	{
            "f" :	0.8568291661751244, 
            "g" :	0.34874077587705127
        }, 
        "905000000.0" :	{
            "f" :	0.0028744939625401163, 
            "g" :	0.3304507349635131
        }, 
        "920000000.0" :	{
            "f" :	0.701600996667112, 
            "g" :	0.3134431149284119
        }, 
        "935000000.0" :	{
            "f" :	0.9696616125188342, 
            "g" :	0.29789482959589864
        }, 
        "950000000.0" :	{
            "f" :	0.9871523905556567, 
            "g" :	0.283980559250898
        }
    }
}