{
    "geometry" :	{
        "items" :	3, 
        "0" :	"feed", 
        "1" :	"ground plane", 
        "2" :	"radiating plane", 
        "feed" :	{
            "items" :	2, 
            "0" :	"center", 
            "1" :	"width", 
            "center" :	56.009, 
            "width" :	1.635
        }, 
        "ground plane" :	{
            "items" :	5, 
            "0" :	"l", 
            "1" :	"w", 
            "2" :	"x", 
            "3" :	"y", 
            "4" :	"slots", 
            "l" :	79.478, 
            "w" :	102.21, 
            "x" :	-0.865, 
            "y" :	-1.543, 
            "slots" :	{
                "items" :	4, 
                "0" :	"elliptical", 
                "1" :	"rectangular", 
                "2" :	"triangular", 
                "3" :	"polygonal", 
                "elliptical" :	{
                    "items" :	0
                }, 
                "rectangular" :	{
                    "items" :	2, 
                    "0" :	{
                        "items" :	4, 
                        "0" :	"x", 
                        "1" :	"y", 
                        "2" :	"l", 
                        "3" :	"w", 
                        "x" :	8.279, 
                        "y" :	94.313, 
                        "z" :	0.0, 
                        "l" :	14.116, 
                        "w" :	25.666, 
                        "type" :	"rectangular", 
                        "id" :	"637074071964394752"
                    }, 
                    "1" :	{
                        "items" :	4, 
                        "0" :	"x", 
                        "1" :	"y", 
                        "2" :	"l", 
                        "3" :	"w", 
                        "x" :	30.801, 
                        "y" :	87.296, 
                        "z" :	0.0, 
                        "l" :	5.047, 
                        "w" :	14.433, 
                        "type" :	"rectangular", 
                        "id" :	"637074075039525120"
                    }
                }, 
                "triangular" :	{
                    "items" :	0
                }, 
                "polygonal" :	{
                    "items" :	0
                }
            }
        }, 
        "radiating plane" :	{
            "items" :	5, 
            "0" :	"l", 
            "1" :	"w", 
            "2" :	"x", 
            "3" :	"y", 
            "4" :	"slots", 
            "l" :	74.474, 
            "w" :	95.774, 
            "x" :	4.089, 
            "y" :	4.997, 
            "slots" :	{
                "items" :	4, 
                "0" :	"elliptical", 
                "1" :	"rectangular", 
                "2" :	"triangular", 
                "3" :	"polygonal", 
                "elliptical" :	{
                    "items" :	0
                }, 
                "rectangular" :	{
                    "items" :	0
                }, 
                "triangular" :	{
                    "items" :	1, 
                    "0" :	{
                        "items" :	3, 
                        "0" :	{
                            "items" :	2, 
                            "0" :	"x", 
                            "1" :	"y", 
                            "x" :	32.02, 
                            "y" :	69.336, 
                            "z" :	1.6
                        }, 
                        "1" :	{
                            "items" :	2, 
                            "0" :	"x", 
                            "1" :	"y", 
                            "x" :	32.136, 
                            "y" :	67.741, 
                            "z" :	1.6
                        }, 
                        "2" :	{
                            "items" :	2, 
                            "0" :	"x", 
                            "1" :	"y", 
                            "x" :	30.257, 
                            "y" :	69.366, 
                            "z" :	1.6
                        }, 
                        "type" :	"triangular", 
                        "id" :	"637074075039525120"
                    }
                }, 
                "polygonal" :	{
                    "items" :	0
                }
            }
        }, 
        "substrate" :	{
            "items" :	4, 
            "0" :	"l", 
            "1" :	"w", 
            "2" :	"x", 
            "3" :	"h", 
            "l" :	79.478, 
            "w" :	102.364, 
            "h" :	1.6, 
            "x" :	-0.865, 
            "y" :	-1.543, 
            "permitivitty" :	4.4, 
            "loss" :	0.02, 
            "name" :	"FR4"
        }
    }, 
    "fitness" :	{
        "items" :	1, 
        "0" :	"final", 
        "1" :	"freq", 
        "lower" :	1.4467897305178872, 
        "desired" :	1.0064519789729347, 
        "upper" :	1.4097911879152996, 
        "area" :	0.8589795859289672, 
        "freq" :	0.8979830717708396, 
        "final" :	1.360920712053458, 
        "resonant" :	920000000.0, 
        "dir" :	"C:\\Users\\project\\0. My Work\\1. Repositories\\1. Very Unfriendly Train\\Data\\Simulations\\637074070080628736_Primary\\637074075039525120_6\\6.out", 
        "890000000.0" :	{
            "f" :	0.9812297476246088, 
            "g" :	0.4655599828932784
        }, 
        "905000000.0" :	{
            "f" :	0.8624116753936903, 
            "g" :	0.45605233815499435
        }, 
        "920000000.0" :	{
            "f" :	0.001569229629081497, 
            "g" :	0.4473994606442552
        }, 
        "935000000.0" :	{
            "f" :	0.8123063853368914, 
            "g" :	0.43961684775989096
        }, 
        "950000000.0" :	{
            "f" :	0.9770301120370132, 
            "g" :	0.4327610758782864
        }
    }
}