{
    "geometry" :	{
        "items" :	3, 
        "0" :	"feed", 
        "1" :	"ground plane", 
        "2" :	"radiating plane", 
        "feed" :	{
            "items" :	2, 
            "0" :	"center", 
            "1" :	"width", 
            "center" :	54.581, 
            "width" :	1.606
        }, 
        "ground plane" :	{
            "items" :	5, 
            "0" :	"l", 
            "1" :	"w", 
            "2" :	"x", 
            "3" :	"y", 
            "4" :	"slots", 
            "l" :	83.102, 
            "w" :	102.499, 
            "x" :	-0.143, 
            "y" :	-0.281, 
            "slots" :	{
                "items" :	4, 
                "0" :	"elliptical", 
                "1" :	"rectangular", 
                "2" :	"triangular", 
                "3" :	"polygonal", 
                "elliptical" :	{
                    "items" :	0
                }, 
                "rectangular" :	{
                    "items" :	0
                }, 
                "triangular" :	{
                    "items" :	1, 
                    "0" :	{
                        "items" :	3, 
                        "0" :	{
                            "items" :	2, 
                            "0" :	"x", 
                            "1" :	"y", 
                            "x" :	49.033, 
                            "y" :	50.388, 
                            "z" :	0.0
                        }, 
                        "1" :	{
                            "items" :	2, 
                            "0" :	"x", 
                            "1" :	"y", 
                            "x" :	51.891, 
                            "y" :	37.317, 
                            "z" :	0.0
                        }, 
                        "2" :	{
                            "items" :	2, 
                            "0" :	"x", 
                            "1" :	"y", 
                            "x" :	49.077, 
                            "y" :	46.099, 
                            "z" :	0.0
                        }, 
                        "type" :	"triangular", 
                        "id" :	"637074094504170368"
                    }
                }, 
                "polygonal" :	{
                    "items" :	0
                }
            }
        }, 
        "radiating plane" :	{
            "items" :	5, 
            "0" :	"l", 
            "1" :	"w", 
            "2" :	"x", 
            "3" :	"y", 
            "4" :	"slots", 
            "l" :	75.991, 
            "w" :	96.114, 
            "x" :	4.614, 
            "y" :	4.048, 
            "slots" :	{
                "items" :	4, 
                "0" :	"elliptical", 
                "1" :	"rectangular", 
                "2" :	"triangular", 
                "3" :	"polygonal", 
                "elliptical" :	{
                    "items" :	0
                }, 
                "rectangular" :	{
                    "items" :	0
                }, 
                "triangular" :	{
                    "items" :	0
                }, 
                "polygonal" :	{
                    "items" :	0
                }
            }
        }, 
        "substrate" :	{
            "items" :	4, 
            "0" :	"l", 
            "1" :	"w", 
            "2" :	"x", 
            "3" :	"h", 
            "l" :	83.102, 
            "w" :	102.499, 
            "h" :	1.6, 
            "x" :	-0.143, 
            "y" :	-0.281, 
            "permitivitty" :	4.4, 
            "loss" :	0.02, 
            "name" :	"FR4"
        }
    }, 
    "fitness" :	{
        "items" :	1, 
        "0" :	"final", 
        "1" :	"freq", 
        "lower" :	1.4272639870985522, 
        "desired" :	0.9364653174391737, 
        "upper" :	1.309441285138001, 
        "area" :	0.8993314249265123, 
        "freq" :	0.8423152253676987, 
        "final" :	1.3981538467223227, 
        "resonant" :	935000000.0, 
        "dir" :	"C:\\Users\\project\\0. My Work\\1. Repositories\\1. Very Unfriendly Train\\Data\\Simulations\\637074098254293632_Secondary\\637074121919113600_11\\11.out", 
        "890000000.0" :	{
            "f" :	0.9872811118229741, 
            "g" :	0.43998287527557817
        }, 
        "905000000.0" :	{
            "f" :	0.9647340083234303, 
            "g" :	0.4294612842797409
        }, 
        "920000000.0" :	{
            "f" :	0.5298145877885668, 
            "g" :	0.41957137309235915
        }, 
        "935000000.0" :	{
            "f" :	0.05538161540460764, 
            "g" :	0.4104330834288162
        }, 
        "950000000.0" :	{
            "f" :	0.9073304407161149, 
            "g" :	0.40211084442188616
        }
    }
}