{
    "geometry" :	{
        "items" :	3, 
        "0" :	"feed", 
        "1" :	"ground plane", 
        "2" :	"radiating plane", 
        "feed" :	{
            "items" :	2, 
            "0" :	"center", 
            "1" :	"width", 
            "center" :	53.889, 
            "width" :	1.671
        }, 
        "ground plane" :	{
            "items" :	5, 
            "0" :	"l", 
            "1" :	"w", 
            "2" :	"x", 
            "3" :	"y", 
            "4" :	"slots", 
            "l" :	83.151, 
            "w" :	103.434, 
            "x" :	-1.015, 
            "y" :	-1.373, 
            "slots" :	{
                "items" :	4, 
                "0" :	"elliptical", 
                "1" :	"rectangular", 
                "2" :	"triangular", 
                "3" :	"polygonal", 
                "elliptical" :	{
                    "items" :	0
                }, 
                "rectangular" :	{
                    "items" :	4, 
                    "0" :	{
                        "items" :	4, 
                        "0" :	"x", 
                        "1" :	"y", 
                        "2" :	"l", 
                        "3" :	"w", 
                        "x" :	44.22, 
                        "y" :	76.952, 
                        "z" :	0.0, 
                        "l" :	7.42, 
                        "w" :	8.732, 
                        "type" :	"rectangular", 
                        "id" :	"637074070327098368"
                    }, 
                    "1" :	{
                        "items" :	4, 
                        "0" :	"x", 
                        "1" :	"y", 
                        "2" :	"l", 
                        "3" :	"w", 
                        "x" :	17.069, 
                        "y" :	95.002, 
                        "z" :	0.0, 
                        "l" :	14.87, 
                        "w" :	22.931, 
                        "type" :	"rectangular", 
                        "id" :	"637074071964394752"
                    }, 
                    "2" :	{
                        "items" :	4, 
                        "0" :	"x", 
                        "1" :	"y", 
                        "2" :	"l", 
                        "3" :	"w", 
                        "x" :	14.804, 
                        "y" :	47.929, 
                        "z" :	0.0, 
                        "l" :	7.81, 
                        "w" :	16.769, 
                        "type" :	"rectangular", 
                        "id" :	"637074075039515136"
                    }, 
                    "3" :	{
                        "items" :	4, 
                        "0" :	"x", 
                        "1" :	"y", 
                        "2" :	"l", 
                        "3" :	"w", 
                        "x" :	35.223, 
                        "y" :	74.427, 
                        "z" :	0.0, 
                        "l" :	11.936, 
                        "w" :	3.538, 
                        "type" :	"rectangular", 
                        "id" :	"637074077111393280"
                    }
                }, 
                "triangular" :	{
                    "items" :	0
                }, 
                "polygonal" :	{
                    "items" :	0
                }
            }
        }, 
        "radiating plane" :	{
            "items" :	5, 
            "0" :	"l", 
            "1" :	"w", 
            "2" :	"x", 
            "3" :	"y", 
            "4" :	"slots", 
            "l" :	71.051, 
            "w" :	96.774, 
            "x" :	3.911, 
            "y" :	3.774, 
            "slots" :	{
                "items" :	4, 
                "0" :	"elliptical", 
                "1" :	"rectangular", 
                "2" :	"triangular", 
                "3" :	"polygonal", 
                "elliptical" :	{
                    "items" :	0
                }, 
                "rectangular" :	{
                    "items" :	1, 
                    "0" :	{
                        "items" :	4, 
                        "0" :	"x", 
                        "1" :	"y", 
                        "2" :	"l", 
                        "3" :	"w", 
                        "x" :	6.712, 
                        "y" :	31.659, 
                        "z" :	1.6, 
                        "l" :	3.738, 
                        "w" :	2.672, 
                        "type" :	"rectangular", 
                        "id" :	"637074077111393280"
                    }
                }, 
                "triangular" :	{
                    "items" :	0
                }, 
                "polygonal" :	{
                    "items" :	0
                }
            }
        }, 
        "substrate" :	{
            "items" :	4, 
            "0" :	"l", 
            "1" :	"w", 
            "2" :	"x", 
            "3" :	"h", 
            "l" :	83.151, 
            "w" :	103.434, 
            "h" :	1.6, 
            "x" :	-1.015, 
            "y" :	-1.373, 
            "permitivitty" :	4.4, 
            "loss" :	0.02, 
            "name" :	"FR4"
        }
    }, 
    "fitness" :	{
        "items" :	1, 
        "0" :	"final", 
        "1" :	"freq", 
        "lower" :	1.3354314561418519, 
        "desired" :	0.7408539937664598, 
        "upper" :	1.1967770577264787, 
        "area" :	0.908070278509246, 
        "freq" :	0.6919483222949032, 
        "final" :	1.2540498487443603, 
        "resonant" :	935000000.0, 
        "dir" :	"C:\\Users\\project\\0. My Work\\1. Repositories\\1. Very Unfriendly Train\\Data\\Simulations\\637074078979016448_Secondary\\637074078979086208_1\\1.out", 
        "890000000.0" :	{
            "f" :	0.9872324660376158, 
            "g" :	0.3481989901042361
        }, 
        "905000000.0" :	{
            "f" :	0.9612063797045091, 
            "g" :	0.32942921973804384
        }, 
        "920000000.0" :	{
            "f" :	0.30698204090332964, 
            "g" :	0.31150795469474496
        }, 
        "935000000.0" :	{
            "f" :	0.018828048990920894, 
            "g" :	0.29460833726783087
        }, 
        "950000000.0" :	{
            "f" :	0.9178032037703342, 
            "g" :	0.2789738539561446
        }
    }
}