{
    "geometry" :	{
        "items" :	3, 
        "0" :	"feed", 
        "1" :	"ground plane", 
        "2" :	"radiating plane", 
        "feed" :	{
            "items" :	2, 
            "0" :	"center", 
            "1" :	"width", 
            "center" :	53.216, 
            "width" :	1.567
        }, 
        "ground plane" :	{
            "items" :	5, 
            "0" :	"l", 
            "1" :	"w", 
            "2" :	"x", 
            "3" :	"y", 
            "4" :	"slots", 
            "l" :	85.983, 
            "w" :	103.927, 
            "x" :	-0.262, 
            "y" :	-0.464, 
            "slots" :	{
                "items" :	4, 
                "0" :	"elliptical", 
                "1" :	"rectangular", 
                "2" :	"triangular", 
                "3" :	"polygonal", 
                "elliptical" :	{
                    "items" :	0
                }, 
                "rectangular" :	{
                    "items" :	0
                }, 
                "triangular" :	{
                    "items" :	1, 
                    "0" :	{
                        "items" :	3, 
                        "0" :	{
                            "items" :	2, 
                            "0" :	"x", 
                            "1" :	"y", 
                            "x" :	3.525, 
                            "y" :	27.588, 
                            "z" :	0.0
                        }, 
                        "1" :	{
                            "items" :	2, 
                            "0" :	"x", 
                            "1" :	"y", 
                            "x" :	16.608, 
                            "y" :	27.672, 
                            "z" :	0.0
                        }, 
                        "2" :	{
                            "items" :	2, 
                            "0" :	"x", 
                            "1" :	"y", 
                            "x" :	9.843, 
                            "y" :	35.194, 
                            "z" :	0.0
                        }, 
                        "type" :	"triangular", 
                        "id" :	"637074128242971392"
                    }
                }, 
                "polygonal" :	{
                    "items" :	0
                }
            }
        }, 
        "radiating plane" :	{
            "items" :	5, 
            "0" :	"l", 
            "1" :	"w", 
            "2" :	"x", 
            "3" :	"y", 
            "4" :	"slots", 
            "l" :	77.114, 
            "w" :	96.349, 
            "x" :	4.94, 
            "y" :	5.067, 
            "slots" :	{
                "items" :	4, 
                "0" :	"elliptical", 
                "1" :	"rectangular", 
                "2" :	"triangular", 
                "3" :	"polygonal", 
                "elliptical" :	{
                    "items" :	0
                }, 
                "rectangular" :	{
                    "items" :	0
                }, 
                "triangular" :	{
                    "items" :	0
                }, 
                "polygonal" :	{
                    "items" :	0
                }
            }
        }, 
        "substrate" :	{
            "items" :	4, 
            "0" :	"l", 
            "1" :	"w", 
            "2" :	"x", 
            "3" :	"h", 
            "l" :	85.983, 
            "w" :	103.927, 
            "h" :	1.6, 
            "x" :	-0.262, 
            "y" :	-0.464, 
            "permitivitty" :	4.4, 
            "loss" :	0.02, 
            "name" :	"FR4"
        }
    }, 
    "fitness" :	{
        "items" :	1, 
        "0" :	"final", 
        "1" :	"freq", 
        "lower" :	1.383487721772154, 
        "desired" :	0.8459085477395684, 
        "upper" :	1.2828646166666433, 
        "area" :	0.9434733764727096, 
        "freq" :	0.7738756706016631, 
        "final" :	1.406281861810725, 
        "resonant" :	935000000.0, 
        "dir" :	"C:\\Users\\project\\0. My Work\\1. Repositories\\1. Very Unfriendly Train\\Data\\Simulations\\637074126305120896_Primary\\637074128242971392_5\\5.out", 
        "890000000.0" :	{
            "f" :	0.9873578990822149, 
            "g" :	0.39612982268993896
        }, 
        "905000000.0" :	{
            "f" :	0.9626659252726476, 
            "g" :	0.3837807014119046
        }, 
        "920000000.0" :	{
            "f" :	0.3860373427086035, 
            "g" :	0.3722068642789261
        }, 
        "935000000.0" :	{
            "f" :	0.07152697567682689, 
            "g" :	0.3615078338697961
        }, 
        "950000000.0" :	{
            "f" :	0.9310458457276803, 
            "g" :	0.351818770938963
        }
    }
}