{
    "geometry" :	{
        "items" :	3, 
        "0" :	"feed", 
        "1" :	"ground plane", 
        "2" :	"radiating plane", 
        "feed" :	{
            "items" :	2, 
            "0" :	"center", 
            "1" :	"width", 
            "center" :	54.324, 
            "width" :	1.639
        }, 
        "ground plane" :	{
            "items" :	5, 
            "0" :	"l", 
            "1" :	"w", 
            "2" :	"x", 
            "3" :	"y", 
            "4" :	"slots", 
            "l" :	82.626, 
            "w" :	106.116, 
            "x" :	-0.939, 
            "y" :	-1.263, 
            "slots" :	{
                "items" :	4, 
                "0" :	"elliptical", 
                "1" :	"rectangular", 
                "2" :	"triangular", 
                "3" :	"polygonal", 
                "elliptical" :	{
                    "items" :	0
                }, 
                "rectangular" :	{
                    "items" :	2, 
                    "0" :	{
                        "items" :	4, 
                        "0" :	"x", 
                        "1" :	"y", 
                        "2" :	"l", 
                        "3" :	"w", 
                        "x" :	41.543, 
                        "y" :	68.438, 
                        "z" :	0.0, 
                        "l" :	10.68, 
                        "w" :	15.929, 
                        "type" :	"rectangular", 
                        "id" :	"637074070327098368"
                    }, 
                    "1" :	{
                        "items" :	4, 
                        "0" :	"x", 
                        "1" :	"y", 
                        "2" :	"l", 
                        "3" :	"w", 
                        "x" :	36.423, 
                        "y" :	54.98, 
                        "z" :	0.0, 
                        "l" :	12.416, 
                        "w" :	12.96, 
                        "type" :	"rectangular", 
                        "id" :	"637074073646817664"
                    }
                }, 
                "triangular" :	{
                    "items" :	0
                }, 
                "polygonal" :	{
                    "items" :	0
                }
            }
        }, 
        "radiating plane" :	{
            "items" :	5, 
            "0" :	"l", 
            "1" :	"w", 
            "2" :	"x", 
            "3" :	"y", 
            "4" :	"slots", 
            "l" :	77.081, 
            "w" :	94.713, 
            "x" :	4.04, 
            "y" :	5.631, 
            "slots" :	{
                "items" :	4, 
                "0" :	"elliptical", 
                "1" :	"rectangular", 
                "2" :	"triangular", 
                "3" :	"polygonal", 
                "elliptical" :	{
                    "items" :	0
                }, 
                "rectangular" :	{
                    "items" :	0
                }, 
                "triangular" :	{
                    "items" :	0
                }, 
                "polygonal" :	{
                    "items" :	0
                }
            }
        }, 
        "substrate" :	{
            "items" :	4, 
            "0" :	"l", 
            "1" :	"w", 
            "2" :	"x", 
            "3" :	"h", 
            "l" :	82.626, 
            "w" :	106.116, 
            "h" :	1.6, 
            "x" :	-0.939, 
            "y" :	-1.263, 
            "permitivitty" :	4.4, 
            "loss" :	0.02, 
            "name" :	"FR4"
        }
    }, 
    "fitness" :	{
        "items" :	1, 
        "0" :	"final", 
        "1" :	"freq", 
        "lower" :	1.5547770959457063, 
        "desired" :	1.5581549783742663, 
        "upper" :	1.5620376361783626, 
        "area" :	0.9257341061574066, 
        "freq" :	1.3009664198262896, 
        "final" :	1.957138697870675, 
        "resonant" :	890000000.0, 
        "dir" :	"C:\\Users\\project\\0. My Work\\1. Repositories\\1. Very Unfriendly Train\\Data\\Simulations\\637074070080628736_Primary\\637074073646817664_6\\6.out", 
        "890000000.0" :	{
            "f" :	0.9903407525155067, 
            "g" :	0.5644363434301997
        }, 
        "905000000.0" :	{
            "f" :	0.9924891442447984, 
            "g" :	0.5641678059371392
        }, 
        "920000000.0" :	{
            "f" :	0.9934288048130478, 
            "g" :	0.5646213453544392
        }, 
        "935000000.0" :	{
            "f" :	0.9939273357213048, 
            "g" :	0.56583049905207
        }, 
        "950000000.0" :	{
            "f" :	0.9942248548333139, 
            "g" :	0.5678127813450488
        }
    }
}