{
    "geometry" :	{
        "items" :	3, 
        "0" :	"feed", 
        "1" :	"ground plane", 
        "2" :	"radiating plane", 
        "feed" :	{
            "items" :	2, 
            "0" :	"center", 
            "1" :	"width", 
            "center" :	54.948, 
            "width" :	1.638
        }, 
        "ground plane" :	{
            "items" :	5, 
            "0" :	"l", 
            "1" :	"w", 
            "2" :	"x", 
            "3" :	"y", 
            "4" :	"slots", 
            "l" :	87.585, 
            "w" :	104.822, 
            "x" :	-0.274, 
            "y" :	-0.368, 
            "slots" :	{
                "items" :	4, 
                "0" :	"elliptical", 
                "1" :	"rectangular", 
                "2" :	"triangular", 
                "3" :	"polygonal", 
                "elliptical" :	{
                    "items" :	0
                }, 
                "rectangular" :	{
                    "items" :	1, 
                    "0" :	{
                        "items" :	4, 
                        "0" :	"x", 
                        "1" :	"y", 
                        "2" :	"l", 
                        "3" :	"w", 
                        "x" :	44.051, 
                        "y" :	68.434, 
                        "z" :	0.0, 
                        "l" :	11.735, 
                        "w" :	12.712, 
                        "type" :	"rectangular", 
                        "id" :	"637074070327098368"
                    }
                }, 
                "triangular" :	{
                    "items" :	0
                }, 
                "polygonal" :	{
                    "items" :	0
                }
            }
        }, 
        "radiating plane" :	{
            "items" :	5, 
            "0" :	"l", 
            "1" :	"w", 
            "2" :	"x", 
            "3" :	"y", 
            "4" :	"slots", 
            "l" :	76.119, 
            "w" :	97.261, 
            "x" :	4.722, 
            "y" :	4.93, 
            "slots" :	{
                "items" :	4, 
                "0" :	"elliptical", 
                "1" :	"rectangular", 
                "2" :	"triangular", 
                "3" :	"polygonal", 
                "elliptical" :	{
                    "items" :	0
                }, 
                "rectangular" :	{
                    "items" :	0
                }, 
                "triangular" :	{
                    "items" :	1, 
                    "0" :	{
                        "items" :	3, 
                        "0" :	{
                            "items" :	2, 
                            "0" :	"x", 
                            "1" :	"y", 
                            "x" :	63.377, 
                            "y" :	67.894, 
                            "z" :	1.6
                        }, 
                        "1" :	{
                            "items" :	2, 
                            "0" :	"x", 
                            "1" :	"y", 
                            "x" :	63.814, 
                            "y" :	67.038, 
                            "z" :	1.6
                        }, 
                        "2" :	{
                            "items" :	2, 
                            "0" :	"x", 
                            "1" :	"y", 
                            "x" :	64.821, 
                            "y" :	66.563, 
                            "z" :	1.6
                        }, 
                        "type" :	"triangular", 
                        "id" :	"637074070327098368"
                    }
                }, 
                "polygonal" :	{
                    "items" :	0
                }
            }
        }, 
        "substrate" :	{
            "items" :	4, 
            "0" :	"l", 
            "1" :	"w", 
            "2" :	"x", 
            "3" :	"h", 
            "l" :	87.585, 
            "w" :	104.822, 
            "h" :	1.6, 
            "x" :	-0.274, 
            "y" :	-0.368, 
            "permitivitty" :	4.4, 
            "loss" :	0.02, 
            "name" :	"FR4"
        }
    }, 
    "fitness" :	{
        "items" :	1, 
        "0" :	"final", 
        "1" :	"freq", 
        "lower" :	1.3099582381967663, 
        "desired" :	0.7719730420044035, 
        "upper" :	1.2944730417773114, 
        "area" :	0.9693281848475284, 
        "freq" :	0.7164512317386732, 
        "final" :	1.3798832267021934, 
        "resonant" :	905000000.0, 
        "dir" :	"C:\\Users\\project\\0. My Work\\1. Repositories\\1. Very Unfriendly Train\\Data\\Simulations\\637074070080628736_Primary\\637074070327118592_1\\1.out", 
        "890000000.0" :	{
            "f" :	0.9510018438382, 
            "g" :	0.3589563943585662
        }, 
        "905000000.0" :	{
            "f" :	0.12673582287383905, 
            "g" :	0.3446487237508098
        }, 
        "920000000.0" :	{
            "f" :	0.23952842008909622, 
            "g" :	0.3314252597030236
        }, 
        "935000000.0" :	{
            "f" :	0.9541275801830097, 
            "g" :	0.3194533194134323
        }, 
        "950000000.0" :	{
            "f" :	0.9855788511202503, 
            "g" :	0.3088941906570609
        }
    }
}