{
    "geometry" :	{
        "items" :	3, 
        "0" :	"feed", 
        "1" :	"ground plane", 
        "2" :	"radiating plane", 
        "feed" :	{
            "items" :	2, 
            "0" :	"center", 
            "1" :	"width", 
            "center" :	55.769, 
            "width" :	1.694
        }, 
        "ground plane" :	{
            "items" :	5, 
            "0" :	"l", 
            "1" :	"w", 
            "2" :	"x", 
            "3" :	"y", 
            "4" :	"slots", 
            "l" :	88.388, 
            "w" :	100.405, 
            "x" :	-0.403, 
            "y" :	-0.225, 
            "slots" :	{
                "items" :	4, 
                "0" :	"elliptical", 
                "1" :	"rectangular", 
                "2" :	"triangular", 
                "3" :	"polygonal", 
                "elliptical" :	{
                    "items" :	0
                }, 
                "rectangular" :	{
                    "items" :	1, 
                    "0" :	{
                        "items" :	4, 
                        "0" :	"x", 
                        "1" :	"y", 
                        "2" :	"l", 
                        "3" :	"w", 
                        "x" :	46.555, 
                        "y" :	68.213, 
                        "z" :	0.0, 
                        "l" :	9.269, 
                        "w" :	13.65, 
                        "type" :	"rectangular", 
                        "id" :	"637074070327098368"
                    }
                }, 
                "triangular" :	{
                    "items" :	1, 
                    "0" :	{
                        "items" :	3, 
                        "0" :	{
                            "items" :	2, 
                            "0" :	"x", 
                            "1" :	"y", 
                            "x" :	89.586, 
                            "y" :	73.045, 
                            "z" :	0.0
                        }, 
                        "1" :	{
                            "items" :	2, 
                            "0" :	"x", 
                            "1" :	"y", 
                            "x" :	74.46, 
                            "y" :	70.932, 
                            "z" :	0.0
                        }, 
                        "2" :	{
                            "items" :	2, 
                            "0" :	"x", 
                            "1" :	"y", 
                            "x" :	80.657, 
                            "y" :	83.758, 
                            "z" :	0.0
                        }, 
                        "type" :	"triangular", 
                        "id" :	"637074071964384768"
                    }
                }, 
                "polygonal" :	{
                    "items" :	0
                }
            }
        }, 
        "radiating plane" :	{
            "items" :	5, 
            "0" :	"l", 
            "1" :	"w", 
            "2" :	"x", 
            "3" :	"y", 
            "4" :	"slots", 
            "l" :	77.026, 
            "w" :	98.041, 
            "x" :	4.086, 
            "y" :	4.499, 
            "slots" :	{
                "items" :	4, 
                "0" :	"elliptical", 
                "1" :	"rectangular", 
                "2" :	"triangular", 
                "3" :	"polygonal", 
                "elliptical" :	{
                    "items" :	0
                }, 
                "rectangular" :	{
                    "items" :	0
                }, 
                "triangular" :	{
                    "items" :	1, 
                    "0" :	{
                        "items" :	3, 
                        "0" :	{
                            "items" :	2, 
                            "0" :	"x", 
                            "1" :	"y", 
                            "x" :	63.787, 
                            "y" :	66.991, 
                            "z" :	1.6
                        }, 
                        "1" :	{
                            "items" :	2, 
                            "0" :	"x", 
                            "1" :	"y", 
                            "x" :	61.515, 
                            "y" :	68.81, 
                            "z" :	1.6
                        }, 
                        "2" :	{
                            "items" :	2, 
                            "0" :	"x", 
                            "1" :	"y", 
                            "x" :	63.72, 
                            "y" :	66.819, 
                            "z" :	1.6
                        }, 
                        "type" :	"triangular", 
                        "id" :	"637074070327098368"
                    }
                }, 
                "polygonal" :	{
                    "items" :	0
                }
            }
        }, 
        "substrate" :	{
            "items" :	4, 
            "0" :	"l", 
            "1" :	"w", 
            "2" :	"x", 
            "3" :	"h", 
            "l" :	88.388, 
            "w" :	102.81499999999998, 
            "h" :	1.6, 
            "x" :	-0.403, 
            "y" :	-0.225, 
            "permitivitty" :	4.4, 
            "loss" :	0.02, 
            "name" :	"FR4"
        }
    }, 
    "fitness" :	{
        "items" :	1, 
        "0" :	"final", 
        "1" :	"freq", 
        "lower" :	1.0085712192603324, 
        "desired" :	0.9340049379554748, 
        "upper" :	1.2765556356958223, 
        "area" :	0.9594855786585799, 
        "freq" :	0.8033597919907517, 
        "final" :	1.465258375372191, 
        "resonant" :	905000000.0, 
        "dir" :	"C:\\Users\\project\\0. My Work\\1. Repositories\\1. Very Unfriendly Train\\Data\\Simulations\\637074070080628736_Primary\\637074071964411264_1\\1.out", 
        "890000000.0" :	{
            "f" :	0.6726510569108284, 
            "g" :	0.335920162349504
        }, 
        "905000000.0" :	{
            "f" :	0.005401835487058463, 
            "g" :	0.32153955899017456
        }, 
        "920000000.0" :	{
            "f" :	0.8894235743272593, 
            "g" :	0.308517148905156
        }, 
        "935000000.0" :	{
            "f" :	0.9801700631666229, 
            "g" :	0.2969626329901531
        }, 
        "950000000.0" :	{
            "f" :	0.9894879634987604, 
            "g" :	0.2870676721970618
        }
    }
}