{
    "geometry" :	{
        "items" :	3, 
        "0" :	"feed", 
        "1" :	"ground plane", 
        "2" :	"radiating plane", 
        "feed" :	{
            "items" :	2, 
            "0" :	"center", 
            "1" :	"width", 
            "center" :	53.555, 
            "width" :	1.659
        }, 
        "ground plane" :	{
            "items" :	5, 
            "0" :	"l", 
            "1" :	"w", 
            "2" :	"x", 
            "3" :	"y", 
            "4" :	"slots", 
            "l" :	85.445, 
            "w" :	97.392, 
            "x" :	-0.544, 
            "y" :	-1.338, 
            "slots" :	{
                "items" :	4, 
                "0" :	"elliptical", 
                "1" :	"rectangular", 
                "2" :	"triangular", 
                "3" :	"polygonal", 
                "elliptical" :	{
                    "items" :	0
                }, 
                "rectangular" :	{
                    "items" :	2, 
                    "0" :	{
                        "items" :	4, 
                        "0" :	"x", 
                        "1" :	"y", 
                        "2" :	"l", 
                        "3" :	"w", 
                        "x" :	2.665, 
                        "y" :	91.411, 
                        "z" :	0.0, 
                        "l" :	10.321, 
                        "w" :	21.719, 
                        "type" :	"rectangular", 
                        "id" :	"637074071964394752"
                    }, 
                    "1" :	{
                        "items" :	4, 
                        "0" :	"x", 
                        "1" :	"y", 
                        "2" :	"l", 
                        "3" :	"w", 
                        "x" :	37.051, 
                        "y" :	85.381, 
                        "z" :	0.0, 
                        "l" :	10.053, 
                        "w" :	4.468, 
                        "type" :	"rectangular", 
                        "id" :	"637074075039525120"
                    }
                }, 
                "triangular" :	{
                    "items" :	0
                }, 
                "polygonal" :	{
                    "items" :	0
                }
            }
        }, 
        "radiating plane" :	{
            "items" :	5, 
            "0" :	"l", 
            "1" :	"w", 
            "2" :	"x", 
            "3" :	"y", 
            "4" :	"slots", 
            "l" :	74.305, 
            "w" :	95.294, 
            "x" :	3.953, 
            "y" :	5.361, 
            "slots" :	{
                "items" :	4, 
                "0" :	"elliptical", 
                "1" :	"rectangular", 
                "2" :	"triangular", 
                "3" :	"polygonal", 
                "elliptical" :	{
                    "items" :	0
                }, 
                "rectangular" :	{
                    "items" :	1, 
                    "0" :	{
                        "items" :	4, 
                        "0" :	"x", 
                        "1" :	"y", 
                        "2" :	"l", 
                        "3" :	"w", 
                        "x" :	21.406, 
                        "y" :	13.265, 
                        "z" :	1.6, 
                        "l" :	2.273, 
                        "w" :	2.535, 
                        "type" :	"rectangular", 
                        "id" :	"637074075039525120"
                    }
                }, 
                "triangular" :	{
                    "items" :	0
                }, 
                "polygonal" :	{
                    "items" :	0
                }
            }
        }, 
        "substrate" :	{
            "items" :	4, 
            "0" :	"l", 
            "1" :	"w", 
            "2" :	"x", 
            "3" :	"h", 
            "l" :	85.445, 
            "w" :	102.04299999999999, 
            "h" :	1.6, 
            "x" :	-0.544, 
            "y" :	-1.338, 
            "permitivitty" :	4.4, 
            "loss" :	0.02, 
            "name" :	"FR4"
        }
    }, 
    "fitness" :	{
        "items" :	1, 
        "0" :	"final", 
        "1" :	"freq", 
        "lower" :	1.3462839386860788, 
        "desired" :	1.2559278444510147, 
        "upper" :	0.2824261271814026, 
        "area" :	0.9205736440338279, 
        "freq" :	1.0077049322630969, 
        "final" :	1.6226809890569913, 
        "resonant" :	950000000.0, 
        "dir" :	"C:\\Users\\project\\0. My Work\\1. Repositories\\1. Very Unfriendly Train\\Data\\Simulations\\637074070080628736_Primary\\637074075039525120_5\\5.out", 
        "890000000.0" :	{
            "f" :	0.9923875854441917, 
            "g" :	0.3538963532418871
        }, 
        "905000000.0" :	{
            "f" :	0.9896387456425386, 
            "g" :	0.3337377656720646
        }, 
        "920000000.0" :	{
            "f" :	0.9789682635153444, 
            "g" :	0.3150191800883302
        }, 
        "935000000.0" :	{
            "f" :	0.8527414697358219, 
            "g" :	0.2976781086989443
        }, 
        "950000000.0" :	{
            "f" :	0.000737185655204436, 
            "g" :	0.28168894152619817
        }
    }
}