{
    "geometry" :	{
        "items" :	3, 
        "0" :	"feed", 
        "1" :	"ground plane", 
        "2" :	"radiating plane", 
        "feed" :	{
            "items" :	2, 
            "0" :	"center", 
            "1" :	"width", 
            "center" :	54.608, 
            "width" :	1.569
        }, 
        "ground plane" :	{
            "items" :	5, 
            "0" :	"l", 
            "1" :	"w", 
            "2" :	"x", 
            "3" :	"y", 
            "4" :	"slots", 
            "l" :	86.824, 
            "w" :	109.312, 
            "x" :	-0.275, 
            "y" :	-0.257, 
            "slots" :	{
                "items" :	4, 
                "0" :	"elliptical", 
                "1" :	"rectangular", 
                "2" :	"triangular", 
                "3" :	"polygonal", 
                "elliptical" :	{
                    "items" :	0
                }, 
                "rectangular" :	{
                    "items" :	0
                }, 
                "triangular" :	{
                    "items" :	1, 
                    "0" :	{
                        "items" :	3, 
                        "0" :	{
                            "items" :	2, 
                            "0" :	"x", 
                            "1" :	"y", 
                            "x" :	45.373, 
                            "y" :	106.591, 
                            "z" :	0.0
                        }, 
                        "1" :	{
                            "items" :	2, 
                            "0" :	"x", 
                            "1" :	"y", 
                            "x" :	31.249, 
                            "y" :	101.27, 
                            "z" :	0.0
                        }, 
                        "2" :	{
                            "items" :	2, 
                            "0" :	"x", 
                            "1" :	"y", 
                            "x" :	45.688, 
                            "y" :	104.731, 
                            "z" :	0.0
                        }, 
                        "type" :	"triangular", 
                        "id" :	"637074089808148864"
                    }
                }, 
                "polygonal" :	{
                    "items" :	0
                }
            }
        }, 
        "radiating plane" :	{
            "items" :	5, 
            "0" :	"l", 
            "1" :	"w", 
            "2" :	"x", 
            "3" :	"y", 
            "4" :	"slots", 
            "l" :	76.166, 
            "w" :	98.246, 
            "x" :	4.476, 
            "y" :	4.998, 
            "slots" :	{
                "items" :	4, 
                "0" :	"elliptical", 
                "1" :	"rectangular", 
                "2" :	"triangular", 
                "3" :	"polygonal", 
                "elliptical" :	{
                    "items" :	0
                }, 
                "rectangular" :	{
                    "items" :	1, 
                    "0" :	{
                        "items" :	4, 
                        "0" :	"x", 
                        "1" :	"y", 
                        "2" :	"l", 
                        "3" :	"w", 
                        "x" :	35.544, 
                        "y" :	91.148, 
                        "z" :	1.6, 
                        "l" :	2.276, 
                        "w" :	1.848, 
                        "type" :	"rectangular", 
                        "id" :	"637074089808148864"
                    }
                }, 
                "triangular" :	{
                    "items" :	0
                }, 
                "polygonal" :	{
                    "items" :	0
                }
            }
        }, 
        "substrate" :	{
            "items" :	4, 
            "0" :	"l", 
            "1" :	"w", 
            "2" :	"x", 
            "3" :	"h", 
            "l" :	86.824, 
            "w" :	109.312, 
            "h" :	1.6, 
            "x" :	-0.275, 
            "y" :	-0.257, 
            "permitivitty" :	4.4, 
            "loss" :	0.02, 
            "name" :	"FR4"
        }
    }, 
    "fitness" :	{
        "items" :	1, 
        "0" :	"final", 
        "1" :	"freq", 
        "lower" :	1.3566665975086152, 
        "desired" :	0.9352296777387058, 
        "upper" :	1.1477730467406069, 
        "area" :	1.0020659266591527, 
        "freq" :	0.8273660875423567, 
        "final" :	1.5520171006640167, 
        "resonant" :	935000000.0, 
        "dir" :	"C:\\Users\\project\\0. My Work\\1. Repositories\\1. Very Unfriendly Train\\Data\\Simulations\\637074089568034432_Primary\\637074089808168704_1\\1.out", 
        "890000000.0" :	{
            "f" :	0.9898485292413233, 
            "g" :	0.36681806826729185
        }, 
        "905000000.0" :	{
            "f" :	0.978555304790474, 
            "g" :	0.3525116941389562
        }, 
        "920000000.0" :	{
            "f" :	0.808144748904065, 
            "g" :	0.33919282814176394
        }, 
        "935000000.0" :	{
            "f" :	0.0002599745867350537, 
            "g" :	0.32702448265412365
        }, 
        "950000000.0" :	{
            "f" :	0.8315706656983237, 
            "g" :	0.31620238104228315
        }
    }
}