{
    "geometry" :	{
        "items" :	3, 
        "0" :	"feed", 
        "1" :	"ground plane", 
        "2" :	"radiating plane", 
        "feed" :	{
            "items" :	2, 
            "0" :	"center", 
            "1" :	"width", 
            "center" :	54.253, 
            "width" :	1.614
        }, 
        "ground plane" :	{
            "items" :	5, 
            "0" :	"l", 
            "1" :	"w", 
            "2" :	"x", 
            "3" :	"y", 
            "4" :	"slots", 
            "l" :	84.866, 
            "w" :	99.638, 
            "x" :	-0.234, 
            "y" :	-0.223, 
            "slots" :	{
                "items" :	4, 
                "0" :	"elliptical", 
                "1" :	"rectangular", 
                "2" :	"triangular", 
                "3" :	"polygonal", 
                "elliptical" :	{
                    "items" :	0
                }, 
                "rectangular" :	{
                    "items" :	1, 
                    "0" :	{
                        "items" :	4, 
                        "0" :	"x", 
                        "1" :	"y", 
                        "2" :	"l", 
                        "3" :	"w", 
                        "x" :	56.383, 
                        "y" :	47.529, 
                        "z" :	0.0, 
                        "l" :	11.899, 
                        "w" :	20.763, 
                        "type" :	"rectangular", 
                        "id" :	"637074096324599296"
                    }
                }, 
                "triangular" :	{
                    "items" :	1, 
                    "0" :	{
                        "items" :	3, 
                        "0" :	{
                            "items" :	2, 
                            "0" :	"x", 
                            "1" :	"y", 
                            "x" :	52.203, 
                            "y" :	49.177, 
                            "z" :	0.0
                        }, 
                        "1" :	{
                            "items" :	2, 
                            "0" :	"x", 
                            "1" :	"y", 
                            "x" :	53.223, 
                            "y" :	32.619, 
                            "z" :	0.0
                        }, 
                        "2" :	{
                            "items" :	2, 
                            "0" :	"x", 
                            "1" :	"y", 
                            "x" :	54.295, 
                            "y" :	48.655, 
                            "z" :	0.0
                        }, 
                        "type" :	"triangular", 
                        "id" :	"637074094504170368"
                    }
                }, 
                "polygonal" :	{
                    "items" :	0
                }
            }
        }, 
        "radiating plane" :	{
            "items" :	5, 
            "0" :	"l", 
            "1" :	"w", 
            "2" :	"x", 
            "3" :	"y", 
            "4" :	"slots", 
            "l" :	76.345, 
            "w" :	96.983, 
            "x" :	4.842, 
            "y" :	3.701, 
            "slots" :	{
                "items" :	4, 
                "0" :	"elliptical", 
                "1" :	"rectangular", 
                "2" :	"triangular", 
                "3" :	"polygonal", 
                "elliptical" :	{
                    "items" :	0
                }, 
                "rectangular" :	{
                    "items" :	0
                }, 
                "triangular" :	{
                    "items" :	1, 
                    "0" :	{
                        "items" :	3, 
                        "0" :	{
                            "items" :	2, 
                            "0" :	"x", 
                            "1" :	"y", 
                            "x" :	1.059, 
                            "y" :	85.635, 
                            "z" :	1.6
                        }, 
                        "1" :	{
                            "items" :	2, 
                            "0" :	"x", 
                            "1" :	"y", 
                            "x" :	-0.982, 
                            "y" :	83.957, 
                            "z" :	1.6
                        }, 
                        "2" :	{
                            "items" :	2, 
                            "0" :	"x", 
                            "1" :	"y", 
                            "x" :	-0.519, 
                            "y" :	85.477, 
                            "z" :	1.6
                        }, 
                        "type" :	"triangular", 
                        "id" :	"637074096324599296"
                    }
                }, 
                "polygonal" :	{
                    "items" :	0
                }
            }
        }, 
        "substrate" :	{
            "items" :	4, 
            "0" :	"l", 
            "1" :	"w", 
            "2" :	"x", 
            "3" :	"h", 
            "l" :	84.866, 
            "w" :	100.957, 
            "h" :	1.6, 
            "x" :	-0.234, 
            "y" :	-0.223, 
            "permitivitty" :	4.4, 
            "loss" :	0.02, 
            "name" :	"FR4"
        }
    }, 
    "fitness" :	{
        "items" :	1, 
        "0" :	"final", 
        "1" :	"freq", 
        "lower" :	0.9867446743430104, 
        "desired" :	1.3599040391388568, 
        "upper" :	1.3611643931767536, 
        "area" :	0.9046046887471888, 
        "freq" :	1.1038643443751934, 
        "final" :	1.6904270711543115, 
        "resonant" :	890000000.0, 
        "dir" :	"C:\\Users\\project\\0. My Work\\1. Repositories\\1. Very Unfriendly Train\\Data\\Simulations\\637074089568034432_Primary\\637074096324599296_5\\5.out", 
        "890000000.0" :	{
            "f" :	0.566307141599972, 
            "g" :	0.4204375327430384
        }, 
        "905000000.0" :	{
            "f" :	0.9310073160766802, 
            "g" :	0.40695308934688607
        }, 
        "920000000.0" :	{
            "f" :	0.9783486861970364, 
            "g" :	0.3939810964896493
        }, 
        "935000000.0" :	{
            "f" :	0.9877325998867355, 
            "g" :	0.38168932941958283
        }, 
        "950000000.0" :	{
            "f" :	0.9909149634782348, 
            "g" :	0.3702494296985189
        }
    }
}