{
    "geometry" :	{
        "items" :	3, 
        "0" :	"feed", 
        "1" :	"ground plane", 
        "2" :	"radiating plane", 
        "feed" :	{
            "items" :	2, 
            "0" :	"center", 
            "1" :	"width", 
            "center" :	53.266, 
            "width" :	1.575
        }, 
        "ground plane" :	{
            "items" :	5, 
            "0" :	"l", 
            "1" :	"w", 
            "2" :	"x", 
            "3" :	"y", 
            "4" :	"slots", 
            "l" :	78.802, 
            "w" :	99.841, 
            "x" :	-0.759, 
            "y" :	-1.04, 
            "slots" :	{
                "items" :	4, 
                "0" :	"elliptical", 
                "1" :	"rectangular", 
                "2" :	"triangular", 
                "3" :	"polygonal", 
                "elliptical" :	{
                    "items" :	0
                }, 
                "rectangular" :	{
                    "items" :	1, 
                    "0" :	{
                        "items" :	4, 
                        "0" :	"x", 
                        "1" :	"y", 
                        "2" :	"l", 
                        "3" :	"w", 
                        "x" :	25.247, 
                        "y" :	4.818, 
                        "z" :	0.0, 
                        "l" :	15.538, 
                        "w" :	13.717, 
                        "type" :	"rectangular", 
                        "id" :	"637074051789029376"
                    }
                }, 
                "triangular" :	{
                    "items" :	2, 
                    "0" :	{
                        "items" :	3, 
                        "0" :	{
                            "items" :	2, 
                            "0" :	"x", 
                            "1" :	"y", 
                            "x" :	26.428, 
                            "y" :	112.641, 
                            "z" :	0.0
                        }, 
                        "1" :	{
                            "items" :	2, 
                            "0" :	"x", 
                            "1" :	"y", 
                            "x" :	15.031, 
                            "y" :	91.152, 
                            "z" :	0.0
                        }, 
                        "2" :	{
                            "items" :	2, 
                            "0" :	"x", 
                            "1" :	"y", 
                            "x" :	16.477, 
                            "y" :	97.284, 
                            "z" :	0.0
                        }, 
                        "type" :	"triangular", 
                        "id" :	"637074055663590656"
                    }, 
                    "1" :	{
                        "items" :	3, 
                        "0" :	{
                            "items" :	2, 
                            "0" :	"x", 
                            "1" :	"y", 
                            "x" :	37.739, 
                            "y" :	6.757, 
                            "z" :	0.0
                        }, 
                        "1" :	{
                            "items" :	2, 
                            "0" :	"x", 
                            "1" :	"y", 
                            "x" :	21.056, 
                            "y" :	12.369, 
                            "z" :	0.0
                        }, 
                        "2" :	{
                            "items" :	2, 
                            "0" :	"x", 
                            "1" :	"y", 
                            "x" :	35.324, 
                            "y" :	19.835, 
                            "z" :	0.0
                        }, 
                        "type" :	"triangular", 
                        "id" :	"637074058616367360"
                    }
                }, 
                "polygonal" :	{
                    "items" :	0
                }
            }
        }, 
        "radiating plane" :	{
            "items" :	5, 
            "0" :	"l", 
            "1" :	"w", 
            "2" :	"x", 
            "3" :	"y", 
            "4" :	"slots", 
            "l" :	73.217, 
            "w" :	98.003, 
            "x" :	4.585, 
            "y" :	4.972, 
            "slots" :	{
                "items" :	4, 
                "0" :	"elliptical", 
                "1" :	"rectangular", 
                "2" :	"triangular", 
                "3" :	"polygonal", 
                "elliptical" :	{
                    "items" :	0
                }, 
                "rectangular" :	{
                    "items" :	1, 
                    "0" :	{
                        "items" :	4, 
                        "0" :	"x", 
                        "1" :	"y", 
                        "2" :	"l", 
                        "3" :	"w", 
                        "x" :	30.753, 
                        "y" :	11.134, 
                        "z" :	1.6, 
                        "l" :	2.689, 
                        "w" :	2.744, 
                        "type" :	"rectangular", 
                        "id" :	"637074055663600640"
                    }
                }, 
                "triangular" :	{
                    "items" :	1, 
                    "0" :	{
                        "items" :	3, 
                        "0" :	{
                            "items" :	2, 
                            "0" :	"x", 
                            "1" :	"y", 
                            "x" :	35.519, 
                            "y" :	31.458, 
                            "z" :	1.6
                        }, 
                        "1" :	{
                            "items" :	2, 
                            "0" :	"x", 
                            "1" :	"y", 
                            "x" :	36.803, 
                            "y" :	32.777, 
                            "z" :	1.6
                        }, 
                        "2" :	{
                            "items" :	2, 
                            "0" :	"x", 
                            "1" :	"y", 
                            "x" :	40.23, 
                            "y" :	30.869, 
                            "z" :	1.6
                        }, 
                        "type" :	"triangular", 
                        "id" :	"637074053452876672"
                    }, 
                    "-1" :	{
                        "items" :	3, 
                        "0" :	{
                            "items" :	2, 
                            "0" :	"x", 
                            "1" :	"y", 
                            "x" :	68.588, 
                            "y" :	10.794, 
                            "z" :	1.6
                        }, 
                        "1" :	{
                            "items" :	2, 
                            "0" :	"x", 
                            "1" :	"y", 
                            "x" :	70.847, 
                            "y" :	13.53, 
                            "z" :	1.6
                        }, 
                        "2" :	{
                            "items" :	2, 
                            "0" :	"x", 
                            "1" :	"y", 
                            "x" :	71.264, 
                            "y" :	13.409, 
                            "z" :	1.6
                        }, 
                        "type" :	"triangular", 
                        "id" :	"637074051789029376"
                    }
                }, 
                "polygonal" :	{
                    "items" :	0
                }
            }
        }, 
        "substrate" :	{
            "items" :	4, 
            "0" :	"l", 
            "1" :	"w", 
            "2" :	"x", 
            "3" :	"h", 
            "l" :	78.802, 
            "w" :	104.065, 
            "h" :	1.6, 
            "x" :	-0.759, 
            "y" :	-1.04, 
            "permitivitty" :	4.4, 
            "loss" :	0.02, 
            "name" :	"FR4"
        }
    }, 
    "fitness" :	{
        "items" :	1, 
        "0" :	"final", 
        "1" :	"freq", 
        "lower" :	1.4473351579523501, 
        "desired" :	1.0488835384352757, 
        "upper" :	1.2304843184191347, 
        "area" :	0.865825940479024, 
        "freq" :	0.9187661812515995, 
        "final" :	1.3994727981865032, 
        "resonant" :	935000000.0, 
        "dir" :	"C:\\Users\\project\\0. My Work\\1. Repositories\\1. Very Unfriendly Train\\Data\\Simulations\\637074049977146112_Primary\\637074058616377472_4\\4.out", 
        "890000000.0" :	{
            "f" :	0.9901228009285198, 
            "g" :	0.45721235702383045
        }, 
        "905000000.0" :	{
            "f" :	0.9799249846894594, 
            "g" :	0.4485988537192675
        }, 
        "920000000.0" :	{
            "f" :	0.8430457237059195, 
            "g" :	0.4406227737100634
        }, 
        "935000000.0" :	{
            "f" :	0.0009145166029941704, 
            "g" :	0.4335437628781228
        }, 
        "950000000.0" :	{
            "f" :	0.8030077535836851, 
            "g" :	0.4274765648354497
        }
    }
}