{
    "geometry" :	{
        "items" :	3, 
        "0" :	"feed", 
        "1" :	"ground plane", 
        "2" :	"radiating plane", 
        "feed" :	{
            "items" :	2, 
            "0" :	"center", 
            "1" :	"width", 
            "center" :	53.751, 
            "width" :	1.67
        }, 
        "ground plane" :	{
            "items" :	5, 
            "0" :	"l", 
            "1" :	"w", 
            "2" :	"x", 
            "3" :	"y", 
            "4" :	"slots", 
            "l" :	80.745, 
            "w" :	99.783, 
            "x" :	-0.405, 
            "y" :	-0.741, 
            "slots" :	{
                "items" :	4, 
                "0" :	"elliptical", 
                "1" :	"rectangular", 
                "2" :	"triangular", 
                "3" :	"polygonal", 
                "elliptical" :	{
                    "items" :	0
                }, 
                "rectangular" :	{
                    "items" :	4, 
                    "0" :	{
                        "items" :	4, 
                        "0" :	"x", 
                        "1" :	"y", 
                        "2" :	"l", 
                        "3" :	"w", 
                        "x" :	44.821, 
                        "y" :	64.113, 
                        "z" :	0.0, 
                        "l" :	10.324, 
                        "w" :	9.828, 
                        "type" :	"rectangular", 
                        "id" :	"637074070327098368"
                    }, 
                    "1" :	{
                        "items" :	4, 
                        "0" :	"x", 
                        "1" :	"y", 
                        "2" :	"l", 
                        "3" :	"w", 
                        "x" :	19.837, 
                        "y" :	95.569, 
                        "z" :	0.0, 
                        "l" :	4.844, 
                        "w" :	24.084, 
                        "type" :	"rectangular", 
                        "id" :	"637074071964394752"
                    }, 
                    "2" :	{
                        "items" :	4, 
                        "0" :	"x", 
                        "1" :	"y", 
                        "2" :	"l", 
                        "3" :	"w", 
                        "x" :	16.022, 
                        "y" :	45.054, 
                        "z" :	0.0, 
                        "l" :	10.922, 
                        "w" :	12.05, 
                        "type" :	"rectangular", 
                        "id" :	"637074075039515136"
                    }, 
                    "3" :	{
                        "items" :	4, 
                        "0" :	"x", 
                        "1" :	"y", 
                        "2" :	"l", 
                        "3" :	"w", 
                        "x" :	-4.668, 
                        "y" :	27.036, 
                        "z" :	0.0, 
                        "l" :	22.146, 
                        "w" :	14.365, 
                        "type" :	"rectangular", 
                        "id" :	"637074077111393280"
                    }
                }, 
                "triangular" :	{
                    "items" :	0
                }, 
                "polygonal" :	{
                    "items" :	0
                }
            }
        }, 
        "radiating plane" :	{
            "items" :	5, 
            "0" :	"l", 
            "1" :	"w", 
            "2" :	"x", 
            "3" :	"y", 
            "4" :	"slots", 
            "l" :	73.016, 
            "w" :	92.75, 
            "x" :	2.591, 
            "y" :	4.412, 
            "slots" :	{
                "items" :	4, 
                "0" :	"elliptical", 
                "1" :	"rectangular", 
                "2" :	"triangular", 
                "3" :	"polygonal", 
                "elliptical" :	{
                    "items" :	0
                }, 
                "rectangular" :	{
                    "items" :	1, 
                    "0" :	{
                        "items" :	4, 
                        "0" :	"x", 
                        "1" :	"y", 
                        "2" :	"l", 
                        "3" :	"w", 
                        "x" :	59.434, 
                        "y" :	68.477, 
                        "z" :	1.6, 
                        "l" :	1.891, 
                        "w" :	3.771, 
                        "type" :	"rectangular", 
                        "id" :	"637074077111393280"
                    }
                }, 
                "triangular" :	{
                    "items" :	0
                }, 
                "polygonal" :	{
                    "items" :	0
                }
            }
        }, 
        "substrate" :	{
            "items" :	4, 
            "0" :	"l", 
            "1" :	"w", 
            "2" :	"x", 
            "3" :	"h", 
            "l" :	80.745, 
            "w" :	99.783, 
            "h" :	1.6, 
            "x" :	-0.405, 
            "y" :	-0.741, 
            "permitivitty" :	4.4, 
            "loss" :	0.02, 
            "name" :	"FR4"
        }
    }, 
    "fitness" :	{
        "items" :	1, 
        "0" :	"final", 
        "1" :	"freq", 
        "lower" :	1.4452967812838629, 
        "desired" :	1.3857395649144433, 
        "upper" :	0.4286850062524427, 
        "area" :	0.8506694974268079, 
        "freq" :	1.1143021721618607, 
        "final" :	1.553633421800134, 
        "resonant" :	950000000.0, 
        "dir" :	"C:\\Users\\project\\0. My Work\\1. Repositories\\1. Very Unfriendly Train\\Data\\Simulations\\637074070080628736_Primary\\637074077111413504_2\\2.out", 
        "890000000.0" :	{
            "f" :	0.9925164279025152, 
            "g" :	0.4527803533813477
        }, 
        "905000000.0" :	{
            "f" :	0.990015301882706, 
            "g" :	0.44070751775562345
        }, 
        "920000000.0" :	{
            "f" :	0.9810768854962111, 
            "g" :	0.4289870488526835
        }, 
        "935000000.0" :	{
            "f" :	0.8986942768779806, 
            "g" :	0.41773766387812544
        }, 
        "950000000.0" :	{
            "f" :	0.021573780585992124, 
            "g" :	0.4071112256664506
        }
    }
}