{
    "geometry" :	{
        "items" :	3, 
        "0" :	"feed", 
        "1" :	"ground plane", 
        "2" :	"radiating plane", 
        "feed" :	{
            "items" :	2, 
            "0" :	"center", 
            "1" :	"width", 
            "center" :	53.734, 
            "width" :	1.622
        }, 
        "ground plane" :	{
            "items" :	5, 
            "0" :	"l", 
            "1" :	"w", 
            "2" :	"x", 
            "3" :	"y", 
            "4" :	"slots", 
            "l" :	90.099, 
            "w" :	102.896, 
            "x" :	-0.398, 
            "y" :	-0.315, 
            "slots" :	{
                "items" :	4, 
                "0" :	"elliptical", 
                "1" :	"rectangular", 
                "2" :	"triangular", 
                "3" :	"polygonal", 
                "elliptical" :	{
                    "items" :	0
                }, 
                "rectangular" :	{
                    "items" :	0
                }, 
                "triangular" :	{
                    "items" :	2, 
                    "0" :	{
                        "items" :	3, 
                        "0" :	{
                            "items" :	2, 
                            "0" :	"x", 
                            "1" :	"y", 
                            "x" :	53.586, 
                            "y" :	17.432, 
                            "z" :	0.0
                        }, 
                        "1" :	{
                            "items" :	2, 
                            "0" :	"x", 
                            "1" :	"y", 
                            "x" :	64.23, 
                            "y" :	27.704, 
                            "z" :	0.0
                        }, 
                        "2" :	{
                            "items" :	2, 
                            "0" :	"x", 
                            "1" :	"y", 
                            "x" :	68.631, 
                            "y" :	31.331, 
                            "z" :	0.0
                        }, 
                        "type" :	"triangular", 
                        "id" :	"637074126545974144"
                    }, 
                    "1" :	{
                        "items" :	3, 
                        "0" :	{
                            "items" :	2, 
                            "0" :	"x", 
                            "1" :	"y", 
                            "x" :	75.408, 
                            "y" :	24.834, 
                            "z" :	0.0
                        }, 
                        "1" :	{
                            "items" :	2, 
                            "0" :	"x", 
                            "1" :	"y", 
                            "x" :	72.376, 
                            "y" :	25.518, 
                            "z" :	0.0
                        }, 
                        "2" :	{
                            "items" :	2, 
                            "0" :	"x", 
                            "1" :	"y", 
                            "x" :	87.764, 
                            "y" :	20.997, 
                            "z" :	0.0
                        }, 
                        "type" :	"triangular", 
                        "id" :	"637074128242971392"
                    }
                }, 
                "polygonal" :	{
                    "items" :	0
                }
            }
        }, 
        "radiating plane" :	{
            "items" :	5, 
            "0" :	"l", 
            "1" :	"w", 
            "2" :	"x", 
            "3" :	"y", 
            "4" :	"slots", 
            "l" :	78.18, 
            "w" :	96.82, 
            "x" :	4.354, 
            "y" :	4.887, 
            "slots" :	{
                "items" :	4, 
                "0" :	"elliptical", 
                "1" :	"rectangular", 
                "2" :	"triangular", 
                "3" :	"polygonal", 
                "elliptical" :	{
                    "items" :	0
                }, 
                "rectangular" :	{
                    "items" :	0
                }, 
                "triangular" :	{
                    "items" :	0
                }, 
                "polygonal" :	{
                    "items" :	0
                }
            }
        }, 
        "substrate" :	{
            "items" :	4, 
            "0" :	"l", 
            "1" :	"w", 
            "2" :	"x", 
            "3" :	"h", 
            "l" :	90.099, 
            "w" :	102.896, 
            "h" :	1.6, 
            "x" :	-0.398, 
            "y" :	-0.315, 
            "permitivitty" :	4.4, 
            "loss" :	0.02, 
            "name" :	"FR4"
        }
    }, 
    "fitness" :	{
        "items" :	1, 
        "0" :	"final", 
        "1" :	"freq", 
        "lower" :	1.0432016451003765, 
        "desired" :	0.9589647559256346, 
        "upper" :	1.3043251052011473, 
        "area" :	0.9788296759796002, 
        "freq" :	0.8251637242415336, 
        "final" :	1.5189007440121693, 
        "resonant" :	905000000.0, 
        "dir" :	"C:\\Users\\project\\0. My Work\\1. Repositories\\1. Very Unfriendly Train\\Data\\Simulations\\637074126305120896_Primary\\637074128242971392_2\\2.out", 
        "890000000.0" :	{
            "f" :	0.6983669215068207, 
            "g" :	0.34483472359355577
        }, 
        "905000000.0" :	{
            "f" :	0.0021808297009150357, 
            "g" :	0.333452209030338
        }, 
        "920000000.0" :	{
            "f" :	0.9161896338866256, 
            "g" :	0.3242380593814567
        }, 
        "935000000.0" :	{
            "f" :	0.9832566114206535, 
            "g" :	0.31757692435691487
        }, 
        "950000000.0" :	{
            "f" :	0.9904674681394189, 
            "g" :	0.31385763706172837
        }
    }
}