{
    "geometry" :	{
        "items" :	3, 
        "0" :	"feed", 
        "1" :	"ground plane", 
        "2" :	"radiating plane", 
        "feed" :	{
            "items" :	2, 
            "0" :	"center", 
            "1" :	"width", 
            "center" :	53.036, 
            "width" :	1.517
        }, 
        "ground plane" :	{
            "items" :	5, 
            "0" :	"l", 
            "1" :	"w", 
            "2" :	"x", 
            "3" :	"y", 
            "4" :	"slots", 
            "l" :	83.293, 
            "w" :	99.456, 
            "x" :	-0.791, 
            "y" :	-0.758, 
            "slots" :	{
                "items" :	4, 
                "0" :	"elliptical", 
                "1" :	"rectangular", 
                "2" :	"triangular", 
                "3" :	"polygonal", 
                "elliptical" :	{
                    "items" :	0
                }, 
                "rectangular" :	{
                    "items" :	3, 
                    "0" :	{
                        "items" :	4, 
                        "0" :	"x", 
                        "1" :	"y", 
                        "2" :	"l", 
                        "3" :	"w", 
                        "x" :	23.052, 
                        "y" :	8.502, 
                        "z" :	0.0, 
                        "l" :	15.131, 
                        "w" :	13.277, 
                        "type" :	"rectangular", 
                        "id" :	"637074051789029376"
                    }, 
                    "1" :	{
                        "items" :	4, 
                        "0" :	"x", 
                        "1" :	"y", 
                        "2" :	"l", 
                        "3" :	"w", 
                        "x" :	4.388, 
                        "y" :	61.625, 
                        "z" :	0.0, 
                        "l" :	28.821, 
                        "w" :	12.444, 
                        "type" :	"rectangular", 
                        "id" :	"637074053452876672"
                    }, 
                    "2" :	{
                        "items" :	4, 
                        "0" :	"x", 
                        "1" :	"y", 
                        "2" :	"l", 
                        "3" :	"w", 
                        "x" :	19.884, 
                        "y" :	39.438, 
                        "z" :	0.0, 
                        "l" :	20.333, 
                        "w" :	11.27, 
                        "type" :	"rectangular", 
                        "id" :	"637074058616377472"
                    }
                }, 
                "triangular" :	{
                    "items" :	1, 
                    "0" :	{
                        "items" :	3, 
                        "0" :	{
                            "items" :	2, 
                            "0" :	"x", 
                            "1" :	"y", 
                            "x" :	27.525, 
                            "y" :	112.752, 
                            "z" :	0.0
                        }, 
                        "1" :	{
                            "items" :	2, 
                            "0" :	"x", 
                            "1" :	"y", 
                            "x" :	22.006, 
                            "y" :	88.17, 
                            "z" :	0.0
                        }, 
                        "2" :	{
                            "items" :	2, 
                            "0" :	"x", 
                            "1" :	"y", 
                            "x" :	16.813, 
                            "y" :	97.828, 
                            "z" :	0.0
                        }, 
                        "type" :	"triangular", 
                        "id" :	"637074055663590656"
                    }
                }, 
                "polygonal" :	{
                    "items" :	0
                }
            }
        }, 
        "radiating plane" :	{
            "items" :	5, 
            "0" :	"l", 
            "1" :	"w", 
            "2" :	"x", 
            "3" :	"y", 
            "4" :	"slots", 
            "l" :	71.929, 
            "w" :	95.79, 
            "x" :	5.641, 
            "y" :	4.247, 
            "slots" :	{
                "items" :	4, 
                "0" :	"elliptical", 
                "1" :	"rectangular", 
                "2" :	"triangular", 
                "3" :	"polygonal", 
                "elliptical" :	{
                    "items" :	0
                }, 
                "rectangular" :	{
                    "items" :	1, 
                    "0" :	{
                        "items" :	4, 
                        "0" :	"x", 
                        "1" :	"y", 
                        "2" :	"l", 
                        "3" :	"w", 
                        "x" :	32.133, 
                        "y" :	13.899, 
                        "z" :	1.6, 
                        "l" :	2.825, 
                        "w" :	2.54, 
                        "type" :	"rectangular", 
                        "id" :	"637074055663600640"
                    }
                }, 
                "triangular" :	{
                    "items" :	1, 
                    "0" :	{
                        "items" :	3, 
                        "0" :	{
                            "items" :	2, 
                            "0" :	"x", 
                            "1" :	"y", 
                            "x" :	35.004, 
                            "y" :	33.34, 
                            "z" :	1.6
                        }, 
                        "1" :	{
                            "items" :	2, 
                            "0" :	"x", 
                            "1" :	"y", 
                            "x" :	38.505, 
                            "y" :	33.8, 
                            "z" :	1.6
                        }, 
                        "2" :	{
                            "items" :	2, 
                            "0" :	"x", 
                            "1" :	"y", 
                            "x" :	38.063, 
                            "y" :	31.629, 
                            "z" :	1.6
                        }, 
                        "type" :	"triangular", 
                        "id" :	"637074053452876672"
                    }, 
                    "-1" :	{
                        "items" :	3, 
                        "0" :	{
                            "items" :	2, 
                            "0" :	"x", 
                            "1" :	"y", 
                            "x" :	68.588, 
                            "y" :	10.794, 
                            "z" :	1.6
                        }, 
                        "1" :	{
                            "items" :	2, 
                            "0" :	"x", 
                            "1" :	"y", 
                            "x" :	70.847, 
                            "y" :	13.53, 
                            "z" :	1.6
                        }, 
                        "2" :	{
                            "items" :	2, 
                            "0" :	"x", 
                            "1" :	"y", 
                            "x" :	71.264, 
                            "y" :	13.409, 
                            "z" :	1.6
                        }, 
                        "type" :	"triangular", 
                        "id" :	"637074051789029376"
                    }
                }, 
                "polygonal" :	{
                    "items" :	0
                }
            }
        }, 
        "substrate" :	{
            "items" :	4, 
            "0" :	"l", 
            "1" :	"w", 
            "2" :	"x", 
            "3" :	"h", 
            "l" :	83.293, 
            "w" :	100.845, 
            "h" :	1.6, 
            "x" :	-0.791, 
            "y" :	-0.758, 
            "permitivitty" :	4.4, 
            "loss" :	0.02, 
            "name" :	"FR4"
        }
    }, 
    "fitness" :	{
        "items" :	1, 
        "0" :	"final", 
        "1" :	"freq", 
        "lower" :	1.2942058422114897, 
        "desired" :	0.8201517411730269, 
        "upper" :	1.2883219091198097, 
        "area" :	0.886852795928073, 
        "freq" :	0.7485298108650859, 
        "final" :	1.2724615504971313, 
        "resonant" :	905000000.0, 
        "dir" :	"C:\\Users\\project\\0. My Work\\1. Repositories\\1. Very Unfriendly Train\\Data\\Simulations\\637074049977146112_Primary\\637074058616377472_6\\6.out", 
        "890000000.0" :	{
            "f" :	0.9448967345094171, 
            "g" :	0.3493091077020725
        }, 
        "905000000.0" :	{
            "f" :	0.01600478438379876, 
            "g" :	0.334200792177319
        }, 
        "920000000.0" :	{
            "f" :	0.5105484346236012, 
            "g" :	0.3206991888300404
        }, 
        "935000000.0" :	{
            "f" :	0.9697985958950681, 
            "g" :	0.30920342760925296
        }, 
        "950000000.0" :	{
            "f" :	0.9880790655297563, 
            "g" :	0.30024284359005343
        }
    }
}