{
    "geometry" :	{
        "items" :	3, 
        "0" :	"feed", 
        "1" :	"ground plane", 
        "2" :	"radiating plane", 
        "feed" :	{
            "items" :	2, 
            "0" :	"center", 
            "1" :	"width", 
            "center" :	54.289, 
            "width" :	1.561
        }, 
        "ground plane" :	{
            "items" :	5, 
            "0" :	"l", 
            "1" :	"w", 
            "2" :	"x", 
            "3" :	"y", 
            "4" :	"slots", 
            "l" :	87.443, 
            "w" :	106.515, 
            "x" :	-0.124, 
            "y" :	-0.16, 
            "slots" :	{
                "items" :	4, 
                "0" :	"elliptical", 
                "1" :	"rectangular", 
                "2" :	"triangular", 
                "3" :	"polygonal", 
                "elliptical" :	{
                    "items" :	0
                }, 
                "rectangular" :	{
                    "items" :	0
                }, 
                "triangular" :	{
                    "items" :	1, 
                    "0" :	{
                        "items" :	3, 
                        "0" :	{
                            "items" :	2, 
                            "0" :	"x", 
                            "1" :	"y", 
                            "x" :	67.763, 
                            "y" :	85.149, 
                            "z" :	0.0
                        }, 
                        "1" :	{
                            "items" :	2, 
                            "0" :	"x", 
                            "1" :	"y", 
                            "x" :	81.532, 
                            "y" :	81.484, 
                            "z" :	0.0
                        }, 
                        "2" :	{
                            "items" :	2, 
                            "0" :	"x", 
                            "1" :	"y", 
                            "x" :	75.154, 
                            "y" :	90.878, 
                            "z" :	0.0
                        }, 
                        "type" :	"triangular", 
                        "id" :	"637074091544497664"
                    }
                }, 
                "polygonal" :	{
                    "items" :	0
                }
            }
        }, 
        "radiating plane" :	{
            "items" :	5, 
            "0" :	"l", 
            "1" :	"w", 
            "2" :	"x", 
            "3" :	"y", 
            "4" :	"slots", 
            "l" :	76.524, 
            "w" :	98.595, 
            "x" :	5.127, 
            "y" :	4.342, 
            "slots" :	{
                "items" :	4, 
                "0" :	"elliptical", 
                "1" :	"rectangular", 
                "2" :	"triangular", 
                "3" :	"polygonal", 
                "elliptical" :	{
                    "items" :	0
                }, 
                "rectangular" :	{
                    "items" :	0
                }, 
                "triangular" :	{
                    "items" :	0
                }, 
                "polygonal" :	{
                    "items" :	0
                }
            }
        }, 
        "substrate" :	{
            "items" :	4, 
            "0" :	"l", 
            "1" :	"w", 
            "2" :	"x", 
            "3" :	"h", 
            "l" :	87.443, 
            "w" :	106.515, 
            "h" :	1.6, 
            "x" :	-0.124, 
            "y" :	-0.16, 
            "permitivitty" :	4.4, 
            "loss" :	0.02, 
            "name" :	"FR4"
        }
    }, 
    "fitness" :	{
        "items" :	1, 
        "0" :	"final", 
        "1" :	"freq", 
        "lower" :	1.3476448604238016, 
        "desired" :	0.9718328167061551, 
        "upper" :	0.7386022794788814, 
        "area" :	0.9833870511896924, 
        "freq" :	0.8317628988042758, 
        "final" :	1.5329162413284978, 
        "resonant" :	935000000.0, 
        "dir" :	"C:\\Users\\project\\0. My Work\\1. Repositories\\1. Very Unfriendly Train\\Data\\Simulations\\637074089568034432_Primary\\637074091544507520_1\\1.out", 
        "890000000.0" :	{
            "f" :	0.9908903236013478, 
            "g" :	0.3567545368224539
        }, 
        "905000000.0" :	{
            "f" :	0.9840507657250425, 
            "g" :	0.3414781027709357
        }, 
        "920000000.0" :	{
            "f" :	0.926726988771488, 
            "g" :	0.32720109491869126
        }, 
        "935000000.0" :	{
            "f" :	0.02189554380563157, 
            "g" :	0.31414595412667634
        }, 
        "950000000.0" :	{
            "f" :	0.4361505011420875, 
            "g" :	0.3024517783367938
        }
    }
}