{
    "geometry" :	{
        "items" :	3, 
        "0" :	"feed", 
        "1" :	"ground plane", 
        "2" :	"radiating plane", 
        "feed" :	{
            "items" :	2, 
            "0" :	"center", 
            "1" :	"width", 
            "center" :	54.581, 
            "width" :	1.606
        }, 
        "ground plane" :	{
            "items" :	5, 
            "0" :	"l", 
            "1" :	"w", 
            "2" :	"x", 
            "3" :	"y", 
            "4" :	"slots", 
            "l" :	83.084, 
            "w" :	102.499, 
            "x" :	-0.143, 
            "y" :	-0.115, 
            "slots" :	{
                "items" :	4, 
                "0" :	"elliptical", 
                "1" :	"rectangular", 
                "2" :	"triangular", 
                "3" :	"polygonal", 
                "elliptical" :	{
                    "items" :	0
                }, 
                "rectangular" :	{
                    "items" :	0
                }, 
                "triangular" :	{
                    "items" :	1, 
                    "0" :	{
                        "items" :	3, 
                        "0" :	{
                            "items" :	2, 
                            "0" :	"x", 
                            "1" :	"y", 
                            "x" :	49.366, 
                            "y" :	50.388, 
                            "z" :	0.0
                        }, 
                        "1" :	{
                            "items" :	2, 
                            "0" :	"x", 
                            "1" :	"y", 
                            "x" :	53.949, 
                            "y" :	37.317, 
                            "z" :	0.0
                        }, 
                        "2" :	{
                            "items" :	2, 
                            "0" :	"x", 
                            "1" :	"y", 
                            "x" :	48.209, 
                            "y" :	45.5, 
                            "z" :	0.0
                        }, 
                        "type" :	"triangular", 
                        "id" :	"637074094504170368"
                    }
                }, 
                "polygonal" :	{
                    "items" :	0
                }
            }
        }, 
        "radiating plane" :	{
            "items" :	5, 
            "0" :	"l", 
            "1" :	"w", 
            "2" :	"x", 
            "3" :	"y", 
            "4" :	"slots", 
            "l" :	75.344, 
            "w" :	97.016, 
            "x" :	4.655, 
            "y" :	4.048, 
            "slots" :	{
                "items" :	4, 
                "0" :	"elliptical", 
                "1" :	"rectangular", 
                "2" :	"triangular", 
                "3" :	"polygonal", 
                "elliptical" :	{
                    "items" :	0
                }, 
                "rectangular" :	{
                    "items" :	0
                }, 
                "triangular" :	{
                    "items" :	0
                }, 
                "polygonal" :	{
                    "items" :	0
                }
            }
        }, 
        "substrate" :	{
            "items" :	4, 
            "0" :	"l", 
            "1" :	"w", 
            "2" :	"x", 
            "3" :	"h", 
            "l" :	83.084, 
            "w" :	102.499, 
            "h" :	1.6, 
            "x" :	-0.143, 
            "y" :	-0.115, 
            "permitivitty" :	4.4, 
            "loss" :	0.02, 
            "name" :	"FR4"
        }
    }, 
    "fitness" :	{
        "items" :	1, 
        "0" :	"final", 
        "1" :	"freq", 
        "lower" :	1.4119741519323192, 
        "desired" :	1.0216375847457708, 
        "upper" :	1.0349522881454203, 
        "area" :	0.8991366285840817, 
        "freq" :	0.8869117266435577, 
        "final" :	1.445336346978614, 
        "resonant" :	935000000.0, 
        "dir" :	"C:\\Users\\project\\0. My Work\\1. Repositories\\1. Very Unfriendly Train\\Data\\Simulations\\637074098254293632_Secondary\\637074098254450048_5\\5.out", 
        "890000000.0" :	{
            "f" :	0.989686487993113, 
            "g" :	0.4222876639392063
        }, 
        "905000000.0" :	{
            "f" :	0.9794889394711448, 
            "g" :	0.409942401651877
        }, 
        "920000000.0" :	{
            "f" :	0.8736547092777192, 
            "g" :	0.39819222826185713
        }, 
        "935000000.0" :	{
            "f" :	0.016475523543580846, 
            "g" :	0.38715895203113376
        }, 
        "950000000.0" :	{
            "f" :	0.6580013064986979, 
            "g" :	0.37695098164672236
        }
    }
}