{
    "geometry" :	{
        "items" :	3, 
        "0" :	"feed", 
        "1" :	"ground plane", 
        "2" :	"radiating plane", 
        "feed" :	{
            "items" :	2, 
            "0" :	"center", 
            "1" :	"width", 
            "center" :	54.644, 
            "width" :	1.594
        }, 
        "ground plane" :	{
            "items" :	5, 
            "0" :	"l", 
            "1" :	"w", 
            "2" :	"x", 
            "3" :	"y", 
            "4" :	"slots", 
            "l" :	85.446, 
            "w" :	109.699, 
            "x" :	-0.482, 
            "y" :	-0.257, 
            "slots" :	{
                "items" :	4, 
                "0" :	"elliptical", 
                "1" :	"rectangular", 
                "2" :	"triangular", 
                "3" :	"polygonal", 
                "elliptical" :	{
                    "items" :	0
                }, 
                "rectangular" :	{
                    "items" :	1, 
                    "0" :	{
                        "items" :	4, 
                        "0" :	"x", 
                        "1" :	"y", 
                        "2" :	"l", 
                        "3" :	"w", 
                        "x" :	7.32, 
                        "y" :	80.033, 
                        "z" :	0.0, 
                        "l" :	13.586, 
                        "w" :	8.824, 
                        "type" :	"rectangular", 
                        "id" :	"637074091544497664"
                    }
                }, 
                "triangular" :	{
                    "items" :	0
                }, 
                "polygonal" :	{
                    "items" :	0
                }
            }
        }, 
        "radiating plane" :	{
            "items" :	5, 
            "0" :	"l", 
            "1" :	"w", 
            "2" :	"x", 
            "3" :	"y", 
            "4" :	"slots", 
            "l" :	76.616, 
            "w" :	98.735, 
            "x" :	4.649, 
            "y" :	4.91, 
            "slots" :	{
                "items" :	4, 
                "0" :	"elliptical", 
                "1" :	"rectangular", 
                "2" :	"triangular", 
                "3" :	"polygonal", 
                "elliptical" :	{
                    "items" :	0
                }, 
                "rectangular" :	{
                    "items" :	0
                }, 
                "triangular" :	{
                    "items" :	1, 
                    "0" :	{
                        "items" :	3, 
                        "0" :	{
                            "items" :	2, 
                            "0" :	"x", 
                            "1" :	"y", 
                            "x" :	62.69, 
                            "y" :	37.42, 
                            "z" :	1.6
                        }, 
                        "1" :	{
                            "items" :	2, 
                            "0" :	"x", 
                            "1" :	"y", 
                            "x" :	62.061, 
                            "y" :	37.187, 
                            "z" :	1.6
                        }, 
                        "2" :	{
                            "items" :	2, 
                            "0" :	"x", 
                            "1" :	"y", 
                            "x" :	61.676, 
                            "y" :	36.059, 
                            "z" :	1.6
                        }, 
                        "type" :	"triangular", 
                        "id" :	"637074091544497664"
                    }
                }, 
                "polygonal" :	{
                    "items" :	0
                }
            }
        }, 
        "substrate" :	{
            "items" :	4, 
            "0" :	"l", 
            "1" :	"w", 
            "2" :	"x", 
            "3" :	"h", 
            "l" :	85.446, 
            "w" :	109.699, 
            "h" :	1.6, 
            "x" :	-0.482, 
            "y" :	-0.257, 
            "permitivitty" :	4.4, 
            "loss" :	0.02, 
            "name" :	"FR4"
        }
    }, 
    "fitness" :	{
        "items" :	1, 
        "0" :	"final", 
        "1" :	"freq", 
        "lower" :	1.3915179747530784, 
        "desired" :	0.9623759468758056, 
        "upper" :	1.2275321428105395, 
        "area" :	0.9896532840081659, 
        "freq" :	0.8533187978076026, 
        "final" :	1.5666322742703471, 
        "resonant" :	935000000.0, 
        "dir" :	"C:\\Users\\project\\0. My Work\\1. Repositories\\1. Very Unfriendly Train\\Data\\Simulations\\637074089568034432_Primary\\637074091544507520_4\\4.out", 
        "890000000.0" :	{
            "f" :	0.9895612139876545, 
            "g" :	0.4019567607654239
        }, 
        "905000000.0" :	{
            "f" :	0.9769161292773977, 
            "g" :	0.39065358321957816
        }, 
        "920000000.0" :	{
            "f" :	0.76662181022323, 
            "g" :	0.38022683682753483
        }, 
        "935000000.0" :	{
            "f" :	0.0019253249618943198, 
            "g" :	0.3707841561177817
        }, 
        "950000000.0" :	{
            "f" :	0.8650792244539715, 
            "g" :	0.362452918356568
        }
    }
}