{
    "geometry" :	{
        "items" :	3, 
        "0" :	"feed", 
        "1" :	"ground plane", 
        "2" :	"radiating plane", 
        "feed" :	{
            "items" :	2, 
            "0" :	"center", 
            "1" :	"width", 
            "center" :	55.805, 
            "width" :	1.632
        }, 
        "ground plane" :	{
            "items" :	5, 
            "0" :	"l", 
            "1" :	"w", 
            "2" :	"x", 
            "3" :	"y", 
            "4" :	"slots", 
            "l" :	86.289, 
            "w" :	97.088, 
            "x" :	-0.709, 
            "y" :	-0.394, 
            "slots" :	{
                "items" :	4, 
                "0" :	"elliptical", 
                "1" :	"rectangular", 
                "2" :	"triangular", 
                "3" :	"polygonal", 
                "elliptical" :	{
                    "items" :	0
                }, 
                "rectangular" :	{
                    "items" :	1, 
                    "0" :	{
                        "items" :	4, 
                        "0" :	"x", 
                        "1" :	"y", 
                        "2" :	"l", 
                        "3" :	"w", 
                        "x" :	11.929, 
                        "y" :	-2.476, 
                        "z" :	0.0, 
                        "l" :	23.435, 
                        "w" :	17.109, 
                        "type" :	"rectangular", 
                        "id" :	"637074134313100160"
                    }
                }, 
                "triangular" :	{
                    "items" :	2, 
                    "0" :	{
                        "items" :	3, 
                        "0" :	{
                            "items" :	2, 
                            "0" :	"x", 
                            "1" :	"y", 
                            "x" :	66.625, 
                            "y" :	107.412, 
                            "z" :	0.0
                        }, 
                        "1" :	{
                            "items" :	2, 
                            "0" :	"x", 
                            "1" :	"y", 
                            "x" :	60.78, 
                            "y" :	99.067, 
                            "z" :	0.0
                        }, 
                        "2" :	{
                            "items" :	2, 
                            "0" :	"x", 
                            "1" :	"y", 
                            "x" :	63.896, 
                            "y" :	90.935, 
                            "z" :	0.0
                        }, 
                        "type" :	"triangular", 
                        "id" :	"637074129751669760"
                    }, 
                    "-1" :	{
                        "items" :	3, 
                        "0" :	{
                            "items" :	2, 
                            "0" :	"x", 
                            "1" :	"y", 
                            "x" :	40.8, 
                            "y" :	90.787, 
                            "z" :	0.0
                        }, 
                        "1" :	{
                            "items" :	2, 
                            "0" :	"x", 
                            "1" :	"y", 
                            "x" :	32.407, 
                            "y" :	90.825, 
                            "z" :	0.0
                        }, 
                        "2" :	{
                            "items" :	2, 
                            "0" :	"x", 
                            "1" :	"y", 
                            "x" :	27.702, 
                            "y" :	98.254, 
                            "z" :	0.0
                        }, 
                        "type" :	"triangular", 
                        "id" :	"637074128242971392"
                    }, 
                    "1" :	{
                        "items" :	3, 
                        "0" :	{
                            "items" :	2, 
                            "0" :	"x", 
                            "1" :	"y", 
                            "x" :	7.154, 
                            "y" :	78.298, 
                            "z" :	0.0
                        }, 
                        "1" :	{
                            "items" :	2, 
                            "0" :	"x", 
                            "1" :	"y", 
                            "x" :	-7.571, 
                            "y" :	83.896, 
                            "z" :	0.0
                        }, 
                        "2" :	{
                            "items" :	2, 
                            "0" :	"x", 
                            "1" :	"y", 
                            "x" :	-10.36, 
                            "y" :	84.565, 
                            "z" :	0.0
                        }, 
                        "type" :	"triangular", 
                        "id" :	"637074132078001024"
                    }
                }, 
                "polygonal" :	{
                    "items" :	0
                }
            }
        }, 
        "radiating plane" :	{
            "items" :	5, 
            "0" :	"l", 
            "1" :	"w", 
            "2" :	"x", 
            "3" :	"y", 
            "4" :	"slots", 
            "l" :	75.877, 
            "w" :	92.433, 
            "x" :	4.242, 
            "y" :	4.029, 
            "slots" :	{
                "items" :	4, 
                "0" :	"elliptical", 
                "1" :	"rectangular", 
                "2" :	"triangular", 
                "3" :	"polygonal", 
                "elliptical" :	{
                    "items" :	0
                }, 
                "rectangular" :	{
                    "items" :	0
                }, 
                "triangular" :	{
                    "items" :	0
                }, 
                "polygonal" :	{
                    "items" :	0
                }
            }
        }, 
        "substrate" :	{
            "items" :	4, 
            "0" :	"l", 
            "1" :	"w", 
            "2" :	"x", 
            "3" :	"h", 
            "l" :	86.289, 
            "w" :	97.088, 
            "h" :	1.6, 
            "x" :	-0.709, 
            "y" :	-0.394, 
            "permitivitty" :	4.4, 
            "loss" :	0.02, 
            "name" :	"FR4"
        }
    }, 
    "fitness" :	{
        "items" :	1, 
        "0" :	"final", 
        "1" :	"freq", 
        "lower" :	1.2315559031044818, 
        "desired" :	0.6695479048152716, 
        "upper" :	1.2079622997131199, 
        "area" :	0.8845240697223471, 
        "freq" :	0.633763900120227, 
        "final" :	1.1475253481643617, 
        "resonant" :	905000000.0, 
        "dir" :	"C:\\Users\\project\\0. My Work\\1. Repositories\\1. Very Unfriendly Train\\Data\\Simulations\\637074136546836096_Secondary\\637074150434183296_19\\19.out", 
        "890000000.0" :	{
            "f" :	0.9304571770582637, 
            "g" :	0.30109872604621807
        }, 
        "905000000.0" :	{
            "f" :	0.02105783222316227, 
            "g" :	0.2799728191671684
        }, 
        "920000000.0" :	{
            "f" :	0.2566348093214734, 
            "g" :	0.2598890975906414
        }, 
        "935000000.0" :	{
            "f" :	0.949931604212345, 
            "g" :	0.24115755193102437
        }, 
        "950000000.0" :	{
            "f" :	0.9839310449671437, 
            "g" :	0.22403125474597618
        }
    }
}