{
    "geometry" :	{
        "items" :	3, 
        "0" :	"feed", 
        "1" :	"ground plane", 
        "2" :	"radiating plane", 
        "feed" :	{
            "items" :	2, 
            "0" :	"center", 
            "1" :	"width", 
            "center" :	54.14, 
            "width" :	1.669
        }, 
        "ground plane" :	{
            "items" :	5, 
            "0" :	"l", 
            "1" :	"w", 
            "2" :	"x", 
            "3" :	"y", 
            "4" :	"slots", 
            "l" :	84.905, 
            "w" :	99.821, 
            "x" :	-0.221, 
            "y" :	-0.236, 
            "slots" :	{
                "items" :	4, 
                "0" :	"elliptical", 
                "1" :	"rectangular", 
                "2" :	"triangular", 
                "3" :	"polygonal", 
                "elliptical" :	{
                    "items" :	0
                }, 
                "rectangular" :	{
                    "items" :	1, 
                    "0" :	{
                        "items" :	4, 
                        "0" :	"x", 
                        "1" :	"y", 
                        "2" :	"l", 
                        "3" :	"w", 
                        "x" :	17.064, 
                        "y" :	10.361, 
                        "z" :	0.0, 
                        "l" :	21.83, 
                        "w" :	14.503, 
                        "type" :	"rectangular", 
                        "id" :	"637074096324599296"
                    }
                }, 
                "triangular" :	{
                    "items" :	1, 
                    "0" :	{
                        "items" :	3, 
                        "0" :	{
                            "items" :	2, 
                            "0" :	"x", 
                            "1" :	"y", 
                            "x" :	50.213, 
                            "y" :	48.363, 
                            "z" :	0.0
                        }, 
                        "1" :	{
                            "items" :	2, 
                            "0" :	"x", 
                            "1" :	"y", 
                            "x" :	51.845, 
                            "y" :	36.069, 
                            "z" :	0.0
                        }, 
                        "2" :	{
                            "items" :	2, 
                            "0" :	"x", 
                            "1" :	"y", 
                            "x" :	46.175, 
                            "y" :	46.28, 
                            "z" :	0.0
                        }, 
                        "type" :	"triangular", 
                        "id" :	"637074094504170368"
                    }
                }, 
                "polygonal" :	{
                    "items" :	0
                }
            }
        }, 
        "radiating plane" :	{
            "items" :	5, 
            "0" :	"l", 
            "1" :	"w", 
            "2" :	"x", 
            "3" :	"y", 
            "4" :	"slots", 
            "l" :	74.78, 
            "w" :	97.317, 
            "x" :	5.076, 
            "y" :	4.138, 
            "slots" :	{
                "items" :	4, 
                "0" :	"elliptical", 
                "1" :	"rectangular", 
                "2" :	"triangular", 
                "3" :	"polygonal", 
                "elliptical" :	{
                    "items" :	0
                }, 
                "rectangular" :	{
                    "items" :	0
                }, 
                "triangular" :	{
                    "items" :	1, 
                    "0" :	{
                        "items" :	3, 
                        "0" :	{
                            "items" :	2, 
                            "0" :	"x", 
                            "1" :	"y", 
                            "x" :	61.447, 
                            "y" :	86.418, 
                            "z" :	1.6
                        }, 
                        "1" :	{
                            "items" :	2, 
                            "0" :	"x", 
                            "1" :	"y", 
                            "x" :	61.911, 
                            "y" :	85.384, 
                            "z" :	1.6
                        }, 
                        "2" :	{
                            "items" :	2, 
                            "0" :	"x", 
                            "1" :	"y", 
                            "x" :	61.742, 
                            "y" :	85.133, 
                            "z" :	1.6
                        }, 
                        "type" :	"triangular", 
                        "id" :	"637074096324599296"
                    }
                }, 
                "polygonal" :	{
                    "items" :	0
                }
            }
        }, 
        "substrate" :	{
            "items" :	4, 
            "0" :	"l", 
            "1" :	"w", 
            "2" :	"x", 
            "3" :	"h", 
            "l" :	84.905, 
            "w" :	101.741, 
            "h" :	1.6, 
            "x" :	-0.221, 
            "y" :	-0.236, 
            "permitivitty" :	4.4, 
            "loss" :	0.02, 
            "name" :	"FR4"
        }
    }, 
    "fitness" :	{
        "items" :	1, 
        "0" :	"final", 
        "1" :	"freq", 
        "lower" :	1.2600157842621578, 
        "desired" :	0.9221828770026302, 
        "upper" :	1.3232323142164522, 
        "area" :	0.9120484990105774, 
        "freq" :	0.8187909712749472, 
        "final" :	1.3989708268605585, 
        "resonant" :	905000000.0, 
        "dir" :	"C:\\Users\\project\\0. My Work\\1. Repositories\\1. Very Unfriendly Train\\Data\\Simulations\\637074089568034432_Primary\\637074096324599296_6\\6.out", 
        "890000000.0" :	{
            "f" :	0.883410764365687, 
            "g" :	0.3766050198964708
        }, 
        "905000000.0" :	{
            "f" :	5.9583834597025125e-05, 
            "g" :	0.3639887637273598
        }, 
        "920000000.0" :	{
            "f" :	0.7328766102030969, 
            "g" :	0.3526474974770966
        }, 
        "935000000.0" :	{
            "f" :	0.9741419063103928, 
            "g" :	0.3428342694553474
        }, 
        "950000000.0" :	{
            "f" :	0.988433404219265, 
            "g" :	0.3347989099971872
        }
    }
}