{
    "geometry" :	{
        "items" :	3, 
        "0" :	"feed", 
        "1" :	"ground plane", 
        "2" :	"radiating plane", 
        "feed" :	{
            "items" :	2, 
            "0" :	"center", 
            "1" :	"width", 
            "center" :	53.424, 
            "width" :	1.553
        }, 
        "ground plane" :	{
            "items" :	5, 
            "0" :	"l", 
            "1" :	"w", 
            "2" :	"x", 
            "3" :	"y", 
            "4" :	"slots", 
            "l" :	84.671, 
            "w" :	97.239, 
            "x" :	-0.769, 
            "y" :	-0.779, 
            "slots" :	{
                "items" :	4, 
                "0" :	"elliptical", 
                "1" :	"rectangular", 
                "2" :	"triangular", 
                "3" :	"polygonal", 
                "elliptical" :	{
                    "items" :	0
                }, 
                "rectangular" :	{
                    "items" :	3, 
                    "0" :	{
                        "items" :	4, 
                        "0" :	"x", 
                        "1" :	"y", 
                        "2" :	"l", 
                        "3" :	"w", 
                        "x" :	18.721, 
                        "y" :	7.597, 
                        "z" :	0.0, 
                        "l" :	18.129, 
                        "w" :	9.945, 
                        "type" :	"rectangular", 
                        "id" :	"637074051789029376"
                    }, 
                    "1" :	{
                        "items" :	4, 
                        "0" :	"x", 
                        "1" :	"y", 
                        "2" :	"l", 
                        "3" :	"w", 
                        "x" :	7.075, 
                        "y" :	63.041, 
                        "z" :	0.0, 
                        "l" :	26.054, 
                        "w" :	9.795, 
                        "type" :	"rectangular", 
                        "id" :	"637074053452876672"
                    }, 
                    "2" :	{
                        "items" :	4, 
                        "0" :	"x", 
                        "1" :	"y", 
                        "2" :	"l", 
                        "3" :	"w", 
                        "x" :	55.763, 
                        "y" :	59.122, 
                        "z" :	0.0, 
                        "l" :	10.362, 
                        "w" :	4.405, 
                        "type" :	"rectangular", 
                        "id" :	"637074055663610624"
                    }
                }, 
                "triangular" :	{
                    "items" :	0
                }, 
                "polygonal" :	{
                    "items" :	0
                }
            }
        }, 
        "radiating plane" :	{
            "items" :	5, 
            "0" :	"l", 
            "1" :	"w", 
            "2" :	"x", 
            "3" :	"y", 
            "4" :	"slots", 
            "l" :	75.973, 
            "w" :	97.078, 
            "x" :	4.934, 
            "y" :	5.727, 
            "slots" :	{
                "items" :	4, 
                "0" :	"elliptical", 
                "1" :	"rectangular", 
                "2" :	"triangular", 
                "3" :	"polygonal", 
                "elliptical" :	{
                    "items" :	0
                }, 
                "rectangular" :	{
                    "items" :	0
                }, 
                "triangular" :	{
                    "items" :	3, 
                    "0" :	{
                        "items" :	3, 
                        "0" :	{
                            "items" :	2, 
                            "0" :	"x", 
                            "1" :	"y", 
                            "x" :	70.539, 
                            "y" :	12.521, 
                            "z" :	1.6
                        }, 
                        "1" :	{
                            "items" :	2, 
                            "0" :	"x", 
                            "1" :	"y", 
                            "x" :	69.79, 
                            "y" :	12.521, 
                            "z" :	1.6
                        }, 
                        "2" :	{
                            "items" :	2, 
                            "0" :	"x", 
                            "1" :	"y", 
                            "x" :	69.836, 
                            "y" :	11.141, 
                            "z" :	1.6
                        }, 
                        "type" :	"triangular", 
                        "id" :	"637074051789029376"
                    }, 
                    "1" :	{
                        "items" :	3, 
                        "0" :	{
                            "items" :	2, 
                            "0" :	"x", 
                            "1" :	"y", 
                            "x" :	34.75, 
                            "y" :	31.5, 
                            "z" :	1.6
                        }, 
                        "1" :	{
                            "items" :	2, 
                            "0" :	"x", 
                            "1" :	"y", 
                            "x" :	35.227, 
                            "y" :	34.061, 
                            "z" :	1.6
                        }, 
                        "2" :	{
                            "items" :	2, 
                            "0" :	"x", 
                            "1" :	"y", 
                            "x" :	37.795, 
                            "y" :	31.205, 
                            "z" :	1.6
                        }, 
                        "type" :	"triangular", 
                        "id" :	"637074053452876672"
                    }, 
                    "2" :	{
                        "items" :	3, 
                        "0" :	{
                            "items" :	2, 
                            "0" :	"x", 
                            "1" :	"y", 
                            "x" :	67.928, 
                            "y" :	12.811, 
                            "z" :	1.6
                        }, 
                        "1" :	{
                            "items" :	2, 
                            "0" :	"x", 
                            "1" :	"y", 
                            "x" :	67.769, 
                            "y" :	10.857, 
                            "z" :	1.6
                        }, 
                        "2" :	{
                            "items" :	2, 
                            "0" :	"x", 
                            "1" :	"y", 
                            "x" :	69.635, 
                            "y" :	11.451, 
                            "z" :	1.6
                        }, 
                        "type" :	"triangular", 
                        "id" :	"637074055663620864"
                    }
                }, 
                "polygonal" :	{
                    "items" :	0
                }
            }
        }, 
        "substrate" :	{
            "items" :	4, 
            "0" :	"l", 
            "1" :	"w", 
            "2" :	"x", 
            "3" :	"h", 
            "l" :	84.671, 
            "w" :	103.634, 
            "h" :	1.6, 
            "x" :	-0.769, 
            "y" :	-0.779, 
            "permitivitty" :	4.4, 
            "loss" :	0.02, 
            "name" :	"FR4"
        }
    }, 
    "fitness" :	{
        "items" :	1, 
        "0" :	"final", 
        "1" :	"freq", 
        "lower" :	1.3471488113071888, 
        "desired" :	0.8867373785385096, 
        "upper" :	1.301674237362976, 
        "area" :	0.926457741825483, 
        "freq" :	0.8003075258062166, 
        "final" :	1.4061800330150933, 
        "resonant" :	920000000.0, 
        "dir" :	"C:\\Users\\project\\0. My Work\\1. Repositories\\1. Very Unfriendly Train\\Data\\Simulations\\637074049977146112_Primary\\637074055663620864_6\\6.out", 
        "890000000.0" :	{
            "f" :	0.9782963742477382, 
            "g" :	0.3688524370594505
        }, 
        "905000000.0" :	{
            "f" :	0.8100702440480131, 
            "g" :	0.3557938683100931
        }, 
        "920000000.0" :	{
            "f" :	0.0005133017049674316, 
            "g" :	0.34399809791916386
        }, 
        "935000000.0" :	{
            "f" :	0.8160882786713517, 
            "g" :	0.3337483449619399
        }, 
        "950000000.0" :	{
            "f" :	0.9763209341962509, 
            "g" :	0.325353303166725
        }
    }
}