{
    "geometry" :	{
        "items" :	3, 
        "0" :	"feed", 
        "1" :	"ground plane", 
        "2" :	"radiating plane", 
        "feed" :	{
            "items" :	2, 
            "0" :	"center", 
            "1" :	"width", 
            "center" :	54.644, 
            "width" :	1.569
        }, 
        "ground plane" :	{
            "items" :	5, 
            "0" :	"l", 
            "1" :	"w", 
            "2" :	"x", 
            "3" :	"y", 
            "4" :	"slots", 
            "l" :	87.377, 
            "w" :	104.226, 
            "x" :	0.107, 
            "y" :	-0.048, 
            "slots" :	{
                "items" :	4, 
                "0" :	"elliptical", 
                "1" :	"rectangular", 
                "2" :	"triangular", 
                "3" :	"polygonal", 
                "elliptical" :	{
                    "items" :	0
                }, 
                "rectangular" :	{
                    "items" :	1, 
                    "0" :	{
                        "items" :	4, 
                        "0" :	"x", 
                        "1" :	"y", 
                        "2" :	"l", 
                        "3" :	"w", 
                        "x" :	42.77, 
                        "y" :	54.944, 
                        "z" :	0.0, 
                        "l" :	13.914, 
                        "w" :	15.715, 
                        "type" :	"rectangular", 
                        "id" :	"637074126545974144"
                    }
                }, 
                "triangular" :	{
                    "items" :	0
                }, 
                "polygonal" :	{
                    "items" :	0
                }
            }
        }, 
        "radiating plane" :	{
            "items" :	5, 
            "0" :	"l", 
            "1" :	"w", 
            "2" :	"x", 
            "3" :	"y", 
            "4" :	"slots", 
            "l" :	76.964, 
            "w" :	100.917, 
            "x" :	4.906, 
            "y" :	4.8, 
            "slots" :	{
                "items" :	4, 
                "0" :	"elliptical", 
                "1" :	"rectangular", 
                "2" :	"triangular", 
                "3" :	"polygonal", 
                "elliptical" :	{
                    "items" :	0
                }, 
                "rectangular" :	{
                    "items" :	1, 
                    "0" :	{
                        "items" :	4, 
                        "0" :	"x", 
                        "1" :	"y", 
                        "2" :	"l", 
                        "3" :	"w", 
                        "x" :	37.978, 
                        "y" :	61.554, 
                        "z" :	1.6, 
                        "l" :	2.239, 
                        "w" :	3.29, 
                        "type" :	"rectangular", 
                        "id" :	"637074126545974144"
                    }
                }, 
                "triangular" :	{
                    "items" :	0
                }, 
                "polygonal" :	{
                    "items" :	0
                }
            }
        }, 
        "substrate" :	{
            "items" :	4, 
            "0" :	"l", 
            "1" :	"w", 
            "2" :	"x", 
            "3" :	"h", 
            "l" :	87.377, 
            "w" :	105.815, 
            "h" :	1.6, 
            "x" :	0.107, 
            "y" :	-0.048, 
            "permitivitty" :	4.4, 
            "loss" :	0.02, 
            "name" :	"FR4"
        }
    }, 
    "fitness" :	{
        "items" :	1, 
        "0" :	"final", 
        "1" :	"freq", 
        "lower" :	0.3690881368781274, 
        "desired" :	1.2810871271281032, 
        "upper" :	1.2964890035187957, 
        "area" :	0.9761870241172751, 
        "freq" :	0.9929579308002527, 
        "final" :	1.709682728763265, 
        "resonant" :	890000000.0, 
        "dir" :	"C:\\Users\\project\\0. My Work\\1. Repositories\\1. Very Unfriendly Train\\Data\\Simulations\\637074126305120896_Primary\\637074126545974144_3\\3.out", 
        "890000000.0" :	{
            "f" :	0.012652090634668099, 
            "g" :	0.3564360462434593
        }, 
        "905000000.0" :	{
            "f" :	0.8881517921022618, 
            "g" :	0.34190750195969594
        }, 
        "920000000.0" :	{
            "f" :	0.9797960571017356, 
            "g" :	0.32829418995753074
        }, 
        "935000000.0" :	{
            "f" :	0.9893539862709644, 
            "g" :	0.3157578539921215
        }, 
        "950000000.0" :	{
            "f" :	0.9920326177568813, 
            "g" :	0.3044563857619144
        }
    }
}