{
    "geometry" :	{
        "items" :	3, 
        "0" :	"feed", 
        "1" :	"ground plane", 
        "2" :	"radiating plane", 
        "feed" :	{
            "items" :	2, 
            "0" :	"center", 
            "1" :	"width", 
            "center" :	54.546, 
            "width" :	1.618
        }, 
        "ground plane" :	{
            "items" :	5, 
            "0" :	"l", 
            "1" :	"w", 
            "2" :	"x", 
            "3" :	"y", 
            "4" :	"slots", 
            "l" :	84.641, 
            "w" :	102.754, 
            "x" :	-0.307, 
            "y" :	-0.245, 
            "slots" :	{
                "items" :	4, 
                "0" :	"elliptical", 
                "1" :	"rectangular", 
                "2" :	"triangular", 
                "3" :	"polygonal", 
                "elliptical" :	{
                    "items" :	0
                }, 
                "rectangular" :	{
                    "items" :	1, 
                    "0" :	{
                        "items" :	4, 
                        "0" :	"x", 
                        "1" :	"y", 
                        "2" :	"l", 
                        "3" :	"w", 
                        "x" :	28.44, 
                        "y" :	84.836, 
                        "z" :	0.0, 
                        "l" :	7.044, 
                        "w" :	4.769, 
                        "type" :	"rectangular", 
                        "id" :	"637074091544497664"
                    }
                }, 
                "triangular" :	{
                    "items" :	1, 
                    "0" :	{
                        "items" :	3, 
                        "0" :	{
                            "items" :	2, 
                            "0" :	"x", 
                            "1" :	"y", 
                            "x" :	36.47, 
                            "y" :	67.961, 
                            "z" :	0.0
                        }, 
                        "1" :	{
                            "items" :	2, 
                            "0" :	"x", 
                            "1" :	"y", 
                            "x" :	36.575, 
                            "y" :	53.35, 
                            "z" :	0.0
                        }, 
                        "2" :	{
                            "items" :	2, 
                            "0" :	"x", 
                            "1" :	"y", 
                            "x" :	26.56, 
                            "y" :	54.691, 
                            "z" :	0.0
                        }, 
                        "type" :	"triangular", 
                        "id" :	"637074093063695360"
                    }
                }, 
                "polygonal" :	{
                    "items" :	0
                }
            }
        }, 
        "radiating plane" :	{
            "items" :	5, 
            "0" :	"l", 
            "1" :	"w", 
            "2" :	"x", 
            "3" :	"y", 
            "4" :	"slots", 
            "l" :	75.408, 
            "w" :	97.246, 
            "x" :	4.095, 
            "y" :	3.722, 
            "slots" :	{
                "items" :	4, 
                "0" :	"elliptical", 
                "1" :	"rectangular", 
                "2" :	"triangular", 
                "3" :	"polygonal", 
                "elliptical" :	{
                    "items" :	0
                }, 
                "rectangular" :	{
                    "items" :	1, 
                    "0" :	{
                        "items" :	4, 
                        "0" :	"x", 
                        "1" :	"y", 
                        "2" :	"l", 
                        "3" :	"w", 
                        "x" :	65.822, 
                        "y" :	57.1, 
                        "z" :	1.6, 
                        "l" :	3.731, 
                        "w" :	2.963, 
                        "type" :	"rectangular", 
                        "id" :	"637074093063695360"
                    }
                }, 
                "triangular" :	{
                    "items" :	0
                }, 
                "polygonal" :	{
                    "items" :	0
                }
            }
        }, 
        "substrate" :	{
            "items" :	4, 
            "0" :	"l", 
            "1" :	"w", 
            "2" :	"x", 
            "3" :	"h", 
            "l" :	84.641, 
            "w" :	102.754, 
            "h" :	1.6, 
            "x" :	-0.307, 
            "y" :	-0.245, 
            "permitivitty" :	4.4, 
            "loss" :	0.02, 
            "name" :	"FR4"
        }
    }, 
    "fitness" :	{
        "items" :	1, 
        "0" :	"final", 
        "1" :	"freq", 
        "lower" :	1.383041189457118, 
        "desired" :	0.8793730358187318, 
        "upper" :	1.3206945630638938, 
        "area" :	0.9182653301499977, 
        "freq" :	0.7991543543301619, 
        "final" :	1.3896430472501224, 
        "resonant" :	920000000.0, 
        "dir" :	"C:\\Users\\project\\0. My Work\\1. Repositories\\1. Very Unfriendly Train\\Data\\Simulations\\637074089568034432_Primary\\637074093063725312_3\\3.out", 
        "890000000.0" :	{
            "f" :	0.9826762274510339, 
            "g" :	0.4003649620060841
        }, 
        "905000000.0" :	{
            "f" :	0.9057773846997637, 
            "g" :	0.3872822065464918
        }, 
        "920000000.0" :	{
            "f" :	0.007270258129693483, 
            "g" :	0.3749346183505297
        }, 
        "935000000.0" :	{
            "f" :	0.5993762123174433, 
            "g" :	0.3634784274122733
        }, 
        "950000000.0" :	{
            "f" :	0.9676690970574187, 
            "g" :	0.35302546600647505
        }
    }
}