{
    "geometry" : {
        "items" : 3, 
        "0" : "feed", 
        "1" : "ground plane", 
        "2" : "radiating plane", 
        "feed" : {
            "items" : 2, 
            "0" : "center", 
            "1" : "width", 
            "center" : 49.176, 
            "width" : 1.788
        }, 
        "ground plane" : {
            "items" : 5, 
            "0" : "l", 
            "1" : "w", 
            "2" : "x", 
            "3" : "y", 
            "4" : "slots", 
            "l" : 88.054, 
            "w" : 93.016, 
            "x" : -0.897, 
            "y" : -0.612, 
            "slots" : {
                "items" : 4, 
                "0" : "elliptical", 
                "1" : "rectangular", 
                "2" : "triangular", 
                "3" : "polygonal", 
                "elliptical" : {
                    "items" : 0
                }, 
                "rectangular" : {
                    "items" : 1, 
                    "0" : {
                        "items" : 4, 
                        "0" : "x", 
                        "1" : "y", 
                        "2" : "l", 
                        "3" : "w", 
                        "x" : 78.225, 
                        "y" : 38.701, 
                        "z" : 0.0, 
                        "l" : 4.761, 
                        "w" : 16.483, 
                        "type" : "rectangular", 
                        "id" : "637070373967157888"
                    }
                }, 
                "triangular" : {
                    "items" : 3, 
                    "0" : {
                        "items" : 3, 
                        "0" : {
                            "items" : 2, 
                            "0" : "x", 
                            "1" : "y", 
                            "x" : 30.208, 
                            "y" : 22.965, 
                            "z" : 0.0
                        }, 
                        "1" : {
                            "items" : 2, 
                            "0" : "x", 
                            "1" : "y", 
                            "x" : 41.138, 
                            "y" : 29.478, 
                            "z" : 0.0
                        }, 
                        "2" : {
                            "items" : 2, 
                            "0" : "x", 
                            "1" : "y", 
                            "x" : 39.074, 
                            "y" : 6.195, 
                            "z" : 0.0
                        }, 
                        "type" : "triangular", 
                        "id" : "637070375477106560"
                    }, 
                    "1" : {
                        "items" : 3, 
                        "0" : {
                            "items" : 2, 
                            "0" : "x", 
                            "1" : "y", 
                            "x" : 23.914, 
                            "y" : 80.993, 
                            "z" : 0.0
                        }, 
                        "1" : {
                            "items" : 2, 
                            "0" : "x", 
                            "1" : "y", 
                            "x" : 20.405, 
                            "y" : 82.442, 
                            "z" : 0.0
                        }, 
                        "2" : {
                            "items" : 2, 
                            "0" : "x", 
                            "1" : "y", 
                            "x" : 11.349, 
                            "y" : 90.817, 
                            "z" : 0.0
                        }, 
                        "type" : "triangular", 
                        "id" : "637070376950623488"
                    }, 
                    "2" : {
                        "items" : 3, 
                        "0" : {
                            "items" : 2, 
                            "0" : "x", 
                            "1" : "y", 
                            "x" : 60.029, 
                            "y" : 21.997, 
                            "z" : 0.0
                        }, 
                        "1" : {
                            "items" : 2, 
                            "0" : "x", 
                            "1" : "y", 
                            "x" : 66.002, 
                            "y" : 2.821, 
                            "z" : 0.0
                        }, 
                        "2" : {
                            "items" : 2, 
                            "0" : "x", 
                            "1" : "y", 
                            "x" : 63.787, 
                            "y" : 14.211, 
                            "z" : 0.0
                        }, 
                        "type" : "triangular", 
                        "id" : "637070378632440064"
                    }
                }, 
                "polygonal" : {
                    "items" : 0
                }
            }
        }, 
        "radiating plane" : {
            "items" : 5, 
            "0" : "l", 
            "1" : "w", 
            "2" : "x", 
            "3" : "y", 
            "4" : "slots", 
            "l" : 72.182, 
            "w" : 100.164, 
            "x" : 3.597, 
            "y" : 3.356, 
            "slots" : {
                "items" : 4, 
                "0" : "elliptical", 
                "1" : "rectangular", 
                "2" : "triangular", 
                "3" : "polygonal", 
                "elliptical" : {
                    "items" : 0
                }, 
                "rectangular" : {
                    "items" : 1, 
                    "0" : {
                        "items" : 4, 
                        "0" : "x", 
                        "1" : "y", 
                        "2" : "l", 
                        "3" : "w", 
                        "x" : 47.038, 
                        "y" : 76.651, 
                        "z" : 1.6, 
                        "l" : 2.763, 
                        "w" : 4.947, 
                        "type" : "rectangular", 
                        "id" : "637070378632460032"
                    }
                }, 
                "triangular" : {
                    "items" : 1, 
                    "0" : {
                        "items" : 3, 
                        "0" : {
                            "items" : 2, 
                            "0" : "x", 
                            "1" : "y", 
                            "x" : 14.797, 
                            "y" : 24.342, 
                            "z" : 1.6
                        }, 
                        "1" : {
                            "items" : 2, 
                            "0" : "x", 
                            "1" : "y", 
                            "x" : 15.969, 
                            "y" : 22.395, 
                            "z" : 1.6
                        }, 
                        "2" : {
                            "items" : 2, 
                            "0" : "x", 
                            "1" : "y", 
                            "x" : 17.134, 
                            "y" : 19.72, 
                            "z" : 1.6
                        }, 
                        "type" : "triangular", 
                        "id" : "637070375477116672"
                    }
                }, 
                "polygonal" : {
                    "items" : 0
                }
            }
        }, 
        "substrate" : {
            "items" : 4, 
            "0" : "l", 
            "1" : "w", 
            "2" : "x", 
            "3" : "h", 
            "l" : 88.054, 
            "w" : 104.18199999999999, 
            "h" : 1.6, 
            "x" : -0.897, 
            "y" : -0.612, 
            "permitivitty" : 4.4, 
            "loss" : 0.02, 
            "name" : "FR4"
        }
    }, 
    "fitness" : {
        "items" : 1, 
        "0" : "final", 
        "1" : "freq", 
        "lower" : 0.0, 
        "desired" : 1.3300863704811625, 
        "upper" : 0.0, 
        "area" : 0.9685687312200402, 
        "freq" : 0.9310604593368137, 
        "final" : 1.6532587369702372, 
        "dir" : "C:\\Users\\project\\0. My Work\\1. Repositories\\1. Very Unfriendly Train\\Data\\Simulations\\637070373490549632_Primary\\637070378632908544_1\\1.out", 
        "f0" : 0.9570464789908405, 
        "g0" : 0.3536382867507591, 
        "f1" : 0.9918071484252583, 
        "g1" : 0.3576808267954672
    }
}