{
    "geometry" : {
        "items" : 3, 
        "0" : "feed", 
        "1" : "ground plane", 
        "2" : "radiating plane", 
        "feed" : {
            "items" : 2, 
            "0" : "center", 
            "1" : "width", 
            "center" : 49.476, 
            "width" : 1.812
        }, 
        "ground plane" : {
            "items" : 5, 
            "0" : "l", 
            "1" : "w", 
            "2" : "x", 
            "3" : "y", 
            "4" : "slots", 
            "l" : 79.031, 
            "w" : 89.006, 
            "x" : -1.265, 
            "y" : -1.8, 
            "slots" : {
                "items" : 4, 
                "0" : "elliptical", 
                "1" : "rectangular", 
                "2" : "triangular", 
                "3" : "polygonal", 
                "elliptical" : {
                    "items" : 0
                }, 
                "rectangular" : {
                    "items" : 2, 
                    "0" : {
                        "items" : 4, 
                        "0" : "x", 
                        "1" : "y", 
                        "2" : "l", 
                        "3" : "w", 
                        "x" : 82.296, 
                        "y" : 27.439, 
                        "z" : 0.0, 
                        "l" : 6.839, 
                        "w" : 13.279, 
                        "type" : "rectangular", 
                        "id" : "637070373967157888"
                    }, 
                    "1" : {
                        "items" : 4, 
                        "0" : "x", 
                        "1" : "y", 
                        "2" : "l", 
                        "3" : "w", 
                        "x" : 64.168, 
                        "y" : 9.996, 
                        "z" : 0.0, 
                        "l" : 14.96, 
                        "w" : 13.949, 
                        "type" : "rectangular", 
                        "id" : "637070380409217664"
                    }
                }, 
                "triangular" : {
                    "items" : 2, 
                    "0" : {
                        "items" : 3, 
                        "0" : {
                            "items" : 2, 
                            "0" : "x", 
                            "1" : "y", 
                            "x" : 24.923, 
                            "y" : 13.807, 
                            "z" : 0.0
                        }, 
                        "1" : {
                            "items" : 2, 
                            "0" : "x", 
                            "1" : "y", 
                            "x" : 47.698, 
                            "y" : 17.162, 
                            "z" : 0.0
                        }, 
                        "2" : {
                            "items" : 2, 
                            "0" : "x", 
                            "1" : "y", 
                            "x" : 38.107, 
                            "y" : 2.928, 
                            "z" : 0.0
                        }, 
                        "type" : "triangular", 
                        "id" : "637070375477106560"
                    }, 
                    "1" : {
                        "items" : 3, 
                        "0" : {
                            "items" : 2, 
                            "0" : "x", 
                            "1" : "y", 
                            "x" : 20.06, 
                            "y" : 86.829, 
                            "z" : 0.0
                        }, 
                        "1" : {
                            "items" : 2, 
                            "0" : "x", 
                            "1" : "y", 
                            "x" : 20.546, 
                            "y" : 89.859, 
                            "z" : 0.0
                        }, 
                        "2" : {
                            "items" : 2, 
                            "0" : "x", 
                            "1" : "y", 
                            "x" : 13.594, 
                            "y" : 89.668, 
                            "z" : 0.0
                        }, 
                        "type" : "triangular", 
                        "id" : "637070376950623488"
                    }
                }, 
                "polygonal" : {
                    "items" : 0
                }
            }
        }, 
        "radiating plane" : {
            "items" : 5, 
            "0" : "l", 
            "1" : "w", 
            "2" : "x", 
            "3" : "y", 
            "4" : "slots", 
            "l" : 76.974, 
            "w" : 93.873, 
            "x" : 0.742, 
            "y" : 4.126, 
            "slots" : {
                "items" : 4, 
                "0" : "elliptical", 
                "1" : "rectangular", 
                "2" : "triangular", 
                "3" : "polygonal", 
                "elliptical" : {
                    "items" : 0
                }, 
                "rectangular" : {
                    "items" : 0
                }, 
                "triangular" : {
                    "items" : 0
                }, 
                "polygonal" : {
                    "items" : 0
                }
            }
        }, 
        "substrate" : {
            "items" : 4, 
            "0" : "l", 
            "1" : "w", 
            "2" : "x", 
            "3" : "h", 
            "l" : 79.031, 
            "w" : 99.849, 
            "h" : 1.6, 
            "x" : -1.265, 
            "y" : -1.8, 
            "permitivitty" : 4.4, 
            "loss" : 0.02, 
            "name" : "FR4"
        }
    }, 
    "fitness" : {
        "items" : 1, 
        "0" : "final", 
        "1" : "freq", 
        "lower" : 0.0, 
        "desired" : 1.0489142980682833, 
        "upper" : 0.0, 
        "area" : 0.8331627823218024, 
        "freq" : 0.7342400086477983, 
        "final" : 1.156539430116713, 
        "dir" : "C:\\Users\\project\\0. My Work\\1. Repositories\\1. Very Unfriendly Train\\Data\\Simulations\\637070373490549632_Primary\\637070380409536768_3\\3.out", 
        "f0" : 0.9529999715452785, 
        "g0" : 0.5319882190294114, 
        "f1" : 0.09078121817847076, 
        "g1" : 0.5220591873834061
    }
}