{
    "geometry" : {
        "items" : 3, 
        "0" : "feed", 
        "1" : "ground plane", 
        "2" : "radiating plane", 
        "feed" : {
            "items" : 2, 
            "0" : "center", 
            "1" : "width", 
            "center" : 49.204, 
            "width" : 1.822
        }, 
        "ground plane" : {
            "items" : 5, 
            "0" : "l", 
            "1" : "w", 
            "2" : "x", 
            "3" : "y", 
            "4" : "slots", 
            "l" : 77.229, 
            "w" : 99.675, 
            "x" : -2.222, 
            "y" : -2.015, 
            "slots" : {
                "items" : 4, 
                "0" : "elliptical", 
                "1" : "rectangular", 
                "2" : "triangular", 
                "3" : "polygonal", 
                "elliptical" : {
                    "items" : 0
                }, 
                "rectangular" : {
                    "items" : 4, 
                    "0" : {
                        "items" : 4, 
                        "0" : "x", 
                        "1" : "y", 
                        "2" : "l", 
                        "3" : "w", 
                        "x" : 18.634, 
                        "y" : 84.155, 
                        "z" : 0.0, 
                        "l" : 0.103, 
                        "w" : 4.043, 
                        "type" : "rectangular", 
                        "id" : "637070413358924672"
                    }, 
                    "1" : {
                        "items" : 4, 
                        "0" : "x", 
                        "1" : "y", 
                        "2" : "l", 
                        "3" : "w", 
                        "x" : 90.536, 
                        "y" : 27.77, 
                        "z" : 0.0, 
                        "l" : 20.395, 
                        "w" : 0.592, 
                        "type" : "rectangular", 
                        "id" : "637070416111539072"
                    }, 
                    "2" : {
                        "items" : 4, 
                        "0" : "x", 
                        "1" : "y", 
                        "2" : "l", 
                        "3" : "w", 
                        "x" : 17.836, 
                        "y" : 52.968, 
                        "z" : 0.0, 
                        "l" : 6.608, 
                        "w" : 5.934, 
                        "type" : "rectangular", 
                        "id" : "637070417757799168"
                    }, 
                    "3" : {
                        "items" : 4, 
                        "0" : "x", 
                        "1" : "y", 
                        "2" : "l", 
                        "3" : "w", 
                        "x" : 30.141, 
                        "y" : 30.175, 
                        "z" : 0.0, 
                        "l" : 5.298, 
                        "w" : 12.81, 
                        "type" : "rectangular", 
                        "id" : "637070419607208576"
                    }
                }, 
                "triangular" : {
                    "items" : 1, 
                    "0" : {
                        "items" : 3, 
                        "0" : {
                            "items" : 2, 
                            "0" : "x", 
                            "1" : "y", 
                            "x" : 38.73, 
                            "y" : 66.503, 
                            "z" : 0.0
                        }, 
                        "1" : {
                            "items" : 2, 
                            "0" : "x", 
                            "1" : "y", 
                            "x" : 37.125, 
                            "y" : 61.554, 
                            "z" : 0.0
                        }, 
                        "2" : {
                            "items" : 2, 
                            "0" : "x", 
                            "1" : "y", 
                            "x" : 48.392, 
                            "y" : 41.399, 
                            "z" : 0.0
                        }, 
                        "type" : "triangular", 
                        "id" : "637070414725494656"
                    }
                }, 
                "polygonal" : {
                    "items" : 0
                }
            }
        }, 
        "radiating plane" : {
            "items" : 5, 
            "0" : "l", 
            "1" : "w", 
            "2" : "x", 
            "3" : "y", 
            "4" : "slots", 
            "l" : 69.222, 
            "w" : 96.268, 
            "x" : 2.888, 
            "y" : 3.762, 
            "slots" : {
                "items" : 4, 
                "0" : "elliptical", 
                "1" : "rectangular", 
                "2" : "triangular", 
                "3" : "polygonal", 
                "elliptical" : {
                    "items" : 0
                }, 
                "rectangular" : {
                    "items" : 1, 
                    "0" : {
                        "items" : 4, 
                        "0" : "x", 
                        "1" : "y", 
                        "2" : "l", 
                        "3" : "w", 
                        "x" : 46.354, 
                        "y" : 1.323, 
                        "z" : 1.6, 
                        "l" : 5.405, 
                        "w" : 0.294, 
                        "type" : "rectangular", 
                        "id" : "637070414725504640"
                    }
                }, 
                "triangular" : {
                    "items" : 2, 
                    "0" : {
                        "items" : 3, 
                        "0" : {
                            "items" : 2, 
                            "0" : "x", 
                            "1" : "y", 
                            "x" : 33.527, 
                            "y" : 56.928, 
                            "z" : 1.6
                        }, 
                        "1" : {
                            "items" : 2, 
                            "0" : "x", 
                            "1" : "y", 
                            "x" : 35.712, 
                            "y" : 51.899, 
                            "z" : 1.6
                        }, 
                        "2" : {
                            "items" : 2, 
                            "0" : "x", 
                            "1" : "y", 
                            "x" : 34.764, 
                            "y" : 55.075, 
                            "z" : 1.6
                        }, 
                        "type" : "triangular", 
                        "id" : "637070416111548800"
                    }, 
                    "1" : {
                        "items" : 3, 
                        "0" : {
                            "items" : 2, 
                            "0" : "x", 
                            "1" : "y", 
                            "x" : 24.96, 
                            "y" : 73.018, 
                            "z" : 1.6
                        }, 
                        "1" : {
                            "items" : 2, 
                            "0" : "x", 
                            "1" : "y", 
                            "x" : 25.143, 
                            "y" : 71.335, 
                            "z" : 1.6
                        }, 
                        "2" : {
                            "items" : 2, 
                            "0" : "x", 
                            "1" : "y", 
                            "x" : 27.949, 
                            "y" : 70.32, 
                            "z" : 1.6
                        }, 
                        "type" : "triangular", 
                        "id" : "637070417757809152"
                    }
                }, 
                "polygonal" : {
                    "items" : 0
                }
            }
        }, 
        "substrate" : {
            "items" : 4, 
            "0" : "l", 
            "1" : "w", 
            "2" : "x", 
            "3" : "h", 
            "l" : 77.229, 
            "w" : 102.095, 
            "h" : 1.6, 
            "x" : -2.222, 
            "y" : -2.015, 
            "permitivitty" : 4.4, 
            "loss" : 0.02, 
            "name" : "FR4"
        }
    }, 
    "fitness" : {
        "items" : 1, 
        "0" : "final", 
        "1" : "freq", 
        "lower" : 0.0, 
        "desired" : 1.2903964065296236, 
        "upper" : 0.0, 
        "area" : 0.8324795035705699, 
        "freq" : 0.9032774845707364, 
        "final" : 1.3297249821111838, 
        "dir" : "C:\\Users\\project\\0. My Work\\1. Repositories\\1. Very Unfriendly Train\\Data\\Simulations\\637070421639187584_Secondary\\637070421639676160_8\\8.out", 
        "f0" : 0.985536149409099, 
        "g0" : 0.4494110319127123, 
        "f1" : 0.7182909684002099, 
        "g1" : 0.42755466333722597
    }
}