{
    "geometry" : {
        "items" : 3, 
        "0" : "feed", 
        "1" : "ground plane", 
        "2" : "radiating plane", 
        "feed" : {
            "items" : 2, 
            "0" : "center", 
            "1" : "width", 
            "center" : 50.082, 
            "width" : 1.816
        }, 
        "ground plane" : {
            "items" : 5, 
            "0" : "l", 
            "1" : "w", 
            "2" : "x", 
            "3" : "y", 
            "4" : "slots", 
            "l" : 74.266, 
            "w" : 97.733, 
            "x" : -2.189, 
            "y" : -2.209, 
            "slots" : {
                "items" : 4, 
                "0" : "elliptical", 
                "1" : "rectangular", 
                "2" : "triangular", 
                "3" : "polygonal", 
                "elliptical" : {
                    "items" : 0
                }, 
                "rectangular" : {
                    "items" : 4, 
                    "0" : {
                        "items" : 4, 
                        "0" : "x", 
                        "1" : "y", 
                        "2" : "l", 
                        "3" : "w", 
                        "x" : 21.951, 
                        "y" : 86.544, 
                        "z" : 0.0, 
                        "l" : 5.755, 
                        "w" : 1.714, 
                        "type" : "rectangular", 
                        "id" : "637070413358924672"
                    }, 
                    "1" : {
                        "items" : 4, 
                        "0" : "x", 
                        "1" : "y", 
                        "2" : "l", 
                        "3" : "w", 
                        "x" : 91.281, 
                        "y" : 27.481, 
                        "z" : 0.0, 
                        "l" : 21.364, 
                        "w" : 1.262, 
                        "type" : "rectangular", 
                        "id" : "637070416111539072"
                    }, 
                    "2" : {
                        "items" : 4, 
                        "0" : "x", 
                        "1" : "y", 
                        "2" : "l", 
                        "3" : "w", 
                        "x" : 16.766, 
                        "y" : 52.991, 
                        "z" : 0.0, 
                        "l" : 7.132, 
                        "w" : 9.556, 
                        "type" : "rectangular", 
                        "id" : "637070417757799168"
                    }, 
                    "3" : {
                        "items" : 4, 
                        "0" : "x", 
                        "1" : "y", 
                        "2" : "l", 
                        "3" : "w", 
                        "x" : 29.504, 
                        "y" : 32.844, 
                        "z" : 0.0, 
                        "l" : 6.574, 
                        "w" : 15.062, 
                        "type" : "rectangular", 
                        "id" : "637070419607208576"
                    }
                }, 
                "triangular" : {
                    "items" : 1, 
                    "0" : {
                        "items" : 3, 
                        "0" : {
                            "items" : 2, 
                            "0" : "x", 
                            "1" : "y", 
                            "x" : 34.917, 
                            "y" : 64.994, 
                            "z" : 0.0
                        }, 
                        "1" : {
                            "items" : 2, 
                            "0" : "x", 
                            "1" : "y", 
                            "x" : 36.377, 
                            "y" : 60.444, 
                            "z" : 0.0
                        }, 
                        "2" : {
                            "items" : 2, 
                            "0" : "x", 
                            "1" : "y", 
                            "x" : 51.358, 
                            "y" : 42.146, 
                            "z" : 0.0
                        }, 
                        "type" : "triangular", 
                        "id" : "637070414725494656"
                    }
                }, 
                "polygonal" : {
                    "items" : 0
                }
            }
        }, 
        "radiating plane" : {
            "items" : 5, 
            "0" : "l", 
            "1" : "w", 
            "2" : "x", 
            "3" : "y", 
            "4" : "slots", 
            "l" : 69.572, 
            "w" : 94.17, 
            "x" : 2.455, 
            "y" : 3.979, 
            "slots" : {
                "items" : 4, 
                "0" : "elliptical", 
                "1" : "rectangular", 
                "2" : "triangular", 
                "3" : "polygonal", 
                "elliptical" : {
                    "items" : 0
                }, 
                "rectangular" : {
                    "items" : 1, 
                    "0" : {
                        "items" : 4, 
                        "0" : "x", 
                        "1" : "y", 
                        "2" : "l", 
                        "3" : "w", 
                        "x" : 47.081, 
                        "y" : 1.872, 
                        "z" : 1.6, 
                        "l" : 5.313, 
                        "w" : 0.24, 
                        "type" : "rectangular", 
                        "id" : "637070414725504640"
                    }
                }, 
                "triangular" : {
                    "items" : 2, 
                    "0" : {
                        "items" : 3, 
                        "0" : {
                            "items" : 2, 
                            "0" : "x", 
                            "1" : "y", 
                            "x" : 34.874, 
                            "y" : 55.983, 
                            "z" : 1.6
                        }, 
                        "1" : {
                            "items" : 2, 
                            "0" : "x", 
                            "1" : "y", 
                            "x" : 33.918, 
                            "y" : 50.694, 
                            "z" : 1.6
                        }, 
                        "2" : {
                            "items" : 2, 
                            "0" : "x", 
                            "1" : "y", 
                            "x" : 34.707, 
                            "y" : 54.657, 
                            "z" : 1.6
                        }, 
                        "type" : "triangular", 
                        "id" : "637070416111548800"
                    }, 
                    "1" : {
                        "items" : 3, 
                        "0" : {
                            "items" : 2, 
                            "0" : "x", 
                            "1" : "y", 
                            "x" : 25.539, 
                            "y" : 75.51, 
                            "z" : 1.6
                        }, 
                        "1" : {
                            "items" : 2, 
                            "0" : "x", 
                            "1" : "y", 
                            "x" : 24.986, 
                            "y" : 71.0, 
                            "z" : 1.6
                        }, 
                        "2" : {
                            "items" : 2, 
                            "0" : "x", 
                            "1" : "y", 
                            "x" : 29.287, 
                            "y" : 69.567, 
                            "z" : 1.6
                        }, 
                        "type" : "triangular", 
                        "id" : "637070417757809152"
                    }
                }, 
                "polygonal" : {
                    "items" : 0
                }
            }
        }, 
        "substrate" : {
            "items" : 4, 
            "0" : "l", 
            "1" : "w", 
            "2" : "x", 
            "3" : "h", 
            "l" : 74.266, 
            "w" : 100.408, 
            "h" : 1.6, 
            "x" : -2.189, 
            "y" : -2.209, 
            "permitivitty" : 4.4, 
            "loss" : 0.02, 
            "name" : "FR4"
        }
    }, 
    "fitness" : {
        "items" : 1, 
        "0" : "final", 
        "1" : "freq", 
        "lower" : 0.0, 
        "desired" : 1.4084180799711303, 
        "upper" : 0.0, 
        "area" : 0.7873122603494574, 
        "freq" : 0.9858926559797911, 
        "final" : 1.2801315794547024, 
        "dir" : "C:\\Users\\project\\0. My Work\\1. Repositories\\1. Very Unfriendly Train\\Data\\Simulations\\637070421639187584_Secondary\\637070421639676160_6\\6.out", 
        "f0" : 0.9869117619447658, 
        "g0" : 0.5150317598481515, 
        "f1" : 0.813351065333992, 
        "g1" : 0.5015415728153512
    }
}