{
    "geometry" : {
        "items" : 3, 
        "0" : "feed", 
        "1" : "ground plane", 
        "2" : "radiating plane", 
        "feed" : {
            "items" : 2, 
            "0" : "center", 
            "1" : "width", 
            "center" : 48.805, 
            "width" : 1.809
        }, 
        "ground plane" : {
            "items" : 5, 
            "0" : "l", 
            "1" : "w", 
            "2" : "x", 
            "3" : "y", 
            "4" : "slots", 
            "l" : 81.942, 
            "w" : 96.715, 
            "x" : -0.713, 
            "y" : -0.183, 
            "slots" : {
                "items" : 4, 
                "0" : "elliptical", 
                "1" : "rectangular", 
                "2" : "triangular", 
                "3" : "polygonal", 
                "elliptical" : {
                    "items" : 0
                }, 
                "rectangular" : {
                    "items" : 3, 
                    "0" : {
                        "items" : 4, 
                        "0" : "x", 
                        "1" : "y", 
                        "2" : "l", 
                        "3" : "w", 
                        "x" : 65.749, 
                        "y" : 74.013, 
                        "z" : 0.0, 
                        "l" : 14.781, 
                        "w" : 6.314, 
                        "type" : "rectangular", 
                        "id" : "637070443398784640"
                    }, 
                    "1" : {
                        "items" : 4, 
                        "0" : "x", 
                        "1" : "y", 
                        "2" : "l", 
                        "3" : "w", 
                        "x" : 37.268, 
                        "y" : 20.632, 
                        "z" : 0.0, 
                        "l" : 17.461, 
                        "w" : 4.266, 
                        "type" : "rectangular", 
                        "id" : "637070446067173888"
                    }, 
                    "2" : {
                        "items" : 4, 
                        "0" : "x", 
                        "1" : "y", 
                        "2" : "l", 
                        "3" : "w", 
                        "x" : 60.615, 
                        "y" : 27.833, 
                        "z" : 0.0, 
                        "l" : 0.85, 
                        "w" : 8.762, 
                        "type" : "rectangular", 
                        "id" : "637070447400953600"
                    }
                }, 
                "triangular" : {
                    "items" : 1, 
                    "0" : {
                        "items" : 3, 
                        "0" : {
                            "items" : 2, 
                            "0" : "x", 
                            "1" : "y", 
                            "x" : 45.689, 
                            "y" : 51.518, 
                            "z" : 0.0
                        }, 
                        "1" : {
                            "items" : 2, 
                            "0" : "x", 
                            "1" : "y", 
                            "x" : 36.891, 
                            "y" : 46.804, 
                            "z" : 0.0
                        }, 
                        "2" : {
                            "items" : 2, 
                            "0" : "x", 
                            "1" : "y", 
                            "x" : 35.316, 
                            "y" : 50.629, 
                            "z" : 0.0
                        }, 
                        "type" : "triangular", 
                        "id" : "637070444694164864"
                    }
                }, 
                "polygonal" : {
                    "items" : 0
                }
            }
        }, 
        "radiating plane" : {
            "items" : 5, 
            "0" : "l", 
            "1" : "w", 
            "2" : "x", 
            "3" : "y", 
            "4" : "slots", 
            "l" : 76.144, 
            "w" : 96.134, 
            "x" : 2.03, 
            "y" : 2.642, 
            "slots" : {
                "items" : 4, 
                "0" : "elliptical", 
                "1" : "rectangular", 
                "2" : "triangular", 
                "3" : "polygonal", 
                "elliptical" : {
                    "items" : 0
                }, 
                "rectangular" : {
                    "items" : 2, 
                    "0" : {
                        "items" : 4, 
                        "0" : "x", 
                        "1" : "y", 
                        "2" : "l", 
                        "3" : "w", 
                        "x" : 53.499, 
                        "y" : 77.844, 
                        "z" : 1.6, 
                        "l" : 0.766, 
                        "w" : 6.882, 
                        "type" : "rectangular", 
                        "id" : "637070446067183872"
                    }, 
                    "1" : {
                        "items" : 4, 
                        "0" : "x", 
                        "1" : "y", 
                        "2" : "l", 
                        "3" : "w", 
                        "x" : 42.05, 
                        "y" : 17.801, 
                        "z" : 1.6, 
                        "l" : 1.894, 
                        "w" : 2.045, 
                        "type" : "rectangular", 
                        "id" : "637070447400963328"
                    }
                }, 
                "triangular" : {
                    "items" : 0
                }, 
                "polygonal" : {
                    "items" : 0
                }
            }
        }, 
        "substrate" : {
            "items" : 4, 
            "0" : "l", 
            "1" : "w", 
            "2" : "x", 
            "3" : "h", 
            "l" : 81.942, 
            "w" : 99.009, 
            "h" : 1.6, 
            "x" : -0.713, 
            "y" : -0.183, 
            "permitivitty" : 4.4, 
            "loss" : 0.02, 
            "name" : "FR4"
        }
    }, 
    "fitness" : {
        "items" : 1, 
        "0" : "final", 
        "1" : "freq", 
        "lower" : 0.0, 
        "desired" : 0.968012869613164, 
        "upper" : 0.0, 
        "area" : 0.8565838828082467, 
        "freq" : 0.6776090087292148, 
        "final" : 1.1498697521542884, 
        "dir" : "C:\\Users\\project\\0. My Work\\1. Repositories\\1. Very Unfriendly Train\\Data\\Simulations\\637070443214539392_Primary\\637070447401152768_4\\4.out", 
        "f0" : 0.9355593535840668, 
        "g0" : 0.44066454916570963, 
        "f1" : 0.13665754185849327, 
        "g1" : 0.4231442946180582
    }
}