{
    "geometry" : {
        "items" : 3, 
        "0" : "feed", 
        "1" : "ground plane", 
        "2" : "radiating plane", 
        "feed" : {
            "items" : 2, 
            "0" : "center", 
            "1" : "width", 
            "center" : 53.676, 
            "width" : 1.727
        }, 
        "ground plane" : {
            "items" : 5, 
            "0" : "l", 
            "1" : "w", 
            "2" : "x", 
            "3" : "y", 
            "4" : "slots", 
            "l" : 87.538, 
            "w" : 108.328, 
            "x" : -0.141, 
            "y" : 0.06, 
            "slots" : {
                "items" : 4, 
                "0" : "elliptical", 
                "1" : "rectangular", 
                "2" : "triangular", 
                "3" : "polygonal", 
                "elliptical" : {
                    "items" : 0
                }, 
                "rectangular" : {
                    "items" : 1, 
                    "0" : {
                        "items" : 4, 
                        "0" : "x", 
                        "1" : "y", 
                        "2" : "l", 
                        "3" : "w", 
                        "x" : 7.147, 
                        "y" : 90.103, 
                        "z" : 0.0, 
                        "l" : 11.85, 
                        "w" : 2.836, 
                        "type" : "rectangular", 
                        "id" : "637070413358924672"
                    }
                }, 
                "triangular" : {
                    "items" : 0
                }, 
                "polygonal" : {
                    "items" : 0
                }
            }
        }, 
        "radiating plane" : {
            "items" : 5, 
            "0" : "l", 
            "1" : "w", 
            "2" : "x", 
            "3" : "y", 
            "4" : "slots", 
            "l" : 75.697, 
            "w" : 97.139, 
            "x" : 4.411, 
            "y" : 4.592, 
            "slots" : {
                "items" : 4, 
                "0" : "elliptical", 
                "1" : "rectangular", 
                "2" : "triangular", 
                "3" : "polygonal", 
                "elliptical" : {
                    "items" : 0
                }, 
                "rectangular" : {
                    "items" : 0
                }, 
                "triangular" : {
                    "items" : 0
                }, 
                "polygonal" : {
                    "items" : 0
                }
            }
        }, 
        "substrate" : {
            "items" : 4, 
            "0" : "l", 
            "1" : "w", 
            "2" : "x", 
            "3" : "h", 
            "l" : 87.538, 
            "w" : 108.328, 
            "h" : 1.6, 
            "x" : -0.141, 
            "y" : 0.06, 
            "permitivitty" : 4.4, 
            "loss" : 0.02, 
            "name" : "FR4"
        }
    }, 
    "fitness" : {
        "items" : 1, 
        "0" : "final", 
        "1" : "freq", 
        "lower" : 0.0, 
        "desired" : 0.8921431753276801, 
        "upper" : 0.0, 
        "area" : 1.0012119159585078, 
        "freq" : 0.624500222729376, 
        "final" : 1.3139656835796258, 
        "dir" : "C:\\Users\\project\\0. My Work\\1. Repositories\\1. Very Unfriendly Train\\Data\\Simulations\\637070413173638912_Primary\\637070414725753984_7\\7.out", 
        "f0" : 0.9840266824086796, 
        "g0" : 0.3460775917205282, 
        "f1" : 0.1323659028190598, 
        "g1" : 0.3218161737070925
    }
}