{
    "geometry" : {
        "items" : 3, 
        "0" : "feed", 
        "1" : "ground plane", 
        "2" : "radiating plane", 
        "feed" : {
            "items" : 2, 
            "0" : "center", 
            "1" : "width", 
            "center" : 50.7, 
            "width" : 1.705
        }, 
        "ground plane" : {
            "items" : 5, 
            "0" : "l", 
            "1" : "w", 
            "2" : "x", 
            "3" : "y", 
            "4" : "slots", 
            "l" : 78.098, 
            "w" : 108.812, 
            "x" : -0.923, 
            "y" : -1.562, 
            "slots" : {
                "items" : 4, 
                "0" : "elliptical", 
                "1" : "rectangular", 
                "2" : "triangular", 
                "3" : "polygonal", 
                "elliptical" : {
                    "items" : 0
                }, 
                "rectangular" : {
                    "items" : 1, 
                    "0" : {
                        "items" : 4, 
                        "0" : "x", 
                        "1" : "y", 
                        "2" : "l", 
                        "3" : "w", 
                        "x" : 18.017, 
                        "y" : 88.965, 
                        "z" : 0.0, 
                        "l" : 4.28, 
                        "w" : 27.364, 
                        "type" : "rectangular", 
                        "id" : "637070427151781504"
                    }
                }, 
                "triangular" : {
                    "items" : 2, 
                    "0" : {
                        "items" : 3, 
                        "0" : {
                            "items" : 2, 
                            "0" : "x", 
                            "1" : "y", 
                            "x" : 17.285, 
                            "y" : 44.662, 
                            "z" : 0.0
                        }, 
                        "1" : {
                            "items" : 2, 
                            "0" : "x", 
                            "1" : "y", 
                            "x" : 29.493, 
                            "y" : 61.297, 
                            "z" : 0.0
                        }, 
                        "2" : {
                            "items" : 2, 
                            "0" : "x", 
                            "1" : "y", 
                            "x" : 28.707, 
                            "y" : 64.398, 
                            "z" : 0.0
                        }, 
                        "type" : "triangular", 
                        "id" : "637070438498158720"
                    }, 
                    "1" : {
                        "items" : 3, 
                        "0" : {
                            "items" : 2, 
                            "0" : "x", 
                            "1" : "y", 
                            "x" : 3.964, 
                            "y" : 38.717, 
                            "z" : 0.0
                        }, 
                        "1" : {
                            "items" : 2, 
                            "0" : "x", 
                            "1" : "y", 
                            "x" : 2.688, 
                            "y" : 30.192, 
                            "z" : 0.0
                        }, 
                        "2" : {
                            "items" : 2, 
                            "0" : "x", 
                            "1" : "y", 
                            "x" : -3.55, 
                            "y" : 41.517, 
                            "z" : 0.0
                        }, 
                        "type" : "triangular", 
                        "id" : "637070439763059328"
                    }
                }, 
                "polygonal" : {
                    "items" : 0
                }
            }
        }, 
        "radiating plane" : {
            "items" : 5, 
            "0" : "l", 
            "1" : "w", 
            "2" : "x", 
            "3" : "y", 
            "4" : "slots", 
            "l" : 73.231, 
            "w" : 95.928, 
            "x" : 3.663, 
            "y" : 4.228, 
            "slots" : {
                "items" : 4, 
                "0" : "elliptical", 
                "1" : "rectangular", 
                "2" : "triangular", 
                "3" : "polygonal", 
                "elliptical" : {
                    "items" : 0
                }, 
                "rectangular" : {
                    "items" : 1, 
                    "0" : {
                        "items" : 4, 
                        "0" : "x", 
                        "1" : "y", 
                        "2" : "l", 
                        "3" : "w", 
                        "x" : 38.828, 
                        "y" : 46.324, 
                        "z" : 1.6, 
                        "l" : 1.721, 
                        "w" : 2.666, 
                        "type" : "rectangular", 
                        "id" : "637070439763069184"
                    }
                }, 
                "triangular" : {
                    "items" : 0
                }, 
                "polygonal" : {
                    "items" : 0
                }
            }
        }, 
        "substrate" : {
            "items" : 4, 
            "0" : "l", 
            "1" : "w", 
            "2" : "x", 
            "3" : "h", 
            "l" : 78.098, 
            "w" : 108.812, 
            "h" : 1.6, 
            "x" : -0.923, 
            "y" : -1.562, 
            "permitivitty" : 4.4, 
            "loss" : 0.02, 
            "name" : "FR4"
        }
    }, 
    "fitness" : {
        "items" : 1, 
        "0" : "final", 
        "1" : "freq", 
        "lower" : 0.0, 
        "desired" : 0.9672675704421523, 
        "upper" : 0.0, 
        "area" : 0.8972332713178564, 
        "freq" : 0.6770872993095065, 
        "final" : 1.230322607276594, 
        "dir" : "C:\\Users\\project\\0. My Work\\1. Repositories\\1. Very Unfriendly Train\\Data\\Simulations\\637070426968740608_Primary\\637070439763178752_6\\6.out", 
        "f0" : 0.9235320166789053, 
        "g0" : 0.44441668197942785, 
        "f1" : 0.1398263089320312, 
        "g1" : 0.4267601332939402
    }
}