{
    "geometry" : {
        "items" : 3, 
        "0" : "feed", 
        "1" : "ground plane", 
        "2" : "radiating plane", 
        "feed" : {
            "items" : 2, 
            "0" : "center", 
            "1" : "width", 
            "center" : 51.902, 
            "width" : 1.772
        }, 
        "ground plane" : {
            "items" : 5, 
            "0" : "l", 
            "1" : "w", 
            "2" : "x", 
            "3" : "y", 
            "4" : "slots", 
            "l" : 80.596, 
            "w" : 98.63, 
            "x" : -0.823, 
            "y" : -0.337, 
            "slots" : {
                "items" : 4, 
                "0" : "elliptical", 
                "1" : "rectangular", 
                "2" : "triangular", 
                "3" : "polygonal", 
                "elliptical" : {
                    "items" : 0
                }, 
                "rectangular" : {
                    "items" : 2, 
                    "0" : {
                        "items" : 4, 
                        "0" : "x", 
                        "1" : "y", 
                        "2" : "l", 
                        "3" : "w", 
                        "x" : 2.335, 
                        "y" : 21.785, 
                        "z" : 0.0, 
                        "l" : 3.955, 
                        "w" : 13.386, 
                        "type" : "rectangular", 
                        "id" : "637070404596370176"
                    }, 
                    "1" : {
                        "items" : 4, 
                        "0" : "x", 
                        "1" : "y", 
                        "2" : "l", 
                        "3" : "w", 
                        "x" : 65.432, 
                        "y" : 86.944, 
                        "z" : 0.0, 
                        "l" : 0.334, 
                        "w" : 32.169, 
                        "type" : "rectangular", 
                        "id" : "637070406467064576"
                    }
                }, 
                "triangular" : {
                    "items" : 2, 
                    "0" : {
                        "items" : 3, 
                        "0" : {
                            "items" : 2, 
                            "0" : "x", 
                            "1" : "y", 
                            "x" : 16.198, 
                            "y" : 89.387, 
                            "z" : 0.0
                        }, 
                        "1" : {
                            "items" : 2, 
                            "0" : "x", 
                            "1" : "y", 
                            "x" : 5.777, 
                            "y" : 82.937, 
                            "z" : 0.0
                        }, 
                        "2" : {
                            "items" : 2, 
                            "0" : "x", 
                            "1" : "y", 
                            "x" : -3.895, 
                            "y" : 73.591, 
                            "z" : 0.0
                        }, 
                        "type" : "triangular", 
                        "id" : "637070401501719040"
                    }, 
                    "1" : {
                        "items" : 3, 
                        "0" : {
                            "items" : 2, 
                            "0" : "x", 
                            "1" : "y", 
                            "x" : 41.452, 
                            "y" : -4.842, 
                            "z" : 0.0
                        }, 
                        "1" : {
                            "items" : 2, 
                            "0" : "x", 
                            "1" : "y", 
                            "x" : 42.838, 
                            "y" : 9.487, 
                            "z" : 0.0
                        }, 
                        "2" : {
                            "items" : 2, 
                            "0" : "x", 
                            "1" : "y", 
                            "x" : 35.909, 
                            "y" : 11.284, 
                            "z" : 0.0
                        }, 
                        "type" : "triangular", 
                        "id" : "637070403002396800"
                    }
                }, 
                "polygonal" : {
                    "items" : 0
                }
            }
        }, 
        "radiating plane" : {
            "items" : 5, 
            "0" : "l", 
            "1" : "w", 
            "2" : "x", 
            "3" : "y", 
            "4" : "slots", 
            "l" : 74.311, 
            "w" : 95.462, 
            "x" : 4.205, 
            "y" : 3.383, 
            "slots" : {
                "items" : 4, 
                "0" : "elliptical", 
                "1" : "rectangular", 
                "2" : "triangular", 
                "3" : "polygonal", 
                "elliptical" : {
                    "items" : 0
                }, 
                "rectangular" : {
                    "items" : 1, 
                    "0" : {
                        "items" : 4, 
                        "0" : "x", 
                        "1" : "y", 
                        "2" : "l", 
                        "3" : "w", 
                        "x" : 3.473, 
                        "y" : 24.857, 
                        "z" : 1.6, 
                        "l" : 4.142, 
                        "w" : 2.242, 
                        "type" : "rectangular", 
                        "id" : "637070406467074816"
                    }
                }, 
                "triangular" : {
                    "items" : 0
                }, 
                "polygonal" : {
                    "items" : 0
                }
            }
        }, 
        "substrate" : {
            "items" : 4, 
            "0" : "l", 
            "1" : "w", 
            "2" : "x", 
            "3" : "h", 
            "l" : 80.596, 
            "w" : 99.232, 
            "h" : 1.6, 
            "x" : -0.823, 
            "y" : -0.337, 
            "permitivitty" : 4.4, 
            "loss" : 0.02, 
            "name" : "FR4"
        }
    }, 
    "fitness" : {
        "items" : 1, 
        "0" : "final", 
        "1" : "freq", 
        "lower" : 0.0, 
        "desired" : 1.0723616470554673, 
        "upper" : 0.0, 
        "area" : 0.8444110297202976, 
        "freq" : 0.7506531529388271, 
        "final" : 1.2003846382292427, 
        "dir" : "C:\\Users\\project\\0. My Work\\1. Repositories\\1. Very Unfriendly Train\\Data\\Simulations\\637070401298185856_Primary\\637070406467164288_7\\7.out", 
        "f0" : 0.7909288406895372, 
        "g0" : 0.4086252389699857, 
        "f1" : 0.5592700199995082, 
        "g1" : 0.3858991944519035
    }
}