{
    "geometry" : {
        "items" : 3, 
        "0" : "feed", 
        "1" : "ground plane", 
        "2" : "radiating plane", 
        "feed" : {
            "items" : 2, 
            "0" : "center", 
            "1" : "width", 
            "center" : 53.521, 
            "width" : 1.688
        }, 
        "ground plane" : {
            "items" : 5, 
            "0" : "l", 
            "1" : "w", 
            "2" : "x", 
            "3" : "y", 
            "4" : "slots", 
            "l" : 81.545, 
            "w" : 107.274, 
            "x" : -0.246, 
            "y" : -0.977, 
            "slots" : {
                "items" : 4, 
                "0" : "elliptical", 
                "1" : "rectangular", 
                "2" : "triangular", 
                "3" : "polygonal", 
                "elliptical" : {
                    "items" : 0
                }, 
                "rectangular" : {
                    "items" : 1, 
                    "0" : {
                        "items" : 4, 
                        "0" : "x", 
                        "1" : "y", 
                        "2" : "l", 
                        "3" : "w", 
                        "x" : 21.181, 
                        "y" : 96.188, 
                        "z" : 0.0, 
                        "l" : 6.111, 
                        "w" : 24.502, 
                        "type" : "rectangular", 
                        "id" : "637070427151781504"
                    }
                }, 
                "triangular" : {
                    "items" : 1, 
                    "0" : {
                        "items" : 3, 
                        "0" : {
                            "items" : 2, 
                            "0" : "x", 
                            "1" : "y", 
                            "x" : 45.777, 
                            "y" : 67.575, 
                            "z" : 0.0
                        }, 
                        "1" : {
                            "items" : 2, 
                            "0" : "x", 
                            "1" : "y", 
                            "x" : 58.351, 
                            "y" : 64.499, 
                            "z" : 0.0
                        }, 
                        "2" : {
                            "items" : 2, 
                            "0" : "x", 
                            "1" : "y", 
                            "x" : 19.207, 
                            "y" : 69.528, 
                            "z" : 0.0
                        }, 
                        "type" : "triangular", 
                        "id" : "637070435370260992"
                    }
                }, 
                "polygonal" : {
                    "items" : 0
                }
            }
        }, 
        "radiating plane" : {
            "items" : 5, 
            "0" : "l", 
            "1" : "w", 
            "2" : "x", 
            "3" : "y", 
            "4" : "slots", 
            "l" : 76.114, 
            "w" : 98.676, 
            "x" : 3.572, 
            "y" : 4.111, 
            "slots" : {
                "items" : 4, 
                "0" : "elliptical", 
                "1" : "rectangular", 
                "2" : "triangular", 
                "3" : "polygonal", 
                "elliptical" : {
                    "items" : 0
                }, 
                "rectangular" : {
                    "items" : 1, 
                    "0" : {
                        "items" : 4, 
                        "0" : "x", 
                        "1" : "y", 
                        "2" : "l", 
                        "3" : "w", 
                        "x" : 25.438, 
                        "y" : 52.753, 
                        "z" : 1.6, 
                        "l" : 0.841, 
                        "w" : 3.468, 
                        "type" : "rectangular", 
                        "id" : "637070435370280960"
                    }
                }, 
                "triangular" : {
                    "items" : 1, 
                    "0" : {
                        "items" : 3, 
                        "0" : {
                            "items" : 2, 
                            "0" : "x", 
                            "1" : "y", 
                            "x" : 46.326, 
                            "y" : 89.042, 
                            "z" : 1.6
                        }, 
                        "1" : {
                            "items" : 2, 
                            "0" : "x", 
                            "1" : "y", 
                            "x" : 45.736, 
                            "y" : 88.884, 
                            "z" : 1.6
                        }, 
                        "2" : {
                            "items" : 2, 
                            "0" : "x", 
                            "1" : "y", 
                            "x" : 43.912, 
                            "y" : 88.88, 
                            "z" : 1.6
                        }, 
                        "type" : "triangular", 
                        "id" : "637070427151781504"
                    }
                }, 
                "polygonal" : {
                    "items" : 0
                }
            }
        }, 
        "substrate" : {
            "items" : 4, 
            "0" : "l", 
            "1" : "w", 
            "2" : "x", 
            "3" : "h", 
            "l" : 81.545, 
            "w" : 107.274, 
            "h" : 1.6, 
            "x" : -0.246, 
            "y" : -0.977, 
            "permitivitty" : 4.4, 
            "loss" : 0.02, 
            "name" : "FR4"
        }
    }, 
    "fitness" : {
        "items" : 1, 
        "0" : "final", 
        "1" : "freq", 
        "lower" : 0.0, 
        "desired" : 1.0763003597942908, 
        "upper" : 0.0, 
        "area" : 0.9235926678512694, 
        "freq" : 0.7534102518560035, 
        "final" : 1.365786540184689, 
        "dir" : "C:\\Users\\project\\0. My Work\\1. Repositories\\1. Very Unfriendly Train\\Data\\Simulations\\637070426968740608_Primary\\637070435370605440_0\\0.out", 
        "f0" : 0.9003632003099894, 
        "g0" : 0.4289621120510724, 
        "f1" : 0.4103141947585172, 
        "g1" : 0.4129612124690027
    }
}