{
    "geometry" : {
        "items" : 3, 
        "0" : "feed", 
        "1" : "ground plane", 
        "2" : "radiating plane", 
        "feed" : {
            "items" : 2, 
            "0" : "center", 
            "1" : "width", 
            "center" : 50.088, 
            "width" : 1.732
        }, 
        "ground plane" : {
            "items" : 5, 
            "0" : "l", 
            "1" : "w", 
            "2" : "x", 
            "3" : "y", 
            "4" : "slots", 
            "l" : 76.608, 
            "w" : 105.387, 
            "x" : -0.958, 
            "y" : -1.314, 
            "slots" : {
                "items" : 4, 
                "0" : "elliptical", 
                "1" : "rectangular", 
                "2" : "triangular", 
                "3" : "polygonal", 
                "elliptical" : {
                    "items" : 0
                }, 
                "rectangular" : {
                    "items" : 2, 
                    "0" : {
                        "items" : 4, 
                        "0" : "x", 
                        "1" : "y", 
                        "2" : "l", 
                        "3" : "w", 
                        "x" : 15.444, 
                        "y" : 89.131, 
                        "z" : 0.0, 
                        "l" : 7.228, 
                        "w" : 27.744, 
                        "type" : "rectangular", 
                        "id" : "637070427151781504"
                    }, 
                    "1" : {
                        "items" : 4, 
                        "0" : "x", 
                        "1" : "y", 
                        "2" : "l", 
                        "3" : "w", 
                        "x" : 7.683, 
                        "y" : 22.892, 
                        "z" : 0.0, 
                        "l" : 14.615, 
                        "w" : 22.973, 
                        "type" : "rectangular", 
                        "id" : "637070439763099136"
                    }
                }, 
                "triangular" : {
                    "items" : 1, 
                    "0" : {
                        "items" : 3, 
                        "0" : {
                            "items" : 2, 
                            "0" : "x", 
                            "1" : "y", 
                            "x" : 22.216, 
                            "y" : 47.722, 
                            "z" : 0.0
                        }, 
                        "1" : {
                            "items" : 2, 
                            "0" : "x", 
                            "1" : "y", 
                            "x" : 31.848, 
                            "y" : 65.643, 
                            "z" : 0.0
                        }, 
                        "2" : {
                            "items" : 2, 
                            "0" : "x", 
                            "1" : "y", 
                            "x" : 28.766, 
                            "y" : 67.294, 
                            "z" : 0.0
                        }, 
                        "type" : "triangular", 
                        "id" : "637070438498158720"
                    }
                }, 
                "polygonal" : {
                    "items" : 0
                }
            }
        }, 
        "radiating plane" : {
            "items" : 5, 
            "0" : "l", 
            "1" : "w", 
            "2" : "x", 
            "3" : "y", 
            "4" : "slots", 
            "l" : 69.389, 
            "w" : 96.376, 
            "x" : 2.008, 
            "y" : 3.881, 
            "slots" : {
                "items" : 4, 
                "0" : "elliptical", 
                "1" : "rectangular", 
                "2" : "triangular", 
                "3" : "polygonal", 
                "elliptical" : {
                    "items" : 0
                }, 
                "rectangular" : {
                    "items" : 1, 
                    "0" : {
                        "items" : 4, 
                        "0" : "x", 
                        "1" : "y", 
                        "2" : "l", 
                        "3" : "w", 
                        "x" : 56.636, 
                        "y" : 66.831, 
                        "z" : 1.6, 
                        "l" : 0.95, 
                        "w" : 1.414, 
                        "type" : "rectangular", 
                        "id" : "637070439763108864"
                    }
                }, 
                "triangular" : {
                    "items" : 0
                }, 
                "polygonal" : {
                    "items" : 0
                }
            }
        }, 
        "substrate" : {
            "items" : 4, 
            "0" : "l", 
            "1" : "w", 
            "2" : "x", 
            "3" : "h", 
            "l" : 76.608, 
            "w" : 105.387, 
            "h" : 1.6, 
            "x" : -0.958, 
            "y" : -1.314, 
            "permitivitty" : 4.4, 
            "loss" : 0.02, 
            "name" : "FR4"
        }
    }, 
    "fitness" : {
        "items" : 1, 
        "0" : "final", 
        "1" : "freq", 
        "lower" : 0.0, 
        "desired" : 1.0454126123777367, 
        "upper" : 0.0, 
        "area" : 0.8524125416517007, 
        "freq" : 0.7317888286644156, 
        "final" : 1.1987991890192373, 
        "dir" : "C:\\Users\\project\\0. My Work\\1. Repositories\\1. Very Unfriendly Train\\Data\\Simulations\\637070426968740608_Primary\\637070439763178752_7\\7.out", 
        "f0" : 0.3586105173444305, 
        "g0" : 0.41215548687198567, 
        "f1" : 0.9252605056261446, 
        "g1" : 0.394798714912913
    }
}