{
    "geometry" : {
        "items" : 3, 
        "0" : "feed", 
        "1" : "ground plane", 
        "2" : "radiating plane", 
        "feed" : {
            "items" : 2, 
            "0" : "center", 
            "1" : "width", 
            "center" : 46.887, 
            "width" : 1.986
        }, 
        "ground plane" : {
            "items" : 5, 
            "0" : "l", 
            "1" : "w", 
            "2" : "x", 
            "3" : "y", 
            "4" : "slots", 
            "l" : 77.819, 
            "w" : 90.254, 
            "x" : -0.29, 
            "y" : -0.75, 
            "slots" : {
                "items" : 4, 
                "0" : "elliptical", 
                "1" : "rectangular", 
                "2" : "triangular", 
                "3" : "polygonal", 
                "elliptical" : {
                    "items" : 0
                }, 
                "rectangular" : {
                    "items" : 2, 
                    "0" : {
                        "items" : 4, 
                        "0" : "x", 
                        "1" : "y", 
                        "2" : "l", 
                        "3" : "w", 
                        "x" : 56.398, 
                        "y" : 74.142, 
                        "z" : 0.0, 
                        "l" : 7.773, 
                        "w" : 2.269, 
                        "type" : "rectangular", 
                        "id" : "637070443398784640"
                    }, 
                    "1" : {
                        "items" : 4, 
                        "0" : "x", 
                        "1" : "y", 
                        "2" : "l", 
                        "3" : "w", 
                        "x" : 24.149, 
                        "y" : 32.714, 
                        "z" : 0.0, 
                        "l" : 19.756, 
                        "w" : 4.282, 
                        "type" : "rectangular", 
                        "id" : "637070446067173888"
                    }
                }, 
                "triangular" : {
                    "items" : 2, 
                    "0" : {
                        "items" : 3, 
                        "0" : {
                            "items" : 2, 
                            "0" : "x", 
                            "1" : "y", 
                            "x" : 40.911, 
                            "y" : 41.976, 
                            "z" : 0.0
                        }, 
                        "1" : {
                            "items" : 2, 
                            "0" : "x", 
                            "1" : "y", 
                            "x" : 39.103, 
                            "y" : 56.526, 
                            "z" : 0.0
                        }, 
                        "2" : {
                            "items" : 2, 
                            "0" : "x", 
                            "1" : "y", 
                            "x" : 36.522, 
                            "y" : 43.773, 
                            "z" : 0.0
                        }, 
                        "type" : "triangular", 
                        "id" : "637070444694164864"
                    }, 
                    "1" : {
                        "items" : 3, 
                        "0" : {
                            "items" : 2, 
                            "0" : "x", 
                            "1" : "y", 
                            "x" : 15.57, 
                            "y" : 90.979, 
                            "z" : 0.0
                        }, 
                        "1" : {
                            "items" : 2, 
                            "0" : "x", 
                            "1" : "y", 
                            "x" : 33.471, 
                            "y" : 69.643, 
                            "z" : 0.0
                        }, 
                        "2" : {
                            "items" : 2, 
                            "0" : "x", 
                            "1" : "y", 
                            "x" : 4.846, 
                            "y" : 89.24, 
                            "z" : 0.0
                        }, 
                        "type" : "triangular", 
                        "id" : "637070448957504000"
                    }
                }, 
                "polygonal" : {
                    "items" : 0
                }
            }
        }, 
        "radiating plane" : {
            "items" : 5, 
            "0" : "l", 
            "1" : "w", 
            "2" : "x", 
            "3" : "y", 
            "4" : "slots", 
            "l" : 70.231, 
            "w" : 93.882, 
            "x" : 3.809, 
            "y" : 3.935, 
            "slots" : {
                "items" : 4, 
                "0" : "elliptical", 
                "1" : "rectangular", 
                "2" : "triangular", 
                "3" : "polygonal", 
                "elliptical" : {
                    "items" : 0
                }, 
                "rectangular" : {
                    "items" : 2, 
                    "0" : {
                        "items" : 4, 
                        "0" : "x", 
                        "1" : "y", 
                        "2" : "l", 
                        "3" : "w", 
                        "x" : 46.955, 
                        "y" : 81.893, 
                        "z" : 1.6, 
                        "l" : 1.835, 
                        "w" : 3.223, 
                        "type" : "rectangular", 
                        "id" : "637070446067183872"
                    }, 
                    "1" : {
                        "items" : 4, 
                        "0" : "x", 
                        "1" : "y", 
                        "2" : "l", 
                        "3" : "w", 
                        "x" : 62.36, 
                        "y" : 86.373, 
                        "z" : 1.6, 
                        "l" : 1.622, 
                        "w" : 1.193, 
                        "type" : "rectangular", 
                        "id" : "637070447401003520"
                    }
                }, 
                "triangular" : {
                    "items" : 0
                }, 
                "polygonal" : {
                    "items" : 0
                }
            }
        }, 
        "substrate" : {
            "items" : 4, 
            "0" : "l", 
            "1" : "w", 
            "2" : "x", 
            "3" : "h", 
            "l" : 77.819, 
            "w" : 98.617, 
            "h" : 1.6, 
            "x" : -0.29, 
            "y" : -0.75, 
            "permitivitty" : 4.4, 
            "loss" : 0.02, 
            "name" : "FR4"
        }
    }, 
    "fitness" : {
        "items" : 1, 
        "0" : "final", 
        "1" : "freq", 
        "lower" : 0.0, 
        "desired" : 1.033247096642829, 
        "upper" : 0.0, 
        "area" : 0.8102631670786119, 
        "freq" : 0.7232729676499803, 
        "final" : 1.0893341210823362, 
        "dir" : "C:\\Users\\project\\0. My Work\\1. Repositories\\1. Very Unfriendly Train\\Data\\Simulations\\637070450870077696_Secondary\\637070450870497152_5\\5.out", 
        "f0" : 0.17827673164532626, 
        "g0" : 0.45993005186382674, 
        "f1" : 0.9849665999079882, 
        "g1" : 0.443320809868517
    }
}