{
    "geometry" : {
        "items" : 3, 
        "0" : "feed", 
        "1" : "ground plane", 
        "2" : "radiating plane", 
        "feed" : {
            "items" : 2, 
            "0" : "center", 
            "1" : "width", 
            "center" : 53.324, 
            "width" : 1.711
        }, 
        "ground plane" : {
            "items" : 5, 
            "0" : "l", 
            "1" : "w", 
            "2" : "x", 
            "3" : "y", 
            "4" : "slots", 
            "l" : 85.691, 
            "w" : 103.797, 
            "x" : -0.2, 
            "y" : 0.259, 
            "slots" : {
                "items" : 4, 
                "0" : "elliptical", 
                "1" : "rectangular", 
                "2" : "triangular", 
                "3" : "polygonal", 
                "elliptical" : {
                    "items" : 0
                }, 
                "rectangular" : {
                    "items" : 2, 
                    "0" : {
                        "items" : 4, 
                        "0" : "x", 
                        "1" : "y", 
                        "2" : "l", 
                        "3" : "w", 
                        "x" : 10.345, 
                        "y" : 87.985, 
                        "z" : 0.0, 
                        "l" : 4.683, 
                        "w" : 7.092, 
                        "type" : "rectangular", 
                        "id" : "637070413358924672"
                    }, 
                    "1" : {
                        "items" : 4, 
                        "0" : "x", 
                        "1" : "y", 
                        "2" : "l", 
                        "3" : "w", 
                        "x" : 54.077, 
                        "y" : 88.337, 
                        "z" : 0.0, 
                        "l" : 15.709, 
                        "w" : 8.916, 
                        "type" : "rectangular", 
                        "id" : "637070414725624320"
                    }
                }, 
                "triangular" : {
                    "items" : 0
                }, 
                "polygonal" : {
                    "items" : 0
                }
            }
        }, 
        "radiating plane" : {
            "items" : 5, 
            "0" : "l", 
            "1" : "w", 
            "2" : "x", 
            "3" : "y", 
            "4" : "slots", 
            "l" : 76.436, 
            "w" : 95.733, 
            "x" : 4.733, 
            "y" : 4.236, 
            "slots" : {
                "items" : 4, 
                "0" : "elliptical", 
                "1" : "rectangular", 
                "2" : "triangular", 
                "3" : "polygonal", 
                "elliptical" : {
                    "items" : 0
                }, 
                "rectangular" : {
                    "items" : 0
                }, 
                "triangular" : {
                    "items" : 1, 
                    "0" : {
                        "items" : 3, 
                        "0" : {
                            "items" : 2, 
                            "0" : "x", 
                            "1" : "y", 
                            "x" : 51.338, 
                            "y" : 77.996, 
                            "z" : 1.6
                        }, 
                        "1" : {
                            "items" : 2, 
                            "0" : "x", 
                            "1" : "y", 
                            "x" : 51.978, 
                            "y" : 77.2, 
                            "z" : 1.6
                        }, 
                        "2" : {
                            "items" : 2, 
                            "0" : "x", 
                            "1" : "y", 
                            "x" : 50.629, 
                            "y" : 78.421, 
                            "z" : 1.6
                        }, 
                        "type" : "triangular", 
                        "id" : "637070414725624320"
                    }
                }, 
                "polygonal" : {
                    "items" : 0
                }
            }
        }, 
        "substrate" : {
            "items" : 4, 
            "0" : "l", 
            "1" : "w", 
            "2" : "x", 
            "3" : "h", 
            "l" : 85.691, 
            "w" : 103.797, 
            "h" : 1.6, 
            "x" : -0.2, 
            "y" : 0.259, 
            "permitivitty" : 4.4, 
            "loss" : 0.02, 
            "name" : "FR4"
        }
    }, 
    "fitness" : {
        "items" : 1, 
        "0" : "final", 
        "1" : "freq", 
        "lower" : 0.0, 
        "desired" : 0.8796704212368593, 
        "upper" : 0.0, 
        "area" : 0.9390931596535748, 
        "freq" : 0.6157692948658015, 
        "final" : 1.2271971539500468, 
        "dir" : "C:\\Users\\project\\0. My Work\\1. Repositories\\1. Very Unfriendly Train\\Data\\Simulations\\637070413173638912_Primary\\637070414725753984_5\\5.out", 
        "f0" : 0.9393498949069193, 
        "g0" : 0.3757000402223745, 
        "f1" : 0.09110087820489716, 
        "g1" : 0.3531900291395277
    }
}