{
    "geometry" : {
        "items" : 3, 
        "0" : "feed", 
        "1" : "ground plane", 
        "2" : "radiating plane", 
        "feed" : {
            "items" : 2, 
            "0" : "center", 
            "1" : "width", 
            "center" : 52.837, 
            "width" : 1.779
        }, 
        "ground plane" : {
            "items" : 5, 
            "0" : "l", 
            "1" : "w", 
            "2" : "x", 
            "3" : "y", 
            "4" : "slots", 
            "l" : 88.568, 
            "w" : 110.758, 
            "x" : -0.373, 
            "y" : -0.213, 
            "slots" : {
                "items" : 4, 
                "0" : "elliptical", 
                "1" : "rectangular", 
                "2" : "triangular", 
                "3" : "polygonal", 
                "elliptical" : {
                    "items" : 0
                }, 
                "rectangular" : {
                    "items" : 1, 
                    "0" : {
                        "items" : 4, 
                        "0" : "x", 
                        "1" : "y", 
                        "2" : "l", 
                        "3" : "w", 
                        "x" : 89.637, 
                        "y" : 28.36, 
                        "z" : 0.0, 
                        "l" : 8.804, 
                        "w" : 8.331, 
                        "type" : "rectangular", 
                        "id" : "637070373967157888"
                    }
                }, 
                "triangular" : {
                    "items" : 1, 
                    "0" : {
                        "items" : 3, 
                        "0" : {
                            "items" : 2, 
                            "0" : "x", 
                            "1" : "y", 
                            "x" : 10.509, 
                            "y" : 92.347, 
                            "z" : 0.0
                        }, 
                        "1" : {
                            "items" : 2, 
                            "0" : "x", 
                            "1" : "y", 
                            "x" : 6.962, 
                            "y" : 96.031, 
                            "z" : 0.0
                        }, 
                        "2" : {
                            "items" : 2, 
                            "0" : "x", 
                            "1" : "y", 
                            "x" : 18.935, 
                            "y" : 91.556, 
                            "z" : 0.0
                        }, 
                        "type" : "triangular", 
                        "id" : "637070375476956672"
                    }
                }, 
                "polygonal" : {
                    "items" : 0
                }
            }
        }, 
        "radiating plane" : {
            "items" : 5, 
            "0" : "l", 
            "1" : "w", 
            "2" : "x", 
            "3" : "y", 
            "4" : "slots", 
            "l" : 76.375, 
            "w" : 99.099, 
            "x" : 4.995, 
            "y" : 4.367, 
            "slots" : {
                "items" : 4, 
                "0" : "elliptical", 
                "1" : "rectangular", 
                "2" : "triangular", 
                "3" : "polygonal", 
                "elliptical" : {
                    "items" : 0
                }, 
                "rectangular" : {
                    "items" : 1, 
                    "0" : {
                        "items" : 4, 
                        "0" : "x", 
                        "1" : "y", 
                        "2" : "l", 
                        "3" : "w", 
                        "x" : 3.209, 
                        "y" : 61.542, 
                        "z" : 1.6, 
                        "l" : 3.214, 
                        "w" : 4.586, 
                        "type" : "rectangular", 
                        "id" : "637070375476966656"
                    }
                }, 
                "triangular" : {
                    "items" : 0
                }, 
                "polygonal" : {
                    "items" : 0
                }
            }
        }, 
        "substrate" : {
            "items" : 4, 
            "0" : "l", 
            "1" : "w", 
            "2" : "x", 
            "3" : "h", 
            "l" : 88.568, 
            "w" : 110.758, 
            "h" : 1.6, 
            "x" : -0.373, 
            "y" : -0.213, 
            "permitivitty" : 4.4, 
            "loss" : 0.02, 
            "name" : "FR4"
        }
    }, 
    "fitness" : {
        "items" : 1, 
        "0" : "final", 
        "1" : "freq", 
        "lower" : 0.0, 
        "desired" : 0.8225519411525691, 
        "upper" : 0.0, 
        "area" : 1.0357158139354963, 
        "freq" : 0.5757863588067984, 
        "final" : 1.2831670478977242, 
        "dir" : "C:\\Users\\project\\0. My Work\\1. Repositories\\1. Very Unfriendly Train\\Data\\Simulations\\637070373490549632_Primary\\637070375477136512_3\\3.out", 
        "f0" : 0.954331399191508, 
        "g0" : 0.3415598129802545, 
        "f1" : 0.02934829274377145, 
        "g1" : 0.3198643773896044
    }
}