{
    "geometry" : {
        "items" : 3, 
        "0" : "feed", 
        "1" : "ground plane", 
        "2" : "radiating plane", 
        "feed" : {
            "items" : 2, 
            "0" : "center", 
            "1" : "width", 
            "center" : 52.728, 
            "width" : 1.59
        }, 
        "ground plane" : {
            "items" : 5, 
            "0" : "l", 
            "1" : "w", 
            "2" : "x", 
            "3" : "y", 
            "4" : "slots", 
            "l" : 86.362, 
            "w" : 112.777, 
            "x" : 0.009, 
            "y" : -0.174, 
            "slots" : {
                "items" : 4, 
                "0" : "elliptical", 
                "1" : "rectangular", 
                "2" : "triangular", 
                "3" : "polygonal", 
                "elliptical" : {
                    "items" : 0
                }, 
                "rectangular" : {
                    "items" : 1, 
                    "0" : {
                        "items" : 4, 
                        "0" : "x", 
                        "1" : "y", 
                        "2" : "l", 
                        "3" : "w", 
                        "x" : 45.924, 
                        "y" : 7.951, 
                        "z" : 0.0, 
                        "l" : 19.773, 
                        "w" : 34.827, 
                        "type" : "rectangular", 
                        "id" : "637070382475006976"
                    }
                }, 
                "triangular" : {
                    "items" : 0
                }, 
                "polygonal" : {
                    "items" : 0
                }
            }
        }, 
        "radiating plane" : {
            "items" : 5, 
            "0" : "l", 
            "1" : "w", 
            "2" : "x", 
            "3" : "y", 
            "4" : "slots", 
            "l" : 75.562, 
            "w" : 98.423, 
            "x" : 4.474, 
            "y" : 4.727, 
            "slots" : {
                "items" : 4, 
                "0" : "elliptical", 
                "1" : "rectangular", 
                "2" : "triangular", 
                "3" : "polygonal", 
                "elliptical" : {
                    "items" : 0
                }, 
                "rectangular" : {
                    "items" : 1, 
                    "0" : {
                        "items" : 4, 
                        "0" : "x", 
                        "1" : "y", 
                        "2" : "l", 
                        "3" : "w", 
                        "x" : 63.002, 
                        "y" : 21.649, 
                        "z" : 1.6, 
                        "l" : 2.58, 
                        "w" : 2.349, 
                        "type" : "rectangular", 
                        "id" : "637070382475016832"
                    }
                }, 
                "triangular" : {
                    "items" : 0
                }, 
                "polygonal" : {
                    "items" : 0
                }
            }
        }, 
        "substrate" : {
            "items" : 4, 
            "0" : "l", 
            "1" : "w", 
            "2" : "x", 
            "3" : "h", 
            "l" : 86.362, 
            "w" : 112.777, 
            "h" : 1.6, 
            "x" : 0.009, 
            "y" : -0.174, 
            "permitivitty" : 4.4, 
            "loss" : 0.02, 
            "name" : "FR4"
        }
    }, 
    "fitness" : {
        "items" : 1, 
        "0" : "final", 
        "1" : "freq", 
        "lower" : 0.0, 
        "desired" : 1.4882575377241234, 
        "upper" : 0.0, 
        "area" : 1.02832855038178, 
        "freq" : 1.0417802764068864, 
        "final" : 1.8725637560752801, 
        "dir" : "C:\\Users\\project\\0. My Work\\1. Repositories\\1. Very Unfriendly Train\\Data\\Simulations\\637070382283102848_Primary\\637070382475126528_4\\4.out", 
        "f0" : 0.9945560957163119, 
        "g0" : 0.48901722285536703, 
        "f1" : 0.9946908487418009, 
        "g1" : 0.49825090813476686
    }
}