{
    "geometry" : {
        "items" : 3, 
        "0" : "feed", 
        "1" : "ground plane", 
        "2" : "radiating plane", 
        "feed" : {
            "items" : 2, 
            "0" : "center", 
            "1" : "width", 
            "center" : 49.694, 
            "width" : 1.86
        }, 
        "ground plane" : {
            "items" : 5, 
            "0" : "l", 
            "1" : "w", 
            "2" : "x", 
            "3" : "y", 
            "4" : "slots", 
            "l" : 86.969, 
            "w" : 106.493, 
            "x" : -1.932, 
            "y" : -0.225, 
            "slots" : {
                "items" : 4, 
                "0" : "elliptical", 
                "1" : "rectangular", 
                "2" : "triangular", 
                "3" : "polygonal", 
                "elliptical" : {
                    "items" : 0
                }, 
                "rectangular" : {
                    "items" : 3, 
                    "0" : {
                        "items" : 4, 
                        "0" : "x", 
                        "1" : "y", 
                        "2" : "l", 
                        "3" : "w", 
                        "x" : 15.13, 
                        "y" : 83.2, 
                        "z" : 0.0, 
                        "l" : 4.881, 
                        "w" : 2.141, 
                        "type" : "rectangular", 
                        "id" : "637070413358924672"
                    }, 
                    "1" : {
                        "items" : 4, 
                        "0" : "x", 
                        "1" : "y", 
                        "2" : "l", 
                        "3" : "w", 
                        "x" : 88.797, 
                        "y" : 26.795, 
                        "z" : 0.0, 
                        "l" : 20.962, 
                        "w" : 7.138, 
                        "type" : "rectangular", 
                        "id" : "637070416111539072"
                    }, 
                    "2" : {
                        "items" : 4, 
                        "0" : "x", 
                        "1" : "y", 
                        "2" : "l", 
                        "3" : "w", 
                        "x" : 65.606, 
                        "y" : 62.756, 
                        "z" : 0.0, 
                        "l" : 12.717, 
                        "w" : 13.564, 
                        "type" : "rectangular", 
                        "id" : "637070417757619712"
                    }
                }, 
                "triangular" : {
                    "items" : 1, 
                    "0" : {
                        "items" : 3, 
                        "0" : {
                            "items" : 2, 
                            "0" : "x", 
                            "1" : "y", 
                            "x" : 42.537, 
                            "y" : 58.091, 
                            "z" : 0.0
                        }, 
                        "1" : {
                            "items" : 2, 
                            "0" : "x", 
                            "1" : "y", 
                            "x" : 44.437, 
                            "y" : 60.544, 
                            "z" : 0.0
                        }, 
                        "2" : {
                            "items" : 2, 
                            "0" : "x", 
                            "1" : "y", 
                            "x" : 53.762, 
                            "y" : 39.885, 
                            "z" : 0.0
                        }, 
                        "type" : "triangular", 
                        "id" : "637070414725494656"
                    }
                }, 
                "polygonal" : {
                    "items" : 0
                }
            }
        }, 
        "radiating plane" : {
            "items" : 5, 
            "0" : "l", 
            "1" : "w", 
            "2" : "x", 
            "3" : "y", 
            "4" : "slots", 
            "l" : 74.817, 
            "w" : 96.638, 
            "x" : 3.259, 
            "y" : 2.646, 
            "slots" : {
                "items" : 4, 
                "0" : "elliptical", 
                "1" : "rectangular", 
                "2" : "triangular", 
                "3" : "polygonal", 
                "elliptical" : {
                    "items" : 0
                }, 
                "rectangular" : {
                    "items" : 1, 
                    "0" : {
                        "items" : 4, 
                        "0" : "x", 
                        "1" : "y", 
                        "2" : "l", 
                        "3" : "w", 
                        "x" : 45.366, 
                        "y" : 6.822, 
                        "z" : 1.6, 
                        "l" : 0.874, 
                        "w" : 3.69, 
                        "type" : "rectangular", 
                        "id" : "637070414725504640"
                    }
                }, 
                "triangular" : {
                    "items" : 2, 
                    "0" : {
                        "items" : 3, 
                        "0" : {
                            "items" : 2, 
                            "0" : "x", 
                            "1" : "y", 
                            "x" : 40.217, 
                            "y" : 52.328, 
                            "z" : 1.6
                        }, 
                        "1" : {
                            "items" : 2, 
                            "0" : "x", 
                            "1" : "y", 
                            "x" : 36.885, 
                            "y" : 54.019, 
                            "z" : 1.6
                        }, 
                        "2" : {
                            "items" : 2, 
                            "0" : "x", 
                            "1" : "y", 
                            "x" : 38.886, 
                            "y" : 52.965, 
                            "z" : 1.6
                        }, 
                        "type" : "triangular", 
                        "id" : "637070416111548800"
                    }, 
                    "1" : {
                        "items" : 3, 
                        "0" : {
                            "items" : 2, 
                            "0" : "x", 
                            "1" : "y", 
                            "x" : 6.204, 
                            "y" : 86.83, 
                            "z" : 1.6
                        }, 
                        "1" : {
                            "items" : 2, 
                            "0" : "x", 
                            "1" : "y", 
                            "x" : 7.25, 
                            "y" : 87.833, 
                            "z" : 1.6
                        }, 
                        "2" : {
                            "items" : 2, 
                            "0" : "x", 
                            "1" : "y", 
                            "x" : 7.398, 
                            "y" : 88.347, 
                            "z" : 1.6
                        }, 
                        "type" : "triangular", 
                        "id" : "637070417757629568"
                    }
                }, 
                "polygonal" : {
                    "items" : 0
                }
            }
        }, 
        "substrate" : {
            "items" : 4, 
            "0" : "l", 
            "1" : "w", 
            "2" : "x", 
            "3" : "h", 
            "l" : 86.969, 
            "w" : 106.493, 
            "h" : 1.6, 
            "x" : -1.932, 
            "y" : -0.225, 
            "permitivitty" : 4.4, 
            "loss" : 0.02, 
            "name" : "FR4"
        }
    }, 
    "fitness" : {
        "items" : 1, 
        "0" : "final", 
        "1" : "freq", 
        "lower" : 0.0, 
        "desired" : 0.8699700187154993, 
        "upper" : 0.0, 
        "area" : 0.9778544191572137, 
        "freq" : 0.6089790131008495, 
        "final" : 1.2691844152578369, 
        "dir" : "C:\\Users\\project\\0. My Work\\1. Repositories\\1. Very Unfriendly Train\\Data\\Simulations\\637070413173638912_Primary\\637070417757865088_5\\5.out", 
        "f0" : 0.9264639927215044, 
        "g0" : 0.3523525693485663, 
        "f1" : 0.13447786532130435, 
        "g1" : 0.32664561003962345
    }
}