{
    "geometry" : {
        "items" : 3, 
        "0" : "feed", 
        "1" : "ground plane", 
        "2" : "radiating plane", 
        "feed" : {
            "items" : 2, 
            "0" : "center", 
            "1" : "width", 
            "center" : 52.703, 
            "width" : 1.704
        }, 
        "ground plane" : {
            "items" : 5, 
            "0" : "l", 
            "1" : "w", 
            "2" : "x", 
            "3" : "y", 
            "4" : "slots", 
            "l" : 78.53, 
            "w" : 107.381, 
            "x" : -0.505, 
            "y" : -0.671, 
            "slots" : {
                "items" : 4, 
                "0" : "elliptical", 
                "1" : "rectangular", 
                "2" : "triangular", 
                "3" : "polygonal", 
                "elliptical" : {
                    "items" : 0
                }, 
                "rectangular" : {
                    "items" : 2, 
                    "0" : {
                        "items" : 4, 
                        "0" : "x", 
                        "1" : "y", 
                        "2" : "l", 
                        "3" : "w", 
                        "x" : 19.13, 
                        "y" : 90.85, 
                        "z" : 0.0, 
                        "l" : 3.34, 
                        "w" : 22.91, 
                        "type" : "rectangular", 
                        "id" : "637070427151781504"
                    }, 
                    "1" : {
                        "items" : 4, 
                        "0" : "x", 
                        "1" : "y", 
                        "2" : "l", 
                        "3" : "w", 
                        "x" : 76.15, 
                        "y" : 30.52, 
                        "z" : 0.0, 
                        "l" : 14.683, 
                        "w" : 21.595, 
                        "type" : "rectangular", 
                        "id" : "637070438498288128"
                    }
                }, 
                "triangular" : {
                    "items" : 0
                }, 
                "polygonal" : {
                    "items" : 0
                }
            }
        }, 
        "radiating plane" : {
            "items" : 5, 
            "0" : "l", 
            "1" : "w", 
            "2" : "x", 
            "3" : "y", 
            "4" : "slots", 
            "l" : 73.899, 
            "w" : 96.872, 
            "x" : 3.366, 
            "y" : 4.034, 
            "slots" : {
                "items" : 4, 
                "0" : "elliptical", 
                "1" : "rectangular", 
                "2" : "triangular", 
                "3" : "polygonal", 
                "elliptical" : {
                    "items" : 0
                }, 
                "rectangular" : {
                    "items" : 0
                }, 
                "triangular" : {
                    "items" : 1, 
                    "0" : {
                        "items" : 3, 
                        "0" : {
                            "items" : 2, 
                            "0" : "x", 
                            "1" : "y", 
                            "x" : 34.187, 
                            "y" : 27.091, 
                            "z" : 1.6
                        }, 
                        "1" : {
                            "items" : 2, 
                            "0" : "x", 
                            "1" : "y", 
                            "x" : 34.764, 
                            "y" : 28.851, 
                            "z" : 1.6
                        }, 
                        "2" : {
                            "items" : 2, 
                            "0" : "x", 
                            "1" : "y", 
                            "x" : 33.088, 
                            "y" : 29.107, 
                            "z" : 1.6
                        }, 
                        "type" : "triangular", 
                        "id" : "637070438498288128"
                    }
                }, 
                "polygonal" : {
                    "items" : 0
                }
            }
        }, 
        "substrate" : {
            "items" : 4, 
            "0" : "l", 
            "1" : "w", 
            "2" : "x", 
            "3" : "h", 
            "l" : 78.53, 
            "w" : 107.381, 
            "h" : 1.6, 
            "x" : -0.505, 
            "y" : -0.671, 
            "permitivitty" : 4.4, 
            "loss" : 0.02, 
            "name" : "FR4"
        }
    }, 
    "fitness" : {
        "items" : 1, 
        "0" : "final", 
        "1" : "freq", 
        "lower" : 0.0, 
        "desired" : 1.2613731431627664, 
        "upper" : 0.0, 
        "area" : 0.890331432737973, 
        "freq" : 0.8829612002139364, 
        "final" : 1.4499753191353562, 
        "dir" : "C:\\Users\\project\\0. My Work\\1. Repositories\\1. Very Unfriendly Train\\Data\\Simulations\\637070426968740608_Primary\\637070438498328064_8\\8.out", 
        "f0" : 0.9875133918165552, 
        "g0" : 0.44385630461523073, 
        "f1" : 0.6673447254615581, 
        "g1" : 0.424031864432189
    }
}