{
    "geometry" : {
        "items" : 3, 
        "0" : "feed", 
        "1" : "ground plane", 
        "2" : "radiating plane", 
        "feed" : {
            "items" : 2, 
            "0" : "center", 
            "1" : "width", 
            "center" : 51.329, 
            "width" : 1.712
        }, 
        "ground plane" : {
            "items" : 5, 
            "0" : "l", 
            "1" : "w", 
            "2" : "x", 
            "3" : "y", 
            "4" : "slots", 
            "l" : 84.787, 
            "w" : 98.621, 
            "x" : -0.446, 
            "y" : -0.676, 
            "slots" : {
                "items" : 4, 
                "0" : "elliptical", 
                "1" : "rectangular", 
                "2" : "triangular", 
                "3" : "polygonal", 
                "elliptical" : {
                    "items" : 0
                }, 
                "rectangular" : {
                    "items" : 2, 
                    "0" : {
                        "items" : 4, 
                        "0" : "x", 
                        "1" : "y", 
                        "2" : "l", 
                        "3" : "w", 
                        "x" : 84.654, 
                        "y" : 26.406, 
                        "z" : 0.0, 
                        "l" : 8.186, 
                        "w" : 8.086, 
                        "type" : "rectangular", 
                        "id" : "637070373967157888"
                    }, 
                    "1" : {
                        "items" : 4, 
                        "0" : "x", 
                        "1" : "y", 
                        "2" : "l", 
                        "3" : "w", 
                        "x" : 84.27, 
                        "y" : 75.61, 
                        "z" : 0.0, 
                        "l" : 2.633, 
                        "w" : 8.7, 
                        "type" : "rectangular", 
                        "id" : "637070376950872576"
                    }
                }, 
                "triangular" : {
                    "items" : 1, 
                    "0" : {
                        "items" : 3, 
                        "0" : {
                            "items" : 2, 
                            "0" : "x", 
                            "1" : "y", 
                            "x" : 27.39, 
                            "y" : 17.398, 
                            "z" : 0.0
                        }, 
                        "1" : {
                            "items" : 2, 
                            "0" : "x", 
                            "1" : "y", 
                            "x" : 41.869, 
                            "y" : 24.205, 
                            "z" : 0.0
                        }, 
                        "2" : {
                            "items" : 2, 
                            "0" : "x", 
                            "1" : "y", 
                            "x" : 35.225, 
                            "y" : 4.632, 
                            "z" : 0.0
                        }, 
                        "type" : "triangular", 
                        "id" : "637070375477106560"
                    }
                }, 
                "polygonal" : {
                    "items" : 0
                }
            }
        }, 
        "radiating plane" : {
            "items" : 5, 
            "0" : "l", 
            "1" : "w", 
            "2" : "x", 
            "3" : "y", 
            "4" : "slots", 
            "l" : 73.781, 
            "w" : 97.131, 
            "x" : 3.711, 
            "y" : 4.121, 
            "slots" : {
                "items" : 4, 
                "0" : "elliptical", 
                "1" : "rectangular", 
                "2" : "triangular", 
                "3" : "polygonal", 
                "elliptical" : {
                    "items" : 0
                }, 
                "rectangular" : {
                    "items" : 1, 
                    "0" : {
                        "items" : 4, 
                        "0" : "x", 
                        "1" : "y", 
                        "2" : "l", 
                        "3" : "w", 
                        "x" : 11.014, 
                        "y" : 47.795, 
                        "z" : 1.6, 
                        "l" : 2.746, 
                        "w" : 3.086, 
                        "type" : "rectangular", 
                        "id" : "637070376950892544"
                    }
                }, 
                "triangular" : {
                    "items" : 1, 
                    "0" : {
                        "items" : 3, 
                        "0" : {
                            "items" : 2, 
                            "0" : "x", 
                            "1" : "y", 
                            "x" : 17.541, 
                            "y" : 25.363, 
                            "z" : 1.6
                        }, 
                        "1" : {
                            "items" : 2, 
                            "0" : "x", 
                            "1" : "y", 
                            "x" : 17.34, 
                            "y" : 26.569, 
                            "z" : 1.6
                        }, 
                        "2" : {
                            "items" : 2, 
                            "0" : "x", 
                            "1" : "y", 
                            "x" : 17.833, 
                            "y" : 22.931, 
                            "z" : 1.6
                        }, 
                        "type" : "triangular", 
                        "id" : "637070375477116672"
                    }
                }, 
                "polygonal" : {
                    "items" : 0
                }
            }
        }, 
        "substrate" : {
            "items" : 4, 
            "0" : "l", 
            "1" : "w", 
            "2" : "x", 
            "3" : "h", 
            "l" : 84.787, 
            "w" : 101.978, 
            "h" : 1.6, 
            "x" : -0.446, 
            "y" : -0.676, 
            "permitivitty" : 4.4, 
            "loss" : 0.02, 
            "name" : "FR4"
        }
    }, 
    "fitness" : {
        "items" : 1, 
        "0" : "final", 
        "1" : "freq", 
        "lower" : 0.0, 
        "desired" : 0.940427895182694, 
        "upper" : 0.0, 
        "area" : 0.9129025579620608, 
        "freq" : 0.6582995266278857, 
        "final" : 1.2363594786433894, 
        "dir" : "C:\\Users\\project\\0. My Work\\1. Repositories\\1. Very Unfriendly Train\\Data\\Simulations\\637070373490549632_Primary\\637070376950912384_9\\9.out", 
        "f0" : 0.24473980990888422, 
        "g0" : 0.36565404931732487, 
        "f1" : 0.9256560202947581, 
        "g1" : 0.34480591084442086
    }
}