{
    "geometry" : {
        "items" : 3, 
        "0" : "feed", 
        "1" : "ground plane", 
        "2" : "radiating plane", 
        "feed" : {
            "items" : 2, 
            "0" : "center", 
            "1" : "width", 
            "center" : 48.106, 
            "width" : 1.729
        }, 
        "ground plane" : {
            "items" : 5, 
            "0" : "l", 
            "1" : "w", 
            "2" : "x", 
            "3" : "y", 
            "4" : "slots", 
            "l" : 81.521, 
            "w" : 93.421, 
            "x" : -0.106, 
            "y" : -0.043, 
            "slots" : {
                "items" : 4, 
                "0" : "elliptical", 
                "1" : "rectangular", 
                "2" : "triangular", 
                "3" : "polygonal", 
                "elliptical" : {
                    "items" : 0
                }, 
                "rectangular" : {
                    "items" : 3, 
                    "0" : {
                        "items" : 4, 
                        "0" : "x", 
                        "1" : "y", 
                        "2" : "l", 
                        "3" : "w", 
                        "x" : 69.207, 
                        "y" : 73.957, 
                        "z" : 0.0, 
                        "l" : 6.622, 
                        "w" : 4.66, 
                        "type" : "rectangular", 
                        "id" : "637070443398784640"
                    }, 
                    "1" : {
                        "items" : 4, 
                        "0" : "x", 
                        "1" : "y", 
                        "2" : "l", 
                        "3" : "w", 
                        "x" : 28.56, 
                        "y" : 14.923, 
                        "z" : 0.0, 
                        "l" : 18.834, 
                        "w" : 2.018, 
                        "type" : "rectangular", 
                        "id" : "637070446067173888"
                    }, 
                    "2" : {
                        "items" : 4, 
                        "0" : "x", 
                        "1" : "y", 
                        "2" : "l", 
                        "3" : "w", 
                        "x" : 50.205, 
                        "y" : -4.824, 
                        "z" : 0.0, 
                        "l" : 9.109, 
                        "w" : 8.403, 
                        "type" : "rectangular", 
                        "id" : "637070447401063296"
                    }
                }, 
                "triangular" : {
                    "items" : 1, 
                    "0" : {
                        "items" : 3, 
                        "0" : {
                            "items" : 2, 
                            "0" : "x", 
                            "1" : "y", 
                            "x" : 44.348, 
                            "y" : 48.425, 
                            "z" : 0.0
                        }, 
                        "1" : {
                            "items" : 2, 
                            "0" : "x", 
                            "1" : "y", 
                            "x" : 38.261, 
                            "y" : 50.995, 
                            "z" : 0.0
                        }, 
                        "2" : {
                            "items" : 2, 
                            "0" : "x", 
                            "1" : "y", 
                            "x" : 36.634, 
                            "y" : 46.779, 
                            "z" : 0.0
                        }, 
                        "type" : "triangular", 
                        "id" : "637070444694164864"
                    }
                }, 
                "polygonal" : {
                    "items" : 0
                }
            }
        }, 
        "radiating plane" : {
            "items" : 5, 
            "0" : "l", 
            "1" : "w", 
            "2" : "x", 
            "3" : "y", 
            "4" : "slots", 
            "l" : 78.599, 
            "w" : 96.269, 
            "x" : 2.766, 
            "y" : 1.883, 
            "slots" : {
                "items" : 4, 
                "0" : "elliptical", 
                "1" : "rectangular", 
                "2" : "triangular", 
                "3" : "polygonal", 
                "elliptical" : {
                    "items" : 0
                }, 
                "rectangular" : {
                    "items" : 1, 
                    "0" : {
                        "items" : 4, 
                        "0" : "x", 
                        "1" : "y", 
                        "2" : "l", 
                        "3" : "w", 
                        "x" : 50.648, 
                        "y" : 79.229, 
                        "z" : 1.6, 
                        "l" : 0.601, 
                        "w" : 1.836, 
                        "type" : "rectangular", 
                        "id" : "637070446067183872"
                    }
                }, 
                "triangular" : {
                    "items" : 0
                }, 
                "polygonal" : {
                    "items" : 0
                }
            }
        }, 
        "substrate" : {
            "items" : 4, 
            "0" : "l", 
            "1" : "w", 
            "2" : "x", 
            "3" : "h", 
            "l" : 81.521, 
            "w" : 98.245, 
            "h" : 1.6, 
            "x" : -0.106, 
            "y" : -0.043, 
            "permitivitty" : 4.4, 
            "loss" : 0.02, 
            "name" : "FR4"
        }
    }, 
    "fitness" : {
        "items" : 1, 
        "0" : "final", 
        "1" : "freq", 
        "lower" : 0.0, 
        "desired" : 0.9979637538515675, 
        "upper" : 0.0, 
        "area" : 0.8456070986391765, 
        "freq" : 0.6985746276960972, 
        "final" : 1.1481222457998865, 
        "dir" : "C:\\Users\\project\\0. My Work\\1. Repositories\\1. Very Unfriendly Train\\Data\\Simulations\\637070443214539392_Primary\\637070447401152768_7\\7.out", 
        "f0" : 0.06751310734723392, 
        "g0" : 0.49258420533749964, 
        "f1" : 0.9523810004434845, 
        "g1" : 0.4834491945749171
    }
}