{
    "geometry" : {
        "items" : 3, 
        "0" : "feed", 
        "1" : "ground plane", 
        "2" : "radiating plane", 
        "feed" : {
            "items" : 2, 
            "0" : "center", 
            "1" : "width", 
            "center" : 48.783, 
            "width" : 1.825
        }, 
        "ground plane" : {
            "items" : 5, 
            "0" : "l", 
            "1" : "w", 
            "2" : "x", 
            "3" : "y", 
            "4" : "slots", 
            "l" : 73.586, 
            "w" : 97.824, 
            "x" : -2.183, 
            "y" : -2.013, 
            "slots" : {
                "items" : 4, 
                "0" : "elliptical", 
                "1" : "rectangular", 
                "2" : "triangular", 
                "3" : "polygonal", 
                "elliptical" : {
                    "items" : 0
                }, 
                "rectangular" : {
                    "items" : 4, 
                    "0" : {
                        "items" : 4, 
                        "0" : "x", 
                        "1" : "y", 
                        "2" : "l", 
                        "3" : "w", 
                        "x" : 14.774, 
                        "y" : 86.719, 
                        "z" : 0.0, 
                        "l" : 0.079, 
                        "w" : 0.695, 
                        "type" : "rectangular", 
                        "id" : "637070413358924672"
                    }, 
                    "1" : {
                        "items" : 4, 
                        "0" : "x", 
                        "1" : "y", 
                        "2" : "l", 
                        "3" : "w", 
                        "x" : 86.59, 
                        "y" : 29.364, 
                        "z" : 0.0, 
                        "l" : 19.915, 
                        "w" : 5.099, 
                        "type" : "rectangular", 
                        "id" : "637070416111539072"
                    }, 
                    "2" : {
                        "items" : 4, 
                        "0" : "x", 
                        "1" : "y", 
                        "2" : "l", 
                        "3" : "w", 
                        "x" : 18.992, 
                        "y" : 49.298, 
                        "z" : 0.0, 
                        "l" : 9.153, 
                        "w" : 7.829, 
                        "type" : "rectangular", 
                        "id" : "637070417757799168"
                    }, 
                    "3" : {
                        "items" : 4, 
                        "0" : "x", 
                        "1" : "y", 
                        "2" : "l", 
                        "3" : "w", 
                        "x" : 29.35, 
                        "y" : 29.16, 
                        "z" : 0.0, 
                        "l" : 2.13, 
                        "w" : 13.915, 
                        "type" : "rectangular", 
                        "id" : "637070419607208576"
                    }
                }, 
                "triangular" : {
                    "items" : 1, 
                    "0" : {
                        "items" : 3, 
                        "0" : {
                            "items" : 2, 
                            "0" : "x", 
                            "1" : "y", 
                            "x" : 40.594, 
                            "y" : 70.416, 
                            "z" : 0.0
                        }, 
                        "1" : {
                            "items" : 2, 
                            "0" : "x", 
                            "1" : "y", 
                            "x" : 38.412, 
                            "y" : 62.745, 
                            "z" : 0.0
                        }, 
                        "2" : {
                            "items" : 2, 
                            "0" : "x", 
                            "1" : "y", 
                            "x" : 50.179, 
                            "y" : 39.589, 
                            "z" : 0.0
                        }, 
                        "type" : "triangular", 
                        "id" : "637070414725494656"
                    }
                }, 
                "polygonal" : {
                    "items" : 0
                }
            }
        }, 
        "radiating plane" : {
            "items" : 5, 
            "0" : "l", 
            "1" : "w", 
            "2" : "x", 
            "3" : "y", 
            "4" : "slots", 
            "l" : 68.963, 
            "w" : 94.755, 
            "x" : 2.39, 
            "y" : 3.499, 
            "slots" : {
                "items" : 4, 
                "0" : "elliptical", 
                "1" : "rectangular", 
                "2" : "triangular", 
                "3" : "polygonal", 
                "elliptical" : {
                    "items" : 0
                }, 
                "rectangular" : {
                    "items" : 1, 
                    "0" : {
                        "items" : 4, 
                        "0" : "x", 
                        "1" : "y", 
                        "2" : "l", 
                        "3" : "w", 
                        "x" : 45.932, 
                        "y" : 1.014, 
                        "z" : 1.6, 
                        "l" : 7.387, 
                        "w" : 1.382, 
                        "type" : "rectangular", 
                        "id" : "637070414725504640"
                    }
                }, 
                "triangular" : {
                    "items" : 2, 
                    "0" : {
                        "items" : 3, 
                        "0" : {
                            "items" : 2, 
                            "0" : "x", 
                            "1" : "y", 
                            "x" : 35.064, 
                            "y" : 55.93, 
                            "z" : 1.6
                        }, 
                        "1" : {
                            "items" : 2, 
                            "0" : "x", 
                            "1" : "y", 
                            "x" : 35.388, 
                            "y" : 50.209, 
                            "z" : 1.6
                        }, 
                        "2" : {
                            "items" : 2, 
                            "0" : "x", 
                            "1" : "y", 
                            "x" : 35.343, 
                            "y" : 54.773, 
                            "z" : 1.6
                        }, 
                        "type" : "triangular", 
                        "id" : "637070416111548800"
                    }, 
                    "1" : {
                        "items" : 3, 
                        "0" : {
                            "items" : 2, 
                            "0" : "x", 
                            "1" : "y", 
                            "x" : 24.286, 
                            "y" : 74.887, 
                            "z" : 1.6
                        }, 
                        "1" : {
                            "items" : 2, 
                            "0" : "x", 
                            "1" : "y", 
                            "x" : 24.601, 
                            "y" : 72.17, 
                            "z" : 1.6
                        }, 
                        "2" : {
                            "items" : 2, 
                            "0" : "x", 
                            "1" : "y", 
                            "x" : 29.223, 
                            "y" : 72.339, 
                            "z" : 1.6
                        }, 
                        "type" : "triangular", 
                        "id" : "637070417757809152"
                    }
                }, 
                "polygonal" : {
                    "items" : 0
                }
            }
        }, 
        "substrate" : {
            "items" : 4, 
            "0" : "l", 
            "1" : "w", 
            "2" : "x", 
            "3" : "h", 
            "l" : 73.586, 
            "w" : 100.317, 
            "h" : 1.6, 
            "x" : -2.183, 
            "y" : -2.013, 
            "permitivitty" : 4.4, 
            "loss" : 0.02, 
            "name" : "FR4"
        }
    }, 
    "fitness" : {
        "items" : 1, 
        "0" : "final", 
        "1" : "freq", 
        "lower" : 0.0, 
        "desired" : 1.1393385372187466, 
        "upper" : 0.0, 
        "area" : 0.7793964024196475, 
        "freq" : 0.7975369760531226, 
        "final" : 1.079633373468558, 
        "dir" : "C:\\Users\\project\\0. My Work\\1. Repositories\\1. Very Unfriendly Train\\Data\\Simulations\\637070421639187584_Secondary\\637070421639676160_2\\2.out", 
        "f0" : 0.9510732436984692, 
        "g0" : 0.5357223590927687, 
        "f1" : 0.2678941174807938, 
        "g1" : 0.5239873541654614
    }
}