{
    "geometry" : {
        "items" : 3, 
        "0" : "feed", 
        "1" : "ground plane", 
        "2" : "radiating plane", 
        "feed" : {
            "items" : 2, 
            "0" : "center", 
            "1" : "width", 
            "center" : 49.692, 
            "width" : 1.752
        }, 
        "ground plane" : {
            "items" : 5, 
            "0" : "l", 
            "1" : "w", 
            "2" : "x", 
            "3" : "y", 
            "4" : "slots", 
            "l" : 83.17, 
            "w" : 92.352, 
            "x" : -0.992, 
            "y" : -0.166, 
            "slots" : {
                "items" : 4, 
                "0" : "elliptical", 
                "1" : "rectangular", 
                "2" : "triangular", 
                "3" : "polygonal", 
                "elliptical" : {
                    "items" : 0
                }, 
                "rectangular" : {
                    "items" : 3, 
                    "0" : {
                        "items" : 4, 
                        "0" : "x", 
                        "1" : "y", 
                        "2" : "l", 
                        "3" : "w", 
                        "x" : 65.536, 
                        "y" : 74.204, 
                        "z" : 0.0, 
                        "l" : 16.851, 
                        "w" : 14.251, 
                        "type" : "rectangular", 
                        "id" : "637070443398784640"
                    }, 
                    "1" : {
                        "items" : 4, 
                        "0" : "x", 
                        "1" : "y", 
                        "2" : "l", 
                        "3" : "w", 
                        "x" : 30.521, 
                        "y" : 17.37, 
                        "z" : 0.0, 
                        "l" : 26.772, 
                        "w" : 7.112, 
                        "type" : "rectangular", 
                        "id" : "637070446067173888"
                    }, 
                    "2" : {
                        "items" : 4, 
                        "0" : "x", 
                        "1" : "y", 
                        "2" : "l", 
                        "3" : "w", 
                        "x" : 21.02, 
                        "y" : 47.186, 
                        "z" : 0.0, 
                        "l" : 5.913, 
                        "w" : 11.631, 
                        "type" : "rectangular", 
                        "id" : "637070447401132928"
                    }
                }, 
                "triangular" : {
                    "items" : 1, 
                    "0" : {
                        "items" : 3, 
                        "0" : {
                            "items" : 2, 
                            "0" : "x", 
                            "1" : "y", 
                            "x" : 46.021, 
                            "y" : 54.523, 
                            "z" : 0.0
                        }, 
                        "1" : {
                            "items" : 2, 
                            "0" : "x", 
                            "1" : "y", 
                            "x" : 43.236, 
                            "y" : 41.646, 
                            "z" : 0.0
                        }, 
                        "2" : {
                            "items" : 2, 
                            "0" : "x", 
                            "1" : "y", 
                            "x" : 37.784, 
                            "y" : 47.998, 
                            "z" : 0.0
                        }, 
                        "type" : "triangular", 
                        "id" : "637070444694164864"
                    }
                }, 
                "polygonal" : {
                    "items" : 0
                }
            }
        }, 
        "radiating plane" : {
            "items" : 5, 
            "0" : "l", 
            "1" : "w", 
            "2" : "x", 
            "3" : "y", 
            "4" : "slots", 
            "l" : 77.194, 
            "w" : 96.268, 
            "x" : 2.345, 
            "y" : 2.399, 
            "slots" : {
                "items" : 4, 
                "0" : "elliptical", 
                "1" : "rectangular", 
                "2" : "triangular", 
                "3" : "polygonal", 
                "elliptical" : {
                    "items" : 0
                }, 
                "rectangular" : {
                    "items" : 1, 
                    "0" : {
                        "items" : 4, 
                        "0" : "x", 
                        "1" : "y", 
                        "2" : "l", 
                        "3" : "w", 
                        "x" : 52.699, 
                        "y" : 81.073, 
                        "z" : 1.6, 
                        "l" : 1.931, 
                        "w" : 5.224, 
                        "type" : "rectangular", 
                        "id" : "637070446067183872"
                    }
                }, 
                "triangular" : {
                    "items" : 0
                }, 
                "polygonal" : {
                    "items" : 0
                }
            }
        }, 
        "substrate" : {
            "items" : 4, 
            "0" : "l", 
            "1" : "w", 
            "2" : "x", 
            "3" : "h", 
            "l" : 83.17, 
            "w" : 98.883, 
            "h" : 1.6, 
            "x" : -0.992, 
            "y" : -0.166, 
            "permitivitty" : 4.4, 
            "loss" : 0.02, 
            "name" : "FR4"
        }
    }, 
    "fitness" : {
        "items" : 1, 
        "0" : "final", 
        "1" : "freq", 
        "lower" : 0.0, 
        "desired" : 1.4339362708449643, 
        "upper" : 0.0, 
        "area" : 0.8683143935364642, 
        "freq" : 1.003755389591475, 
        "final" : 1.5317757959414364, 
        "dir" : "C:\\Users\\project\\0. My Work\\1. Repositories\\1. Very Unfriendly Train\\Data\\Simulations\\637070443214539392_Primary\\637070447401152768_9\\9.out", 
        "f0" : 0.9293578365236621, 
        "g0" : 0.4803249684149304, 
        "f1" : 0.9883592380521873, 
        "g1" : 0.46983049869914856
    }
}