{
    "geometry" : {
        "items" : 3, 
        "0" : "feed", 
        "1" : "ground plane", 
        "2" : "radiating plane", 
        "feed" : {
            "items" : 2, 
            "0" : "center", 
            "1" : "width", 
            "center" : 47.909, 
            "width" : 1.725
        }, 
        "ground plane" : {
            "items" : 5, 
            "0" : "l", 
            "1" : "w", 
            "2" : "x", 
            "3" : "y", 
            "4" : "slots", 
            "l" : 80.159, 
            "w" : 99.232, 
            "x" : -0.869, 
            "y" : -0.699, 
            "slots" : {
                "items" : 4, 
                "0" : "elliptical", 
                "1" : "rectangular", 
                "2" : "triangular", 
                "3" : "polygonal", 
                "elliptical" : {
                    "items" : 0
                }, 
                "rectangular" : {
                    "items" : 1, 
                    "0" : {
                        "items" : 4, 
                        "0" : "x", 
                        "1" : "y", 
                        "2" : "l", 
                        "3" : "w", 
                        "x" : -0.008, 
                        "y" : 62.86, 
                        "z" : 0.0, 
                        "l" : 23.176, 
                        "w" : 4.263, 
                        "type" : "rectangular", 
                        "id" : "637070382475076736"
                    }
                }, 
                "triangular" : {
                    "items" : 2, 
                    "0" : {
                        "items" : 3, 
                        "0" : {
                            "items" : 2, 
                            "0" : "x", 
                            "1" : "y", 
                            "x" : -6.556, 
                            "y" : 12.86, 
                            "z" : 0.0
                        }, 
                        "1" : {
                            "items" : 2, 
                            "0" : "x", 
                            "1" : "y", 
                            "x" : 4.243, 
                            "y" : 30.017, 
                            "z" : 0.0
                        }, 
                        "2" : {
                            "items" : 2, 
                            "0" : "x", 
                            "1" : "y", 
                            "x" : 17.728, 
                            "y" : 4.299, 
                            "z" : 0.0
                        }, 
                        "type" : "triangular", 
                        "id" : "637070385744001024"
                    }, 
                    "1" : {
                        "items" : 3, 
                        "0" : {
                            "items" : 2, 
                            "0" : "x", 
                            "1" : "y", 
                            "x" : 54.802, 
                            "y" : 4.854, 
                            "z" : 0.0
                        }, 
                        "1" : {
                            "items" : 2, 
                            "0" : "x", 
                            "1" : "y", 
                            "x" : 65.195, 
                            "y" : 14.426, 
                            "z" : 0.0
                        }, 
                        "2" : {
                            "items" : 2, 
                            "0" : "x", 
                            "1" : "y", 
                            "x" : 76.951, 
                            "y" : -8.939, 
                            "z" : 0.0
                        }, 
                        "type" : "triangular", 
                        "id" : "637070387908870016"
                    }
                }, 
                "polygonal" : {
                    "items" : 0
                }
            }
        }, 
        "radiating plane" : {
            "items" : 5, 
            "0" : "l", 
            "1" : "w", 
            "2" : "x", 
            "3" : "y", 
            "4" : "slots", 
            "l" : 76.438, 
            "w" : 98.064, 
            "x" : 1.06, 
            "y" : 4.973, 
            "slots" : {
                "items" : 4, 
                "0" : "elliptical", 
                "1" : "rectangular", 
                "2" : "triangular", 
                "3" : "polygonal", 
                "elliptical" : {
                    "items" : 0
                }, 
                "rectangular" : {
                    "items" : 1, 
                    "0" : {
                        "items" : 4, 
                        "0" : "x", 
                        "1" : "y", 
                        "2" : "l", 
                        "3" : "w", 
                        "x" : 13.833, 
                        "y" : 74.127, 
                        "z" : 1.6, 
                        "l" : 1.642, 
                        "w" : 0.693, 
                        "type" : "rectangular", 
                        "id" : "637070385744011136"
                    }
                }, 
                "triangular" : {
                    "items" : 0
                }, 
                "polygonal" : {
                    "items" : 0
                }
            }
        }, 
        "substrate" : {
            "items" : 4, 
            "0" : "l", 
            "1" : "w", 
            "2" : "x", 
            "3" : "h", 
            "l" : 80.159, 
            "w" : 103.78599999999999, 
            "h" : 1.6, 
            "x" : -0.869, 
            "y" : -0.699, 
            "permitivitty" : 4.4, 
            "loss" : 0.02, 
            "name" : "FR4"
        }
    }, 
    "fitness" : {
        "items" : 1, 
        "0" : "final", 
        "1" : "freq", 
        "lower" : 0.0, 
        "desired" : 0.9312987979376646, 
        "upper" : 0.0, 
        "area" : 0.8783745206290448, 
        "freq" : 0.6519091585563651, 
        "final" : 1.1662881179905682, 
        "dir" : "C:\\Users\\project\\0. My Work\\1. Repositories\\1. Very Unfriendly Train\\Data\\Simulations\\637070382283102848_Primary\\637070387909039232_5\\5.out", 
        "f0" : 0.9654682269027389, 
        "g0" : 0.447781495317643, 
        "f1" : 0.013029810347827242, 
        "g1" : 0.4363180633071199
    }
}