{
    "geometry" : {
        "items" : 3, 
        "0" : "feed", 
        "1" : "ground plane", 
        "2" : "radiating plane", 
        "feed" : {
            "items" : 2, 
            "0" : "center", 
            "1" : "width", 
            "center" : 50.74, 
            "width" : 1.702
        }, 
        "ground plane" : {
            "items" : 5, 
            "0" : "l", 
            "1" : "w", 
            "2" : "x", 
            "3" : "y", 
            "4" : "slots", 
            "l" : 82.603, 
            "w" : 97.148, 
            "x" : -0.556, 
            "y" : -1.1, 
            "slots" : {
                "items" : 4, 
                "0" : "elliptical", 
                "1" : "rectangular", 
                "2" : "triangular", 
                "3" : "polygonal", 
                "elliptical" : {
                    "items" : 0
                }, 
                "rectangular" : {
                    "items" : 1, 
                    "0" : {
                        "items" : 4, 
                        "0" : "x", 
                        "1" : "y", 
                        "2" : "l", 
                        "3" : "w", 
                        "x" : 8.09, 
                        "y" : 10.333, 
                        "z" : 0.0, 
                        "l" : 12.489, 
                        "w" : 18.094, 
                        "type" : "rectangular", 
                        "id" : "637070404596370176"
                    }
                }, 
                "triangular" : {
                    "items" : 3, 
                    "0" : {
                        "items" : 3, 
                        "0" : {
                            "items" : 2, 
                            "0" : "x", 
                            "1" : "y", 
                            "x" : 14.486, 
                            "y" : 91.111, 
                            "z" : 0.0
                        }, 
                        "1" : {
                            "items" : 2, 
                            "0" : "x", 
                            "1" : "y", 
                            "x" : 0.626, 
                            "y" : 83.883, 
                            "z" : 0.0
                        }, 
                        "2" : {
                            "items" : 2, 
                            "0" : "x", 
                            "1" : "y", 
                            "x" : -0.193, 
                            "y" : 74.557, 
                            "z" : 0.0
                        }, 
                        "type" : "triangular", 
                        "id" : "637070401501719040"
                    }, 
                    "1" : {
                        "items" : 3, 
                        "0" : {
                            "items" : 2, 
                            "0" : "x", 
                            "1" : "y", 
                            "x" : 39.052, 
                            "y" : -6.699, 
                            "z" : 0.0
                        }, 
                        "1" : {
                            "items" : 2, 
                            "0" : "x", 
                            "1" : "y", 
                            "x" : 46.538, 
                            "y" : 4.434, 
                            "z" : 0.0
                        }, 
                        "2" : {
                            "items" : 2, 
                            "0" : "x", 
                            "1" : "y", 
                            "x" : 39.654, 
                            "y" : 14.237, 
                            "z" : 0.0
                        }, 
                        "type" : "triangular", 
                        "id" : "637070403002396800"
                    }, 
                    "2" : {
                        "items" : 3, 
                        "0" : {
                            "items" : 2, 
                            "0" : "x", 
                            "1" : "y", 
                            "x" : 42.165, 
                            "y" : 27.429, 
                            "z" : 0.0
                        }, 
                        "1" : {
                            "items" : 2, 
                            "0" : "x", 
                            "1" : "y", 
                            "x" : 56.936, 
                            "y" : 31.207, 
                            "z" : 0.0
                        }, 
                        "2" : {
                            "items" : 2, 
                            "0" : "x", 
                            "1" : "y", 
                            "x" : 53.148, 
                            "y" : 19.088, 
                            "z" : 0.0
                        }, 
                        "type" : "triangular", 
                        "id" : "637070408307873280"
                    }
                }, 
                "polygonal" : {
                    "items" : 0
                }
            }
        }, 
        "radiating plane" : {
            "items" : 5, 
            "0" : "l", 
            "1" : "w", 
            "2" : "x", 
            "3" : "y", 
            "4" : "slots", 
            "l" : 72.406, 
            "w" : 96.454, 
            "x" : 5.096, 
            "y" : 3.52, 
            "slots" : {
                "items" : 4, 
                "0" : "elliptical", 
                "1" : "rectangular", 
                "2" : "triangular", 
                "3" : "polygonal", 
                "elliptical" : {
                    "items" : 0
                }, 
                "rectangular" : {
                    "items" : 0
                }, 
                "triangular" : {
                    "items" : 0
                }, 
                "polygonal" : {
                    "items" : 0
                }
            }
        }, 
        "substrate" : {
            "items" : 4, 
            "0" : "l", 
            "1" : "w", 
            "2" : "x", 
            "3" : "h", 
            "l" : 82.603, 
            "w" : 101.12399999999998, 
            "h" : 1.6, 
            "x" : -0.556, 
            "y" : -1.1, 
            "permitivitty" : 4.4, 
            "loss" : 0.02, 
            "name" : "FR4"
        }
    }, 
    "fitness" : {
        "items" : 1, 
        "0" : "final", 
        "1" : "freq", 
        "lower" : 0.0, 
        "desired" : 0.7718469031901569, 
        "upper" : 0.0, 
        "area" : 0.8819393599374873, 
        "freq" : 0.5402928322331098, 
        "final" : 1.0485160950197883, 
        "dir" : "C:\\Users\\project\\0. My Work\\1. Repositories\\1. Very Unfriendly Train\\Data\\Simulations\\637070401298185856_Primary\\637070408307963392_7\\7.out", 
        "f0" : 0.9482503067761101, 
        "g0" : 0.31095115515690824, 
        "f1" : 0.0022550324583005903, 
        "g1" : 0.28223731198899504
    }
}