{
    "geometry" : {
        "items" : 3, 
        "0" : "feed", 
        "1" : "ground plane", 
        "2" : "radiating plane", 
        "feed" : {
            "items" : 2, 
            "0" : "center", 
            "1" : "width", 
            "center" : 44.909, 
            "width" : 2.007
        }, 
        "ground plane" : {
            "items" : 5, 
            "0" : "l", 
            "1" : "w", 
            "2" : "x", 
            "3" : "y", 
            "4" : "slots", 
            "l" : 73.39, 
            "w" : 81.879, 
            "x" : -0.894, 
            "y" : 0.196, 
            "slots" : {
                "items" : 4, 
                "0" : "elliptical", 
                "1" : "rectangular", 
                "2" : "triangular", 
                "3" : "polygonal", 
                "elliptical" : {
                    "items" : 0
                }, 
                "rectangular" : {
                    "items" : 2, 
                    "0" : {
                        "items" : 4, 
                        "0" : "x", 
                        "1" : "y", 
                        "2" : "l", 
                        "3" : "w", 
                        "x" : 62.881, 
                        "y" : 69.842, 
                        "z" : 0.0, 
                        "l" : 10.681, 
                        "w" : 0.924, 
                        "type" : "rectangular", 
                        "id" : "637070443398784640"
                    }, 
                    "1" : {
                        "items" : 4, 
                        "0" : "x", 
                        "1" : "y", 
                        "2" : "l", 
                        "3" : "w", 
                        "x" : 17.238, 
                        "y" : 33.554, 
                        "z" : 0.0, 
                        "l" : 20.265, 
                        "w" : 1.346, 
                        "type" : "rectangular", 
                        "id" : "637070446067173888"
                    }
                }, 
                "triangular" : {
                    "items" : 2, 
                    "0" : {
                        "items" : 3, 
                        "0" : {
                            "items" : 2, 
                            "0" : "x", 
                            "1" : "y", 
                            "x" : 38.826, 
                            "y" : 40.009, 
                            "z" : 0.0
                        }, 
                        "1" : {
                            "items" : 2, 
                            "0" : "x", 
                            "1" : "y", 
                            "x" : 37.816, 
                            "y" : 67.251, 
                            "z" : 0.0
                        }, 
                        "2" : {
                            "items" : 2, 
                            "0" : "x", 
                            "1" : "y", 
                            "x" : 35.107, 
                            "y" : 45.264, 
                            "z" : 0.0
                        }, 
                        "type" : "triangular", 
                        "id" : "637070444694164864"
                    }, 
                    "1" : {
                        "items" : 3, 
                        "0" : {
                            "items" : 2, 
                            "0" : "x", 
                            "1" : "y", 
                            "x" : 20.403, 
                            "y" : 87.671, 
                            "z" : 0.0
                        }, 
                        "1" : {
                            "items" : 2, 
                            "0" : "x", 
                            "1" : "y", 
                            "x" : 33.961, 
                            "y" : 69.155, 
                            "z" : 0.0
                        }, 
                        "2" : {
                            "items" : 2, 
                            "0" : "x", 
                            "1" : "y", 
                            "x" : 9.548, 
                            "y" : 93.052, 
                            "z" : 0.0
                        }, 
                        "type" : "triangular", 
                        "id" : "637070448957504000"
                    }
                }, 
                "polygonal" : {
                    "items" : 0
                }
            }
        }, 
        "radiating plane" : {
            "items" : 5, 
            "0" : "l", 
            "1" : "w", 
            "2" : "x", 
            "3" : "y", 
            "4" : "slots", 
            "l" : 69.441, 
            "w" : 89.628, 
            "x" : 3.005, 
            "y" : 2.046, 
            "slots" : {
                "items" : 4, 
                "0" : "elliptical", 
                "1" : "rectangular", 
                "2" : "triangular", 
                "3" : "polygonal", 
                "elliptical" : {
                    "items" : 0
                }, 
                "rectangular" : {
                    "items" : 2, 
                    "0" : {
                        "items" : 4, 
                        "0" : "x", 
                        "1" : "y", 
                        "2" : "l", 
                        "3" : "w", 
                        "x" : 50.655, 
                        "y" : 82.237, 
                        "z" : 1.6, 
                        "l" : 0.246, 
                        "w" : 0.907, 
                        "type" : "rectangular", 
                        "id" : "637070446067183872"
                    }, 
                    "1" : {
                        "items" : 4, 
                        "0" : "x", 
                        "1" : "y", 
                        "2" : "l", 
                        "3" : "w", 
                        "x" : 60.689, 
                        "y" : 87.036, 
                        "z" : 1.6, 
                        "l" : 1.057, 
                        "w" : 0.65, 
                        "type" : "rectangular", 
                        "id" : "637070447401003520"
                    }
                }, 
                "triangular" : {
                    "items" : 0
                }, 
                "polygonal" : {
                    "items" : 0
                }
            }
        }, 
        "substrate" : {
            "items" : 4, 
            "0" : "l", 
            "1" : "w", 
            "2" : "x", 
            "3" : "h", 
            "l" : 73.39, 
            "w" : 91.528, 
            "h" : 1.6, 
            "x" : -0.894, 
            "y" : 0.196, 
            "permitivitty" : 4.4, 
            "loss" : 0.02, 
            "name" : "FR4"
        }
    }, 
    "fitness" : {
        "items" : 1, 
        "0" : "final", 
        "1" : "freq", 
        "lower" : 0.0, 
        "desired" : 1.5523038751125298, 
        "upper" : 0.0, 
        "area" : 0.7092176333674716, 
        "freq" : 1.0866127125787708, 
        "final" : 1.1144254418524033, 
        "dir" : "C:\\Users\\project\\0. My Work\\1. Repositories\\1. Very Unfriendly Train\\Data\\Simulations\\637070450870077696_Secondary\\637070457767181184_1\\1.out", 
        "f0" : 0.9672324451578116, 
        "g0" : 0.5757066520279966, 
        "f1" : 0.9904731314702595, 
        "g1" : 0.5711955215689917
    }
}