{
    "geometry" : {
        "items" : 3, 
        "0" : "feed", 
        "1" : "ground plane", 
        "2" : "radiating plane", 
        "feed" : {
            "items" : 2, 
            "0" : "center", 
            "1" : "width", 
            "center" : 50.218, 
            "width" : 1.686
        }, 
        "ground plane" : {
            "items" : 5, 
            "0" : "l", 
            "1" : "w", 
            "2" : "x", 
            "3" : "y", 
            "4" : "slots", 
            "l" : 79.627, 
            "w" : 102.642, 
            "x" : -0.812, 
            "y" : -0.81, 
            "slots" : {
                "items" : 4, 
                "0" : "elliptical", 
                "1" : "rectangular", 
                "2" : "triangular", 
                "3" : "polygonal", 
                "elliptical" : {
                    "items" : 0
                }, 
                "rectangular" : {
                    "items" : 2, 
                    "0" : {
                        "items" : 4, 
                        "0" : "x", 
                        "1" : "y", 
                        "2" : "l", 
                        "3" : "w", 
                        "x" : -11.361, 
                        "y" : 63.375, 
                        "z" : 0.0, 
                        "l" : 20.964, 
                        "w" : 0.105, 
                        "type" : "rectangular", 
                        "id" : "637070382475076736"
                    }, 
                    "1" : {
                        "items" : 4, 
                        "0" : "x", 
                        "1" : "y", 
                        "2" : "l", 
                        "3" : "w", 
                        "x" : 45.541, 
                        "y" : 22.005, 
                        "z" : 0.0, 
                        "l" : 10.818, 
                        "w" : 12.92, 
                        "type" : "rectangular", 
                        "id" : "637070385744100480"
                    }
                }, 
                "triangular" : {
                    "items" : 0
                }, 
                "polygonal" : {
                    "items" : 0
                }
            }
        }, 
        "radiating plane" : {
            "items" : 5, 
            "0" : "l", 
            "1" : "w", 
            "2" : "x", 
            "3" : "y", 
            "4" : "slots", 
            "l" : 76.486, 
            "w" : 98.713, 
            "x" : 2.279, 
            "y" : 3.643, 
            "slots" : {
                "items" : 4, 
                "0" : "elliptical", 
                "1" : "rectangular", 
                "2" : "triangular", 
                "3" : "polygonal", 
                "elliptical" : {
                    "items" : 0
                }, 
                "rectangular" : {
                    "items" : 0
                }, 
                "triangular" : {
                    "items" : 1, 
                    "0" : {
                        "items" : 3, 
                        "0" : {
                            "items" : 2, 
                            "0" : "x", 
                            "1" : "y", 
                            "x" : 34.934, 
                            "y" : 8.522, 
                            "z" : 1.6
                        }, 
                        "1" : {
                            "items" : 2, 
                            "0" : "x", 
                            "1" : "y", 
                            "x" : 32.245, 
                            "y" : 7.859, 
                            "z" : 1.6
                        }, 
                        "2" : {
                            "items" : 2, 
                            "0" : "x", 
                            "1" : "y", 
                            "x" : 34.103, 
                            "y" : 7.869, 
                            "z" : 1.6
                        }, 
                        "type" : "triangular", 
                        "id" : "637070385744100480"
                    }
                }, 
                "polygonal" : {
                    "items" : 0
                }
            }
        }, 
        "substrate" : {
            "items" : 4, 
            "0" : "l", 
            "1" : "w", 
            "2" : "x", 
            "3" : "h", 
            "l" : 79.627, 
            "w" : 103.216, 
            "h" : 1.6, 
            "x" : -0.812, 
            "y" : -0.81, 
            "permitivitty" : 4.4, 
            "loss" : 0.02, 
            "name" : "FR4"
        }
    }, 
    "fitness" : {
        "items" : 1, 
        "0" : "final", 
        "1" : "freq", 
        "lower" : 0.0, 
        "desired" : 1.1051270020616024, 
        "upper" : 0.0, 
        "area" : 0.8677528384530181, 
        "freq" : 0.7735889014431216, 
        "final" : 1.2784041152408385, 
        "dir" : "C:\\Users\\project\\0. My Work\\1. Repositories\\1. Very Unfriendly Train\\Data\\Simulations\\637070382283102848_Primary\\637070385744160384_8\\8.out", 
        "f0" : 0.2671364412318178, 
        "g0" : 0.5120319990620779, 
        "f1" : 0.9267450944649448, 
        "g1" : 0.5043404693643644
    }
}