{
    "geometry" : {
        "items" : 3, 
        "0" : "feed", 
        "1" : "ground plane", 
        "2" : "radiating plane", 
        "feed" : {
            "items" : 2, 
            "0" : "center", 
            "1" : "width", 
            "center" : 52.291, 
            "width" : 1.83
        }, 
        "ground plane" : {
            "items" : 5, 
            "0" : "l", 
            "1" : "w", 
            "2" : "x", 
            "3" : "y", 
            "4" : "slots", 
            "l" : 84.244, 
            "w" : 105.852, 
            "x" : -1.762, 
            "y" : 0.052, 
            "slots" : {
                "items" : 4, 
                "0" : "elliptical", 
                "1" : "rectangular", 
                "2" : "triangular", 
                "3" : "polygonal", 
                "elliptical" : {
                    "items" : 0
                }, 
                "rectangular" : {
                    "items" : 2, 
                    "0" : {
                        "items" : 4, 
                        "0" : "x", 
                        "1" : "y", 
                        "2" : "l", 
                        "3" : "w", 
                        "x" : 11.806, 
                        "y" : 93.701, 
                        "z" : 0.0, 
                        "l" : 12.203, 
                        "w" : 6.313, 
                        "type" : "rectangular", 
                        "id" : "637070413358924672"
                    }, 
                    "1" : {
                        "items" : 4, 
                        "0" : "x", 
                        "1" : "y", 
                        "2" : "l", 
                        "3" : "w", 
                        "x" : 41.136, 
                        "y" : 52.261, 
                        "z" : 0.0, 
                        "l" : 20.354, 
                        "w" : 30.033, 
                        "type" : "rectangular", 
                        "id" : "637070416111698560"
                    }
                }, 
                "triangular" : {
                    "items" : 1, 
                    "0" : {
                        "items" : 3, 
                        "0" : {
                            "items" : 2, 
                            "0" : "x", 
                            "1" : "y", 
                            "x" : 41.305, 
                            "y" : 57.293, 
                            "z" : 0.0
                        }, 
                        "1" : {
                            "items" : 2, 
                            "0" : "x", 
                            "1" : "y", 
                            "x" : 37.928, 
                            "y" : 57.222, 
                            "z" : 0.0
                        }, 
                        "2" : {
                            "items" : 2, 
                            "0" : "x", 
                            "1" : "y", 
                            "x" : 47.619, 
                            "y" : 38.598, 
                            "z" : 0.0
                        }, 
                        "type" : "triangular", 
                        "id" : "637070414725494656"
                    }
                }, 
                "polygonal" : {
                    "items" : 0
                }
            }
        }, 
        "radiating plane" : {
            "items" : 5, 
            "0" : "l", 
            "1" : "w", 
            "2" : "x", 
            "3" : "y", 
            "4" : "slots", 
            "l" : 74.409, 
            "w" : 97.613, 
            "x" : 5.113, 
            "y" : 3.713, 
            "slots" : {
                "items" : 4, 
                "0" : "elliptical", 
                "1" : "rectangular", 
                "2" : "triangular", 
                "3" : "polygonal", 
                "elliptical" : {
                    "items" : 0
                }, 
                "rectangular" : {
                    "items" : 2, 
                    "0" : {
                        "items" : 4, 
                        "0" : "x", 
                        "1" : "y", 
                        "2" : "l", 
                        "3" : "w", 
                        "x" : 42.389, 
                        "y" : 6.877, 
                        "z" : 1.6, 
                        "l" : 0.821, 
                        "w" : 0.804, 
                        "type" : "rectangular", 
                        "id" : "637070414725504640"
                    }, 
                    "1" : {
                        "items" : 4, 
                        "0" : "x", 
                        "1" : "y", 
                        "2" : "l", 
                        "3" : "w", 
                        "x" : 2.965, 
                        "y" : 7.44, 
                        "z" : 1.6, 
                        "l" : 2.845, 
                        "w" : 1.926, 
                        "type" : "rectangular", 
                        "id" : "637070416111708416"
                    }
                }, 
                "triangular" : {
                    "items" : 0
                }, 
                "polygonal" : {
                    "items" : 0
                }
            }
        }, 
        "substrate" : {
            "items" : 4, 
            "0" : "l", 
            "1" : "w", 
            "2" : "x", 
            "3" : "h", 
            "l" : 84.244, 
            "w" : 105.852, 
            "h" : 1.6, 
            "x" : -1.762, 
            "y" : 0.052, 
            "permitivitty" : 4.4, 
            "loss" : 0.02, 
            "name" : "FR4"
        }
    }, 
    "fitness" : {
        "items" : 1, 
        "0" : "final", 
        "1" : "freq", 
        "lower" : 0.0, 
        "desired" : 1.5018775627902807, 
        "upper" : 0.0, 
        "area" : 0.9415138483676763, 
        "freq" : 1.0513142939531965, 
        "final" : 1.7521432709063518, 
        "dir" : "C:\\Users\\project\\0. My Work\\1. Repositories\\1. Very Unfriendly Train\\Data\\Simulations\\637070413173638912_Primary\\637070416111887872_5\\5.out", 
        "f0" : 0.9944489408055143, 
        "g0" : 0.5103204434932576, 
        "f1" : 0.9946110435924188, 
        "g1" : 0.5043746976893707
    }
}