{
    "geometry" : {
        "items" : 3, 
        "0" : "feed", 
        "1" : "ground plane", 
        "2" : "radiating plane", 
        "feed" : {
            "items" : 2, 
            "0" : "center", 
            "1" : "width", 
            "center" : 53.255, 
            "width" : 1.653
        }, 
        "ground plane" : {
            "items" : 5, 
            "0" : "l", 
            "1" : "w", 
            "2" : "x", 
            "3" : "y", 
            "4" : "slots", 
            "l" : 83.224, 
            "w" : 108.133, 
            "x" : -0.443, 
            "y" : -0.709, 
            "slots" : {
                "items" : 4, 
                "0" : "elliptical", 
                "1" : "rectangular", 
                "2" : "triangular", 
                "3" : "polygonal", 
                "elliptical" : {
                    "items" : 0
                }, 
                "rectangular" : {
                    "items" : 2, 
                    "0" : {
                        "items" : 4, 
                        "0" : "x", 
                        "1" : "y", 
                        "2" : "l", 
                        "3" : "w", 
                        "x" : 21.712, 
                        "y" : 92.57, 
                        "z" : 0.0, 
                        "l" : 2.307, 
                        "w" : 21.89, 
                        "type" : "rectangular", 
                        "id" : "637070427151781504"
                    }, 
                    "1" : {
                        "items" : 4, 
                        "0" : "x", 
                        "1" : "y", 
                        "2" : "l", 
                        "3" : "w", 
                        "x" : 72.262, 
                        "y" : 56.684, 
                        "z" : 0.0, 
                        "l" : 17.025, 
                        "w" : 3.056, 
                        "type" : "rectangular", 
                        "id" : "637070436923029760"
                    }
                }, 
                "triangular" : {
                    "items" : 0
                }, 
                "polygonal" : {
                    "items" : 0
                }
            }
        }, 
        "radiating plane" : {
            "items" : 5, 
            "0" : "l", 
            "1" : "w", 
            "2" : "x", 
            "3" : "y", 
            "4" : "slots", 
            "l" : 73.914, 
            "w" : 96.475, 
            "x" : 3.421, 
            "y" : 4.009, 
            "slots" : {
                "items" : 4, 
                "0" : "elliptical", 
                "1" : "rectangular", 
                "2" : "triangular", 
                "3" : "polygonal", 
                "elliptical" : {
                    "items" : 0
                }, 
                "rectangular" : {
                    "items" : 0
                }, 
                "triangular" : {
                    "items" : 2, 
                    "0" : {
                        "items" : 3, 
                        "0" : {
                            "items" : 2, 
                            "0" : "x", 
                            "1" : "y", 
                            "x" : 45.315, 
                            "y" : 89.014, 
                            "z" : 1.6
                        }, 
                        "1" : {
                            "items" : 2, 
                            "0" : "x", 
                            "1" : "y", 
                            "x" : 44.34, 
                            "y" : 89.718, 
                            "z" : 1.6
                        }, 
                        "2" : {
                            "items" : 2, 
                            "0" : "x", 
                            "1" : "y", 
                            "x" : 44.563, 
                            "y" : 90.03, 
                            "z" : 1.6
                        }, 
                        "type" : "triangular", 
                        "id" : "637070427151781504"
                    }, 
                    "1" : {
                        "items" : 3, 
                        "0" : {
                            "items" : 2, 
                            "0" : "x", 
                            "1" : "y", 
                            "x" : 50.595, 
                            "y" : 29.551, 
                            "z" : 1.6
                        }, 
                        "1" : {
                            "items" : 2, 
                            "0" : "x", 
                            "1" : "y", 
                            "x" : 50.476, 
                            "y" : 30.493, 
                            "z" : 1.6
                        }, 
                        "2" : {
                            "items" : 2, 
                            "0" : "x", 
                            "1" : "y", 
                            "x" : 50.178, 
                            "y" : 29.587, 
                            "z" : 1.6
                        }, 
                        "type" : "triangular", 
                        "id" : "637070436923039872"
                    }
                }, 
                "polygonal" : {
                    "items" : 0
                }
            }
        }, 
        "substrate" : {
            "items" : 4, 
            "0" : "l", 
            "1" : "w", 
            "2" : "x", 
            "3" : "h", 
            "l" : 83.224, 
            "w" : 108.133, 
            "h" : 1.6, 
            "x" : -0.443, 
            "y" : -0.709, 
            "permitivitty" : 4.4, 
            "loss" : 0.02, 
            "name" : "FR4"
        }
    }, 
    "fitness" : {
        "items" : 1, 
        "0" : "final", 
        "1" : "freq", 
        "lower" : 0.0, 
        "desired" : 1.250739870248012, 
        "upper" : 0.0, 
        "area" : 0.9501572843863698, 
        "freq" : 0.8755179091736083, 
        "final" : 1.5562366220669226, 
        "dir" : "C:\\Users\\project\\0. My Work\\1. Repositories\\1. Very Unfriendly Train\\Data\\Simulations\\637070426968740608_Primary\\637070436923318912_0\\0.out", 
        "f0" : 0.9894650554650476, 
        "g0" : 0.3393242085159485, 
        "f1" : 0.8616743427836047, 
        "g1" : 0.3110161337314229
    }
}