{
    "geometry" : {
        "items" : 3, 
        "0" : "feed", 
        "1" : "ground plane", 
        "2" : "radiating plane", 
        "feed" : {
            "items" : 2, 
            "0" : "center", 
            "1" : "width", 
            "center" : 39.571, 
            "width" : 2.099
        }, 
        "ground plane" : {
            "items" : 5, 
            "0" : "l", 
            "1" : "w", 
            "2" : "x", 
            "3" : "y", 
            "4" : "slots", 
            "l" : 69.561, 
            "w" : 79.058, 
            "x" : -1.522, 
            "y" : -0.991, 
            "slots" : {
                "items" : 4, 
                "0" : "elliptical", 
                "1" : "rectangular", 
                "2" : "triangular", 
                "3" : "polygonal", 
                "elliptical" : {
                    "items" : 0
                }, 
                "rectangular" : {
                    "items" : 2, 
                    "0" : {
                        "items" : 4, 
                        "0" : "x", 
                        "1" : "y", 
                        "2" : "l", 
                        "3" : "w", 
                        "x" : 56.162, 
                        "y" : 76.97, 
                        "z" : 0.0, 
                        "l" : 12.054, 
                        "w" : 1.997, 
                        "type" : "rectangular", 
                        "id" : "637070443398784640"
                    }, 
                    "1" : {
                        "items" : 4, 
                        "0" : "x", 
                        "1" : "y", 
                        "2" : "l", 
                        "3" : "w", 
                        "x" : 21.648, 
                        "y" : 30.29, 
                        "z" : 0.0, 
                        "l" : 16.465, 
                        "w" : 4.96, 
                        "type" : "rectangular", 
                        "id" : "637070446067173888"
                    }
                }, 
                "triangular" : {
                    "items" : 2, 
                    "0" : {
                        "items" : 3, 
                        "0" : {
                            "items" : 2, 
                            "0" : "x", 
                            "1" : "y", 
                            "x" : 36.738, 
                            "y" : 39.206, 
                            "z" : 0.0
                        }, 
                        "1" : {
                            "items" : 2, 
                            "0" : "x", 
                            "1" : "y", 
                            "x" : 42.389, 
                            "y" : 61.794, 
                            "z" : 0.0
                        }, 
                        "2" : {
                            "items" : 2, 
                            "0" : "x", 
                            "1" : "y", 
                            "x" : 35.437, 
                            "y" : 43.934, 
                            "z" : 0.0
                        }, 
                        "type" : "triangular", 
                        "id" : "637070444694164864"
                    }, 
                    "1" : {
                        "items" : 3, 
                        "0" : {
                            "items" : 2, 
                            "0" : "x", 
                            "1" : "y", 
                            "x" : 24.917, 
                            "y" : 84.604, 
                            "z" : 0.0
                        }, 
                        "1" : {
                            "items" : 2, 
                            "0" : "x", 
                            "1" : "y", 
                            "x" : 34.083, 
                            "y" : 63.806, 
                            "z" : 0.0
                        }, 
                        "2" : {
                            "items" : 2, 
                            "0" : "x", 
                            "1" : "y", 
                            "x" : 14.248, 
                            "y" : 96.154, 
                            "z" : 0.0
                        }, 
                        "type" : "triangular", 
                        "id" : "637070448957504000"
                    }
                }, 
                "polygonal" : {
                    "items" : 0
                }
            }
        }, 
        "radiating plane" : {
            "items" : 5, 
            "0" : "l", 
            "1" : "w", 
            "2" : "x", 
            "3" : "y", 
            "4" : "slots", 
            "l" : 64.702, 
            "w" : 84.4, 
            "x" : 3.102, 
            "y" : 0.357, 
            "slots" : {
                "items" : 4, 
                "0" : "elliptical", 
                "1" : "rectangular", 
                "2" : "triangular", 
                "3" : "polygonal", 
                "elliptical" : {
                    "items" : 0
                }, 
                "rectangular" : {
                    "items" : 2, 
                    "0" : {
                        "items" : 4, 
                        "0" : "x", 
                        "1" : "y", 
                        "2" : "l", 
                        "3" : "w", 
                        "x" : 49.596, 
                        "y" : 81.043, 
                        "z" : 1.6, 
                        "l" : 0.46, 
                        "w" : 3.101, 
                        "type" : "rectangular", 
                        "id" : "637070446067183872"
                    }, 
                    "1" : {
                        "items" : 4, 
                        "0" : "x", 
                        "1" : "y", 
                        "2" : "l", 
                        "3" : "w", 
                        "x" : 63.008, 
                        "y" : 89.154, 
                        "z" : 1.6, 
                        "l" : 0.908, 
                        "w" : 2.071, 
                        "type" : "rectangular", 
                        "id" : "637070447401003520"
                    }
                }, 
                "triangular" : {
                    "items" : 0
                }, 
                "polygonal" : {
                    "items" : 0
                }
            }
        }, 
        "substrate" : {
            "items" : 4, 
            "0" : "l", 
            "1" : "w", 
            "2" : "x", 
            "3" : "h", 
            "l" : 69.561, 
            "w" : 85.798, 
            "h" : 1.6, 
            "x" : -1.522, 
            "y" : -0.991, 
            "permitivitty" : 4.4, 
            "loss" : 0.02, 
            "name" : "FR4"
        }
    }, 
    "fitness" : {
        "items" : 1, 
        "0" : "final", 
        "1" : "freq", 
        "lower" : 0.0, 
        "desired" : 1.512962117503095, 
        "upper" : 0.0, 
        "area" : 0.630132160741327, 
        "freq" : 1.0590734822521664, 
        "final" : 0.8568651126702312, 
        "dir" : "C:\\Users\\project\\0. My Work\\1. Repositories\\1. Very Unfriendly Train\\Data\\Simulations\\637070450870077696_Secondary\\637070467503619200_5\\5.out", 
        "f0" : 0.9881245244742833, 
        "g0" : 0.575431292459055, 
        "f1" : 0.8995950612489226, 
        "g1" : 0.5627733568239289
    }
}