{
    "geometry" : {
        "items" : 3, 
        "0" : "feed", 
        "1" : "ground plane", 
        "2" : "radiating plane", 
        "feed" : {
            "items" : 2, 
            "0" : "center", 
            "1" : "width", 
            "center" : 39.652, 
            "width" : 2.141
        }, 
        "ground plane" : {
            "items" : 5, 
            "0" : "l", 
            "1" : "w", 
            "2" : "x", 
            "3" : "y", 
            "4" : "slots", 
            "l" : 69.53699999999999, 
            "w" : 83.322, 
            "x" : -1.559, 
            "y" : -0.939, 
            "slots" : {
                "items" : 4, 
                "0" : "elliptical", 
                "1" : "rectangular", 
                "2" : "triangular", 
                "3" : "polygonal", 
                "elliptical" : {
                    "items" : 0
                }, 
                "rectangular" : {
                    "items" : 2, 
                    "0" : {
                        "items" : 4, 
                        "0" : "x", 
                        "1" : "y", 
                        "2" : "l", 
                        "3" : "w", 
                        "x" : 55.881, 
                        "y" : 74.068, 
                        "z" : 0.0, 
                        "l" : 8.382, 
                        "w" : 0.959, 
                        "type" : "rectangular", 
                        "id" : "637070443398784640"
                    }, 
                    "1" : {
                        "items" : 4, 
                        "0" : "x", 
                        "1" : "y", 
                        "2" : "l", 
                        "3" : "w", 
                        "x" : 21.803, 
                        "y" : 39.646, 
                        "z" : 0.0, 
                        "l" : 22.308, 
                        "w" : 1.96, 
                        "type" : "rectangular", 
                        "id" : "637070446067173888"
                    }
                }, 
                "triangular" : {
                    "items" : 2, 
                    "0" : {
                        "items" : 3, 
                        "0" : {
                            "items" : 2, 
                            "0" : "x", 
                            "1" : "y", 
                            "x" : 40.953, 
                            "y" : 43.668, 
                            "z" : 0.0
                        }, 
                        "1" : {
                            "items" : 2, 
                            "0" : "x", 
                            "1" : "y", 
                            "x" : 40.004, 
                            "y" : 56.911, 
                            "z" : 0.0
                        }, 
                        "2" : {
                            "items" : 2, 
                            "0" : "x", 
                            "1" : "y", 
                            "x" : 34.777, 
                            "y" : 45.732, 
                            "z" : 0.0
                        }, 
                        "type" : "triangular", 
                        "id" : "637070444694164864"
                    }, 
                    "1" : {
                        "items" : 3, 
                        "0" : {
                            "items" : 2, 
                            "0" : "x", 
                            "1" : "y", 
                            "x" : 21.177, 
                            "y" : 81.14, 
                            "z" : 0.0
                        }, 
                        "1" : {
                            "items" : 2, 
                            "0" : "x", 
                            "1" : "y", 
                            "x" : 34.323, 
                            "y" : 66.626, 
                            "z" : 0.0
                        }, 
                        "2" : {
                            "items" : 2, 
                            "0" : "x", 
                            "1" : "y", 
                            "x" : 10.608, 
                            "y" : 95.845, 
                            "z" : 0.0
                        }, 
                        "type" : "triangular", 
                        "id" : "637070448957504000"
                    }
                }, 
                "polygonal" : {
                    "items" : 0
                }
            }
        }, 
        "radiating plane" : {
            "items" : 5, 
            "0" : "l", 
            "1" : "w", 
            "2" : "x", 
            "3" : "y", 
            "4" : "slots", 
            "l" : 64.094, 
            "w" : 84.533, 
            "x" : 3.834, 
            "y" : -0.191, 
            "slots" : {
                "items" : 4, 
                "0" : "elliptical", 
                "1" : "rectangular", 
                "2" : "triangular", 
                "3" : "polygonal", 
                "elliptical" : {
                    "items" : 0
                }, 
                "rectangular" : {
                    "items" : 2, 
                    "0" : {
                        "items" : 4, 
                        "0" : "x", 
                        "1" : "y", 
                        "2" : "l", 
                        "3" : "w", 
                        "x" : 50.319, 
                        "y" : 83.028, 
                        "z" : 1.6, 
                        "l" : 2.041, 
                        "w" : 3.89, 
                        "type" : "rectangular", 
                        "id" : "637070446067183872"
                    }, 
                    "1" : {
                        "items" : 4, 
                        "0" : "x", 
                        "1" : "y", 
                        "2" : "l", 
                        "3" : "w", 
                        "x" : 61.324, 
                        "y" : 89.554, 
                        "z" : 1.6, 
                        "l" : 0.961, 
                        "w" : 0.9, 
                        "type" : "rectangular", 
                        "id" : "637070447401003520"
                    }
                }, 
                "triangular" : {
                    "items" : 0
                }, 
                "polygonal" : {
                    "items" : 0
                }
            }
        }, 
        "substrate" : {
            "items" : 4, 
            "0" : "l", 
            "1" : "w", 
            "2" : "x", 
            "3" : "h", 
            "l" : 69.53699999999999, 
            "w" : 85.33099999999999, 
            "h" : 1.6, 
            "x" : -1.559, 
            "y" : -0.939, 
            "permitivitty" : 4.4, 
            "loss" : 0.02, 
            "name" : "FR4"
        }
    }, 
    "fitness" : {
        "items" : 1, 
        "0" : "final", 
        "1" : "freq", 
        "lower" : 0.0, 
        "desired" : 1.5320531262006034, 
        "upper" : 0.0, 
        "area" : 0.6264861150605493, 
        "freq" : 1.0724371883404222, 
        "final" : 0.8558716305783908, 
        "dir" : "C:\\Users\\project\\0. My Work\\1. Repositories\\1. Very Unfriendly Train\\Data\\Simulations\\637070450870077696_Secondary\\637070467503619200_0\\0.out", 
        "f0" : 0.9933062626098538, 
        "g0" : 0.5459508454179209, 
        "f1" : 0.9893820367863131, 
        "g1" : 0.535467107587119
    }
}