{
    "geometry" : {
        "items" : 3, 
        "0" : "feed", 
        "1" : "ground plane", 
        "2" : "radiating plane", 
        "feed" : {
            "items" : 2, 
            "0" : "center", 
            "1" : "width", 
            "center" : 50.409, 
            "width" : 1.727
        }, 
        "ground plane" : {
            "items" : 5, 
            "0" : "l", 
            "1" : "w", 
            "2" : "x", 
            "3" : "y", 
            "4" : "slots", 
            "l" : 83.735, 
            "w" : 96.275, 
            "x" : -0.471, 
            "y" : -1.01, 
            "slots" : {
                "items" : 4, 
                "0" : "elliptical", 
                "1" : "rectangular", 
                "2" : "triangular", 
                "3" : "polygonal", 
                "elliptical" : {
                    "items" : 0
                }, 
                "rectangular" : {
                    "items" : 2, 
                    "0" : {
                        "items" : 4, 
                        "0" : "x", 
                        "1" : "y", 
                        "2" : "l", 
                        "3" : "w", 
                        "x" : 5.529, 
                        "y" : 16.436, 
                        "z" : 0.0, 
                        "l" : 10.65, 
                        "w" : 13.052, 
                        "type" : "rectangular", 
                        "id" : "637070404596370176"
                    }, 
                    "1" : {
                        "items" : 4, 
                        "0" : "x", 
                        "1" : "y", 
                        "2" : "l", 
                        "3" : "w", 
                        "x" : 17.107, 
                        "y" : 78.198, 
                        "z" : 0.0, 
                        "l" : 0.851, 
                        "w" : 4.702, 
                        "type" : "rectangular", 
                        "id" : "637070408307803776"
                    }
                }, 
                "triangular" : {
                    "items" : 2, 
                    "0" : {
                        "items" : 3, 
                        "0" : {
                            "items" : 2, 
                            "0" : "x", 
                            "1" : "y", 
                            "x" : 20.561, 
                            "y" : 86.545, 
                            "z" : 0.0
                        }, 
                        "1" : {
                            "items" : 2, 
                            "0" : "x", 
                            "1" : "y", 
                            "x" : -3.619, 
                            "y" : 79.313, 
                            "z" : 0.0
                        }, 
                        "2" : {
                            "items" : 2, 
                            "0" : "x", 
                            "1" : "y", 
                            "x" : 2.992, 
                            "y" : 76.735, 
                            "z" : 0.0
                        }, 
                        "type" : "triangular", 
                        "id" : "637070401501719040"
                    }, 
                    "1" : {
                        "items" : 3, 
                        "0" : {
                            "items" : 2, 
                            "0" : "x", 
                            "1" : "y", 
                            "x" : 39.088, 
                            "y" : -5.1, 
                            "z" : 0.0
                        }, 
                        "1" : {
                            "items" : 2, 
                            "0" : "x", 
                            "1" : "y", 
                            "x" : 46.144, 
                            "y" : 5.98, 
                            "z" : 0.0
                        }, 
                        "2" : {
                            "items" : 2, 
                            "0" : "x", 
                            "1" : "y", 
                            "x" : 34.399, 
                            "y" : 13.773, 
                            "z" : 0.0
                        }, 
                        "type" : "triangular", 
                        "id" : "637070403002396800"
                    }
                }, 
                "polygonal" : {
                    "items" : 0
                }
            }
        }, 
        "radiating plane" : {
            "items" : 5, 
            "0" : "l", 
            "1" : "w", 
            "2" : "x", 
            "3" : "y", 
            "4" : "slots", 
            "l" : 72.523, 
            "w" : 98.294, 
            "x" : 5.021, 
            "y" : 3.077, 
            "slots" : {
                "items" : 4, 
                "0" : "elliptical", 
                "1" : "rectangular", 
                "2" : "triangular", 
                "3" : "polygonal", 
                "elliptical" : {
                    "items" : 0
                }, 
                "rectangular" : {
                    "items" : 1, 
                    "0" : {
                        "items" : 4, 
                        "0" : "x", 
                        "1" : "y", 
                        "2" : "l", 
                        "3" : "w", 
                        "x" : 6.621, 
                        "y" : 74.124, 
                        "z" : 1.6, 
                        "l" : 2.802, 
                        "w" : 2.356, 
                        "type" : "rectangular", 
                        "id" : "637070408307803776"
                    }
                }, 
                "triangular" : {
                    "items" : 0
                }, 
                "polygonal" : {
                    "items" : 0
                }
            }
        }, 
        "substrate" : {
            "items" : 4, 
            "0" : "l", 
            "1" : "w", 
            "2" : "x", 
            "3" : "h", 
            "l" : 83.735, 
            "w" : 102.431, 
            "h" : 1.6, 
            "x" : -0.471, 
            "y" : -1.01, 
            "permitivitty" : 4.4, 
            "loss" : 0.02, 
            "name" : "FR4"
        }
    }, 
    "fitness" : {
        "items" : 1, 
        "0" : "final", 
        "1" : "freq", 
        "lower" : 0.0, 
        "desired" : 0.7629141678516771, 
        "upper" : 0.0, 
        "area" : 0.9055805828607374, 
        "freq" : 0.534039917496174, 
        "final" : 1.080701184370759, 
        "dir" : "C:\\Users\\project\\0. My Work\\1. Repositories\\1. Very Unfriendly Train\\Data\\Simulations\\637070401298185856_Primary\\637070408307963392_5\\5.out", 
        "f0" : 0.9568542295525397, 
        "g0" : 0.29920522236774527, 
        "f1" : 0.0003163536776881893, 
        "g1" : 0.26945253010538095
    }
}