{
    "geometry" : {
        "items" : 3, 
        "0" : "feed", 
        "1" : "ground plane", 
        "2" : "radiating plane", 
        "feed" : {
            "items" : 2, 
            "0" : "center", 
            "1" : "width", 
            "center" : 47.734, 
            "width" : 1.718
        }, 
        "ground plane" : {
            "items" : 5, 
            "0" : "l", 
            "1" : "w", 
            "2" : "x", 
            "3" : "y", 
            "4" : "slots", 
            "l" : 78.21, 
            "w" : 92.697, 
            "x" : -1.26, 
            "y" : -0.913, 
            "slots" : {
                "items" : 4, 
                "0" : "elliptical", 
                "1" : "rectangular", 
                "2" : "triangular", 
                "3" : "polygonal", 
                "elliptical" : {
                    "items" : 0
                }, 
                "rectangular" : {
                    "items" : 1, 
                    "0" : {
                        "items" : 4, 
                        "0" : "x", 
                        "1" : "y", 
                        "2" : "l", 
                        "3" : "w", 
                        "x" : -3.463, 
                        "y" : 60.222, 
                        "z" : 0.0, 
                        "l" : 19.343, 
                        "w" : 2.426, 
                        "type" : "rectangular", 
                        "id" : "637070382475076736"
                    }
                }, 
                "triangular" : {
                    "items" : 2, 
                    "0" : {
                        "items" : 3, 
                        "0" : {
                            "items" : 2, 
                            "0" : "x", 
                            "1" : "y", 
                            "x" : -1.17, 
                            "y" : 20.823, 
                            "z" : 0.0
                        }, 
                        "1" : {
                            "items" : 2, 
                            "0" : "x", 
                            "1" : "y", 
                            "x" : 9.499, 
                            "y" : 30.347, 
                            "z" : 0.0
                        }, 
                        "2" : {
                            "items" : 2, 
                            "0" : "x", 
                            "1" : "y", 
                            "x" : 18.076, 
                            "y" : 3.141, 
                            "z" : 0.0
                        }, 
                        "type" : "triangular", 
                        "id" : "637070385744001024"
                    }, 
                    "1" : {
                        "items" : 3, 
                        "0" : {
                            "items" : 2, 
                            "0" : "x", 
                            "1" : "y", 
                            "x" : 16.651, 
                            "y" : 65.084, 
                            "z" : 0.0
                        }, 
                        "1" : {
                            "items" : 2, 
                            "0" : "x", 
                            "1" : "y", 
                            "x" : 21.22, 
                            "y" : 84.945, 
                            "z" : 0.0
                        }, 
                        "2" : {
                            "items" : 2, 
                            "0" : "x", 
                            "1" : "y", 
                            "x" : -4.846, 
                            "y" : 90.773, 
                            "z" : 0.0
                        }, 
                        "type" : "triangular", 
                        "id" : "637070387908780160"
                    }
                }, 
                "polygonal" : {
                    "items" : 0
                }
            }
        }, 
        "radiating plane" : {
            "items" : 5, 
            "0" : "l", 
            "1" : "w", 
            "2" : "x", 
            "3" : "y", 
            "4" : "slots", 
            "l" : 73.714, 
            "w" : 96.455, 
            "x" : 1.498, 
            "y" : 4.672, 
            "slots" : {
                "items" : 4, 
                "0" : "elliptical", 
                "1" : "rectangular", 
                "2" : "triangular", 
                "3" : "polygonal", 
                "elliptical" : {
                    "items" : 0
                }, 
                "rectangular" : {
                    "items" : 2, 
                    "0" : {
                        "items" : 4, 
                        "0" : "x", 
                        "1" : "y", 
                        "2" : "l", 
                        "3" : "w", 
                        "x" : 14.041, 
                        "y" : 77.93, 
                        "z" : 1.6, 
                        "l" : 2.544, 
                        "w" : 2.726, 
                        "type" : "rectangular", 
                        "id" : "637070385744011136"
                    }, 
                    "1" : {
                        "items" : 4, 
                        "0" : "x", 
                        "1" : "y", 
                        "2" : "l", 
                        "3" : "w", 
                        "x" : 24.43, 
                        "y" : 48.824, 
                        "z" : 1.6, 
                        "l" : 2.227, 
                        "w" : 0.447, 
                        "type" : "rectangular", 
                        "id" : "637070387908800128"
                    }
                }, 
                "triangular" : {
                    "items" : 0
                }, 
                "polygonal" : {
                    "items" : 0
                }
            }
        }, 
        "substrate" : {
            "items" : 4, 
            "0" : "l", 
            "1" : "w", 
            "2" : "x", 
            "3" : "h", 
            "l" : 78.21, 
            "w" : 102.08999999999999, 
            "h" : 1.6, 
            "x" : -1.26, 
            "y" : -0.913, 
            "permitivitty" : 4.4, 
            "loss" : 0.02, 
            "name" : "FR4"
        }
    }, 
    "fitness" : {
        "items" : 1, 
        "0" : "final", 
        "1" : "freq", 
        "lower" : 0.0, 
        "desired" : 1.0036724469513711, 
        "upper" : 0.0, 
        "area" : 0.843012771944856, 
        "freq" : 0.7025707128659597, 
        "final" : 1.1464665917163, 
        "dir" : "C:\\Users\\project\\0. My Work\\1. Repositories\\1. Very Unfriendly Train\\Data\\Simulations\\637070382283102848_Primary\\637070387909039232_3\\3.out", 
        "f0" : 0.9853381114817334, 
        "g0" : 0.4488026427691042, 
        "f1" : 0.1439248757911367, 
        "g1" : 0.4292792638607682
    }
}