{
    "geometry" : {
        "items" : 3, 
        "0" : "feed", 
        "1" : "ground plane", 
        "2" : "radiating plane", 
        "feed" : {
            "items" : 2, 
            "0" : "center", 
            "1" : "width", 
            "center" : 52.88, 
            "width" : 1.702
        }, 
        "ground plane" : {
            "items" : 5, 
            "0" : "l", 
            "1" : "w", 
            "2" : "x", 
            "3" : "y", 
            "4" : "slots", 
            "l" : 84.426, 
            "w" : 111.576, 
            "x" : -0.31, 
            "y" : -0.973, 
            "slots" : {
                "items" : 4, 
                "0" : "elliptical", 
                "1" : "rectangular", 
                "2" : "triangular", 
                "3" : "polygonal", 
                "elliptical" : {
                    "items" : 0
                }, 
                "rectangular" : {
                    "items" : 2, 
                    "0" : {
                        "items" : 4, 
                        "0" : "x", 
                        "1" : "y", 
                        "2" : "l", 
                        "3" : "w", 
                        "x" : 24.594, 
                        "y" : 94.482, 
                        "z" : 0.0, 
                        "l" : 5.255, 
                        "w" : 25.909, 
                        "type" : "rectangular", 
                        "id" : "637070427151781504"
                    }, 
                    "1" : {
                        "items" : 4, 
                        "0" : "x", 
                        "1" : "y", 
                        "2" : "l", 
                        "3" : "w", 
                        "x" : -3.385, 
                        "y" : 23.472, 
                        "z" : 0.0, 
                        "l" : 19.895, 
                        "w" : 7.062, 
                        "type" : "rectangular", 
                        "id" : "637070435370330752"
                    }
                }, 
                "triangular" : {
                    "items" : 0
                }, 
                "polygonal" : {
                    "items" : 0
                }
            }
        }, 
        "radiating plane" : {
            "items" : 5, 
            "0" : "l", 
            "1" : "w", 
            "2" : "x", 
            "3" : "y", 
            "4" : "slots", 
            "l" : 73.346, 
            "w" : 98.144, 
            "x" : 4.199, 
            "y" : 3.359, 
            "slots" : {
                "items" : 4, 
                "0" : "elliptical", 
                "1" : "rectangular", 
                "2" : "triangular", 
                "3" : "polygonal", 
                "elliptical" : {
                    "items" : 0
                }, 
                "rectangular" : {
                    "items" : 0
                }, 
                "triangular" : {
                    "items" : 1, 
                    "0" : {
                        "items" : 3, 
                        "0" : {
                            "items" : 2, 
                            "0" : "x", 
                            "1" : "y", 
                            "x" : 46.404, 
                            "y" : 89.56, 
                            "z" : 1.6
                        }, 
                        "1" : {
                            "items" : 2, 
                            "0" : "x", 
                            "1" : "y", 
                            "x" : 43.498, 
                            "y" : 90.166, 
                            "z" : 1.6
                        }, 
                        "2" : {
                            "items" : 2, 
                            "0" : "x", 
                            "1" : "y", 
                            "x" : 44.629, 
                            "y" : 87.504, 
                            "z" : 1.6
                        }, 
                        "type" : "triangular", 
                        "id" : "637070427151781504"
                    }
                }, 
                "polygonal" : {
                    "items" : 0
                }
            }
        }, 
        "substrate" : {
            "items" : 4, 
            "0" : "l", 
            "1" : "w", 
            "2" : "x", 
            "3" : "h", 
            "l" : 84.426, 
            "w" : 111.576, 
            "h" : 1.6, 
            "x" : -0.31, 
            "y" : -0.973, 
            "permitivitty" : 4.4, 
            "loss" : 0.02, 
            "name" : "FR4"
        }
    }, 
    "fitness" : {
        "items" : 1, 
        "0" : "final", 
        "1" : "freq", 
        "lower" : 0.0, 
        "desired" : 1.2375241109046926, 
        "upper" : 0.0, 
        "area" : 0.9945707119373777, 
        "freq" : 0.8662668776332848, 
        "final" : 1.6095356411662607, 
        "dir" : "C:\\Users\\project\\0. My Work\\1. Repositories\\1. Very Unfriendly Train\\Data\\Simulations\\637070426968740608_Primary\\637070435370605440_2\\2.out", 
        "f0" : 0.9909497071457414, 
        "g0" : 0.28377181163117776, 
        "f1" : 0.952781507358216, 
        "g1" : 0.2475451956742498
    }
}