{
    "geometry" : {
        "items" : 3, 
        "0" : "feed", 
        "1" : "ground plane", 
        "2" : "radiating plane", 
        "feed" : {
            "items" : 2, 
            "0" : "center", 
            "1" : "width", 
            "center" : 52.391, 
            "width" : 1.724
        }, 
        "ground plane" : {
            "items" : 5, 
            "0" : "l", 
            "1" : "w", 
            "2" : "x", 
            "3" : "y", 
            "4" : "slots", 
            "l" : 77.441, 
            "w" : 107.893, 
            "x" : -0.497, 
            "y" : -0.637, 
            "slots" : {
                "items" : 4, 
                "0" : "elliptical", 
                "1" : "rectangular", 
                "2" : "triangular", 
                "3" : "polygonal", 
                "elliptical" : {
                    "items" : 0
                }, 
                "rectangular" : {
                    "items" : 2, 
                    "0" : {
                        "items" : 4, 
                        "0" : "x", 
                        "1" : "y", 
                        "2" : "l", 
                        "3" : "w", 
                        "x" : 22.661, 
                        "y" : 94.23, 
                        "z" : 0.0, 
                        "l" : 6.096, 
                        "w" : 22.747, 
                        "type" : "rectangular", 
                        "id" : "637070427151781504"
                    }, 
                    "1" : {
                        "items" : 4, 
                        "0" : "x", 
                        "1" : "y", 
                        "2" : "l", 
                        "3" : "w", 
                        "x" : 18.911, 
                        "y" : 15.492, 
                        "z" : 0.0, 
                        "l" : 23.194, 
                        "w" : 3.24, 
                        "type" : "rectangular", 
                        "id" : "637070438498307968"
                    }
                }, 
                "triangular" : {
                    "items" : 0
                }, 
                "polygonal" : {
                    "items" : 0
                }
            }
        }, 
        "radiating plane" : {
            "items" : 5, 
            "0" : "l", 
            "1" : "w", 
            "2" : "x", 
            "3" : "y", 
            "4" : "slots", 
            "l" : 73.452, 
            "w" : 96.639, 
            "x" : 2.648, 
            "y" : 3.397, 
            "slots" : {
                "items" : 4, 
                "0" : "elliptical", 
                "1" : "rectangular", 
                "2" : "triangular", 
                "3" : "polygonal", 
                "elliptical" : {
                    "items" : 0
                }, 
                "rectangular" : {
                    "items" : 1, 
                    "0" : {
                        "items" : 4, 
                        "0" : "x", 
                        "1" : "y", 
                        "2" : "l", 
                        "3" : "w", 
                        "x" : 13.74, 
                        "y" : 6.353, 
                        "z" : 1.6, 
                        "l" : 2.021, 
                        "w" : 2.219, 
                        "type" : "rectangular", 
                        "id" : "637070438498318080"
                    }
                }, 
                "triangular" : {
                    "items" : 0
                }, 
                "polygonal" : {
                    "items" : 0
                }
            }
        }, 
        "substrate" : {
            "items" : 4, 
            "0" : "l", 
            "1" : "w", 
            "2" : "x", 
            "3" : "h", 
            "l" : 77.441, 
            "w" : 107.893, 
            "h" : 1.6, 
            "x" : -0.497, 
            "y" : -0.637, 
            "permitivitty" : 4.4, 
            "loss" : 0.02, 
            "name" : "FR4"
        }
    }, 
    "fitness" : {
        "items" : 1, 
        "0" : "final", 
        "1" : "freq", 
        "lower" : 0.0, 
        "desired" : 1.3789757081110603, 
        "upper" : 0.0, 
        "area" : 0.8821712216871567, 
        "freq" : 0.9652829956777421, 
        "final" : 1.5237147295251618, 
        "dir" : "C:\\Users\\project\\0. My Work\\1. Repositories\\1. Very Unfriendly Train\\Data\\Simulations\\637070426968740608_Primary\\637070438498328064_9\\9.out", 
        "f0" : 0.9890859829196016, 
        "g0" : 0.4460326275579926, 
        "f1" : 0.8967724768924797, 
        "g1" : 0.42606032885204675
    }
}