{
    "geometry" : {
        "items" : 3, 
        "0" : "feed", 
        "1" : "ground plane", 
        "2" : "radiating plane", 
        "feed" : {
            "items" : 2, 
            "0" : "center", 
            "1" : "width", 
            "center" : 50.156, 
            "width" : 1.851
        }, 
        "ground plane" : {
            "items" : 5, 
            "0" : "l", 
            "1" : "w", 
            "2" : "x", 
            "3" : "y", 
            "4" : "slots", 
            "l" : 80.799, 
            "w" : 103.93, 
            "x" : -0.762, 
            "y" : 0.055, 
            "slots" : {
                "items" : 4, 
                "0" : "elliptical", 
                "1" : "rectangular", 
                "2" : "triangular", 
                "3" : "polygonal", 
                "elliptical" : {
                    "items" : 0
                }, 
                "rectangular" : {
                    "items" : 2, 
                    "0" : {
                        "items" : 4, 
                        "0" : "x", 
                        "1" : "y", 
                        "2" : "l", 
                        "3" : "w", 
                        "x" : 68.095, 
                        "y" : 68.207, 
                        "z" : 0.0, 
                        "l" : 10.08, 
                        "w" : 7.684, 
                        "type" : "rectangular", 
                        "id" : "637070443398784640"
                    }, 
                    "1" : {
                        "items" : 4, 
                        "0" : "x", 
                        "1" : "y", 
                        "2" : "l", 
                        "3" : "w", 
                        "x" : 68.197, 
                        "y" : 4.778, 
                        "z" : 0.0, 
                        "l" : 23.327, 
                        "w" : 16.559, 
                        "type" : "rectangular", 
                        "id" : "637070446067113728"
                    }
                }, 
                "triangular" : {
                    "items" : 1, 
                    "0" : {
                        "items" : 3, 
                        "0" : {
                            "items" : 2, 
                            "0" : "x", 
                            "1" : "y", 
                            "x" : 48.14, 
                            "y" : 45.759, 
                            "z" : 0.0
                        }, 
                        "1" : {
                            "items" : 2, 
                            "0" : "x", 
                            "1" : "y", 
                            "x" : 29.543, 
                            "y" : 45.581, 
                            "z" : 0.0
                        }, 
                        "2" : {
                            "items" : 2, 
                            "0" : "x", 
                            "1" : "y", 
                            "x" : 43.374, 
                            "y" : 44.282, 
                            "z" : 0.0
                        }, 
                        "type" : "triangular", 
                        "id" : "637070444694164864"
                    }
                }, 
                "polygonal" : {
                    "items" : 0
                }
            }
        }, 
        "radiating plane" : {
            "items" : 5, 
            "0" : "l", 
            "1" : "w", 
            "2" : "x", 
            "3" : "y", 
            "4" : "slots", 
            "l" : 76.131, 
            "w" : 95.838, 
            "x" : 3.073, 
            "y" : 3.431, 
            "slots" : {
                "items" : 4, 
                "0" : "elliptical", 
                "1" : "rectangular", 
                "2" : "triangular", 
                "3" : "polygonal", 
                "elliptical" : {
                    "items" : 0
                }, 
                "rectangular" : {
                    "items" : 0
                }, 
                "triangular" : {
                    "items" : 0
                }, 
                "polygonal" : {
                    "items" : 0
                }
            }
        }, 
        "substrate" : {
            "items" : 4, 
            "0" : "l", 
            "1" : "w", 
            "2" : "x", 
            "3" : "h", 
            "l" : 80.799, 
            "w" : 103.93, 
            "h" : 1.6, 
            "x" : -0.762, 
            "y" : 0.055, 
            "permitivitty" : 4.4, 
            "loss" : 0.02, 
            "name" : "FR4"
        }
    }, 
    "fitness" : {
        "items" : 1, 
        "0" : "final", 
        "1" : "freq", 
        "lower" : 0.0, 
        "desired" : 1.4593007370747508, 
        "upper" : 0.0, 
        "area" : 0.8866160273743169, 
        "freq" : 1.0215105159523254, 
        "final" : 1.5974687298767996, 
        "dir" : "C:\\Users\\project\\0. My Work\\1. Repositories\\1. Very Unfriendly Train\\Data\\Simulations\\637070443214539392_Primary\\637070446067363072_1\\1.out", 
        "f0" : 0.990235602164849, 
        "g0" : 0.4896631542389666, 
        "f1" : 0.9577399191785497, 
        "g1" : 0.4809627985671367
    }
}