{
    "geometry" : {
        "items" : 3, 
        "0" : "feed", 
        "1" : "ground plane", 
        "2" : "radiating plane", 
        "feed" : {
            "items" : 2, 
            "0" : "center", 
            "1" : "width", 
            "center" : 50.823, 
            "width" : 1.776
        }, 
        "ground plane" : {
            "items" : 5, 
            "0" : "l", 
            "1" : "w", 
            "2" : "x", 
            "3" : "y", 
            "4" : "slots", 
            "l" : 75.264, 
            "w" : 101.758, 
            "x" : -2.094, 
            "y" : -1.793, 
            "slots" : {
                "items" : 4, 
                "0" : "elliptical", 
                "1" : "rectangular", 
                "2" : "triangular", 
                "3" : "polygonal", 
                "elliptical" : {
                    "items" : 0
                }, 
                "rectangular" : {
                    "items" : 4, 
                    "0" : {
                        "items" : 4, 
                        "0" : "x", 
                        "1" : "y", 
                        "2" : "l", 
                        "3" : "w", 
                        "x" : 18.841, 
                        "y" : 86.235, 
                        "z" : 0.0, 
                        "l" : 1.145, 
                        "w" : 0.409, 
                        "type" : "rectangular", 
                        "id" : "637070413358924672"
                    }, 
                    "1" : {
                        "items" : 4, 
                        "0" : "x", 
                        "1" : "y", 
                        "2" : "l", 
                        "3" : "w", 
                        "x" : 88.769, 
                        "y" : 29.106, 
                        "z" : 0.0, 
                        "l" : 20.287, 
                        "w" : 2.588, 
                        "type" : "rectangular", 
                        "id" : "637070416111539072"
                    }, 
                    "2" : {
                        "items" : 4, 
                        "0" : "x", 
                        "1" : "y", 
                        "2" : "l", 
                        "3" : "w", 
                        "x" : 17.836, 
                        "y" : 52.968, 
                        "z" : 0.0, 
                        "l" : 6.608, 
                        "w" : 5.934, 
                        "type" : "rectangular", 
                        "id" : "637070417757799168"
                    }, 
                    "3" : {
                        "items" : 4, 
                        "0" : "x", 
                        "1" : "y", 
                        "2" : "l", 
                        "3" : "w", 
                        "x" : 31.682, 
                        "y" : 28.322, 
                        "z" : 0.0, 
                        "l" : 4.508, 
                        "w" : 15.161, 
                        "type" : "rectangular", 
                        "id" : "637070419607208576"
                    }
                }, 
                "triangular" : {
                    "items" : 1, 
                    "0" : {
                        "items" : 3, 
                        "0" : {
                            "items" : 2, 
                            "0" : "x", 
                            "1" : "y", 
                            "x" : 38.73, 
                            "y" : 66.503, 
                            "z" : 0.0
                        }, 
                        "1" : {
                            "items" : 2, 
                            "0" : "x", 
                            "1" : "y", 
                            "x" : 37.125, 
                            "y" : 61.554, 
                            "z" : 0.0
                        }, 
                        "2" : {
                            "items" : 2, 
                            "0" : "x", 
                            "1" : "y", 
                            "x" : 48.392, 
                            "y" : 41.399, 
                            "z" : 0.0
                        }, 
                        "type" : "triangular", 
                        "id" : "637070414725494656"
                    }
                }, 
                "polygonal" : {
                    "items" : 0
                }
            }
        }, 
        "radiating plane" : {
            "items" : 5, 
            "0" : "l", 
            "1" : "w", 
            "2" : "x", 
            "3" : "y", 
            "4" : "slots", 
            "l" : 70.161, 
            "w" : 95.318, 
            "x" : 2.899, 
            "y" : 3.777, 
            "slots" : {
                "items" : 4, 
                "0" : "elliptical", 
                "1" : "rectangular", 
                "2" : "triangular", 
                "3" : "polygonal", 
                "elliptical" : {
                    "items" : 0
                }, 
                "rectangular" : {
                    "items" : 1, 
                    "0" : {
                        "items" : 4, 
                        "0" : "x", 
                        "1" : "y", 
                        "2" : "l", 
                        "3" : "w", 
                        "x" : 46.762, 
                        "y" : 2.146, 
                        "z" : 1.6, 
                        "l" : 4.801, 
                        "w" : 1.078, 
                        "type" : "rectangular", 
                        "id" : "637070414725504640"
                    }
                }, 
                "triangular" : {
                    "items" : 2, 
                    "0" : {
                        "items" : 3, 
                        "0" : {
                            "items" : 2, 
                            "0" : "x", 
                            "1" : "y", 
                            "x" : 34.061, 
                            "y" : 56.61, 
                            "z" : 1.6
                        }, 
                        "1" : {
                            "items" : 2, 
                            "0" : "x", 
                            "1" : "y", 
                            "x" : 34.561, 
                            "y" : 50.718, 
                            "z" : 1.6
                        }, 
                        "2" : {
                            "items" : 2, 
                            "0" : "x", 
                            "1" : "y", 
                            "x" : 34.596, 
                            "y" : 55.189, 
                            "z" : 1.6
                        }, 
                        "type" : "triangular", 
                        "id" : "637070416111548800"
                    }, 
                    "1" : {
                        "items" : 3, 
                        "0" : {
                            "items" : 2, 
                            "0" : "x", 
                            "1" : "y", 
                            "x" : 25.094, 
                            "y" : 74.307, 
                            "z" : 1.6
                        }, 
                        "1" : {
                            "items" : 2, 
                            "0" : "x", 
                            "1" : "y", 
                            "x" : 25.3, 
                            "y" : 71.705, 
                            "z" : 1.6
                        }, 
                        "2" : {
                            "items" : 2, 
                            "0" : "x", 
                            "1" : "y", 
                            "x" : 28.146, 
                            "y" : 70.473, 
                            "z" : 1.6
                        }, 
                        "type" : "triangular", 
                        "id" : "637070417757809152"
                    }
                }, 
                "polygonal" : {
                    "items" : 0
                }
            }
        }, 
        "substrate" : {
            "items" : 4, 
            "0" : "l", 
            "1" : "w", 
            "2" : "x", 
            "3" : "h", 
            "l" : 75.264, 
            "w" : 101.758, 
            "h" : 1.6, 
            "x" : -2.094, 
            "y" : -1.793, 
            "permitivitty" : 4.4, 
            "loss" : 0.02, 
            "name" : "FR4"
        }
    }, 
    "fitness" : {
        "items" : 1, 
        "0" : "final", 
        "1" : "freq", 
        "lower" : 0.0, 
        "desired" : 1.057215067031601, 
        "upper" : 0.0, 
        "area" : 0.8086200823314786, 
        "freq" : 0.7400505469221206, 
        "final" : 1.1018346049405656, 
        "dir" : "C:\\Users\\project\\0. My Work\\1. Repositories\\1. Very Unfriendly Train\\Data\\Simulations\\637070413173638912_Primary\\637070419607597696_3\\3.out", 
        "f0" : 0.9573877481838969, 
        "g0" : 0.5241587341241417, 
        "f1" : 0.11856046387556303, 
        "g1" : 0.5143231878796002
    }
}