{
    "geometry" : {
        "items" : 3, 
        "0" : "feed", 
        "1" : "ground plane", 
        "2" : "radiating plane", 
        "feed" : {
            "items" : 2, 
            "0" : "center", 
            "1" : "width", 
            "center" : 52.943, 
            "width" : 1.641
        }, 
        "ground plane" : {
            "items" : 5, 
            "0" : "l", 
            "1" : "w", 
            "2" : "x", 
            "3" : "y", 
            "4" : "slots", 
            "l" : 81.027, 
            "w" : 102.076, 
            "x" : -0.342, 
            "y" : -0.262, 
            "slots" : {
                "items" : 4, 
                "0" : "elliptical", 
                "1" : "rectangular", 
                "2" : "triangular", 
                "3" : "polygonal", 
                "elliptical" : {
                    "items" : 0
                }, 
                "rectangular" : {
                    "items" : 1, 
                    "0" : {
                        "items" : 4, 
                        "0" : "x", 
                        "1" : "y", 
                        "2" : "l", 
                        "3" : "w", 
                        "x" : -14.079, 
                        "y" : 61.817, 
                        "z" : 0.0, 
                        "l" : 20.853, 
                        "w" : 3.544, 
                        "type" : "rectangular", 
                        "id" : "637070382475076736"
                    }
                }, 
                "triangular" : {
                    "items" : 1, 
                    "0" : {
                        "items" : 3, 
                        "0" : {
                            "items" : 2, 
                            "0" : "x", 
                            "1" : "y", 
                            "x" : 78.793, 
                            "y" : 26.649, 
                            "z" : 0.0
                        }, 
                        "1" : {
                            "items" : 2, 
                            "0" : "x", 
                            "1" : "y", 
                            "x" : 71.602, 
                            "y" : 14.601, 
                            "z" : 0.0
                        }, 
                        "2" : {
                            "items" : 2, 
                            "0" : "x", 
                            "1" : "y", 
                            "x" : 80.306, 
                            "y" : 26.199, 
                            "z" : 0.0
                        }, 
                        "type" : "triangular", 
                        "id" : "637070384011194368"
                    }
                }, 
                "polygonal" : {
                    "items" : 0
                }
            }
        }, 
        "radiating plane" : {
            "items" : 5, 
            "0" : "l", 
            "1" : "w", 
            "2" : "x", 
            "3" : "y", 
            "4" : "slots", 
            "l" : 74.565, 
            "w" : 98.227, 
            "x" : 3.169, 
            "y" : 4.165, 
            "slots" : {
                "items" : 4, 
                "0" : "elliptical", 
                "1" : "rectangular", 
                "2" : "triangular", 
                "3" : "polygonal", 
                "elliptical" : {
                    "items" : 0
                }, 
                "rectangular" : {
                    "items" : 0
                }, 
                "triangular" : {
                    "items" : 1, 
                    "0" : {
                        "items" : 3, 
                        "0" : {
                            "items" : 2, 
                            "0" : "x", 
                            "1" : "y", 
                            "x" : 51.618, 
                            "y" : 63.761, 
                            "z" : 1.6
                        }, 
                        "1" : {
                            "items" : 2, 
                            "0" : "x", 
                            "1" : "y", 
                            "x" : 52.166, 
                            "y" : 61.887, 
                            "z" : 1.6
                        }, 
                        "2" : {
                            "items" : 2, 
                            "0" : "x", 
                            "1" : "y", 
                            "x" : 51.923, 
                            "y" : 63.888, 
                            "z" : 1.6
                        }, 
                        "type" : "triangular", 
                        "id" : "637070384011204352"
                    }
                }, 
                "polygonal" : {
                    "items" : 0
                }
            }
        }, 
        "substrate" : {
            "items" : 4, 
            "0" : "l", 
            "1" : "w", 
            "2" : "x", 
            "3" : "h", 
            "l" : 81.027, 
            "w" : 102.70400000000001, 
            "h" : 1.6, 
            "x" : -0.342, 
            "y" : -0.262, 
            "permitivitty" : 4.4, 
            "loss" : 0.02, 
            "name" : "FR4"
        }
    }, 
    "fitness" : {
        "items" : 1, 
        "0" : "final", 
        "1" : "freq", 
        "lower" : 0.0, 
        "desired" : 1.3632476682656094, 
        "upper" : 0.0, 
        "area" : 0.8786295040327018, 
        "freq" : 0.9542733677859265, 
        "final" : 1.502930727010276, 
        "dir" : "C:\\Users\\project\\0. My Work\\1. Repositories\\1. Very Unfriendly Train\\Data\\Simulations\\637070382283102848_Primary\\637070384011214336_9\\9.out", 
        "f0" : 0.9895976496134384, 
        "g0" : 0.4255931392869377, 
        "f1" : 0.9040507998183746, 
        "g1" : 0.40725374781246787
    }
}