{
    "geometry" : {
        "items" : 3, 
        "0" : "feed", 
        "1" : "ground plane", 
        "2" : "radiating plane", 
        "feed" : {
            "items" : 2, 
            "0" : "center", 
            "1" : "width", 
            "center" : 50.903, 
            "width" : 1.726
        }, 
        "ground plane" : {
            "items" : 5, 
            "0" : "l", 
            "1" : "w", 
            "2" : "x", 
            "3" : "y", 
            "4" : "slots", 
            "l" : 82.397, 
            "w" : 108.224, 
            "x" : -0.82, 
            "y" : -0.352, 
            "slots" : {
                "items" : 4, 
                "0" : "elliptical", 
                "1" : "rectangular", 
                "2" : "triangular", 
                "3" : "polygonal", 
                "elliptical" : {
                    "items" : 0
                }, 
                "rectangular" : {
                    "items" : 2, 
                    "0" : {
                        "items" : 4, 
                        "0" : "x", 
                        "1" : "y", 
                        "2" : "l", 
                        "3" : "w", 
                        "x" : -10.237, 
                        "y" : 62.836, 
                        "z" : 0.0, 
                        "l" : 20.889, 
                        "w" : 1.445, 
                        "type" : "rectangular", 
                        "id" : "637070382475076736"
                    }, 
                    "1" : {
                        "items" : 4, 
                        "0" : "x", 
                        "1" : "y", 
                        "2" : "l", 
                        "3" : "w", 
                        "x" : 48.637, 
                        "y" : 20.132, 
                        "z" : 0.0, 
                        "l" : 12.006, 
                        "w" : 12.569, 
                        "type" : "rectangular", 
                        "id" : "637070384010969728"
                    }
                }, 
                "triangular" : {
                    "items" : 0
                }, 
                "polygonal" : {
                    "items" : 0
                }
            }
        }, 
        "radiating plane" : {
            "items" : 5, 
            "0" : "l", 
            "1" : "w", 
            "2" : "x", 
            "3" : "y", 
            "4" : "slots", 
            "l" : 74.551, 
            "w" : 96.561, 
            "x" : 3.488, 
            "y" : 2.83, 
            "slots" : {
                "items" : 4, 
                "0" : "elliptical", 
                "1" : "rectangular", 
                "2" : "triangular", 
                "3" : "polygonal", 
                "elliptical" : {
                    "items" : 0
                }, 
                "rectangular" : {
                    "items" : 0
                }, 
                "triangular" : {
                    "items" : 1, 
                    "0" : {
                        "items" : 3, 
                        "0" : {
                            "items" : 2, 
                            "0" : "x", 
                            "1" : "y", 
                            "x" : 65.827, 
                            "y" : 18.413, 
                            "z" : 1.6
                        }, 
                        "1" : {
                            "items" : 2, 
                            "0" : "x", 
                            "1" : "y", 
                            "x" : 68.433, 
                            "y" : 18.122, 
                            "z" : 1.6
                        }, 
                        "2" : {
                            "items" : 2, 
                            "0" : "x", 
                            "1" : "y", 
                            "x" : 66.645, 
                            "y" : 19.36, 
                            "z" : 1.6
                        }, 
                        "type" : "triangular", 
                        "id" : "637070384010969728"
                    }
                }, 
                "polygonal" : {
                    "items" : 0
                }
            }
        }, 
        "substrate" : {
            "items" : 4, 
            "0" : "l", 
            "1" : "w", 
            "2" : "x", 
            "3" : "h", 
            "l" : 82.397, 
            "w" : 108.224, 
            "h" : 1.6, 
            "x" : -0.82, 
            "y" : -0.352, 
            "permitivitty" : 4.4, 
            "loss" : 0.02, 
            "name" : "FR4"
        }
    }, 
    "fitness" : {
        "items" : 1, 
        "0" : "final", 
        "1" : "freq", 
        "lower" : 0.0, 
        "desired" : 0.9086103601347446, 
        "upper" : 0.0, 
        "area" : 0.9415072009436259, 
        "freq" : 0.6360272520943212, 
        "final" : 1.2549042879263386, 
        "dir" : "C:\\Users\\project\\0. My Work\\1. Repositories\\1. Very Unfriendly Train\\Data\\Simulations\\637070382283102848_Primary\\637070384011214336_0\\0.out", 
        "f0" : 0.9732037975018645, 
        "g0" : 0.426107380688288, 
        "f1" : 0.008766608519020934, 
        "g1" : 0.4091429335603158
    }
}