{
    "geometry" : {
        "items" : 3, 
        "0" : "feed", 
        "1" : "ground plane", 
        "2" : "radiating plane", 
        "feed" : {
            "items" : 2, 
            "0" : "center", 
            "1" : "width", 
            "center" : 53.491, 
            "width" : 1.666
        }, 
        "ground plane" : {
            "items" : 5, 
            "0" : "l", 
            "1" : "w", 
            "2" : "x", 
            "3" : "y", 
            "4" : "slots", 
            "l" : 86.149, 
            "w" : 108.73, 
            "x" : -0.314, 
            "y" : -0.214, 
            "slots" : {
                "items" : 4, 
                "0" : "elliptical", 
                "1" : "rectangular", 
                "2" : "triangular", 
                "3" : "polygonal", 
                "elliptical" : {
                    "items" : 0
                }, 
                "rectangular" : {
                    "items" : 1, 
                    "0" : {
                        "items" : 4, 
                        "0" : "x", 
                        "1" : "y", 
                        "2" : "l", 
                        "3" : "w", 
                        "x" : 90.24, 
                        "y" : 28.273, 
                        "z" : 0.0, 
                        "l" : 8.063, 
                        "w" : 8.578, 
                        "type" : "rectangular", 
                        "id" : "637070373967157888"
                    }
                }, 
                "triangular" : {
                    "items" : 0
                }, 
                "polygonal" : {
                    "items" : 0
                }
            }
        }, 
        "radiating plane" : {
            "items" : 5, 
            "0" : "l", 
            "1" : "w", 
            "2" : "x", 
            "3" : "y", 
            "4" : "slots", 
            "l" : 76.777, 
            "w" : 99.322, 
            "x" : 4.648, 
            "y" : 4.364, 
            "slots" : {
                "items" : 4, 
                "0" : "elliptical", 
                "1" : "rectangular", 
                "2" : "triangular", 
                "3" : "polygonal", 
                "elliptical" : {
                    "items" : 0
                }, 
                "rectangular" : {
                    "items" : 0
                }, 
                "triangular" : {
                    "items" : 0
                }, 
                "polygonal" : {
                    "items" : 0
                }
            }
        }, 
        "substrate" : {
            "items" : 4, 
            "0" : "l", 
            "1" : "w", 
            "2" : "x", 
            "3" : "h", 
            "l" : 86.149, 
            "w" : 108.73, 
            "h" : 1.6, 
            "x" : -0.314, 
            "y" : -0.214, 
            "permitivitty" : 4.4, 
            "loss" : 0.02, 
            "name" : "FR4"
        }
    }, 
    "fitness" : {
        "items" : 1, 
        "0" : "final", 
        "1" : "freq", 
        "lower" : 0.0, 
        "desired" : 0.8463685864681357, 
        "upper" : 0.0, 
        "area" : 0.9889817860634067, 
        "freq" : 0.592458010527695, 
        "final" : 1.2610737557167608, 
        "dir" : "C:\\Users\\project\\0. My Work\\1. Repositories\\1. Very Unfriendly Train\\Data\\Simulations\\637070373490549632_Primary\\637070373967299712_8\\8.out", 
        "f0" : 0.9757549735097719, 
        "g0" : 0.3678108534136226, 
        "f1" : 0.0029643364314207023, 
        "g1" : 0.3462070095814563
    }
}