{
    "geometry" : {
        "items" : 3, 
        "0" : "feed", 
        "1" : "ground plane", 
        "2" : "radiating plane", 
        "feed" : {
            "items" : 2, 
            "0" : "center", 
            "1" : "width", 
            "center" : 52.508, 
            "width" : 1.694
        }, 
        "ground plane" : {
            "items" : 5, 
            "0" : "l", 
            "1" : "w", 
            "2" : "x", 
            "3" : "y", 
            "4" : "slots", 
            "l" : 77.692, 
            "w" : 107.417, 
            "x" : -0.378, 
            "y" : -0.816, 
            "slots" : {
                "items" : 4, 
                "0" : "elliptical", 
                "1" : "rectangular", 
                "2" : "triangular", 
                "3" : "polygonal", 
                "elliptical" : {
                    "items" : 0
                }, 
                "rectangular" : {
                    "items" : 2, 
                    "0" : {
                        "items" : 4, 
                        "0" : "x", 
                        "1" : "y", 
                        "2" : "l", 
                        "3" : "w", 
                        "x" : 24.633, 
                        "y" : 91.45, 
                        "z" : 0.0, 
                        "l" : 4.142, 
                        "w" : 23.556, 
                        "type" : "rectangular", 
                        "id" : "637070427151781504"
                    }, 
                    "1" : {
                        "items" : 4, 
                        "0" : "x", 
                        "1" : "y", 
                        "2" : "l", 
                        "3" : "w", 
                        "x" : 38.687, 
                        "y" : 59.169, 
                        "z" : 0.0, 
                        "l" : 14.115, 
                        "w" : 16.843, 
                        "type" : "rectangular", 
                        "id" : "637070438498268416"
                    }
                }, 
                "triangular" : {
                    "items" : 0
                }, 
                "polygonal" : {
                    "items" : 0
                }
            }
        }, 
        "radiating plane" : {
            "items" : 5, 
            "0" : "l", 
            "1" : "w", 
            "2" : "x", 
            "3" : "y", 
            "4" : "slots", 
            "l" : 72.084, 
            "w" : 96.26, 
            "x" : 2.592, 
            "y" : 3.936, 
            "slots" : {
                "items" : 4, 
                "0" : "elliptical", 
                "1" : "rectangular", 
                "2" : "triangular", 
                "3" : "polygonal", 
                "elliptical" : {
                    "items" : 0
                }, 
                "rectangular" : {
                    "items" : 0
                }, 
                "triangular" : {
                    "items" : 0
                }, 
                "polygonal" : {
                    "items" : 0
                }
            }
        }, 
        "substrate" : {
            "items" : 4, 
            "0" : "l", 
            "1" : "w", 
            "2" : "x", 
            "3" : "h", 
            "l" : 77.692, 
            "w" : 107.417, 
            "h" : 1.6, 
            "x" : -0.378, 
            "y" : -0.816, 
            "permitivitty" : 4.4, 
            "loss" : 0.02, 
            "name" : "FR4"
        }
    }, 
    "fitness" : {
        "items" : 1, 
        "0" : "final", 
        "1" : "freq", 
        "lower" : 0.0, 
        "desired" : 1.071951238857614, 
        "upper" : 0.0, 
        "area" : 0.8811259365329634, 
        "freq" : 0.7503658672003297, 
        "final" : 1.281446913325779, 
        "dir" : "C:\\Users\\project\\0. My Work\\1. Repositories\\1. Very Unfriendly Train\\Data\\Simulations\\637070426968740608_Primary\\637070438498328064_7\\7.out", 
        "f0" : 0.2472996092580765, 
        "g0" : 0.4680478146964083, 
        "f1" : 0.9766606847474214, 
        "g1" : 0.4518943690133217
    }
}