{
    "geometry" : {
        "items" : 3, 
        "0" : "feed", 
        "1" : "ground plane", 
        "2" : "radiating plane", 
        "feed" : {
            "items" : 2, 
            "0" : "center", 
            "1" : "width", 
            "center" : 52.655, 
            "width" : 1.776
        }, 
        "ground plane" : {
            "items" : 5, 
            "0" : "l", 
            "1" : "w", 
            "2" : "x", 
            "3" : "y", 
            "4" : "slots", 
            "l" : 78.51, 
            "w" : 99.558, 
            "x" : -0.584, 
            "y" : -0.598, 
            "slots" : {
                "items" : 4, 
                "0" : "elliptical", 
                "1" : "rectangular", 
                "2" : "triangular", 
                "3" : "polygonal", 
                "elliptical" : {
                    "items" : 0
                }, 
                "rectangular" : {
                    "items" : 2, 
                    "0" : {
                        "items" : 4, 
                        "0" : "x", 
                        "1" : "y", 
                        "2" : "l", 
                        "3" : "w", 
                        "x" : 69.39, 
                        "y" : 69.691, 
                        "z" : 0.0, 
                        "l" : 13.366, 
                        "w" : 12.309, 
                        "type" : "rectangular", 
                        "id" : "637070443398784640"
                    }, 
                    "1" : {
                        "items" : 4, 
                        "0" : "x", 
                        "1" : "y", 
                        "2" : "l", 
                        "3" : "w", 
                        "x" : 47.129, 
                        "y" : 28.931, 
                        "z" : 0.0, 
                        "l" : 15.928, 
                        "w" : 18.839, 
                        "type" : "rectangular", 
                        "id" : "637070446067263360"
                    }
                }, 
                "triangular" : {
                    "items" : 1, 
                    "0" : {
                        "items" : 3, 
                        "0" : {
                            "items" : 2, 
                            "0" : "x", 
                            "1" : "y", 
                            "x" : 54.969, 
                            "y" : 49.3, 
                            "z" : 0.0
                        }, 
                        "1" : {
                            "items" : 2, 
                            "0" : "x", 
                            "1" : "y", 
                            "x" : 36.977, 
                            "y" : 45.856, 
                            "z" : 0.0
                        }, 
                        "2" : {
                            "items" : 2, 
                            "0" : "x", 
                            "1" : "y", 
                            "x" : 42.26, 
                            "y" : 43.296, 
                            "z" : 0.0
                        }, 
                        "type" : "triangular", 
                        "id" : "637070444694164864"
                    }
                }, 
                "polygonal" : {
                    "items" : 0
                }
            }
        }, 
        "radiating plane" : {
            "items" : 5, 
            "0" : "l", 
            "1" : "w", 
            "2" : "x", 
            "3" : "y", 
            "4" : "slots", 
            "l" : 73.64, 
            "w" : 96.195, 
            "x" : 2.338, 
            "y" : 3.422, 
            "slots" : {
                "items" : 4, 
                "0" : "elliptical", 
                "1" : "rectangular", 
                "2" : "triangular", 
                "3" : "polygonal", 
                "elliptical" : {
                    "items" : 0
                }, 
                "rectangular" : {
                    "items" : 0
                }, 
                "triangular" : {
                    "items" : 0
                }, 
                "polygonal" : {
                    "items" : 0
                }
            }
        }, 
        "substrate" : {
            "items" : 4, 
            "0" : "l", 
            "1" : "w", 
            "2" : "x", 
            "3" : "h", 
            "l" : 78.51, 
            "w" : 100.26499999999999, 
            "h" : 1.6, 
            "x" : -0.584, 
            "y" : -0.598, 
            "permitivitty" : 4.4, 
            "loss" : 0.02, 
            "name" : "FR4"
        }
    }, 
    "fitness" : {
        "items" : 1, 
        "0" : "final", 
        "1" : "freq", 
        "lower" : 0.0, 
        "desired" : 1.1307041624860001, 
        "upper" : 0.0, 
        "area" : 0.8311185971176198, 
        "freq" : 0.7914929137402, 
        "final" : 1.210705559580863, 
        "dir" : "C:\\Users\\project\\0. My Work\\1. Repositories\\1. Very Unfriendly Train\\Data\\Simulations\\637070443214539392_Primary\\637070446067363072_6\\6.out", 
        "f0" : 0.9462213510876836, 
        "g0" : 0.4888819167285037, 
        "f1" : 0.35023645675031206, 
        "g1" : 0.47606860040550086
    }
}