{
    "geometry" : {
        "items" : 3, 
        "0" : "feed", 
        "1" : "ground plane", 
        "2" : "radiating plane", 
        "feed" : {
            "items" : 2, 
            "0" : "center", 
            "1" : "width", 
            "center" : 43.561, 
            "width" : 2.073
        }, 
        "ground plane" : {
            "items" : 5, 
            "0" : "l", 
            "1" : "w", 
            "2" : "x", 
            "3" : "y", 
            "4" : "slots", 
            "l" : 71.153, 
            "w" : 82.168, 
            "x" : -0.918, 
            "y" : -0.278, 
            "slots" : {
                "items" : 4, 
                "0" : "elliptical", 
                "1" : "rectangular", 
                "2" : "triangular", 
                "3" : "polygonal", 
                "elliptical" : {
                    "items" : 0
                }, 
                "rectangular" : {
                    "items" : 2, 
                    "0" : {
                        "items" : 4, 
                        "0" : "x", 
                        "1" : "y", 
                        "2" : "l", 
                        "3" : "w", 
                        "x" : 57.755, 
                        "y" : 72.082, 
                        "z" : 0.0, 
                        "l" : 7.372, 
                        "w" : 2.072, 
                        "type" : "rectangular", 
                        "id" : "637070443398784640"
                    }, 
                    "1" : {
                        "items" : 4, 
                        "0" : "x", 
                        "1" : "y", 
                        "2" : "l", 
                        "3" : "w", 
                        "x" : 16.517, 
                        "y" : 32.784, 
                        "z" : 0.0, 
                        "l" : 23.572, 
                        "w" : 1.802, 
                        "type" : "rectangular", 
                        "id" : "637070446067173888"
                    }
                }, 
                "triangular" : {
                    "items" : 2, 
                    "0" : {
                        "items" : 3, 
                        "0" : {
                            "items" : 2, 
                            "0" : "x", 
                            "1" : "y", 
                            "x" : 40.736, 
                            "y" : 38.172, 
                            "z" : 0.0
                        }, 
                        "1" : {
                            "items" : 2, 
                            "0" : "x", 
                            "1" : "y", 
                            "x" : 35.635, 
                            "y" : 62.51, 
                            "z" : 0.0
                        }, 
                        "2" : {
                            "items" : 2, 
                            "0" : "x", 
                            "1" : "y", 
                            "x" : 35.583, 
                            "y" : 49.299, 
                            "z" : 0.0
                        }, 
                        "type" : "triangular", 
                        "id" : "637070444694164864"
                    }, 
                    "1" : {
                        "items" : 3, 
                        "0" : {
                            "items" : 2, 
                            "0" : "x", 
                            "1" : "y", 
                            "x" : 18.49, 
                            "y" : 82.114, 
                            "z" : 0.0
                        }, 
                        "1" : {
                            "items" : 2, 
                            "0" : "x", 
                            "1" : "y", 
                            "x" : 31.713, 
                            "y" : 72.018, 
                            "z" : 0.0
                        }, 
                        "2" : {
                            "items" : 2, 
                            "0" : "x", 
                            "1" : "y", 
                            "x" : 11.868, 
                            "y" : 93.714, 
                            "z" : 0.0
                        }, 
                        "type" : "triangular", 
                        "id" : "637070448957504000"
                    }
                }, 
                "polygonal" : {
                    "items" : 0
                }
            }
        }, 
        "radiating plane" : {
            "items" : 5, 
            "0" : "l", 
            "1" : "w", 
            "2" : "x", 
            "3" : "y", 
            "4" : "slots", 
            "l" : 66.113, 
            "w" : 90.497, 
            "x" : 2.112, 
            "y" : 1.751, 
            "slots" : {
                "items" : 4, 
                "0" : "elliptical", 
                "1" : "rectangular", 
                "2" : "triangular", 
                "3" : "polygonal", 
                "elliptical" : {
                    "items" : 0
                }, 
                "rectangular" : {
                    "items" : 2, 
                    "0" : {
                        "items" : 4, 
                        "0" : "x", 
                        "1" : "y", 
                        "2" : "l", 
                        "3" : "w", 
                        "x" : 50.814, 
                        "y" : 82.248, 
                        "z" : 1.6, 
                        "l" : 0.149, 
                        "w" : 3.157, 
                        "type" : "rectangular", 
                        "id" : "637070446067183872"
                    }, 
                    "1" : {
                        "items" : 4, 
                        "0" : "x", 
                        "1" : "y", 
                        "2" : "l", 
                        "3" : "w", 
                        "x" : 60.714, 
                        "y" : 88.364, 
                        "z" : 1.6, 
                        "l" : 2.275, 
                        "w" : 0.153, 
                        "type" : "rectangular", 
                        "id" : "637070447401003520"
                    }
                }, 
                "triangular" : {
                    "items" : 0
                }, 
                "polygonal" : {
                    "items" : 0
                }
            }
        }, 
        "substrate" : {
            "items" : 4, 
            "0" : "l", 
            "1" : "w", 
            "2" : "x", 
            "3" : "h", 
            "l" : 71.153, 
            "w" : 92.57600000000001, 
            "h" : 1.6, 
            "x" : -0.918, 
            "y" : -0.278, 
            "permitivitty" : 4.4, 
            "loss" : 0.02, 
            "name" : "FR4"
        }
    }, 
    "fitness" : {
        "items" : 1, 
        "0" : "final", 
        "1" : "freq", 
        "lower" : 0.0, 
        "desired" : 1.5008529713708563, 
        "upper" : 0.0, 
        "area" : 0.6954730291707958, 
        "freq" : 1.0505970799595994, 
        "final" : 1.0420693681922097, 
        "dir" : "C:\\Users\\project\\0. My Work\\1. Repositories\\1. Very Unfriendly Train\\Data\\Simulations\\637070450870077696_Secondary\\637070460060045824_4\\4.out", 
        "f0" : 0.9902863945924423, 
        "g0" : 0.5329408032984179, 
        "f1" : 0.9597951921451683, 
        "g1" : 0.5186835527056842
    }
}