{
    "geometry" : {
        "items" : 3, 
        "0" : "feed", 
        "1" : "ground plane", 
        "2" : "radiating plane", 
        "feed" : {
            "items" : 2, 
            "0" : "center", 
            "1" : "width", 
            "center" : 50.886, 
            "width" : 1.732
        }, 
        "ground plane" : {
            "items" : 5, 
            "0" : "l", 
            "1" : "w", 
            "2" : "x", 
            "3" : "y", 
            "4" : "slots", 
            "l" : 84.701, 
            "w" : 100.722, 
            "x" : -0.89, 
            "y" : -1.081, 
            "slots" : {
                "items" : 4, 
                "0" : "elliptical", 
                "1" : "rectangular", 
                "2" : "triangular", 
                "3" : "polygonal", 
                "elliptical" : {
                    "items" : 0
                }, 
                "rectangular" : {
                    "items" : 2, 
                    "0" : {
                        "items" : 4, 
                        "0" : "x", 
                        "1" : "y", 
                        "2" : "l", 
                        "3" : "w", 
                        "x" : 8.998, 
                        "y" : 16.084, 
                        "z" : 0.0, 
                        "l" : 6.377, 
                        "w" : 19.098, 
                        "type" : "rectangular", 
                        "id" : "637070404596370176"
                    }, 
                    "1" : {
                        "items" : 4, 
                        "0" : "x", 
                        "1" : "y", 
                        "2" : "l", 
                        "3" : "w", 
                        "x" : 48.026, 
                        "y" : -12.623, 
                        "z" : 0.0, 
                        "l" : 27.706, 
                        "w" : 14.364, 
                        "type" : "rectangular", 
                        "id" : "637070406467144448"
                    }
                }, 
                "triangular" : {
                    "items" : 2, 
                    "0" : {
                        "items" : 3, 
                        "0" : {
                            "items" : 2, 
                            "0" : "x", 
                            "1" : "y", 
                            "x" : 8.019, 
                            "y" : 88.358, 
                            "z" : 0.0
                        }, 
                        "1" : {
                            "items" : 2, 
                            "0" : "x", 
                            "1" : "y", 
                            "x" : 3.592, 
                            "y" : 85.055, 
                            "z" : 0.0
                        }, 
                        "2" : {
                            "items" : 2, 
                            "0" : "x", 
                            "1" : "y", 
                            "x" : -6.732, 
                            "y" : 70.315, 
                            "z" : 0.0
                        }, 
                        "type" : "triangular", 
                        "id" : "637070401501719040"
                    }, 
                    "1" : {
                        "items" : 3, 
                        "0" : {
                            "items" : 2, 
                            "0" : "x", 
                            "1" : "y", 
                            "x" : 37.817, 
                            "y" : -5.423, 
                            "z" : 0.0
                        }, 
                        "1" : {
                            "items" : 2, 
                            "0" : "x", 
                            "1" : "y", 
                            "x" : 46.725, 
                            "y" : 9.485, 
                            "z" : 0.0
                        }, 
                        "2" : {
                            "items" : 2, 
                            "0" : "x", 
                            "1" : "y", 
                            "x" : 37.883, 
                            "y" : 18.296, 
                            "z" : 0.0
                        }, 
                        "type" : "triangular", 
                        "id" : "637070403002396800"
                    }
                }, 
                "polygonal" : {
                    "items" : 0
                }
            }
        }, 
        "radiating plane" : {
            "items" : 5, 
            "0" : "l", 
            "1" : "w", 
            "2" : "x", 
            "3" : "y", 
            "4" : "slots", 
            "l" : 74.895, 
            "w" : 99.096, 
            "x" : 4.139, 
            "y" : 3.576, 
            "slots" : {
                "items" : 4, 
                "0" : "elliptical", 
                "1" : "rectangular", 
                "2" : "triangular", 
                "3" : "polygonal", 
                "elliptical" : {
                    "items" : 0
                }, 
                "rectangular" : {
                    "items" : 1, 
                    "0" : {
                        "items" : 4, 
                        "0" : "x", 
                        "1" : "y", 
                        "2" : "l", 
                        "3" : "w", 
                        "x" : 3.265, 
                        "y" : 36.313, 
                        "z" : 1.6, 
                        "l" : 2.363, 
                        "w" : 3.287, 
                        "type" : "rectangular", 
                        "id" : "637070406467154304"
                    }
                }, 
                "triangular" : {
                    "items" : 0
                }, 
                "polygonal" : {
                    "items" : 0
                }
            }
        }, 
        "substrate" : {
            "items" : 4, 
            "0" : "l", 
            "1" : "w", 
            "2" : "x", 
            "3" : "h", 
            "l" : 84.701, 
            "w" : 103.803, 
            "h" : 1.6, 
            "x" : -0.89, 
            "y" : -1.081, 
            "permitivitty" : 4.4, 
            "loss" : 0.02, 
            "name" : "FR4"
        }
    }, 
    "fitness" : {
        "items" : 1, 
        "0" : "final", 
        "1" : "freq", 
        "lower" : 0.0, 
        "desired" : 1.2770167349519592, 
        "upper" : 0.0, 
        "area" : 0.9282973434744864, 
        "freq" : 0.8939117144663714, 
        "final" : 1.5398123697185297, 
        "dir" : "C:\\Users\\project\\0. My Work\\1. Repositories\\1. Very Unfriendly Train\\Data\\Simulations\\637070401298185856_Primary\\637070406467164288_9\\9.out", 
        "f0" : 0.9805347386455652, 
        "g0" : 0.30119862619436427, 
        "f1" : 0.9916336276565728, 
        "g1" : 0.2806664774074163
    }
}