{
    "geometry" :	{
        "items" :	3, 
        "0" :	"feed", 
        "1" :	"ground plane", 
        "2" :	"radiating plane", 
        "feed" :	{
            "items" :	2, 
            "0" :	"center", 
            "1" :	"width", 
            "center" :	54.78, 
            "width" :	1.601
        }, 
        "ground plane" :	{
            "items" :	5, 
            "0" :	"l", 
            "1" :	"w", 
            "2" :	"x", 
            "3" :	"y", 
            "4" :	"slots", 
            "l" :	85.136, 
            "w" :	99.118, 
            "x" :	-0.839, 
            "y" :	-1.286, 
            "slots" :	{
                "items" :	4, 
                "0" :	"elliptical", 
                "1" :	"rectangular", 
                "2" :	"triangular", 
                "3" :	"polygonal", 
                "elliptical" :	{
                    "items" :	0
                }, 
                "rectangular" :	{
                    "items" :	3, 
                    "0" :	{
                        "items" :	4, 
                        "0" :	"x", 
                        "1" :	"y", 
                        "2" :	"l", 
                        "3" :	"w", 
                        "x" :	40.229, 
                        "y" :	83.226, 
                        "z" :	0.0, 
                        "l" :	7.117, 
                        "w" :	15.507, 
                        "type" :	"rectangular", 
                        "id" :	"637073412471224832"
                    }, 
                    "1" :	{
                        "items" :	4, 
                        "0" :	"x", 
                        "1" :	"y", 
                        "2" :	"l", 
                        "3" :	"w", 
                        "x" :	71.044, 
                        "y" :	45.384, 
                        "z" :	0.0, 
                        "l" :	10.473, 
                        "w" :	23.397, 
                        "type" :	"rectangular", 
                        "id" :	"637073420663162624"
                    }, 
                    "2" :	{
                        "items" :	4, 
                        "0" :	"x", 
                        "1" :	"y", 
                        "2" :	"l", 
                        "3" :	"w", 
                        "x" :	-11.327, 
                        "y" :	24.252, 
                        "z" :	0.0, 
                        "l" :	31.398, 
                        "w" :	23.532, 
                        "type" :	"rectangular", 
                        "id" :	"637073423223342720"
                    }
                }, 
                "triangular" :	{
                    "items" :	1, 
                    "0" :	{
                        "items" :	3, 
                        "0" :	{
                            "items" :	2, 
                            "0" :	"x", 
                            "1" :	"y", 
                            "x" :	23.216, 
                            "y" :	19.666, 
                            "z" :	0.0
                        }, 
                        "1" :	{
                            "items" :	2, 
                            "0" :	"x", 
                            "1" :	"y", 
                            "x" :	15.213, 
                            "y" :	31.519, 
                            "z" :	0.0
                        }, 
                        "2" :	{
                            "items" :	2, 
                            "0" :	"x", 
                            "1" :	"y", 
                            "x" :	40.664, 
                            "y" :	22.563, 
                            "z" :	0.0
                        }, 
                        "type" :	"triangular", 
                        "id" :	"637073418639024640"
                    }
                }, 
                "polygonal" :	{
                    "items" :	0
                }
            }
        }, 
        "radiating plane" :	{
            "items" :	5, 
            "0" :	"l", 
            "1" :	"w", 
            "2" :	"x", 
            "3" :	"y", 
            "4" :	"slots", 
            "l" :	73.219, 
            "w" :	94.169, 
            "x" :	3.873, 
            "y" :	5.743, 
            "slots" :	{
                "items" :	4, 
                "0" :	"elliptical", 
                "1" :	"rectangular", 
                "2" :	"triangular", 
                "3" :	"polygonal", 
                "elliptical" :	{
                    "items" :	0
                }, 
                "rectangular" :	{
                    "items" :	0
                }, 
                "triangular" :	{
                    "items" :	1, 
                    "0" :	{
                        "items" :	3, 
                        "0" :	{
                            "items" :	2, 
                            "0" :	"x", 
                            "1" :	"y", 
                            "x" :	69.704, 
                            "y" :	29.479, 
                            "z" :	1.6
                        }, 
                        "1" :	{
                            "items" :	2, 
                            "0" :	"x", 
                            "1" :	"y", 
                            "x" :	70.722, 
                            "y" :	28.896, 
                            "z" :	1.6
                        }, 
                        "2" :	{
                            "items" :	2, 
                            "0" :	"x", 
                            "1" :	"y", 
                            "x" :	70.428, 
                            "y" :	29.208, 
                            "z" :	1.6
                        }, 
                        "type" :	"triangular", 
                        "id" :	"637073420663172608"
                    }
                }, 
                "polygonal" :	{
                    "items" :	0
                }
            }
        }, 
        "substrate" :	{
            "items" :	4, 
            "0" :	"l", 
            "1" :	"w", 
            "2" :	"x", 
            "3" :	"h", 
            "l" :	85.136, 
            "w" :	101.24799999999999, 
            "h" :	1.6, 
            "x" :	-0.839, 
            "y" :	-1.286, 
            "permitivitty" :	4.4, 
            "loss" :	0.02, 
            "name" :	"FR4"
        }
    }, 
    "fitness" :	{
        "items" :	1, 
        "0" :	"final", 
        "1" :	"freq", 
        "lower" :	0.422135983886692, 
        "desired" :	1.3517715732417752, 
        "upper" :	1.402696166462863, 
        "area" :	0.9100984179340437, 
        "freq" :	1.0522564682227546, 
        "final" :	1.6613188596149033, 
        "resonant" :	890000000.0, 
        "dir" :	"C:\\Users\\project\\0. My Work\\1. Repositories\\1. Very Unfriendly Train\\Data\\Simulations\\637073406086594944_Primary\\637073423223552128_3\\3.out", 
        "890000000.0" :	{
            "f" :	0.04119121471890134, 
            "g" :	0.38094476916779063
        }, 
        "905000000.0" :	{
            "f" :	0.9131300917572921, 
            "g" :	0.3817881571398871
        }, 
        "920000000.0" :	{
            "f" :	0.9868366317518246, 
            "g" :	0.3861875390882442
        }, 
        "935000000.0" :	{
            "f" :	0.9921684568299065, 
            "g" :	0.39520384315817053
        }, 
        "950000000.0" :	{
            "f" :	0.9935776832499711, 
            "g" :	0.40911848321289196
        }
    }
}