{
    "geometry" :	{
        "items" :	3, 
        "0" :	"feed", 
        "1" :	"ground plane", 
        "2" :	"radiating plane", 
        "feed" :	{
            "items" :	2, 
            "0" :	"center", 
            "1" :	"width", 
            "center" :	54.274, 
            "width" :	1.6
        }, 
        "ground plane" :	{
            "items" :	5, 
            "0" :	"l", 
            "1" :	"w", 
            "2" :	"x", 
            "3" :	"y", 
            "4" :	"slots", 
            "l" :	86.606, 
            "w" :	108.296, 
            "x" :	-0.251, 
            "y" :	-0.33, 
            "slots" :	{
                "items" :	4, 
                "0" :	"elliptical", 
                "1" :	"rectangular", 
                "2" :	"triangular", 
                "3" :	"polygonal", 
                "elliptical" :	{
                    "items" :	0
                }, 
                "rectangular" :	{
                    "items" :	0
                }, 
                "triangular" :	{
                    "items" :	1, 
                    "0" :	{
                        "items" :	3, 
                        "0" :	{
                            "items" :	2, 
                            "0" :	"x", 
                            "1" :	"y", 
                            "x" :	24.041, 
                            "y" :	29.649, 
                            "z" :	0.0
                        }, 
                        "1" :	{
                            "items" :	2, 
                            "0" :	"x", 
                            "1" :	"y", 
                            "x" :	24.448, 
                            "y" :	44.079, 
                            "z" :	0.0
                        }, 
                        "2" :	{
                            "items" :	2, 
                            "0" :	"x", 
                            "1" :	"y", 
                            "x" :	18.814, 
                            "y" :	32.66, 
                            "z" :	0.0
                        }, 
                        "type" :	"triangular", 
                        "id" :	"637073347692390528"
                    }
                }, 
                "polygonal" :	{
                    "items" :	0
                }
            }
        }, 
        "radiating plane" :	{
            "items" :	5, 
            "0" :	"l", 
            "1" :	"w", 
            "2" :	"x", 
            "3" :	"y", 
            "4" :	"slots", 
            "l" :	76.806, 
            "w" :	98.865, 
            "x" :	4.66, 
            "y" :	5.006, 
            "slots" :	{
                "items" :	4, 
                "0" :	"elliptical", 
                "1" :	"rectangular", 
                "2" :	"triangular", 
                "3" :	"polygonal", 
                "elliptical" :	{
                    "items" :	0
                }, 
                "rectangular" :	{
                    "items" :	0
                }, 
                "triangular" :	{
                    "items" :	0
                }, 
                "polygonal" :	{
                    "items" :	0
                }
            }
        }, 
        "substrate" :	{
            "items" :	4, 
            "0" :	"l", 
            "1" :	"w", 
            "2" :	"x", 
            "3" :	"h", 
            "l" :	86.606, 
            "w" :	108.296, 
            "h" :	1.6, 
            "x" :	-0.251, 
            "y" :	-0.33, 
            "permitivitty" :	4.4, 
            "loss" :	0.02, 
            "name" :	"FR4"
        }
    }, 
    "fitness" :	{
        "items" :	1, 
        "0" :	"final", 
        "1" :	"freq", 
        "lower" :	1.373897909757359, 
        "desired" :	0.8530556375369599, 
        "upper" :	1.318455107330608, 
        "area" :	0.990259599821308, 
        "freq" :	0.7798430239717778, 
        "final" :	1.476678503006176, 
        "resonant" :	920000000.0, 
        "dir" :	"C:\\Users\\project\\0. My Work\\1. Repositories\\1. Very Unfriendly Train\\Data\\Simulations\\637073340737287808_Primary\\637073347692390528_6\\6.out", 
        "866000000.0" :	{
            "f" :	0.9917751253199413, 
            "g" :	0.4026685877607458
        }, 
        "879500000.0" :	{
            "f" :	0.9879432429990871, 
            "g" :	0.3903465920431923
        }, 
        "893000000.0" :	{
            "f" :	0.970315607946413, 
            "g" :	0.3786445732026975
        }, 
        "906500000.0" :	{
            "f" :	0.6706662617023351, 
            "g" :	0.367697894316402
        }, 
        "920000000.0" :	{
            "f" :	0.0007393496399743919, 
            "g" :	0.3576167206290209
        }, 
        "933500000.0" :	{
            "f" :	0.8139474532073361, 
            "g" :	0.34849923311581127
        }, 
        "947000000.0" :	{
            "f" :	0.9740527543138754, 
            "g" :	0.34046082385008586
        }, 
        "960500000.0" :	{
            "f" :	0.9878371704395499, 
            "g" :	0.33360970251746147
        }, 
        "974000000.0" :	{
            "f" :	0.9913707700788433, 
            "g" :	0.3280341007920081
        }
    }
}