{
    "geometry" :	{
        "items" :	3, 
        "0" :	"feed", 
        "1" :	"ground plane", 
        "2" :	"radiating plane", 
        "feed" :	{
            "items" :	2, 
            "0" :	"center", 
            "1" :	"width", 
            "center" :	55.612, 
            "width" :	1.594
        }, 
        "ground plane" :	{
            "items" :	5, 
            "0" :	"l", 
            "1" :	"w", 
            "2" :	"x", 
            "3" :	"y", 
            "4" :	"slots", 
            "l" :	82.77199999999999, 
            "w" :	100.548, 
            "x" :	-0.871, 
            "y" :	-1.207, 
            "slots" :	{
                "items" :	4, 
                "0" :	"elliptical", 
                "1" :	"rectangular", 
                "2" :	"triangular", 
                "3" :	"polygonal", 
                "elliptical" :	{
                    "items" :	0
                }, 
                "rectangular" :	{
                    "items" :	1, 
                    "0" :	{
                        "items" :	4, 
                        "0" :	"x", 
                        "1" :	"y", 
                        "2" :	"l", 
                        "3" :	"w", 
                        "x" :	53.196, 
                        "y" :	105.075, 
                        "z" :	0.0, 
                        "l" :	10.621, 
                        "w" :	13.907, 
                        "type" :	"rectangular", 
                        "id" :	"637073369376184064"
                    }
                }, 
                "triangular" :	{
                    "items" :	2, 
                    "0" :	{
                        "items" :	3, 
                        "0" :	{
                            "items" :	2, 
                            "0" :	"x", 
                            "1" :	"y", 
                            "x" :	17.471, 
                            "y" :	37.957, 
                            "z" :	0.0
                        }, 
                        "1" :	{
                            "items" :	2, 
                            "0" :	"x", 
                            "1" :	"y", 
                            "x" :	14.479, 
                            "y" :	21.104, 
                            "z" :	0.0
                        }, 
                        "2" :	{
                            "items" :	2, 
                            "0" :	"x", 
                            "1" :	"y", 
                            "x" :	11.907, 
                            "y" :	23.455, 
                            "z" :	0.0
                        }, 
                        "type" :	"triangular", 
                        "id" :	"637073373190698496"
                    }, 
                    "1" :	{
                        "items" :	3, 
                        "0" :	{
                            "items" :	2, 
                            "0" :	"x", 
                            "1" :	"y", 
                            "x" :	1.586, 
                            "y" :	77.605, 
                            "z" :	0.0
                        }, 
                        "1" :	{
                            "items" :	2, 
                            "0" :	"x", 
                            "1" :	"y", 
                            "x" :	3.011, 
                            "y" :	59.652, 
                            "z" :	0.0
                        }, 
                        "2" :	{
                            "items" :	2, 
                            "0" :	"x", 
                            "1" :	"y", 
                            "x" :	9.69, 
                            "y" :	54.794, 
                            "z" :	0.0
                        }, 
                        "type" :	"triangular", 
                        "id" :	"637073381221014528"
                    }
                }, 
                "polygonal" :	{
                    "items" :	0
                }
            }
        }, 
        "radiating plane" :	{
            "items" :	5, 
            "0" :	"l", 
            "1" :	"w", 
            "2" :	"x", 
            "3" :	"y", 
            "4" :	"slots", 
            "l" :	77.641, 
            "w" :	93.225, 
            "x" :	4.21, 
            "y" :	3.791, 
            "slots" :	{
                "items" :	4, 
                "0" :	"elliptical", 
                "1" :	"rectangular", 
                "2" :	"triangular", 
                "3" :	"polygonal", 
                "elliptical" :	{
                    "items" :	0
                }, 
                "rectangular" :	{
                    "items" :	0
                }, 
                "triangular" :	{
                    "items" :	0
                }, 
                "polygonal" :	{
                    "items" :	0
                }
            }
        }, 
        "substrate" :	{
            "items" :	4, 
            "0" :	"l", 
            "1" :	"w", 
            "2" :	"x", 
            "3" :	"h", 
            "l" :	82.77199999999999, 
            "w" :	100.548, 
            "h" :	1.6, 
            "x" :	-0.871, 
            "y" :	-1.207, 
            "permitivitty" :	4.4, 
            "loss" :	0.02, 
            "name" :	"FR4"
        }
    }, 
    "fitness" :	{
        "items" :	1, 
        "0" :	"final", 
        "1" :	"freq", 
        "lower" :	1.481649772913206, 
        "desired" :	0.9948628593039356, 
        "upper" :	1.4516015666900328, 
        "area" :	0.8787099623586673, 
        "freq" :	0.894924310544879, 
        "final" :	1.414764158757616, 
        "resonant" :	920000000.0, 
        "dir" :	"C:\\Users\\project\\0. My Work\\1. Repositories\\1. Very Unfriendly Train\\Data\\Simulations\\637073364910614272_Primary\\637073381221134208_6\\6.out", 
        "866000000.0" :	{
            "f" :	0.9917451614943829, 
            "g" :	0.5032316465990991
        }, 
        "879500000.0" :	{
            "f" :	0.9881721499611653, 
            "g" :	0.49698416437389537
        }, 
        "893000000.0" :	{
            "f" :	0.9736367339342576, 
            "g" :	0.4911794623768182
        }, 
        "906500000.0" :	{
            "f" :	0.8058604461108697, 
            "g" :	0.4858737383523182
        }, 
        "920000000.0" :	{
            "f" :	0.023115463219090856, 
            "g" :	0.4811404743770242
        }, 
        "933500000.0" :	{
            "f" :	0.7115792956534024, 
            "g" :	0.47701916019910157
        }, 
        "947000000.0" :	{
            "f" :	0.9652564542236911, 
            "g" :	0.4735697612439526
        }, 
        "960500000.0" :	{
            "f" :	0.9857099689865273, 
            "g" :	0.4708509375983564
        }, 
        "974000000.0" :	{
            "f" :	0.990479420151944, 
            "g" :	0.46893815786562715
        }
    }
}