{
    "geometry" :	{
        "items" :	3, 
        "0" :	"feed", 
        "1" :	"ground plane", 
        "2" :	"radiating plane", 
        "feed" :	{
            "items" :	2, 
            "0" :	"center", 
            "1" :	"width", 
            "center" :	55.73, 
            "width" :	1.621
        }, 
        "ground plane" :	{
            "items" :	5, 
            "0" :	"l", 
            "1" :	"w", 
            "2" :	"x", 
            "3" :	"y", 
            "4" :	"slots", 
            "l" :	80.406, 
            "w" :	94.581, 
            "x" :	-1.232, 
            "y" :	-0.993, 
            "slots" :	{
                "items" :	4, 
                "0" :	"elliptical", 
                "1" :	"rectangular", 
                "2" :	"triangular", 
                "3" :	"polygonal", 
                "elliptical" :	{
                    "items" :	0
                }, 
                "rectangular" :	{
                    "items" :	2, 
                    "0" :	{
                        "items" :	4, 
                        "0" :	"x", 
                        "1" :	"y", 
                        "2" :	"l", 
                        "3" :	"w", 
                        "x" :	51.75, 
                        "y" :	107.841, 
                        "z" :	0.0, 
                        "l" :	11.599, 
                        "w" :	22.584, 
                        "type" :	"rectangular", 
                        "id" :	"637073369376184064"
                    }, 
                    "1" :	{
                        "items" :	4, 
                        "0" :	"x", 
                        "1" :	"y", 
                        "2" :	"l", 
                        "3" :	"w", 
                        "x" :	62.878, 
                        "y" :	7.168, 
                        "z" :	0.0, 
                        "l" :	1.546, 
                        "w" :	26.406, 
                        "type" :	"rectangular", 
                        "id" :	"637073381220834944"
                    }
                }, 
                "triangular" :	{
                    "items" :	0
                }, 
                "polygonal" :	{
                    "items" :	0
                }
            }
        }, 
        "radiating plane" :	{
            "items" :	5, 
            "0" :	"l", 
            "1" :	"w", 
            "2" :	"x", 
            "3" :	"y", 
            "4" :	"slots", 
            "l" :	75.129, 
            "w" :	93.474, 
            "x" :	3.995, 
            "y" :	3.614, 
            "slots" :	{
                "items" :	4, 
                "0" :	"elliptical", 
                "1" :	"rectangular", 
                "2" :	"triangular", 
                "3" :	"polygonal", 
                "elliptical" :	{
                    "items" :	0
                }, 
                "rectangular" :	{
                    "items" :	1, 
                    "0" :	{
                        "items" :	4, 
                        "0" :	"x", 
                        "1" :	"y", 
                        "2" :	"l", 
                        "3" :	"w", 
                        "x" :	15.016, 
                        "y" :	43.155, 
                        "z" :	1.6, 
                        "l" :	5.398, 
                        "w" :	0.337, 
                        "type" :	"rectangular", 
                        "id" :	"637073373190698496"
                    }
                }, 
                "triangular" :	{
                    "items" :	1, 
                    "0" :	{
                        "items" :	3, 
                        "0" :	{
                            "items" :	2, 
                            "0" :	"x", 
                            "1" :	"y", 
                            "x" :	6.329, 
                            "y" :	5.189, 
                            "z" :	1.6
                        }, 
                        "1" :	{
                            "items" :	2, 
                            "0" :	"x", 
                            "1" :	"y", 
                            "x" :	7.682, 
                            "y" :	2.781, 
                            "z" :	1.6
                        }, 
                        "2" :	{
                            "items" :	2, 
                            "0" :	"x", 
                            "1" :	"y", 
                            "x" :	7.453, 
                            "y" :	3.903, 
                            "z" :	1.6
                        }, 
                        "type" :	"triangular", 
                        "id" :	"637073381220844928"
                    }
                }, 
                "polygonal" :	{
                    "items" :	0
                }
            }
        }, 
        "substrate" :	{
            "items" :	4, 
            "0" :	"l", 
            "1" :	"w", 
            "2" :	"x", 
            "3" :	"h", 
            "l" :	80.406, 
            "w" :	98.131, 
            "h" :	1.6, 
            "x" :	-1.232, 
            "y" :	-0.993, 
            "permitivitty" :	4.4, 
            "loss" :	0.02, 
            "name" :	"FR4"
        }
    }, 
    "fitness" :	{
        "items" :	1, 
        "0" :	"final", 
        "1" :	"freq", 
        "lower" :	1.4741951123175279, 
        "desired" :	0.9515460534162012, 
        "upper" :	1.478452527690241, 
        "area" :	0.8330735517400041, 
        "freq" :	0.8653114483228428, 
        "final" :	1.270390027021102, 
        "resonant" :	906500000.0, 
        "dir" :	"C:\\Users\\project\\0. My Work\\1. Repositories\\1. Very Unfriendly Train\\Data\\Simulations\\637073364910614272_Primary\\637073381221134208_1\\1.out", 
        "866000000.0" :	{
            "f" :	0.9901780652516325, 
            "g" :	0.5105409819397579
        }, 
        "879500000.0" :	{
            "f" :	0.9831729940883883, 
            "g" :	0.5036036776992083
        }, 
        "893000000.0" :	{
            "f" :	0.9366162820293028, 
            "g" :	0.49847333594429416
        }, 
        "906500000.0" :	{
            "f" :	0.20399120845464916, 
            "g" :	0.49469621459173013
        }, 
        "920000000.0" :	{
            "f" :	0.23889752127479078, 
            "g" :	0.4920553838876171
        }, 
        "933500000.0" :	{
            "f" :	0.9345839205036348, 
            "g" :	0.4904139115361816
        }, 
        "947000000.0" :	{
            "f" :	0.981683500083561, 
            "g" :	0.4898695365440312
        }, 
        "960500000.0" :	{
            "f" :	0.9893399335358694, 
            "g" :	0.49042681189900406
        }, 
        "974000000.0" :	{
            "f" :	0.9918390478762918, 
            "g" :	0.49219875313196576
        }
    }
}