{
    "geometry" :	{
        "items" :	3, 
        "0" :	"feed", 
        "1" :	"ground plane", 
        "2" :	"radiating plane", 
        "feed" :	{
            "items" :	2, 
            "0" :	"center", 
            "1" :	"width", 
            "center" :	55.741, 
            "width" :	1.673
        }, 
        "ground plane" :	{
            "items" :	5, 
            "0" :	"l", 
            "1" :	"w", 
            "2" :	"x", 
            "3" :	"y", 
            "4" :	"slots", 
            "l" :	78.13, 
            "w" :	91.08, 
            "x" :	-1.394, 
            "y" :	-1.054, 
            "slots" :	{
                "items" :	4, 
                "0" :	"elliptical", 
                "1" :	"rectangular", 
                "2" :	"triangular", 
                "3" :	"polygonal", 
                "elliptical" :	{
                    "items" :	0
                }, 
                "rectangular" :	{
                    "items" :	2, 
                    "0" :	{
                        "items" :	4, 
                        "0" :	"x", 
                        "1" :	"y", 
                        "2" :	"l", 
                        "3" :	"w", 
                        "x" :	63.102, 
                        "y" :	7.043, 
                        "z" :	0.0, 
                        "l" :	2.548, 
                        "w" :	22.552, 
                        "type" :	"rectangular", 
                        "id" :	"637073381220834944"
                    }, 
                    "1" :	{
                        "items" :	4, 
                        "0" :	"x", 
                        "1" :	"y", 
                        "2" :	"l", 
                        "3" :	"w", 
                        "x" :	85.702, 
                        "y" :	5.701, 
                        "z" :	0.0, 
                        "l" :	21.719, 
                        "w" :	24.544, 
                        "type" :	"rectangular", 
                        "id" :	"637073386951365376"
                    }
                }, 
                "triangular" :	{
                    "items" :	0
                }, 
                "polygonal" :	{
                    "items" :	0
                }
            }
        }, 
        "radiating plane" :	{
            "items" :	5, 
            "0" :	"l", 
            "1" :	"w", 
            "2" :	"x", 
            "3" :	"y", 
            "4" :	"slots", 
            "l" :	72.038, 
            "w" :	90.71, 
            "x" :	4.648, 
            "y" :	5.295, 
            "slots" :	{
                "items" :	4, 
                "0" :	"elliptical", 
                "1" :	"rectangular", 
                "2" :	"triangular", 
                "3" :	"polygonal", 
                "elliptical" :	{
                    "items" :	0
                }, 
                "rectangular" :	{
                    "items" :	2, 
                    "0" :	{
                        "items" :	4, 
                        "0" :	"x", 
                        "1" :	"y", 
                        "2" :	"l", 
                        "3" :	"w", 
                        "x" :	16.755, 
                        "y" :	42.001, 
                        "z" :	1.6, 
                        "l" :	3.855, 
                        "w" :	0.242, 
                        "type" :	"rectangular", 
                        "id" :	"637073373190698496"
                    }, 
                    "1" :	{
                        "items" :	4, 
                        "0" :	"x", 
                        "1" :	"y", 
                        "2" :	"l", 
                        "3" :	"w", 
                        "x" :	50.741, 
                        "y" :	60.505, 
                        "z" :	1.6, 
                        "l" :	5.407, 
                        "w" :	3.617, 
                        "type" :	"rectangular", 
                        "id" :	"637073386951385088"
                    }
                }, 
                "triangular" :	{
                    "items" :	1, 
                    "0" :	{
                        "items" :	3, 
                        "0" :	{
                            "items" :	2, 
                            "0" :	"x", 
                            "1" :	"y", 
                            "x" :	7.495, 
                            "y" :	5.424, 
                            "z" :	1.6
                        }, 
                        "1" :	{
                            "items" :	2, 
                            "0" :	"x", 
                            "1" :	"y", 
                            "x" :	7.103, 
                            "y" :	3.957, 
                            "z" :	1.6
                        }, 
                        "2" :	{
                            "items" :	2, 
                            "0" :	"x", 
                            "1" :	"y", 
                            "x" :	7.958, 
                            "y" :	2.872, 
                            "z" :	1.6
                        }, 
                        "type" :	"triangular", 
                        "id" :	"637073381220844928"
                    }
                }, 
                "polygonal" :	{
                    "items" :	0
                }
            }
        }, 
        "substrate" :	{
            "items" :	4, 
            "0" :	"l", 
            "1" :	"w", 
            "2" :	"x", 
            "3" :	"h", 
            "l" :	78.13, 
            "w" :	97.109, 
            "h" :	1.6, 
            "x" :	-1.394, 
            "y" :	-1.054, 
            "permitivitty" :	4.4, 
            "loss" :	0.02, 
            "name" :	"FR4"
        }
    }, 
    "fitness" :	{
        "items" :	1, 
        "0" :	"final", 
        "1" :	"freq", 
        "lower" :	1.5186072602957577, 
        "desired" :	1.4519505627824707, 
        "upper" :	0.9122145592474218, 
        "area" :	0.8010617054672371, 
        "freq" :	1.19105773903524, 
        "final" :	1.49280628466787, 
        "resonant" :	960500000.0, 
        "dir" :	"C:\\Users\\project\\0. My Work\\1. Repositories\\1. Very Unfriendly Train\\Data\\Simulations\\637073364910614272_Primary\\637073386951634560_2\\2.out", 
        "866000000.0" :	{
            "f" :	0.9924712324193626, 
            "g" :	0.552165686433068
        }, 
        "879500000.0" :	{
            "f" :	0.9928722047879909, 
            "g" :	0.5272384289016853
        }, 
        "893000000.0" :	{
            "f" :	0.9924187471044479, 
            "g" :	0.49865548124071774
        }, 
        "906500000.0" :	{
            "f" :	0.9910614220345807, 
            "g" :	0.47957460002640384
        }, 
        "920000000.0" :	{
            "f" :	0.9874548916536923, 
            "g" :	0.4664963209053607
        }, 
        "933500000.0" :	{
            "f" :	0.9739379323498446, 
            "g" :	0.45732652137753055
        }, 
        "947000000.0" :	{
            "f" :	0.8565017269397328, 
            "g" :	0.45061942698706964
        }, 
        "960500000.0" :	{
            "f" :	0.06803962764032025, 
            "g" :	0.4456433159414419
        }, 
        "974000000.0" :	{
            "f" :	0.4738571954208872, 
            "g" :	0.4419823848128136
        }
    }
}