{
    "geometry" :	{
        "items" :	3, 
        "0" :	"feed", 
        "1" :	"ground plane", 
        "2" :	"radiating plane", 
        "feed" :	{
            "items" :	2, 
            "0" :	"center", 
            "1" :	"width", 
            "center" :	56.017, 
            "width" :	1.642
        }, 
        "ground plane" :	{
            "items" :	5, 
            "0" :	"l", 
            "1" :	"w", 
            "2" :	"x", 
            "3" :	"y", 
            "4" :	"slots", 
            "l" :	75.616, 
            "w" :	81.782, 
            "x" :	-2.525, 
            "y" :	-3.343, 
            "slots" :	{
                "items" :	4, 
                "0" :	"elliptical", 
                "1" :	"rectangular", 
                "2" :	"triangular", 
                "3" :	"polygonal", 
                "elliptical" :	{
                    "items" :	0
                }, 
                "rectangular" :	{
                    "items" :	3, 
                    "0" :	{
                        "items" :	4, 
                        "0" :	"x", 
                        "1" :	"y", 
                        "2" :	"l", 
                        "3" :	"w", 
                        "x" :	52.303, 
                        "y" :	68.212, 
                        "z" :	0.0, 
                        "l" :	18.674, 
                        "w" :	3.038, 
                        "type" :	"rectangular", 
                        "id" :	"637073443390596352"
                    }, 
                    "1" :	{
                        "items" :	4, 
                        "0" :	"x", 
                        "1" :	"y", 
                        "2" :	"l", 
                        "3" :	"w", 
                        "x" :	7.922, 
                        "y" :	54.292, 
                        "z" :	0.0, 
                        "l" :	6.943, 
                        "w" :	22.463, 
                        "type" :	"rectangular", 
                        "id" :	"637073452724917632"
                    }, 
                    "2" :	{
                        "items" :	4, 
                        "0" :	"x", 
                        "1" :	"y", 
                        "2" :	"l", 
                        "3" :	"w", 
                        "x" :	32.695, 
                        "y" :	67.656, 
                        "z" :	0.0, 
                        "l" :	21.472, 
                        "w" :	14.093, 
                        "type" :	"rectangular", 
                        "id" :	"637073455999556352"
                    }
                }, 
                "triangular" :	{
                    "items" :	6, 
                    "0" :	{
                        "items" :	3, 
                        "0" :	{
                            "items" :	2, 
                            "0" :	"x", 
                            "1" :	"y", 
                            "x" :	23.751, 
                            "y" :	24.674, 
                            "z" :	0.0
                        }, 
                        "1" :	{
                            "items" :	2, 
                            "0" :	"x", 
                            "1" :	"y", 
                            "x" :	11.707, 
                            "y" :	35.591, 
                            "z" :	0.0
                        }, 
                        "2" :	{
                            "items" :	2, 
                            "0" :	"x", 
                            "1" :	"y", 
                            "x" :	36.098, 
                            "y" :	18.309, 
                            "z" :	0.0
                        }, 
                        "type" :	"triangular", 
                        "id" :	"637073418639024640"
                    }, 
                    "1" :	{
                        "items" :	3, 
                        "0" :	{
                            "items" :	2, 
                            "0" :	"x", 
                            "1" :	"y", 
                            "x" :	45.82, 
                            "y" :	67.649, 
                            "z" :	0.0
                        }, 
                        "1" :	{
                            "items" :	2, 
                            "0" :	"x", 
                            "1" :	"y", 
                            "x" :	43.817, 
                            "y" :	58.952, 
                            "z" :	0.0
                        }, 
                        "2" :	{
                            "items" :	2, 
                            "0" :	"x", 
                            "1" :	"y", 
                            "x" :	46.518, 
                            "y" :	66.681, 
                            "z" :	0.0
                        }, 
                        "type" :	"triangular", 
                        "id" :	"637073428614012928"
                    }, 
                    "2" :	{
                        "items" :	3, 
                        "0" :	{
                            "items" :	2, 
                            "0" :	"x", 
                            "1" :	"y", 
                            "x" :	13.143, 
                            "y" :	37.38, 
                            "z" :	0.0
                        }, 
                        "1" :	{
                            "items" :	2, 
                            "0" :	"x", 
                            "1" :	"y", 
                            "x" :	26.262, 
                            "y" :	18.212, 
                            "z" :	0.0
                        }, 
                        "2" :	{
                            "items" :	2, 
                            "0" :	"x", 
                            "1" :	"y", 
                            "x" :	35.206, 
                            "y" :	20.24, 
                            "z" :	0.0
                        }, 
                        "type" :	"triangular", 
                        "id" :	"637073433017341824"
                    }, 
                    "3" :	{
                        "items" :	3, 
                        "0" :	{
                            "items" :	2, 
                            "0" :	"x", 
                            "1" :	"y", 
                            "x" :	39.337, 
                            "y" :	33.456, 
                            "z" :	0.0
                        }, 
                        "1" :	{
                            "items" :	2, 
                            "0" :	"x", 
                            "1" :	"y", 
                            "x" :	47.734, 
                            "y" :	62.834, 
                            "z" :	0.0
                        }, 
                        "2" :	{
                            "items" :	2, 
                            "0" :	"x", 
                            "1" :	"y", 
                            "x" :	36.429, 
                            "y" :	49.19, 
                            "z" :	0.0
                        }, 
                        "type" :	"triangular", 
                        "id" :	"637073438030095488"
                    }, 
                    "4" :	{
                        "items" :	3, 
                        "0" :	{
                            "items" :	2, 
                            "0" :	"x", 
                            "1" :	"y", 
                            "x" :	46.441, 
                            "y" :	44.607, 
                            "z" :	0.0
                        }, 
                        "1" :	{
                            "items" :	2, 
                            "0" :	"x", 
                            "1" :	"y", 
                            "x" :	54.343, 
                            "y" :	35.564, 
                            "z" :	0.0
                        }, 
                        "2" :	{
                            "items" :	2, 
                            "0" :	"x", 
                            "1" :	"y", 
                            "x" :	48.398, 
                            "y" :	29.3, 
                            "z" :	0.0
                        }, 
                        "type" :	"triangular", 
                        "id" :	"637073446063226112"
                    }, 
                    "5" :	{
                        "items" :	3, 
                        "0" :	{
                            "items" :	2, 
                            "0" :	"x", 
                            "1" :	"y", 
                            "x" :	22.882, 
                            "y" :	28.933, 
                            "z" :	0.0
                        }, 
                        "1" :	{
                            "items" :	2, 
                            "0" :	"x", 
                            "1" :	"y", 
                            "x" :	17.328, 
                            "y" :	35.671, 
                            "z" :	0.0
                        }, 
                        "2" :	{
                            "items" :	2, 
                            "0" :	"x", 
                            "1" :	"y", 
                            "x" :	21.84, 
                            "y" :	36.148, 
                            "z" :	0.0
                        }, 
                        "type" :	"triangular", 
                        "id" :	"637073449570861952"
                    }
                }, 
                "polygonal" :	{
                    "items" :	0
                }
            }
        }, 
        "radiating plane" :	{
            "items" :	5, 
            "0" :	"l", 
            "1" :	"w", 
            "2" :	"x", 
            "3" :	"y", 
            "4" :	"slots", 
            "l" :	69.929, 
            "w" :	82.594, 
            "x" :	3.112, 
            "y" :	5.708, 
            "slots" :	{
                "items" :	4, 
                "0" :	"elliptical", 
                "1" :	"rectangular", 
                "2" :	"triangular", 
                "3" :	"polygonal", 
                "elliptical" :	{
                    "items" :	0
                }, 
                "rectangular" :	{
                    "items" :	0
                }, 
                "triangular" :	{
                    "items" :	3, 
                    "0" :	{
                        "items" :	3, 
                        "0" :	{
                            "items" :	2, 
                            "0" :	"x", 
                            "1" :	"y", 
                            "x" :	14.311, 
                            "y" :	59.663, 
                            "z" :	1.6
                        }, 
                        "1" :	{
                            "items" :	2, 
                            "0" :	"x", 
                            "1" :	"y", 
                            "x" :	16.509, 
                            "y" :	59.029, 
                            "z" :	1.6
                        }, 
                        "2" :	{
                            "items" :	2, 
                            "0" :	"x", 
                            "1" :	"y", 
                            "x" :	15.679, 
                            "y" :	56.926, 
                            "z" :	1.6
                        }, 
                        "type" :	"triangular", 
                        "id" :	"637073428614032768"
                    }, 
                    "1" :	{
                        "items" :	3, 
                        "0" :	{
                            "items" :	2, 
                            "0" :	"x", 
                            "1" :	"y", 
                            "x" :	27.782, 
                            "y" :	58.597, 
                            "z" :	1.6
                        }, 
                        "1" :	{
                            "items" :	2, 
                            "0" :	"x", 
                            "1" :	"y", 
                            "x" :	22.307, 
                            "y" :	62.04, 
                            "z" :	1.6
                        }, 
                        "2" :	{
                            "items" :	2, 
                            "0" :	"x", 
                            "1" :	"y", 
                            "x" :	18.901, 
                            "y" :	59.636, 
                            "z" :	1.6
                        }, 
                        "type" :	"triangular", 
                        "id" :	"637073438030125696"
                    }, 
                    "2" :	{
                        "items" :	3, 
                        "0" :	{
                            "items" :	2, 
                            "0" :	"x", 
                            "1" :	"y", 
                            "x" :	65.267, 
                            "y" :	15.05, 
                            "z" :	1.6
                        }, 
                        "1" :	{
                            "items" :	2, 
                            "0" :	"x", 
                            "1" :	"y", 
                            "x" :	61.308, 
                            "y" :	14.845, 
                            "z" :	1.6
                        }, 
                        "2" :	{
                            "items" :	2, 
                            "0" :	"x", 
                            "1" :	"y", 
                            "x" :	67.048, 
                            "y" :	15.245, 
                            "z" :	1.6
                        }, 
                        "type" :	"triangular", 
                        "id" :	"637073443390636160"
                    }
                }, 
                "polygonal" :	{
                    "items" :	0
                }
            }
        }, 
        "substrate" :	{
            "items" :	4, 
            "0" :	"l", 
            "1" :	"w", 
            "2" :	"x", 
            "3" :	"h", 
            "l" :	75.616, 
            "w" :	91.695, 
            "h" :	1.6, 
            "x" :	-2.525, 
            "y" :	-3.343, 
            "permitivitty" :	4.4, 
            "loss" :	0.02, 
            "name" :	"FR4"
        }
    }, 
    "fitness" :	{
        "items" :	1, 
        "0" :	"final", 
        "1" :	"freq", 
        "lower" :	1.524090055265449, 
        "desired" :	1.6220431980211114, 
        "upper" :	1.639757352779641, 
        "area" :	0.7320622620818218, 
        "freq" :	1.346965760951323, 
        "final" :	1.3751921917337206, 
        "resonant" :	890000000.0, 
        "dir" :	"C:\\Users\\project\\0. My Work\\1. Repositories\\1. Very Unfriendly Train\\Data\\Simulations\\637073406086594944_Primary\\637073456000035200_1\\1.out", 
        "890000000.0" :	{
            "f" :	0.9057603143716566, 
            "g" :	0.6183297408937924
        }, 
        "905000000.0" :	{
            "f" :	0.9854580168121437, 
            "g" :	0.6232371704291244
        }, 
        "920000000.0" :	{
            "f" :	0.992758075367275, 
            "g" :	0.631432825520607
        }, 
        "935000000.0" :	{
            "f" :	0.9938861542116265, 
            "g" :	0.639357351722557
        }, 
        "950000000.0" :	{
            "f" :	0.9942759223762392, 
            "g" :	0.6454814304034017
        }
    }
}