{
    "geometry" :	{
        "items" :	3, 
        "0" :	"feed", 
        "1" :	"ground plane", 
        "2" :	"radiating plane", 
        "feed" :	{
            "items" :	2, 
            "0" :	"center", 
            "1" :	"width", 
            "center" :	55.416, 
            "width" :	1.57
        }, 
        "ground plane" :	{
            "items" :	5, 
            "0" :	"l", 
            "1" :	"w", 
            "2" :	"x", 
            "3" :	"y", 
            "4" :	"slots", 
            "l" :	84.49799999999999, 
            "w" :	85.136, 
            "x" :	-1.694, 
            "y" :	-1.106, 
            "slots" :	{
                "items" :	4, 
                "0" :	"elliptical", 
                "1" :	"rectangular", 
                "2" :	"triangular", 
                "3" :	"polygonal", 
                "elliptical" :	{
                    "items" :	0
                }, 
                "rectangular" :	{
                    "items" :	2, 
                    "0" :	{
                        "items" :	4, 
                        "0" :	"x", 
                        "1" :	"y", 
                        "2" :	"l", 
                        "3" :	"w", 
                        "x" :	72.607, 
                        "y" :	8.965, 
                        "z" :	0.0, 
                        "l" :	1.846, 
                        "w" :	33.32, 
                        "type" :	"rectangular", 
                        "id" :	"637073381220834944"
                    }, 
                    "1" :	{
                        "items" :	4, 
                        "0" :	"x", 
                        "1" :	"y", 
                        "2" :	"l", 
                        "3" :	"w", 
                        "x" :	38.412, 
                        "y" :	22.495, 
                        "z" :	0.0, 
                        "l" :	14.367, 
                        "w" :	2.107, 
                        "type" :	"rectangular", 
                        "id" :	"637073393613993856"
                    }
                }, 
                "triangular" :	{
                    "items" :	0
                }, 
                "polygonal" :	{
                    "items" :	0
                }
            }
        }, 
        "radiating plane" :	{
            "items" :	5, 
            "0" :	"l", 
            "1" :	"w", 
            "2" :	"x", 
            "3" :	"y", 
            "4" :	"slots", 
            "l" :	78.579, 
            "w" :	90.22, 
            "x" :	4.175, 
            "y" :	5.004, 
            "slots" :	{
                "items" :	4, 
                "0" :	"elliptical", 
                "1" :	"rectangular", 
                "2" :	"triangular", 
                "3" :	"polygonal", 
                "elliptical" :	{
                    "items" :	0
                }, 
                "rectangular" :	{
                    "items" :	1, 
                    "0" :	{
                        "items" :	4, 
                        "0" :	"x", 
                        "1" :	"y", 
                        "2" :	"l", 
                        "3" :	"w", 
                        "x" :	13.88, 
                        "y" :	43.899, 
                        "z" :	1.6, 
                        "l" :	3.579, 
                        "w" :	2.018, 
                        "type" :	"rectangular", 
                        "id" :	"637073373190698496"
                    }
                }, 
                "triangular" :	{
                    "items" :	1, 
                    "0" :	{
                        "items" :	3, 
                        "0" :	{
                            "items" :	2, 
                            "0" :	"x", 
                            "1" :	"y", 
                            "x" :	64.268, 
                            "y" :	76.378, 
                            "z" :	1.6
                        }, 
                        "1" :	{
                            "items" :	2, 
                            "0" :	"x", 
                            "1" :	"y", 
                            "x" :	59.795, 
                            "y" :	76.838, 
                            "z" :	1.6
                        }, 
                        "2" :	{
                            "items" :	2, 
                            "0" :	"x", 
                            "1" :	"y", 
                            "x" :	59.229, 
                            "y" :	77.232, 
                            "z" :	1.6
                        }, 
                        "type" :	"triangular", 
                        "id" :	"637073386951335424"
                    }
                }, 
                "polygonal" :	{
                    "items" :	0
                }
            }
        }, 
        "substrate" :	{
            "items" :	4, 
            "0" :	"l", 
            "1" :	"w", 
            "2" :	"x", 
            "3" :	"h", 
            "l" :	84.49799999999999, 
            "w" :	96.38, 
            "h" :	1.6, 
            "x" :	-1.694, 
            "y" :	-1.106, 
            "permitivitty" :	4.4, 
            "loss" :	0.02, 
            "name" :	"FR4"
        }
    }, 
    "fitness" :	{
        "items" :	1, 
        "0" :	"final", 
        "1" :	"freq", 
        "lower" :	1.2023237951567112, 
        "desired" :	1.470891886184397, 
        "upper" :	1.4969426671260297, 
        "area" :	0.8598486551144877, 
        "freq" :	1.2066689762736997, 
        "final" :	1.6988745153115792, 
        "resonant" :	879500000.0, 
        "dir" :	"C:\\Users\\project\\0. My Work\\1. Repositories\\1. Very Unfriendly Train\\Data\\Simulations\\637073364910614272_Primary\\637073393614043776_8\\8.out", 
        "866000000.0" :	{
            "f" :	0.9225707892488642, 
            "g" :	0.5268014809914516
        }, 
        "879500000.0" :	{
            "f" :	0.5258768595309222, 
            "g" :	0.5244098546978518
        }, 
        "893000000.0" :	{
            "f" :	0.5978063861389095, 
            "g" :	0.5095060148621342
        }, 
        "906500000.0" :	{
            "f" :	0.930132946803948, 
            "g" :	0.5070386218996409
        }, 
        "920000000.0" :	{
            "f" :	0.9774144401192164, 
            "g" :	0.505865454521119
        }, 
        "933500000.0" :	{
            "f" :	0.9872517785425167, 
            "g" :	0.50497241666675
        }, 
        "947000000.0" :	{
            "f" :	0.9906365447067793, 
            "g" :	0.5045361613411844
        }, 
        "960500000.0" :	{
            "f" :	0.9921860496723492, 
            "g" :	0.5047226103543382
        }, 
        "974000000.0" :	{
            "f" :	0.9930262223094262, 
            "g" :	0.5057204129940122
        }
    }
}