{
    "geometry" :	{
        "items" :	3, 
        "0" :	"feed", 
        "1" :	"ground plane", 
        "2" :	"radiating plane", 
        "feed" :	{
            "items" :	2, 
            "0" :	"center", 
            "1" :	"width", 
            "center" :	54.835, 
            "width" :	1.61
        }, 
        "ground plane" :	{
            "items" :	5, 
            "0" :	"l", 
            "1" :	"w", 
            "2" :	"x", 
            "3" :	"y", 
            "4" :	"slots", 
            "l" :	81.222, 
            "w" :	97.597, 
            "x" :	-1.351, 
            "y" :	-0.589, 
            "slots" :	{
                "items" :	4, 
                "0" :	"elliptical", 
                "1" :	"rectangular", 
                "2" :	"triangular", 
                "3" :	"polygonal", 
                "elliptical" :	{
                    "items" :	0
                }, 
                "rectangular" :	{
                    "items" :	2, 
                    "0" :	{
                        "items" :	4, 
                        "0" :	"x", 
                        "1" :	"y", 
                        "2" :	"l", 
                        "3" :	"w", 
                        "x" :	48.441, 
                        "y" :	112.909, 
                        "z" :	0.0, 
                        "l" :	14.524, 
                        "w" :	21.729, 
                        "type" :	"rectangular", 
                        "id" :	"637073369376184064"
                    }, 
                    "1" :	{
                        "items" :	4, 
                        "0" :	"x", 
                        "1" :	"y", 
                        "2" :	"l", 
                        "3" :	"w", 
                        "x" :	51.297, 
                        "y" :	46.365, 
                        "z" :	0.0, 
                        "l" :	16.233, 
                        "w" :	34.235, 
                        "type" :	"rectangular", 
                        "id" :	"637073386951554816"
                    }
                }, 
                "triangular" :	{
                    "items" :	0
                }, 
                "polygonal" :	{
                    "items" :	0
                }
            }
        }, 
        "radiating plane" :	{
            "items" :	5, 
            "0" :	"l", 
            "1" :	"w", 
            "2" :	"x", 
            "3" :	"y", 
            "4" :	"slots", 
            "l" :	75.106, 
            "w" :	92.362, 
            "x" :	4.715, 
            "y" :	3.476, 
            "slots" :	{
                "items" :	4, 
                "0" :	"elliptical", 
                "1" :	"rectangular", 
                "2" :	"triangular", 
                "3" :	"polygonal", 
                "elliptical" :	{
                    "items" :	0
                }, 
                "rectangular" :	{
                    "items" :	0
                }, 
                "triangular" :	{
                    "items" :	1, 
                    "0" :	{
                        "items" :	3, 
                        "0" :	{
                            "items" :	2, 
                            "0" :	"x", 
                            "1" :	"y", 
                            "x" :	5.382, 
                            "y" :	3.862, 
                            "z" :	1.6
                        }, 
                        "1" :	{
                            "items" :	2, 
                            "0" :	"x", 
                            "1" :	"y", 
                            "x" :	5.799, 
                            "y" :	1.983, 
                            "z" :	1.6
                        }, 
                        "2" :	{
                            "items" :	2, 
                            "0" :	"x", 
                            "1" :	"y", 
                            "x" :	7.91, 
                            "y" :	4.524, 
                            "z" :	1.6
                        }, 
                        "type" :	"triangular", 
                        "id" :	"637073381220844928"
                    }
                }, 
                "polygonal" :	{
                    "items" :	0
                }
            }
        }, 
        "substrate" :	{
            "items" :	4, 
            "0" :	"l", 
            "1" :	"w", 
            "2" :	"x", 
            "3" :	"h", 
            "l" :	81.222, 
            "w" :	97.597, 
            "h" :	1.6, 
            "x" :	-1.351, 
            "y" :	-0.589, 
            "permitivitty" :	4.4, 
            "loss" :	0.02, 
            "name" :	"FR4"
        }
    }, 
    "fitness" :	{
        "items" :	1, 
        "0" :	"final", 
        "1" :	"freq", 
        "lower" :	1.5087961346693077, 
        "desired" :	1.5262714240579107, 
        "upper" :	1.5143115746191274, 
        "area" :	0.8369486481631773, 
        "freq" :	1.2723532470183851, 
        "final" :	1.6945747862627523, 
        "resonant" :	866000000.0, 
        "dir" :	"C:\\Users\\project\\0. My Work\\1. Repositories\\1. Very Unfriendly Train\\Data\\Simulations\\637073364910614272_Primary\\637073386951634560_7\\7.out", 
        "866000000.0" :	{
            "f" :	0.9218101898177365, 
            "g" :	0.5612564404608554
        }, 
        "879500000.0" :	{
            "f" :	0.9604764715122053, 
            "g" :	0.5551722382807748
        }, 
        "893000000.0" :	{
            "f" :	0.9785343099247623, 
            "g" :	0.5491387540115888
        }, 
        "906500000.0" :	{
            "f" :	0.9859113925989554, 
            "g" :	0.5432141105077924
        }, 
        "920000000.0" :	{
            "f" :	0.9893160017616172, 
            "g" :	0.5374274884254507
        }, 
        "933500000.0" :	{
            "f" :	0.9911120690673619, 
            "g" :	0.5318332098125538
        }, 
        "947000000.0" :	{
            "f" :	0.9921648298988963, 
            "g" :	0.526481553110039
        }, 
        "960500000.0" :	{
            "f" :	0.9928334128208074, 
            "g" :	0.5214285346568791
        }, 
        "974000000.0" :	{
            "f" :	0.993283618285354, 
            "g" :	0.516742775085406
        }
    }
}