{
    "geometry" :	{
        "items" :	3, 
        "0" :	"feed", 
        "1" :	"ground plane", 
        "2" :	"radiating plane", 
        "feed" :	{
            "items" :	2, 
            "0" :	"center", 
            "1" :	"width", 
            "center" :	54.247, 
            "width" :	1.611
        }, 
        "ground plane" :	{
            "items" :	5, 
            "0" :	"l", 
            "1" :	"w", 
            "2" :	"x", 
            "3" :	"y", 
            "4" :	"slots", 
            "l" :	86.431, 
            "w" :	103.903, 
            "x" :	-0.143, 
            "y" :	0.115, 
            "slots" :	{
                "items" :	4, 
                "0" :	"elliptical", 
                "1" :	"rectangular", 
                "2" :	"triangular", 
                "3" :	"polygonal", 
                "elliptical" :	{
                    "items" :	0
                }, 
                "rectangular" :	{
                    "items" :	0
                }, 
                "triangular" :	{
                    "items" :	1, 
                    "0" :	{
                        "items" :	3, 
                        "0" :	{
                            "items" :	2, 
                            "0" :	"x", 
                            "1" :	"y", 
                            "x" :	41.702, 
                            "y" :	27.103, 
                            "z" :	0.0
                        }, 
                        "1" :	{
                            "items" :	2, 
                            "0" :	"x", 
                            "1" :	"y", 
                            "x" :	21.731, 
                            "y" :	49.88, 
                            "z" :	0.0
                        }, 
                        "2" :	{
                            "items" :	2, 
                            "0" :	"x", 
                            "1" :	"y", 
                            "x" :	23.589, 
                            "y" :	47.622, 
                            "z" :	0.0
                        }, 
                        "type" :	"triangular", 
                        "id" :	"637073365258155264"
                    }
                }, 
                "polygonal" :	{
                    "items" :	0
                }
            }
        }, 
        "radiating plane" :	{
            "items" :	5, 
            "0" :	"l", 
            "1" :	"w", 
            "2" :	"x", 
            "3" :	"y", 
            "4" :	"slots", 
            "l" :	77.587, 
            "w" :	99.793, 
            "x" :	5.136, 
            "y" :	5.198, 
            "slots" :	{
                "items" :	4, 
                "0" :	"elliptical", 
                "1" :	"rectangular", 
                "2" :	"triangular", 
                "3" :	"polygonal", 
                "elliptical" :	{
                    "items" :	0
                }, 
                "rectangular" :	{
                    "items" :	0
                }, 
                "triangular" :	{
                    "items" :	0
                }, 
                "polygonal" :	{
                    "items" :	0
                }
            }
        }, 
        "substrate" :	{
            "items" :	4, 
            "0" :	"l", 
            "1" :	"w", 
            "2" :	"x", 
            "3" :	"h", 
            "l" :	86.431, 
            "w" :	104.92600000000002, 
            "h" :	1.6, 
            "x" :	-0.143, 
            "y" :	0.115, 
            "permitivitty" :	4.4, 
            "loss" :	0.02, 
            "name" :	"FR4"
        }
    }, 
    "fitness" :	{
        "items" :	1, 
        "0" :	"final", 
        "1" :	"freq", 
        "lower" :	0.9419937100205668, 
        "desired" :	1.381989644860165, 
        "upper" :	1.3797924727545672, 
        "area" :	0.9575055929371008, 
        "freq" :	1.116451840391592, 
        "final" :	1.8329965201869958, 
        "resonant" :	879500000.0, 
        "dir" :	"C:\\Users\\project\\0. My Work\\1. Repositories\\1. Very Unfriendly Train\\Data\\Simulations\\637073364910614272_Primary\\637073365258235136_7\\7.out", 
        "866000000.0" :	{
            "f" :	0.8334113864245404, 
            "g" :	0.4317983004550695
        }, 
        "879500000.0" :	{
            "f" :	0.0007766063934311021, 
            "g" :	0.4220784817068874
        }, 
        "893000000.0" :	{
            "f" :	0.7247339757761145, 
            "g" :	0.4131823793056571
        }, 
        "906500000.0" :	{
            "f" :	0.9709953823660279, 
            "g" :	0.4052211448722287
        }, 
        "920000000.0" :	{
            "f" :	0.9874697482359365, 
            "g" :	0.3983221809628847
        }, 
        "933500000.0" :	{
            "f" :	0.9913083829569892, 
            "g" :	0.39265209518642796
        }, 
        "947000000.0" :	{
            "f" :	0.9927925033706948, 
            "g" :	0.3883875415837044
        }, 
        "960500000.0" :	{
            "f" :	0.9935264325890671, 
            "g" :	0.3857497075501835
        }, 
        "974000000.0" :	{
            "f" :	0.9939450150691227, 
            "g" :	0.384976218100929
        }
    }
}