{
    "geometry" :	{
        "items" :	3, 
        "0" :	"feed", 
        "1" :	"ground plane", 
        "2" :	"radiating plane", 
        "feed" :	{
            "items" :	2, 
            "0" :	"center", 
            "1" :	"width", 
            "center" :	57.383, 
            "width" :	1.616
        }, 
        "ground plane" :	{
            "items" :	5, 
            "0" :	"l", 
            "1" :	"w", 
            "2" :	"x", 
            "3" :	"y", 
            "4" :	"slots", 
            "l" :	82.476, 
            "w" :	91.211, 
            "x" :	-1.469, 
            "y" :	-0.555, 
            "slots" :	{
                "items" :	4, 
                "0" :	"elliptical", 
                "1" :	"rectangular", 
                "2" :	"triangular", 
                "3" :	"polygonal", 
                "elliptical" :	{
                    "items" :	0
                }, 
                "rectangular" :	{
                    "items" :	2, 
                    "0" :	{
                        "items" :	4, 
                        "0" :	"x", 
                        "1" :	"y", 
                        "2" :	"l", 
                        "3" :	"w", 
                        "x" :	62.665, 
                        "y" :	-0.527, 
                        "z" :	0.0, 
                        "l" :	6.274, 
                        "w" :	20.437, 
                        "type" :	"rectangular", 
                        "id" :	"637073381220834944"
                    }, 
                    "1" :	{
                        "items" :	4, 
                        "0" :	"x", 
                        "1" :	"y", 
                        "2" :	"l", 
                        "3" :	"w", 
                        "x" :	73.837, 
                        "y" :	79.736, 
                        "z" :	0.0, 
                        "l" :	12.732, 
                        "w" :	5.008, 
                        "type" :	"rectangular", 
                        "id" :	"637073386951584640"
                    }
                }, 
                "triangular" :	{
                    "items" :	0
                }, 
                "polygonal" :	{
                    "items" :	0
                }
            }
        }, 
        "radiating plane" :	{
            "items" :	5, 
            "0" :	"l", 
            "1" :	"w", 
            "2" :	"x", 
            "3" :	"y", 
            "4" :	"slots", 
            "l" :	76.644, 
            "w" :	93.26, 
            "x" :	4.313, 
            "y" :	3.043, 
            "slots" :	{
                "items" :	4, 
                "0" :	"elliptical", 
                "1" :	"rectangular", 
                "2" :	"triangular", 
                "3" :	"polygonal", 
                "elliptical" :	{
                    "items" :	0
                }, 
                "rectangular" :	{
                    "items" :	1, 
                    "0" :	{
                        "items" :	4, 
                        "0" :	"x", 
                        "1" :	"y", 
                        "2" :	"l", 
                        "3" :	"w", 
                        "x" :	15.676, 
                        "y" :	42.392, 
                        "z" :	1.6, 
                        "l" :	4.72, 
                        "w" :	0.63, 
                        "type" :	"rectangular", 
                        "id" :	"637073373190698496"
                    }
                }, 
                "triangular" :	{
                    "items" :	0
                }, 
                "polygonal" :	{
                    "items" :	0
                }
            }
        }, 
        "substrate" :	{
            "items" :	4, 
            "0" :	"l", 
            "1" :	"w", 
            "2" :	"x", 
            "3" :	"h", 
            "l" :	82.476, 
            "w" :	96.90800000000002, 
            "h" :	1.6, 
            "x" :	-1.469, 
            "y" :	-0.555, 
            "permitivitty" :	4.4, 
            "loss" :	0.02, 
            "name" :	"FR4"
        }
    }, 
    "fitness" :	{
        "items" :	1, 
        "0" :	"final", 
        "1" :	"freq", 
        "lower" :	1.4334699077438973, 
        "desired" :	0.9583391851235653, 
        "upper" :	1.4405080168995763, 
        "area" :	0.8438706558047113, 
        "freq" :	0.8647077725897058, 
        "final" :	1.2977540475766445, 
        "resonant" :	906500000.0, 
        "dir" :	"C:\\Users\\project\\0. My Work\\1. Repositories\\1. Very Unfriendly Train\\Data\\Simulations\\637073364910614272_Primary\\637073386951634560_8\\8.out", 
        "866000000.0" :	{
            "f" :	0.9877817777154962, 
            "g" :	0.5036001322332094
        }, 
        "879500000.0" :	{
            "f" :	0.9772712439395554, 
            "g" :	0.481532553160068
        }, 
        "893000000.0" :	{
            "f" :	0.8811675564550439, 
            "g" :	0.46905645972831783
        }, 
        "906500000.0" :	{
            "f" :	0.043302923091756054, 
            "g" :	0.4613976809642489
        }, 
        "920000000.0" :	{
            "f" :	0.5067495899673913, 
            "g" :	0.456373541623026
        }, 
        "933500000.0" :	{
            "f" :	0.953914103850499, 
            "g" :	0.45327971587377475
        }, 
        "947000000.0" :	{
            "f" :	0.9838252992430893, 
            "g" :	0.4517074674093867
        }, 
        "960500000.0" :	{
            "f" :	0.9898310971860788, 
            "g" :	0.451493630423181
        }, 
        "974000000.0" :	{
            "f" :	0.9919818731552899, 
            "g" :	0.4526846832817035
        }
    }
}