{
    "geometry" :	{
        "items" :	3, 
        "0" :	"feed", 
        "1" :	"ground plane", 
        "2" :	"radiating plane", 
        "feed" :	{
            "items" :	2, 
            "0" :	"center", 
            "1" :	"width", 
            "center" :	54.613, 
            "width" :	1.601
        }, 
        "ground plane" :	{
            "items" :	5, 
            "0" :	"l", 
            "1" :	"w", 
            "2" :	"x", 
            "3" :	"y", 
            "4" :	"slots", 
            "l" :	84.59, 
            "w" :	108.531, 
            "x" :	-0.18, 
            "y" :	-0.199, 
            "slots" :	{
                "items" :	4, 
                "0" :	"elliptical", 
                "1" :	"rectangular", 
                "2" :	"triangular", 
                "3" :	"polygonal", 
                "elliptical" :	{
                    "items" :	0
                }, 
                "rectangular" :	{
                    "items" :	1, 
                    "0" :	{
                        "items" :	4, 
                        "0" :	"x", 
                        "1" :	"y", 
                        "2" :	"l", 
                        "3" :	"w", 
                        "x" :	14.429, 
                        "y" :	15.281, 
                        "z" :	0.0, 
                        "l" :	8.023, 
                        "w" :	14.943, 
                        "type" :	"rectangular", 
                        "id" :	"637073344535679360"
                    }
                }, 
                "triangular" :	{
                    "items" :	0
                }, 
                "polygonal" :	{
                    "items" :	0
                }
            }
        }, 
        "radiating plane" :	{
            "items" :	5, 
            "0" :	"l", 
            "1" :	"w", 
            "2" :	"x", 
            "3" :	"y", 
            "4" :	"slots", 
            "l" :	76.801, 
            "w" :	99.001, 
            "x" :	4.955, 
            "y" :	4.544, 
            "slots" :	{
                "items" :	4, 
                "0" :	"elliptical", 
                "1" :	"rectangular", 
                "2" :	"triangular", 
                "3" :	"polygonal", 
                "elliptical" :	{
                    "items" :	0
                }, 
                "rectangular" :	{
                    "items" :	0
                }, 
                "triangular" :	{
                    "items" :	0
                }, 
                "polygonal" :	{
                    "items" :	0
                }
            }
        }, 
        "substrate" :	{
            "items" :	4, 
            "0" :	"l", 
            "1" :	"w", 
            "2" :	"x", 
            "3" :	"h", 
            "l" :	84.59, 
            "w" :	108.531, 
            "h" :	1.6, 
            "x" :	-0.18, 
            "y" :	-0.199, 
            "permitivitty" :	4.4, 
            "loss" :	0.02, 
            "name" :	"FR4"
        }
    }, 
    "fitness" :	{
        "items" :	1, 
        "0" :	"final", 
        "1" :	"freq", 
        "lower" :	1.4078572789830381, 
        "desired" :	0.7883547877609636, 
        "upper" :	1.337354942379376, 
        "area" :	0.969307324014557, 
        "freq" :	0.7383839672652015, 
        "final" :	1.399425831059789, 
        "resonant" :	933500000.0, 
        "dir" :	"C:\\Users\\project\\0. My Work\\1. Repositories\\1. Very Unfriendly Train\\Data\\Simulations\\637073340737287808_Primary\\637073344535679360_5\\5.out", 
        "866000000.0" :	{
            "f" :	0.9927633457472734, 
            "g" :	0.42900430925747973
        }, 
        "879500000.0" :	{
            "f" :	0.9907423108002626, 
            "g" :	0.41836568766245796
        }, 
        "893000000.0" :	{
            "f" :	0.9844098036519096, 
            "g" :	0.4082863798297305
        }, 
        "906500000.0" :	{
            "f" :	0.9423833197754274, 
            "g" :	0.3989104061415239
        }, 
        "920000000.0" :	{
            "f" :	0.14904216423039862, 
            "g" :	0.39031290609299424
        }, 
        "933500000.0" :	{
            "f" :	0.1018288967257085, 
            "g" :	0.3825866703168381
        }, 
        "947000000.0" :	{
            "f" :	0.9290947776960679, 
            "g" :	0.37584379671871737
        }, 
        "960500000.0" :	{
            "f" :	0.9817576737916095, 
            "g" :	0.37017423375040165
        }, 
        "974000000.0" :	{
            "f" :	0.9895184308960667, 
            "g" :	0.3656759142852652
        }
    }
}