{
    "geometry" :	{
        "items" :	3, 
        "0" :	"feed", 
        "1" :	"ground plane", 
        "2" :	"radiating plane", 
        "feed" :	{
            "items" :	2, 
            "0" :	"center", 
            "1" :	"width", 
            "center" :	54.892, 
            "width" :	1.615
        }, 
        "ground plane" :	{
            "items" :	5, 
            "0" :	"l", 
            "1" :	"w", 
            "2" :	"x", 
            "3" :	"y", 
            "4" :	"slots", 
            "l" :	86.354, 
            "w" :	103.075, 
            "x" :	-0.136, 
            "y" :	-0.558, 
            "slots" :	{
                "items" :	4, 
                "0" :	"elliptical", 
                "1" :	"rectangular", 
                "2" :	"triangular", 
                "3" :	"polygonal", 
                "elliptical" :	{
                    "items" :	0
                }, 
                "rectangular" :	{
                    "items" :	0
                }, 
                "triangular" :	{
                    "items" :	1, 
                    "0" :	{
                        "items" :	3, 
                        "0" :	{
                            "items" :	2, 
                            "0" :	"x", 
                            "1" :	"y", 
                            "x" :	85.753, 
                            "y" :	47.887, 
                            "z" :	0.0
                        }, 
                        "1" :	{
                            "items" :	2, 
                            "0" :	"x", 
                            "1" :	"y", 
                            "x" :	65.004, 
                            "y" :	44.797, 
                            "z" :	0.0
                        }, 
                        "2" :	{
                            "items" :	2, 
                            "0" :	"x", 
                            "1" :	"y", 
                            "x" :	82.648, 
                            "y" :	48.386, 
                            "z" :	0.0
                        }, 
                        "type" :	"triangular", 
                        "id" :	"637073409878417920"
                    }
                }, 
                "polygonal" :	{
                    "items" :	0
                }
            }
        }, 
        "radiating plane" :	{
            "items" :	5, 
            "0" :	"l", 
            "1" :	"w", 
            "2" :	"x", 
            "3" :	"y", 
            "4" :	"slots", 
            "l" :	75.539, 
            "w" :	97.284, 
            "x" :	5.107, 
            "y" :	3.509, 
            "slots" :	{
                "items" :	4, 
                "0" :	"elliptical", 
                "1" :	"rectangular", 
                "2" :	"triangular", 
                "3" :	"polygonal", 
                "elliptical" :	{
                    "items" :	0
                }, 
                "rectangular" :	{
                    "items" :	2, 
                    "0" :	{
                        "items" :	4, 
                        "0" :	"x", 
                        "1" :	"y", 
                        "2" :	"l", 
                        "3" :	"w", 
                        "x" :	41.587, 
                        "y" :	60.869, 
                        "z" :	1.6, 
                        "l" :	1.754, 
                        "w" :	3.439, 
                        "type" :	"rectangular", 
                        "id" :	"637073408227560832"
                    }, 
                    "1" :	{
                        "items" :	4, 
                        "0" :	"x", 
                        "1" :	"y", 
                        "2" :	"l", 
                        "3" :	"w", 
                        "x" :	8.712, 
                        "y" :	57.623, 
                        "z" :	1.6, 
                        "l" :	1.899, 
                        "w" :	2.61, 
                        "type" :	"rectangular", 
                        "id" :	"637073409878438016"
                    }
                }, 
                "triangular" :	{
                    "items" :	0
                }, 
                "polygonal" :	{
                    "items" :	0
                }
            }
        }, 
        "substrate" :	{
            "items" :	4, 
            "0" :	"l", 
            "1" :	"w", 
            "2" :	"x", 
            "3" :	"h", 
            "l" :	86.354, 
            "w" :	103.075, 
            "h" :	1.6, 
            "x" :	-0.136, 
            "y" :	-0.558, 
            "permitivitty" :	4.4, 
            "loss" :	0.02, 
            "name" :	"FR4"
        }
    }, 
    "fitness" :	{
        "items" :	1, 
        "0" :	"final", 
        "1" :	"freq", 
        "lower" :	1.3675676250040816, 
        "desired" :	0.9598821022120894, 
        "upper" :	1.104607190191272, 
        "area" :	0.9397762545870616, 
        "freq" :	0.843391079183373, 
        "final" :	1.4791641316764332, 
        "resonant" :	935000000.0, 
        "dir" :	"C:\\Users\\project\\0. My Work\\1. Repositories\\1. Very Unfriendly Train\\Data\\Simulations\\637073406086594944_Primary\\637073409878547712_3\\3.out", 
        "890000000.0" :	{
            "f" :	0.9901533967889024, 
            "g" :	0.3774142282151792
        }, 
        "905000000.0" :	{
            "f" :	0.9803211030486009, 
            "g" :	0.3620958831610246
        }, 
        "920000000.0" :	{
            "f" :	0.8536099847767967, 
            "g" :	0.3479651977677396
        }, 
        "935000000.0" :	{
            "f" :	0.00043196525900829975, 
            "g" :	0.33522217262309784
        }, 
        "950000000.0" :	{
            "f" :	0.7805144177972634, 
            "g" :	0.3240927723940085
        }
    }
}