{
    "geometry" :	{
        "items" :	3, 
        "0" :	"feed", 
        "1" :	"ground plane", 
        "2" :	"radiating plane", 
        "feed" :	{
            "items" :	2, 
            "0" :	"center", 
            "1" :	"width", 
            "center" :	54.412, 
            "width" :	1.532
        }, 
        "ground plane" :	{
            "items" :	5, 
            "0" :	"l", 
            "1" :	"w", 
            "2" :	"x", 
            "3" :	"y", 
            "4" :	"slots", 
            "l" :	82.146, 
            "w" :	93.892, 
            "x" :	-1.544, 
            "y" :	-1.275, 
            "slots" :	{
                "items" :	4, 
                "0" :	"elliptical", 
                "1" :	"rectangular", 
                "2" :	"triangular", 
                "3" :	"polygonal", 
                "elliptical" :	{
                    "items" :	0
                }, 
                "rectangular" :	{
                    "items" :	1, 
                    "0" :	{
                        "items" :	4, 
                        "0" :	"x", 
                        "1" :	"y", 
                        "2" :	"l", 
                        "3" :	"w", 
                        "x" :	12.556, 
                        "y" :	13.959, 
                        "z" :	0.0, 
                        "l" :	23.786, 
                        "w" :	12.935, 
                        "type" :	"rectangular", 
                        "id" :	"637073381220904832"
                    }
                }, 
                "triangular" :	{
                    "items" :	1, 
                    "0" :	{
                        "items" :	3, 
                        "0" :	{
                            "items" :	2, 
                            "0" :	"x", 
                            "1" :	"y", 
                            "x" :	18.159, 
                            "y" :	36.527, 
                            "z" :	0.0
                        }, 
                        "1" :	{
                            "items" :	2, 
                            "0" :	"x", 
                            "1" :	"y", 
                            "x" :	10.32, 
                            "y" :	25.301, 
                            "z" :	0.0
                        }, 
                        "2" :	{
                            "items" :	2, 
                            "0" :	"x", 
                            "1" :	"y", 
                            "x" :	8.518, 
                            "y" :	20.293, 
                            "z" :	0.0
                        }, 
                        "type" :	"triangular", 
                        "id" :	"637073373190698496"
                    }
                }, 
                "polygonal" :	{
                    "items" :	0
                }
            }
        }, 
        "radiating plane" :	{
            "items" :	5, 
            "0" :	"l", 
            "1" :	"w", 
            "2" :	"x", 
            "3" :	"y", 
            "4" :	"slots", 
            "l" :	75.21, 
            "w" :	93.47, 
            "x" :	4.403, 
            "y" :	4.112, 
            "slots" :	{
                "items" :	4, 
                "0" :	"elliptical", 
                "1" :	"rectangular", 
                "2" :	"triangular", 
                "3" :	"polygonal", 
                "elliptical" :	{
                    "items" :	0
                }, 
                "rectangular" :	{
                    "items" :	0
                }, 
                "triangular" :	{
                    "items" :	0
                }, 
                "polygonal" :	{
                    "items" :	0
                }
            }
        }, 
        "substrate" :	{
            "items" :	4, 
            "0" :	"l", 
            "1" :	"w", 
            "2" :	"x", 
            "3" :	"h", 
            "l" :	82.146, 
            "w" :	98.907, 
            "h" :	1.6, 
            "x" :	-1.544, 
            "y" :	-1.275, 
            "permitivitty" :	4.4, 
            "loss" :	0.02, 
            "name" :	"FR4"
        }
    }, 
    "fitness" :	{
        "items" :	1, 
        "0" :	"final", 
        "1" :	"freq", 
        "lower" :	1.4222202260509682, 
        "desired" :	0.9096158219159953, 
        "upper" :	1.3893144608246069, 
        "area" :	0.8578317470489784, 
        "freq" :	0.8270855175967593, 
        "final" :	1.2930276560305107, 
        "resonant" :	920000000.0, 
        "dir" :	"C:\\Users\\project\\0. My Work\\1. Repositories\\1. Very Unfriendly Train\\Data\\Simulations\\637073364910614272_Primary\\637073381221134208_3\\3.out", 
        "866000000.0" :	{
            "f" :	0.9918239245407852, 
            "g" :	0.44668722585040255
        }, 
        "879500000.0" :	{
            "f" :	0.9882992585473381, 
            "g" :	0.4372923689370139
        }, 
        "893000000.0" :	{
            "f" :	0.9735493212215899, 
            "g" :	0.4290085790557746
        }, 
        "906500000.0" :	{
            "f" :	0.7779339333135092, 
            "g" :	0.42188765892272795
        }, 
        "920000000.0" :	{
            "f" :	0.0016241692527834799, 
            "g" :	0.41600773355182685
        }, 
        "933500000.0" :	{
            "f" :	0.6999094415104399, 
            "g" :	0.4114845291966989
        }, 
        "947000000.0" :	{
            "f" :	0.9669161542980045, 
            "g" :	0.4085160565318423
        }, 
        "960500000.0" :	{
            "f" :	0.9862463238498849, 
            "g" :	0.40733464453003065
        }, 
        "974000000.0" :	{
            "f" :	0.990717820140126, 
            "g" :	0.40821238312393293
        }
    }
}