{
    "geometry" :	{
        "items" :	3, 
        "0" :	"feed", 
        "1" :	"ground plane", 
        "2" :	"radiating plane", 
        "feed" :	{
            "items" :	2, 
            "0" :	"center", 
            "1" :	"width", 
            "center" :	54.288, 
            "width" :	1.603
        }, 
        "ground plane" :	{
            "items" :	5, 
            "0" :	"l", 
            "1" :	"w", 
            "2" :	"x", 
            "3" :	"y", 
            "4" :	"slots", 
            "l" :	86.17, 
            "w" :	103.103, 
            "x" :	0.157, 
            "y" :	-0.247, 
            "slots" :	{
                "items" :	4, 
                "0" :	"elliptical", 
                "1" :	"rectangular", 
                "2" :	"triangular", 
                "3" :	"polygonal", 
                "elliptical" :	{
                    "items" :	0
                }, 
                "rectangular" :	{
                    "items" :	1, 
                    "0" :	{
                        "items" :	4, 
                        "0" :	"x", 
                        "1" :	"y", 
                        "2" :	"l", 
                        "3" :	"w", 
                        "x" :	8.29, 
                        "y" :	18.036, 
                        "z" :	0.0, 
                        "l" :	17.815, 
                        "w" :	11.08, 
                        "type" :	"rectangular", 
                        "id" :	"637073408227630720"
                    }
                }, 
                "triangular" :	{
                    "items" :	0
                }, 
                "polygonal" :	{
                    "items" :	0
                }
            }
        }, 
        "radiating plane" :	{
            "items" :	5, 
            "0" :	"l", 
            "1" :	"w", 
            "2" :	"x", 
            "3" :	"y", 
            "4" :	"slots", 
            "l" :	77.267, 
            "w" :	98.569, 
            "x" :	4.319, 
            "y" :	4.551, 
            "slots" :	{
                "items" :	4, 
                "0" :	"elliptical", 
                "1" :	"rectangular", 
                "2" :	"triangular", 
                "3" :	"polygonal", 
                "elliptical" :	{
                    "items" :	0
                }, 
                "rectangular" :	{
                    "items" :	1, 
                    "0" :	{
                        "items" :	4, 
                        "0" :	"x", 
                        "1" :	"y", 
                        "2" :	"l", 
                        "3" :	"w", 
                        "x" :	54.446, 
                        "y" :	88.118, 
                        "z" :	1.6, 
                        "l" :	2.637, 
                        "w" :	2.667, 
                        "type" :	"rectangular", 
                        "id" :	"637073408227630720"
                    }
                }, 
                "triangular" :	{
                    "items" :	0
                }, 
                "polygonal" :	{
                    "items" :	0
                }
            }
        }, 
        "substrate" :	{
            "items" :	4, 
            "0" :	"l", 
            "1" :	"w", 
            "2" :	"x", 
            "3" :	"h", 
            "l" :	86.17, 
            "w" :	103.417, 
            "h" :	1.6, 
            "x" :	0.157, 
            "y" :	-0.247, 
            "permitivitty" :	4.4, 
            "loss" :	0.02, 
            "name" :	"FR4"
        }
    }, 
    "fitness" :	{
        "items" :	1, 
        "0" :	"final", 
        "1" :	"freq", 
        "lower" :	1.369208072282083, 
        "desired" :	0.9138496166945324, 
        "upper" :	1.3321705905512098, 
        "area" :	0.9408853206980852, 
        "freq" :	0.8226859473577102, 
        "final" :	1.4567890615624588, 
        "resonant" :	920000000.0, 
        "dir" :	"C:\\Users\\project\\0. My Work\\1. Repositories\\1. Very Unfriendly Train\\Data\\Simulations\\637073406086594944_Primary\\637073408227670656_4\\4.out", 
        "890000000.0" :	{
            "f" :	0.9768317887871835, 
            "g" :	0.3923762834948994
        }, 
        "905000000.0" :	{
            "f" :	0.7345308451863117, 
            "g" :	0.38051236512647546
        }, 
        "920000000.0" :	{
            "f" :	0.0025175877058889007, 
            "g" :	0.3695323318051389
        }, 
        "935000000.0" :	{
            "f" :	0.8948874868099456, 
            "g" :	0.35956823344983674
        }, 
        "950000000.0" :	{
            "f" :	0.9813911408953577, 
            "g" :	0.35077944965585206
        }
    }
}