{
    "geometry" :	{
        "items" :	3, 
        "0" :	"feed", 
        "1" :	"ground plane", 
        "2" :	"radiating plane", 
        "feed" :	{
            "items" :	2, 
            "0" :	"center", 
            "1" :	"width", 
            "center" :	53.998, 
            "width" :	1.558
        }, 
        "ground plane" :	{
            "items" :	5, 
            "0" :	"l", 
            "1" :	"w", 
            "2" :	"x", 
            "3" :	"y", 
            "4" :	"slots", 
            "l" :	82.65299999999999, 
            "w" :	104.643, 
            "x" :	-0.925, 
            "y" :	-0.89, 
            "slots" :	{
                "items" :	4, 
                "0" :	"elliptical", 
                "1" :	"rectangular", 
                "2" :	"triangular", 
                "3" :	"polygonal", 
                "elliptical" :	{
                    "items" :	0
                }, 
                "rectangular" :	{
                    "items" :	2, 
                    "0" :	{
                        "items" :	4, 
                        "0" :	"x", 
                        "1" :	"y", 
                        "2" :	"l", 
                        "3" :	"w", 
                        "x" :	49.415, 
                        "y" :	100.955, 
                        "z" :	0.0, 
                        "l" :	15.038, 
                        "w" :	17.312, 
                        "type" :	"rectangular", 
                        "id" :	"637073369376184064"
                    }, 
                    "1" :	{
                        "items" :	4, 
                        "0" :	"x", 
                        "1" :	"y", 
                        "2" :	"l", 
                        "3" :	"w", 
                        "x" :	28.547, 
                        "y" :	3.99, 
                        "z" :	0.0, 
                        "l" :	28.415, 
                        "w" :	22.311, 
                        "type" :	"rectangular", 
                        "id" :	"637073373190798976"
                    }
                }, 
                "triangular" :	{
                    "items" :	0
                }, 
                "polygonal" :	{
                    "items" :	0
                }
            }
        }, 
        "radiating plane" :	{
            "items" :	5, 
            "0" :	"l", 
            "1" :	"w", 
            "2" :	"x", 
            "3" :	"y", 
            "4" :	"slots", 
            "l" :	77.422, 
            "w" :	95.264, 
            "x" :	4.256, 
            "y" :	3.967, 
            "slots" :	{
                "items" :	4, 
                "0" :	"elliptical", 
                "1" :	"rectangular", 
                "2" :	"triangular", 
                "3" :	"polygonal", 
                "elliptical" :	{
                    "items" :	0
                }, 
                "rectangular" :	{
                    "items" :	0
                }, 
                "triangular" :	{
                    "items" :	0
                }, 
                "polygonal" :	{
                    "items" :	0
                }
            }
        }, 
        "substrate" :	{
            "items" :	4, 
            "0" :	"l", 
            "1" :	"w", 
            "2" :	"x", 
            "3" :	"h", 
            "l" :	82.65299999999999, 
            "w" :	104.643, 
            "h" :	1.6, 
            "x" :	-0.925, 
            "y" :	-0.89, 
            "permitivitty" :	4.4, 
            "loss" :	0.02, 
            "name" :	"FR4"
        }
    }, 
    "fitness" :	{
        "items" :	1, 
        "0" :	"final", 
        "1" :	"freq", 
        "lower" :	1.5817380105846734, 
        "desired" :	1.6005984481692572, 
        "upper" :	1.6263188673520643, 
        "area" :	0.9131822642718205, 
        "freq" :	1.3361825879857803, 
        "final" :	1.9909597033557411, 
        "resonant" :	866000000.0, 
        "dir" :	"C:\\Users\\project\\0. My Work\\1. Repositories\\1. Very Unfriendly Train\\Data\\Simulations\\637073364910614272_Primary\\637073373190917376_7\\7.out", 
        "866000000.0" :	{
            "f" :	0.993568743575201, 
            "g" :	0.5832614007894258
        }, 
        "879500000.0" :	{
            "f" :	0.9940413409571123, 
            "g" :	0.5874326554058608
        }, 
        "893000000.0" :	{
            "f" :	0.9943122317927116, 
            "g" :	0.5925976592337097
        }, 
        "906500000.0" :	{
            "f" :	0.9944808665797877, 
            "g" :	0.5987090277161389
        }, 
        "920000000.0" :	{
            "f" :	0.9945913548838441, 
            "g" :	0.6057318519799211
        }, 
        "933500000.0" :	{
            "f" :	0.9946650860768503, 
            "g" :	0.6136171572712297
        }, 
        "947000000.0" :	{
            "f" :	0.9947136839332484, 
            "g" :	0.62236716260706
        }, 
        "960500000.0" :	{
            "f" :	0.9947433979892839, 
            "g" :	0.6314563927229536
        }, 
        "974000000.0" :	{
            "f" :	0.9947576711971573, 
            "g" :	0.6409182936064894
        }
    }
}