{
    "geometry" :	{
        "items" :	3, 
        "0" :	"feed", 
        "1" :	"ground plane", 
        "2" :	"radiating plane", 
        "feed" :	{
            "items" :	2, 
            "0" :	"center", 
            "1" :	"width", 
            "center" :	54.424, 
            "width" :	1.632
        }, 
        "ground plane" :	{
            "items" :	5, 
            "0" :	"l", 
            "1" :	"w", 
            "2" :	"x", 
            "3" :	"y", 
            "4" :	"slots", 
            "l" :	83.387, 
            "w" :	106.528, 
            "x" :	-0.117, 
            "y" :	-0.269, 
            "slots" :	{
                "items" :	4, 
                "0" :	"elliptical", 
                "1" :	"rectangular", 
                "2" :	"triangular", 
                "3" :	"polygonal", 
                "elliptical" :	{
                    "items" :	0
                }, 
                "rectangular" :	{
                    "items" :	0
                }, 
                "triangular" :	{
                    "items" :	0
                }, 
                "polygonal" :	{
                    "items" :	0
                }
            }
        }, 
        "radiating plane" :	{
            "items" :	5, 
            "0" :	"l", 
            "1" :	"w", 
            "2" :	"x", 
            "3" :	"y", 
            "4" :	"slots", 
            "l" :	76.806, 
            "w" :	98.576, 
            "x" :	4.421, 
            "y" :	4.666, 
            "slots" :	{
                "items" :	4, 
                "0" :	"elliptical", 
                "1" :	"rectangular", 
                "2" :	"triangular", 
                "3" :	"polygonal", 
                "elliptical" :	{
                    "items" :	0
                }, 
                "rectangular" :	{
                    "items" :	0
                }, 
                "triangular" :	{
                    "items" :	0
                }, 
                "polygonal" :	{
                    "items" :	0
                }
            }
        }, 
        "substrate" :	{
            "items" :	4, 
            "0" :	"l", 
            "1" :	"w", 
            "2" :	"x", 
            "3" :	"h", 
            "l" :	83.387, 
            "w" :	106.528, 
            "h" :	1.6, 
            "x" :	-0.117, 
            "y" :	-0.269, 
            "permitivitty" :	4.4, 
            "loss" :	0.02, 
            "name" :	"FR4"
        }
    }, 
    "fitness" :	{
        "items" :	1, 
        "0" :	"final", 
        "1" :	"freq", 
        "lower" :	1.4365479834513788, 
        "desired" :	1.0202587540317314, 
        "upper" :	1.262310861118978, 
        "area" :	0.9378875864809131, 
        "freq" :	0.899403249471528, 
        "final" :	1.5413576907313622, 
        "resonant" :	933500000.0, 
        "dir" :	"C:\\Users\\project\\0. My Work\\1. Repositories\\1. Very Unfriendly Train\\Data\\Simulations\\637073340737287808_Primary\\637073347692390528_2\\2.out", 
        "866000000.0" :	{
            "f" :	0.9932039873292202, 
            "g" :	0.45479039067941535
        }, 
        "879500000.0" :	{
            "f" :	0.991861142718469, 
            "g" :	0.44520874643602604
        }, 
        "893000000.0" :	{
            "f" :	0.9884623315279275, 
            "g" :	0.4361173516630778
        }, 
        "906500000.0" :	{
            "f" :	0.9749179289032353, 
            "g" :	0.4275754537981336
        }, 
        "920000000.0" :	{
            "f" :	0.819061206847858, 
            "g" :	0.4196605152104097
        }, 
        "933500000.0" :	{
            "f" :	0.0070971936624865655, 
            "g" :	0.41246396367307114
        }, 
        "947000000.0" :	{
            "f" :	0.6361285454546505, 
            "g" :	0.40607931525232976
        }, 
        "960500000.0" :	{
            "f" :	0.9626611329448097, 
            "g" :	0.4005829981246001
        }, 
        "974000000.0" :	{
            "f" :	0.9854274133664684, 
            "g" :	0.39605317821407543
        }
    }
}