{
    "geometry" :	{
        "items" :	3, 
        "0" :	"feed", 
        "1" :	"ground plane", 
        "2" :	"radiating plane", 
        "feed" :	{
            "items" :	2, 
            "0" :	"center", 
            "1" :	"width", 
            "center" :	54.448, 
            "width" :	1.611
        }, 
        "ground plane" :	{
            "items" :	5, 
            "0" :	"l", 
            "1" :	"w", 
            "2" :	"x", 
            "3" :	"y", 
            "4" :	"slots", 
            "l" :	87.669, 
            "w" :	105.984, 
            "x" :	-0.016, 
            "y" :	-0.339, 
            "slots" :	{
                "items" :	4, 
                "0" :	"elliptical", 
                "1" :	"rectangular", 
                "2" :	"triangular", 
                "3" :	"polygonal", 
                "elliptical" :	{
                    "items" :	0
                }, 
                "rectangular" :	{
                    "items" :	1, 
                    "0" :	{
                        "items" :	4, 
                        "0" :	"x", 
                        "1" :	"y", 
                        "2" :	"l", 
                        "3" :	"w", 
                        "x" :	10.422, 
                        "y" :	107.121, 
                        "z" :	0.0, 
                        "l" :	16.584, 
                        "w" :	19.41, 
                        "type" :	"rectangular", 
                        "id" :	"637073347692390528"
                    }
                }, 
                "triangular" :	{
                    "items" :	0
                }, 
                "polygonal" :	{
                    "items" :	0
                }
            }
        }, 
        "radiating plane" :	{
            "items" :	5, 
            "0" :	"l", 
            "1" :	"w", 
            "2" :	"x", 
            "3" :	"y", 
            "4" :	"slots", 
            "l" :	76.219, 
            "w" :	98.071, 
            "x" :	4.986, 
            "y" :	4.702, 
            "slots" :	{
                "items" :	4, 
                "0" :	"elliptical", 
                "1" :	"rectangular", 
                "2" :	"triangular", 
                "3" :	"polygonal", 
                "elliptical" :	{
                    "items" :	0
                }, 
                "rectangular" :	{
                    "items" :	0
                }, 
                "triangular" :	{
                    "items" :	0
                }, 
                "polygonal" :	{
                    "items" :	0
                }
            }
        }, 
        "substrate" :	{
            "items" :	4, 
            "0" :	"l", 
            "1" :	"w", 
            "2" :	"x", 
            "3" :	"h", 
            "l" :	87.669, 
            "w" :	105.984, 
            "h" :	1.6, 
            "x" :	-0.016, 
            "y" :	-0.339, 
            "permitivitty" :	4.4, 
            "loss" :	0.02, 
            "name" :	"FR4"
        }
    }, 
    "fitness" :	{
        "items" :	1, 
        "0" :	"final", 
        "1" :	"freq", 
        "lower" :	1.3536706444625537, 
        "desired" :	1.0048307343347236, 
        "upper" :	0.9400842414516312, 
        "area" :	0.9810135904385333, 
        "freq" :	0.8654477308862051, 
        "final" :	1.5689141702373415, 
        "resonant" :	947000000.0, 
        "dir" :	"C:\\Users\\project\\0. My Work\\1. Repositories\\1. Very Unfriendly Train\\Data\\Simulations\\637073340737287808_Primary\\637073347692390528_3\\3.out", 
        "866000000.0" :	{
            "f" :	0.9935768323845636, 
            "g" :	0.37670236232408083
        }, 
        "879500000.0" :	{
            "f" :	0.9926353121124422, 
            "g" :	0.36124479804455767
        }, 
        "893000000.0" :	{
            "f" :	0.9905158135143541, 
            "g" :	0.34633681500766306
        }, 
        "906500000.0" :	{
            "f" :	0.9838581534119396, 
            "g" :	0.332123586177591
        }, 
        "920000000.0" :	{
            "f" :	0.9395811661689453, 
            "g" :	0.31877225333022613
        }, 
        "933500000.0" :	{
            "f" :	0.13378103424054164, 
            "g" :	0.30637600967492723
        }, 
        "947000000.0" :	{
            "f" :	0.06355014674774988, 
            "g" :	0.29508021382791066
        }, 
        "960500000.0" :	{
            "f" :	0.9197975847865801, 
            "g" :	0.2849907948442321
        }, 
        "974000000.0" :	{
            "f" :	0.9806185413277251, 
            "g" :	0.2762154428206955
        }
    }
}