{
    "geometry" :	{
        "items" :	3, 
        "0" :	"feed", 
        "1" :	"ground plane", 
        "2" :	"radiating plane", 
        "feed" :	{
            "items" :	2, 
            "0" :	"center", 
            "1" :	"width", 
            "center" :	54.547, 
            "width" :	1.579
        }, 
        "ground plane" :	{
            "items" :	5, 
            "0" :	"l", 
            "1" :	"w", 
            "2" :	"x", 
            "3" :	"y", 
            "4" :	"slots", 
            "l" :	83.566, 
            "w" :	107.672, 
            "x" :	0.114, 
            "y" :	-0.116, 
            "slots" :	{
                "items" :	4, 
                "0" :	"elliptical", 
                "1" :	"rectangular", 
                "2" :	"triangular", 
                "3" :	"polygonal", 
                "elliptical" :	{
                    "items" :	0
                }, 
                "rectangular" :	{
                    "items" :	1, 
                    "0" :	{
                        "items" :	4, 
                        "0" :	"x", 
                        "1" :	"y", 
                        "2" :	"l", 
                        "3" :	"w", 
                        "x" :	4.022, 
                        "y" :	60.721, 
                        "z" :	0.0, 
                        "l" :	19.674, 
                        "w" :	14.61, 
                        "type" :	"rectangular", 
                        "id" :	"637073347692390528"
                    }
                }, 
                "triangular" :	{
                    "items" :	0
                }, 
                "polygonal" :	{
                    "items" :	0
                }
            }
        }, 
        "radiating plane" :	{
            "items" :	5, 
            "0" :	"l", 
            "1" :	"w", 
            "2" :	"x", 
            "3" :	"y", 
            "4" :	"slots", 
            "l" :	77.263, 
            "w" :	98.909, 
            "x" :	4.579, 
            "y" :	4.682, 
            "slots" :	{
                "items" :	4, 
                "0" :	"elliptical", 
                "1" :	"rectangular", 
                "2" :	"triangular", 
                "3" :	"polygonal", 
                "elliptical" :	{
                    "items" :	0
                }, 
                "rectangular" :	{
                    "items" :	0
                }, 
                "triangular" :	{
                    "items" :	0
                }, 
                "polygonal" :	{
                    "items" :	0
                }
            }
        }, 
        "substrate" :	{
            "items" :	4, 
            "0" :	"l", 
            "1" :	"w", 
            "2" :	"x", 
            "3" :	"h", 
            "l" :	83.566, 
            "w" :	107.672, 
            "h" :	1.6, 
            "x" :	0.114, 
            "y" :	-0.116, 
            "permitivitty" :	4.4, 
            "loss" :	0.02, 
            "name" :	"FR4"
        }
    }, 
    "fitness" :	{
        "items" :	1, 
        "0" :	"final", 
        "1" :	"freq", 
        "lower" :	1.4467163334077515, 
        "desired" :	0.9843279726860624, 
        "upper" :	1.3392959260020871, 
        "area" :	0.9499944309436702, 
        "freq" :	0.8789652655200069, 
        "final" :	1.53815492543323, 
        "resonant" :	933500000.0, 
        "dir" :	"C:\\Users\\project\\0. My Work\\1. Repositories\\1. Very Unfriendly Train\\Data\\Simulations\\637073340737287808_Primary\\637073347692390528_5\\5.out", 
        "866000000.0" :	{
            "f" :	0.9931143070718049, 
            "g" :	0.4647529468983131
        }, 
        "879500000.0" :	{
            "f" :	0.9916164643799992, 
            "g" :	0.4557976677543865
        }, 
        "893000000.0" :	{
            "f" :	0.9875863426969315, 
            "g" :	0.4472812714218192
        }, 
        "906500000.0" :	{
            "f" :	0.9691475288617515, 
            "g" :	0.4393205967975898
        }, 
        "920000000.0" :	{
            "f" :	0.6808179543548761, 
            "g" :	0.4319583203441684
        }, 
        "933500000.0" :	{
            "f" :	0.006444475688054117, 
            "g" :	0.42529504201174745
        }, 
        "947000000.0" :	{
            "f" :	0.8134623678999267, 
            "g" :	0.4193877146880933
        }, 
        "960500000.0" :	{
            "f" :	0.9729540609298026, 
            "g" :	0.4143620830289951
        }, 
        "974000000.0" :	{
            "f" :	0.9874532398491902, 
            "g" :	0.41026831161025284
        }
    }
}