{
    "geometry" :	{
        "items" :	3, 
        "0" :	"feed", 
        "1" :	"ground plane", 
        "2" :	"radiating plane", 
        "feed" :	{
            "items" :	2, 
            "0" :	"center", 
            "1" :	"width", 
            "center" :	54.138, 
            "width" :	1.667
        }, 
        "ground plane" :	{
            "items" :	5, 
            "0" :	"l", 
            "1" :	"w", 
            "2" :	"x", 
            "3" :	"y", 
            "4" :	"slots", 
            "l" :	73.473, 
            "w" :	86.242, 
            "x" :	-2.34, 
            "y" :	-3.378, 
            "slots" :	{
                "items" :	4, 
                "0" :	"elliptical", 
                "1" :	"rectangular", 
                "2" :	"triangular", 
                "3" :	"polygonal", 
                "elliptical" :	{
                    "items" :	0
                }, 
                "rectangular" :	{
                    "items" :	2, 
                    "0" :	{
                        "items" :	4, 
                        "0" :	"x", 
                        "1" :	"y", 
                        "2" :	"l", 
                        "3" :	"w", 
                        "x" :	49.119, 
                        "y" :	73.659, 
                        "z" :	0.0, 
                        "l" :	13.669, 
                        "w" :	11.576, 
                        "type" :	"rectangular", 
                        "id" :	"637073443390596352"
                    }, 
                    "1" :	{
                        "items" :	4, 
                        "0" :	"x", 
                        "1" :	"y", 
                        "2" :	"l", 
                        "3" :	"w", 
                        "x" :	4.449, 
                        "y" :	60.451, 
                        "z" :	0.0, 
                        "l" :	14.882, 
                        "w" :	23.468, 
                        "type" :	"rectangular", 
                        "id" :	"637073452724917632"
                    }
                }, 
                "triangular" :	{
                    "items" :	7, 
                    "0" :	{
                        "items" :	3, 
                        "0" :	{
                            "items" :	2, 
                            "0" :	"x", 
                            "1" :	"y", 
                            "x" :	28.538, 
                            "y" :	13.703, 
                            "z" :	0.0
                        }, 
                        "1" :	{
                            "items" :	2, 
                            "0" :	"x", 
                            "1" :	"y", 
                            "x" :	19.395, 
                            "y" :	30.506, 
                            "z" :	0.0
                        }, 
                        "2" :	{
                            "items" :	2, 
                            "0" :	"x", 
                            "1" :	"y", 
                            "x" :	38.188, 
                            "y" :	21.171, 
                            "z" :	0.0
                        }, 
                        "type" :	"triangular", 
                        "id" :	"637073418639024640"
                    }, 
                    "1" :	{
                        "items" :	3, 
                        "0" :	{
                            "items" :	2, 
                            "0" :	"x", 
                            "1" :	"y", 
                            "x" :	50.27, 
                            "y" :	67.245, 
                            "z" :	0.0
                        }, 
                        "1" :	{
                            "items" :	2, 
                            "0" :	"x", 
                            "1" :	"y", 
                            "x" :	45.096, 
                            "y" :	66.977, 
                            "z" :	0.0
                        }, 
                        "2" :	{
                            "items" :	2, 
                            "0" :	"x", 
                            "1" :	"y", 
                            "x" :	44.655, 
                            "y" :	77.45, 
                            "z" :	0.0
                        }, 
                        "type" :	"triangular", 
                        "id" :	"637073428614012928"
                    }, 
                    "2" :	{
                        "items" :	3, 
                        "0" :	{
                            "items" :	2, 
                            "0" :	"x", 
                            "1" :	"y", 
                            "x" :	22.806, 
                            "y" :	33.249, 
                            "z" :	0.0
                        }, 
                        "1" :	{
                            "items" :	2, 
                            "0" :	"x", 
                            "1" :	"y", 
                            "x" :	33.219, 
                            "y" :	15.827, 
                            "z" :	0.0
                        }, 
                        "2" :	{
                            "items" :	2, 
                            "0" :	"x", 
                            "1" :	"y", 
                            "x" :	25.759, 
                            "y" :	25.596, 
                            "z" :	0.0
                        }, 
                        "type" :	"triangular", 
                        "id" :	"637073433017341824"
                    }, 
                    "3" :	{
                        "items" :	3, 
                        "0" :	{
                            "items" :	2, 
                            "0" :	"x", 
                            "1" :	"y", 
                            "x" :	37.998, 
                            "y" :	34.224, 
                            "z" :	0.0
                        }, 
                        "1" :	{
                            "items" :	2, 
                            "0" :	"x", 
                            "1" :	"y", 
                            "x" :	49.037, 
                            "y" :	53.72, 
                            "z" :	0.0
                        }, 
                        "2" :	{
                            "items" :	2, 
                            "0" :	"x", 
                            "1" :	"y", 
                            "x" :	40.499, 
                            "y" :	46.035, 
                            "z" :	0.0
                        }, 
                        "type" :	"triangular", 
                        "id" :	"637073438030095488"
                    }, 
                    "4" :	{
                        "items" :	3, 
                        "0" :	{
                            "items" :	2, 
                            "0" :	"x", 
                            "1" :	"y", 
                            "x" :	42.517, 
                            "y" :	44.522, 
                            "z" :	0.0
                        }, 
                        "1" :	{
                            "items" :	2, 
                            "0" :	"x", 
                            "1" :	"y", 
                            "x" :	59.206, 
                            "y" :	37.214, 
                            "z" :	0.0
                        }, 
                        "2" :	{
                            "items" :	2, 
                            "0" :	"x", 
                            "1" :	"y", 
                            "x" :	50.552, 
                            "y" :	32.821, 
                            "z" :	0.0
                        }, 
                        "type" :	"triangular", 
                        "id" :	"637073446063226112"
                    }, 
                    "5" :	{
                        "items" :	3, 
                        "0" :	{
                            "items" :	2, 
                            "0" :	"x", 
                            "1" :	"y", 
                            "x" :	20.307, 
                            "y" :	31.058, 
                            "z" :	0.0
                        }, 
                        "1" :	{
                            "items" :	2, 
                            "0" :	"x", 
                            "1" :	"y", 
                            "x" :	16.574, 
                            "y" :	35.64, 
                            "z" :	0.0
                        }, 
                        "2" :	{
                            "items" :	2, 
                            "0" :	"x", 
                            "1" :	"y", 
                            "x" :	21.159, 
                            "y" :	42.287, 
                            "z" :	0.0
                        }, 
                        "type" :	"triangular", 
                        "id" :	"637073449570861952"
                    }, 
                    "6" :	{
                        "items" :	3, 
                        "0" :	{
                            "items" :	2, 
                            "0" :	"x", 
                            "1" :	"y", 
                            "x" :	21.368, 
                            "y" :	14.898, 
                            "z" :	0.0
                        }, 
                        "1" :	{
                            "items" :	2, 
                            "0" :	"x", 
                            "1" :	"y", 
                            "x" :	32.493, 
                            "y" :	-2.984, 
                            "z" :	0.0
                        }, 
                        "2" :	{
                            "items" :	2, 
                            "0" :	"x", 
                            "1" :	"y", 
                            "x" :	25.544, 
                            "y" :	17.386, 
                            "z" :	0.0
                        }, 
                        "type" :	"triangular", 
                        "id" :	"637073459407200128"
                    }
                }, 
                "polygonal" :	{
                    "items" :	0
                }
            }
        }, 
        "radiating plane" :	{
            "items" :	5, 
            "0" :	"l", 
            "1" :	"w", 
            "2" :	"x", 
            "3" :	"y", 
            "4" :	"slots", 
            "l" :	68.251, 
            "w" :	84.681, 
            "x" :	2.832, 
            "y" :	4.076, 
            "slots" :	{
                "items" :	4, 
                "0" :	"elliptical", 
                "1" :	"rectangular", 
                "2" :	"triangular", 
                "3" :	"polygonal", 
                "elliptical" :	{
                    "items" :	0
                }, 
                "rectangular" :	{
                    "items" :	1, 
                    "0" :	{
                        "items" :	4, 
                        "0" :	"x", 
                        "1" :	"y", 
                        "2" :	"l", 
                        "3" :	"w", 
                        "x" :	51.103, 
                        "y" :	79.736, 
                        "z" :	1.6, 
                        "l" :	3.993, 
                        "w" :	0.488, 
                        "type" :	"rectangular", 
                        "id" :	"637073459407230080"
                    }
                }, 
                "triangular" :	{
                    "items" :	3, 
                    "0" :	{
                        "items" :	3, 
                        "0" :	{
                            "items" :	2, 
                            "0" :	"x", 
                            "1" :	"y", 
                            "x" :	15.188, 
                            "y" :	57.61, 
                            "z" :	1.6
                        }, 
                        "1" :	{
                            "items" :	2, 
                            "0" :	"x", 
                            "1" :	"y", 
                            "x" :	15.059, 
                            "y" :	59.759, 
                            "z" :	1.6
                        }, 
                        "2" :	{
                            "items" :	2, 
                            "0" :	"x", 
                            "1" :	"y", 
                            "x" :	15.248, 
                            "y" :	59.406, 
                            "z" :	1.6
                        }, 
                        "type" :	"triangular", 
                        "id" :	"637073428614032768"
                    }, 
                    "1" :	{
                        "items" :	3, 
                        "0" :	{
                            "items" :	2, 
                            "0" :	"x", 
                            "1" :	"y", 
                            "x" :	23.797, 
                            "y" :	58.606, 
                            "z" :	1.6
                        }, 
                        "1" :	{
                            "items" :	2, 
                            "0" :	"x", 
                            "1" :	"y", 
                            "x" :	23.311, 
                            "y" :	59.167, 
                            "z" :	1.6
                        }, 
                        "2" :	{
                            "items" :	2, 
                            "0" :	"x", 
                            "1" :	"y", 
                            "x" :	18.873, 
                            "y" :	60.356, 
                            "z" :	1.6
                        }, 
                        "type" :	"triangular", 
                        "id" :	"637073438030125696"
                    }, 
                    "2" :	{
                        "items" :	3, 
                        "0" :	{
                            "items" :	2, 
                            "0" :	"x", 
                            "1" :	"y", 
                            "x" :	63.542, 
                            "y" :	13.318, 
                            "z" :	1.6
                        }, 
                        "1" :	{
                            "items" :	2, 
                            "0" :	"x", 
                            "1" :	"y", 
                            "x" :	64.288, 
                            "y" :	19.291, 
                            "z" :	1.6
                        }, 
                        "2" :	{
                            "items" :	2, 
                            "0" :	"x", 
                            "1" :	"y", 
                            "x" :	66.88, 
                            "y" :	16.087, 
                            "z" :	1.6
                        }, 
                        "type" :	"triangular", 
                        "id" :	"637073443390636160"
                    }
                }, 
                "polygonal" :	{
                    "items" :	0
                }
            }
        }, 
        "substrate" :	{
            "items" :	4, 
            "0" :	"l", 
            "1" :	"w", 
            "2" :	"x", 
            "3" :	"h", 
            "l" :	73.473, 
            "w" :	92.18499999999999, 
            "h" :	1.6, 
            "x" :	-2.34, 
            "y" :	-3.378, 
            "permitivitty" :	4.4, 
            "loss" :	0.02, 
            "name" :	"FR4"
        }
    }, 
    "fitness" :	{
        "items" :	1, 
        "0" :	"final", 
        "1" :	"freq", 
        "lower" :	1.4101986897427203, 
        "desired" :	1.5077730323055345, 
        "upper" :	1.5129967057576268, 
        "area" :	0.7151163337422064, 
        "freq" :	1.2509578465298867, 
        "final" :	1.2350093938562785, 
        "resonant" :	890000000.0, 
        "dir" :	"C:\\Users\\project\\0. My Work\\1. Repositories\\1. Very Unfriendly Train\\Data\\Simulations\\637073406086594944_Primary\\637073459407320064_5\\5.out", 
        "890000000.0" :	{
            "f" :	0.8483862696442313, 
            "g" :	0.5618124200984891
        }, 
        "905000000.0" :	{
            "f" :	0.9720575145275743, 
            "g" :	0.5299770010708551
        }, 
        "920000000.0" :	{
            "f" :	0.9889031304444507, 
            "g" :	0.5211889725583323
        }, 
        "935000000.0" :	{
            "f" :	0.9918600662990396, 
            "g" :	0.5193324120163516
        }, 
        "950000000.0" :	{
            "f" :	0.9929547630831214, 
            "g" :	0.5200419426745055
        }
    }
}