{
    "geometry" :	{
        "items" :	3, 
        "0" :	"feed", 
        "1" :	"ground plane", 
        "2" :	"radiating plane", 
        "feed" :	{
            "items" :	2, 
            "0" :	"center", 
            "1" :	"width", 
            "center" :	55.401, 
            "width" :	1.568
        }, 
        "ground plane" :	{
            "items" :	5, 
            "0" :	"l", 
            "1" :	"w", 
            "2" :	"x", 
            "3" :	"y", 
            "4" :	"slots", 
            "l" :	82.179, 
            "w" :	99.223, 
            "x" :	-0.95, 
            "y" :	-0.937, 
            "slots" :	{
                "items" :	4, 
                "0" :	"elliptical", 
                "1" :	"rectangular", 
                "2" :	"triangular", 
                "3" :	"polygonal", 
                "elliptical" :	{
                    "items" :	0
                }, 
                "rectangular" :	{
                    "items" :	1, 
                    "0" :	{
                        "items" :	4, 
                        "0" :	"x", 
                        "1" :	"y", 
                        "2" :	"l", 
                        "3" :	"w", 
                        "x" :	48.803, 
                        "y" :	106.19, 
                        "z" :	0.0, 
                        "l" :	8.842, 
                        "w" :	17.9, 
                        "type" :	"rectangular", 
                        "id" :	"637073369376184064"
                    }
                }, 
                "triangular" :	{
                    "items" :	1, 
                    "0" :	{
                        "items" :	3, 
                        "0" :	{
                            "items" :	2, 
                            "0" :	"x", 
                            "1" :	"y", 
                            "x" :	18.159, 
                            "y" :	36.527, 
                            "z" :	0.0
                        }, 
                        "1" :	{
                            "items" :	2, 
                            "0" :	"x", 
                            "1" :	"y", 
                            "x" :	10.32, 
                            "y" :	25.301, 
                            "z" :	0.0
                        }, 
                        "2" :	{
                            "items" :	2, 
                            "0" :	"x", 
                            "1" :	"y", 
                            "x" :	8.518, 
                            "y" :	20.293, 
                            "z" :	0.0
                        }, 
                        "type" :	"triangular", 
                        "id" :	"637073373190698496"
                    }
                }, 
                "polygonal" :	{
                    "items" :	0
                }
            }
        }, 
        "radiating plane" :	{
            "items" :	5, 
            "0" :	"l", 
            "1" :	"w", 
            "2" :	"x", 
            "3" :	"y", 
            "4" :	"slots", 
            "l" :	76.834, 
            "w" :	95.035, 
            "x" :	4.345, 
            "y" :	3.551, 
            "slots" :	{
                "items" :	4, 
                "0" :	"elliptical", 
                "1" :	"rectangular", 
                "2" :	"triangular", 
                "3" :	"polygonal", 
                "elliptical" :	{
                    "items" :	0
                }, 
                "rectangular" :	{
                    "items" :	1, 
                    "0" :	{
                        "items" :	4, 
                        "0" :	"x", 
                        "1" :	"y", 
                        "2" :	"l", 
                        "3" :	"w", 
                        "x" :	14.828, 
                        "y" :	44.818, 
                        "z" :	1.6, 
                        "l" :	3.325, 
                        "w" :	0.515, 
                        "type" :	"rectangular", 
                        "id" :	"637073373190698496"
                    }
                }, 
                "triangular" :	{
                    "items" :	0
                }, 
                "polygonal" :	{
                    "items" :	0
                }
            }
        }, 
        "substrate" :	{
            "items" :	4, 
            "0" :	"l", 
            "1" :	"w", 
            "2" :	"x", 
            "3" :	"h", 
            "l" :	82.179, 
            "w" :	99.573, 
            "h" :	1.6, 
            "x" :	-0.95, 
            "y" :	-0.937, 
            "permitivitty" :	4.4, 
            "loss" :	0.02, 
            "name" :	"FR4"
        }
    }, 
    "fitness" :	{
        "items" :	1, 
        "0" :	"final", 
        "1" :	"freq", 
        "lower" :	1.477632660505904, 
        "desired" :	0.9264250598004611, 
        "upper" :	1.4344290321023945, 
        "area" :	0.8639549732510438, 
        "freq" :	0.8458177696084443, 
        "final" :	1.3273895004127032, 
        "resonant" :	920000000.0, 
        "dir" :	"C:\\Users\\project\\0. My Work\\1. Repositories\\1. Very Unfriendly Train\\Data\\Simulations\\637073364910614272_Primary\\637073373190917376_2\\2.out", 
        "866000000.0" :	{
            "f" :	0.9923431376443688, 
            "g" :	0.4962198063270759
        }, 
        "879500000.0" :	{
            "f" :	0.9898230416328363, 
            "g" :	0.48958460098310824
        }, 
        "893000000.0" :	{
            "f" :	0.9813972274417874, 
            "g" :	0.48353016748853506
        }, 
        "906500000.0" :	{
            "f" :	0.9186591392225075, 
            "g" :	0.4780737953833505
        }, 
        "920000000.0" :	{
            "f" :	0.11382354751085201, 
            "g" :	0.4732857949383859
        }, 
        "933500000.0" :	{
            "f" :	0.32629290054547855, 
            "g" :	0.46914000180080856
        }, 
        "947000000.0" :	{
            "f" :	0.94147534266512, 
            "g" :	0.4657264498801095
        }, 
        "960500000.0" :	{
            "f" :	0.9822977027023462, 
            "g" :	0.4630782552361397
        }, 
        "974000000.0" :	{
            "f" :	0.9894685295513603, 
            "g" :	0.4612408162721084
        }
    }
}