{
    "geometry" :	{
        "items" :	3, 
        "0" :	"feed", 
        "1" :	"ground plane", 
        "2" :	"radiating plane", 
        "feed" :	{
            "items" :	2, 
            "0" :	"center", 
            "1" :	"width", 
            "center" :	54.591, 
            "width" :	1.636
        }, 
        "ground plane" :	{
            "items" :	5, 
            "0" :	"l", 
            "1" :	"w", 
            "2" :	"x", 
            "3" :	"y", 
            "4" :	"slots", 
            "l" :	82.948, 
            "w" :	100.519, 
            "x" :	-0.99, 
            "y" :	-1.533, 
            "slots" :	{
                "items" :	4, 
                "0" :	"elliptical", 
                "1" :	"rectangular", 
                "2" :	"triangular", 
                "3" :	"polygonal", 
                "elliptical" :	{
                    "items" :	0
                }, 
                "rectangular" :	{
                    "items" :	3, 
                    "0" :	{
                        "items" :	4, 
                        "0" :	"x", 
                        "1" :	"y", 
                        "2" :	"l", 
                        "3" :	"w", 
                        "x" :	41.933, 
                        "y" :	84.931, 
                        "z" :	0.0, 
                        "l" :	6.921, 
                        "w" :	21.15, 
                        "type" :	"rectangular", 
                        "id" :	"637073412471224832"
                    }, 
                    "1" :	{
                        "items" :	4, 
                        "0" :	"x", 
                        "1" :	"y", 
                        "2" :	"l", 
                        "3" :	"w", 
                        "x" :	63.193, 
                        "y" :	46.676, 
                        "z" :	0.0, 
                        "l" :	12.577, 
                        "w" :	28.175, 
                        "type" :	"rectangular", 
                        "id" :	"637073420663162624"
                    }, 
                    "2" :	{
                        "items" :	4, 
                        "0" :	"x", 
                        "1" :	"y", 
                        "2" :	"l", 
                        "3" :	"w", 
                        "x" :	50.183, 
                        "y" :	8.21, 
                        "z" :	0.0, 
                        "l" :	8.567, 
                        "w" :	13.982, 
                        "type" :	"rectangular", 
                        "id" :	"637073428614102656"
                    }
                }, 
                "triangular" :	{
                    "items" :	1, 
                    "0" :	{
                        "items" :	3, 
                        "0" :	{
                            "items" :	2, 
                            "0" :	"x", 
                            "1" :	"y", 
                            "x" :	17.887, 
                            "y" :	21.064, 
                            "z" :	0.0
                        }, 
                        "1" :	{
                            "items" :	2, 
                            "0" :	"x", 
                            "1" :	"y", 
                            "x" :	14.067, 
                            "y" :	32.44, 
                            "z" :	0.0
                        }, 
                        "2" :	{
                            "items" :	2, 
                            "0" :	"x", 
                            "1" :	"y", 
                            "x" :	39.56, 
                            "y" :	22.99, 
                            "z" :	0.0
                        }, 
                        "type" :	"triangular", 
                        "id" :	"637073418639024640"
                    }
                }, 
                "polygonal" :	{
                    "items" :	0
                }
            }
        }, 
        "radiating plane" :	{
            "items" :	5, 
            "0" :	"l", 
            "1" :	"w", 
            "2" :	"x", 
            "3" :	"y", 
            "4" :	"slots", 
            "l" :	72.815, 
            "w" :	93.784, 
            "x" :	3.94, 
            "y" :	6.464, 
            "slots" :	{
                "items" :	4, 
                "0" :	"elliptical", 
                "1" :	"rectangular", 
                "2" :	"triangular", 
                "3" :	"polygonal", 
                "elliptical" :	{
                    "items" :	0
                }, 
                "rectangular" :	{
                    "items" :	1, 
                    "0" :	{
                        "items" :	4, 
                        "0" :	"x", 
                        "1" :	"y", 
                        "2" :	"l", 
                        "3" :	"w", 
                        "x" :	43.853, 
                        "y" :	0.913, 
                        "z" :	1.6, 
                        "l" :	2.704, 
                        "w" :	2.306, 
                        "type" :	"rectangular", 
                        "id" :	"637073428614122624"
                    }
                }, 
                "triangular" :	{
                    "items" :	2, 
                    "0" :	{
                        "items" :	3, 
                        "0" :	{
                            "items" :	2, 
                            "0" :	"x", 
                            "1" :	"y", 
                            "x" :	68.79, 
                            "y" :	63.174, 
                            "z" :	1.6
                        }, 
                        "1" :	{
                            "items" :	2, 
                            "0" :	"x", 
                            "1" :	"y", 
                            "x" :	64.991, 
                            "y" :	66.714, 
                            "z" :	1.6
                        }, 
                        "2" :	{
                            "items" :	2, 
                            "0" :	"x", 
                            "1" :	"y", 
                            "x" :	66.786, 
                            "y" :	63.675, 
                            "z" :	1.6
                        }, 
                        "type" :	"triangular", 
                        "id" :	"637073409878348416"
                    }, 
                    "1" :	{
                        "items" :	3, 
                        "0" :	{
                            "items" :	2, 
                            "0" :	"x", 
                            "1" :	"y", 
                            "x" :	67.958, 
                            "y" :	29.908, 
                            "z" :	1.6
                        }, 
                        "1" :	{
                            "items" :	2, 
                            "0" :	"x", 
                            "1" :	"y", 
                            "x" :	70.571, 
                            "y" :	27.632, 
                            "z" :	1.6
                        }, 
                        "2" :	{
                            "items" :	2, 
                            "0" :	"x", 
                            "1" :	"y", 
                            "x" :	69.968, 
                            "y" :	30.748, 
                            "z" :	1.6
                        }, 
                        "type" :	"triangular", 
                        "id" :	"637073420663172608"
                    }
                }, 
                "polygonal" :	{
                    "items" :	0
                }
            }
        }, 
        "substrate" :	{
            "items" :	4, 
            "0" :	"l", 
            "1" :	"w", 
            "2" :	"x", 
            "3" :	"h", 
            "l" :	82.948, 
            "w" :	101.831, 
            "h" :	1.6, 
            "x" :	-0.99, 
            "y" :	-1.533, 
            "permitivitty" :	4.4, 
            "loss" :	0.02, 
            "name" :	"FR4"
        }
    }, 
    "fitness" :	{
        "items" :	1, 
        "0" :	"final", 
        "1" :	"freq", 
        "lower" :	0.38645389632590865, 
        "desired" :	1.2823165330509847, 
        "upper" :	1.3323813192142004, 
        "area" :	0.8918146295157116, 
        "freq" :	0.9970892202841015, 
        "final" :	1.5574531844847141, 
        "resonant" :	890000000.0, 
        "dir" :	"C:\\Users\\project\\0. My Work\\1. Repositories\\1. Very Unfriendly Train\\Data\\Simulations\\637073406086594944_Primary\\637073428614132608_6\\6.out", 
        "890000000.0" :	{
            "f" :	0.026974105796328966, 
            "g" :	0.3594797905295797
        }, 
        "905000000.0" :	{
            "f" :	0.8486005235346515, 
            "g" :	0.35071526123684327
        }, 
        "920000000.0" :	{
            "f" :	0.974230760093888, 
            "g" :	0.344511465354418
        }, 
        "935000000.0" :	{
            "f" :	0.987524895228137, 
            "g" :	0.341366693705016
        }, 
        "950000000.0" :	{
            "f" :	0.9911073697375992, 
            "g" :	0.3412739494766013
        }
    }
}