{
    "geometry" :	{
        "items" :	3, 
        "0" :	"feed", 
        "1" :	"ground plane", 
        "2" :	"radiating plane", 
        "feed" :	{
            "items" :	2, 
            "0" :	"center", 
            "1" :	"width", 
            "center" :	54.538, 
            "width" :	1.653
        }, 
        "ground plane" :	{
            "items" :	5, 
            "0" :	"l", 
            "1" :	"w", 
            "2" :	"x", 
            "3" :	"y", 
            "4" :	"slots", 
            "l" :	76.342, 
            "w" :	82.979, 
            "x" :	-2.653, 
            "y" :	-3.303, 
            "slots" :	{
                "items" :	4, 
                "0" :	"elliptical", 
                "1" :	"rectangular", 
                "2" :	"triangular", 
                "3" :	"polygonal", 
                "elliptical" :	{
                    "items" :	0
                }, 
                "rectangular" :	{
                    "items" :	3, 
                    "0" :	{
                        "items" :	4, 
                        "0" :	"x", 
                        "1" :	"y", 
                        "2" :	"l", 
                        "3" :	"w", 
                        "x" :	53.818, 
                        "y" :	71.23, 
                        "z" :	0.0, 
                        "l" :	19.242, 
                        "w" :	8.002, 
                        "type" :	"rectangular", 
                        "id" :	"637073443390596352"
                    }, 
                    "1" :	{
                        "items" :	4, 
                        "0" :	"x", 
                        "1" :	"y", 
                        "2" :	"l", 
                        "3" :	"w", 
                        "x" :	4.317, 
                        "y" :	57.641, 
                        "z" :	0.0, 
                        "l" :	8.806, 
                        "w" :	20.403, 
                        "type" :	"rectangular", 
                        "id" :	"637073452724917632"
                    }, 
                    "2" :	{
                        "items" :	4, 
                        "0" :	"x", 
                        "1" :	"y", 
                        "2" :	"l", 
                        "3" :	"w", 
                        "x" :	75.531, 
                        "y" :	60.922, 
                        "z" :	0.0, 
                        "l" :	13.798, 
                        "w" :	25.045, 
                        "type" :	"rectangular", 
                        "id" :	"637073469744211968"
                    }
                }, 
                "triangular" :	{
                    "items" :	6, 
                    "0" :	{
                        "items" :	3, 
                        "0" :	{
                            "items" :	2, 
                            "0" :	"x", 
                            "1" :	"y", 
                            "x" :	21.364, 
                            "y" :	23.351, 
                            "z" :	0.0
                        }, 
                        "1" :	{
                            "items" :	2, 
                            "0" :	"x", 
                            "1" :	"y", 
                            "x" :	11.392, 
                            "y" :	36.804, 
                            "z" :	0.0
                        }, 
                        "2" :	{
                            "items" :	2, 
                            "0" :	"x", 
                            "1" :	"y", 
                            "x" :	43.196, 
                            "y" :	18.148, 
                            "z" :	0.0
                        }, 
                        "type" :	"triangular", 
                        "id" :	"637073418639024640"
                    }, 
                    "1" :	{
                        "items" :	3, 
                        "0" :	{
                            "items" :	2, 
                            "0" :	"x", 
                            "1" :	"y", 
                            "x" :	51.103, 
                            "y" :	66.408, 
                            "z" :	0.0
                        }, 
                        "1" :	{
                            "items" :	2, 
                            "0" :	"x", 
                            "1" :	"y", 
                            "x" :	45.815, 
                            "y" :	64.209, 
                            "z" :	0.0
                        }, 
                        "2" :	{
                            "items" :	2, 
                            "0" :	"x", 
                            "1" :	"y", 
                            "x" :	42.67, 
                            "y" :	74.956, 
                            "z" :	0.0
                        }, 
                        "type" :	"triangular", 
                        "id" :	"637073428614012928"
                    }, 
                    "2" :	{
                        "items" :	3, 
                        "0" :	{
                            "items" :	2, 
                            "0" :	"x", 
                            "1" :	"y", 
                            "x" :	16.731, 
                            "y" :	34.417, 
                            "z" :	0.0
                        }, 
                        "1" :	{
                            "items" :	2, 
                            "0" :	"x", 
                            "1" :	"y", 
                            "x" :	27.031, 
                            "y" :	13.517, 
                            "z" :	0.0
                        }, 
                        "2" :	{
                            "items" :	2, 
                            "0" :	"x", 
                            "1" :	"y", 
                            "x" :	33.907, 
                            "y" :	18.382, 
                            "z" :	0.0
                        }, 
                        "type" :	"triangular", 
                        "id" :	"637073433017341824"
                    }, 
                    "3" :	{
                        "items" :	3, 
                        "0" :	{
                            "items" :	2, 
                            "0" :	"x", 
                            "1" :	"y", 
                            "x" :	38.438, 
                            "y" :	33.523, 
                            "z" :	0.0
                        }, 
                        "1" :	{
                            "items" :	2, 
                            "0" :	"x", 
                            "1" :	"y", 
                            "x" :	50.166, 
                            "y" :	52.453, 
                            "z" :	0.0
                        }, 
                        "2" :	{
                            "items" :	2, 
                            "0" :	"x", 
                            "1" :	"y", 
                            "x" :	35.803, 
                            "y" :	48.577, 
                            "z" :	0.0
                        }, 
                        "type" :	"triangular", 
                        "id" :	"637073438030095488"
                    }, 
                    "4" :	{
                        "items" :	3, 
                        "0" :	{
                            "items" :	2, 
                            "0" :	"x", 
                            "1" :	"y", 
                            "x" :	43.851, 
                            "y" :	41.896, 
                            "z" :	0.0
                        }, 
                        "1" :	{
                            "items" :	2, 
                            "0" :	"x", 
                            "1" :	"y", 
                            "x" :	64.578, 
                            "y" :	38.566, 
                            "z" :	0.0
                        }, 
                        "2" :	{
                            "items" :	2, 
                            "0" :	"x", 
                            "1" :	"y", 
                            "x" :	55.6, 
                            "y" :	26.25, 
                            "z" :	0.0
                        }, 
                        "type" :	"triangular", 
                        "id" :	"637073446063226112"
                    }, 
                    "5" :	{
                        "items" :	3, 
                        "0" :	{
                            "items" :	2, 
                            "0" :	"x", 
                            "1" :	"y", 
                            "x" :	21.584, 
                            "y" :	27.406, 
                            "z" :	0.0
                        }, 
                        "1" :	{
                            "items" :	2, 
                            "0" :	"x", 
                            "1" :	"y", 
                            "x" :	16.937, 
                            "y" :	35.9, 
                            "z" :	0.0
                        }, 
                        "2" :	{
                            "items" :	2, 
                            "0" :	"x", 
                            "1" :	"y", 
                            "x" :	23.512, 
                            "y" :	36.362, 
                            "z" :	0.0
                        }, 
                        "type" :	"triangular", 
                        "id" :	"637073449570861952"
                    }
                }, 
                "polygonal" :	{
                    "items" :	0
                }
            }
        }, 
        "radiating plane" :	{
            "items" :	5, 
            "0" :	"l", 
            "1" :	"w", 
            "2" :	"x", 
            "3" :	"y", 
            "4" :	"slots", 
            "l" :	66.431, 
            "w" :	85.586, 
            "x" :	2.953, 
            "y" :	5.259, 
            "slots" :	{
                "items" :	4, 
                "0" :	"elliptical", 
                "1" :	"rectangular", 
                "2" :	"triangular", 
                "3" :	"polygonal", 
                "elliptical" :	{
                    "items" :	0
                }, 
                "rectangular" :	{
                    "items" :	1, 
                    "0" :	{
                        "items" :	4, 
                        "0" :	"x", 
                        "1" :	"y", 
                        "2" :	"l", 
                        "3" :	"w", 
                        "x" :	50.754, 
                        "y" :	53.647, 
                        "z" :	1.6, 
                        "l" :	3.063, 
                        "w" :	2.294, 
                        "type" :	"rectangular", 
                        "id" :	"637073469744241920"
                    }
                }, 
                "triangular" :	{
                    "items" :	2, 
                    "0" :	{
                        "items" :	3, 
                        "0" :	{
                            "items" :	2, 
                            "0" :	"x", 
                            "1" :	"y", 
                            "x" :	16.61, 
                            "y" :	58.104, 
                            "z" :	1.6
                        }, 
                        "1" :	{
                            "items" :	2, 
                            "0" :	"x", 
                            "1" :	"y", 
                            "x" :	15.15, 
                            "y" :	58.397, 
                            "z" :	1.6
                        }, 
                        "2" :	{
                            "items" :	2, 
                            "0" :	"x", 
                            "1" :	"y", 
                            "x" :	16.154, 
                            "y" :	59.703, 
                            "z" :	1.6
                        }, 
                        "type" :	"triangular", 
                        "id" :	"637073428614032768"
                    }, 
                    "1" :	{
                        "items" :	3, 
                        "0" :	{
                            "items" :	2, 
                            "0" :	"x", 
                            "1" :	"y", 
                            "x" :	62.761, 
                            "y" :	14.296, 
                            "z" :	1.6
                        }, 
                        "1" :	{
                            "items" :	2, 
                            "0" :	"x", 
                            "1" :	"y", 
                            "x" :	63.198, 
                            "y" :	17.165, 
                            "z" :	1.6
                        }, 
                        "2" :	{
                            "items" :	2, 
                            "0" :	"x", 
                            "1" :	"y", 
                            "x" :	66.471, 
                            "y" :	16.319, 
                            "z" :	1.6
                        }, 
                        "type" :	"triangular", 
                        "id" :	"637073443390636160"
                    }
                }, 
                "polygonal" :	{
                    "items" :	0
                }
            }
        }, 
        "substrate" :	{
            "items" :	4, 
            "0" :	"l", 
            "1" :	"w", 
            "2" :	"x", 
            "3" :	"h", 
            "l" :	76.342, 
            "w" :	94.198, 
            "h" :	1.6, 
            "x" :	-2.653, 
            "y" :	-3.303, 
            "permitivitty" :	4.4, 
            "loss" :	0.02, 
            "name" :	"FR4"
        }
    }, 
    "fitness" :	{
        "items" :	1, 
        "0" :	"final", 
        "1" :	"freq", 
        "lower" :	1.5231370278182947, 
        "desired" :	1.3360237942810176, 
        "upper" :	0.4236483283759889, 
        "area" :	0.7592658732342685, 
        "freq" :	1.0858657197800667, 
        "final" :	1.2542136000139354, 
        "resonant" :	950000000.0, 
        "dir" :	"C:\\Users\\project\\0. My Work\\1. Repositories\\1. Very Unfriendly Train\\Data\\Simulations\\637073406086594944_Primary\\637073469744501248_3\\3.out", 
        "890000000.0" :	{
            "f" :	0.9913719106396249, 
            "g" :	0.5317651171786698
        }, 
        "905000000.0" :	{
            "f" :	0.9884112799020863, 
            "g" :	0.4899011228127993
        }, 
        "920000000.0" :	{
            "f" :	0.9737068030463313, 
            "g" :	0.4578629918824784
        }, 
        "935000000.0" :	{
            "f" :	0.6624876916022624, 
            "g" :	0.4357014935970943
        }, 
        "950000000.0" :	{
            "f" :	0.0009190352086318626, 
            "g" :	0.4227292931673571
        }
    }
}