{
    "geometry" :	{
        "items" :	3, 
        "0" :	"feed", 
        "1" :	"ground plane", 
        "2" :	"radiating plane", 
        "feed" :	{
            "items" :	2, 
            "0" :	"center", 
            "1" :	"width", 
            "center" :	54.434, 
            "width" :	1.612
        }, 
        "ground plane" :	{
            "items" :	5, 
            "0" :	"l", 
            "1" :	"w", 
            "2" :	"x", 
            "3" :	"y", 
            "4" :	"slots", 
            "l" :	81.882, 
            "w" :	100.492, 
            "x" :	-1.278, 
            "y" :	-1.97, 
            "slots" :	{
                "items" :	4, 
                "0" :	"elliptical", 
                "1" :	"rectangular", 
                "2" :	"triangular", 
                "3" :	"polygonal", 
                "elliptical" :	{
                    "items" :	0
                }, 
                "rectangular" :	{
                    "items" :	2, 
                    "0" :	{
                        "items" :	4, 
                        "0" :	"x", 
                        "1" :	"y", 
                        "2" :	"l", 
                        "3" :	"w", 
                        "x" :	43.07, 
                        "y" :	85.849, 
                        "z" :	0.0, 
                        "l" :	6.59, 
                        "w" :	22.796, 
                        "type" :	"rectangular", 
                        "id" :	"637073412471224832"
                    }, 
                    "1" :	{
                        "items" :	4, 
                        "0" :	"x", 
                        "1" :	"y", 
                        "2" :	"l", 
                        "3" :	"w", 
                        "x" :	65.426, 
                        "y" :	47.075, 
                        "z" :	0.0, 
                        "l" :	6.677, 
                        "w" :	23.604, 
                        "type" :	"rectangular", 
                        "id" :	"637073420663162624"
                    }
                }, 
                "triangular" :	{
                    "items" :	2, 
                    "0" :	{
                        "items" :	3, 
                        "0" :	{
                            "items" :	2, 
                            "0" :	"x", 
                            "1" :	"y", 
                            "x" :	43.674, 
                            "y" :	59.842, 
                            "z" :	0.0
                        }, 
                        "1" :	{
                            "items" :	2, 
                            "0" :	"x", 
                            "1" :	"y", 
                            "x" :	41.187, 
                            "y" :	63.159, 
                            "z" :	0.0
                        }, 
                        "2" :	{
                            "items" :	2, 
                            "0" :	"x", 
                            "1" :	"y", 
                            "x" :	33.714, 
                            "y" :	78.698, 
                            "z" :	0.0
                        }, 
                        "type" :	"triangular", 
                        "id" :	"637073428614012928"
                    }, 
                    "1" :	{
                        "items" :	3, 
                        "0" :	{
                            "items" :	2, 
                            "0" :	"x", 
                            "1" :	"y", 
                            "x" :	73.512, 
                            "y" :	104.906, 
                            "z" :	0.0
                        }, 
                        "1" :	{
                            "items" :	2, 
                            "0" :	"x", 
                            "1" :	"y", 
                            "x" :	67.434, 
                            "y" :	95.125, 
                            "z" :	0.0
                        }, 
                        "2" :	{
                            "items" :	2, 
                            "0" :	"x", 
                            "1" :	"y", 
                            "x" :	63.254, 
                            "y" :	103.048, 
                            "z" :	0.0
                        }, 
                        "type" :	"triangular", 
                        "id" :	"637073433017181824"
                    }
                }, 
                "polygonal" :	{
                    "items" :	0
                }
            }
        }, 
        "radiating plane" :	{
            "items" :	5, 
            "0" :	"l", 
            "1" :	"w", 
            "2" :	"x", 
            "3" :	"y", 
            "4" :	"slots", 
            "l" :	69.842, 
            "w" :	92.922, 
            "x" :	4.366, 
            "y" :	6.072, 
            "slots" :	{
                "items" :	4, 
                "0" :	"elliptical", 
                "1" :	"rectangular", 
                "2" :	"triangular", 
                "3" :	"polygonal", 
                "elliptical" :	{
                    "items" :	0
                }, 
                "rectangular" :	{
                    "items" :	0
                }, 
                "triangular" :	{
                    "items" :	3, 
                    "0" :	{
                        "items" :	3, 
                        "0" :	{
                            "items" :	2, 
                            "0" :	"x", 
                            "1" :	"y", 
                            "x" :	67.586, 
                            "y" :	60.182, 
                            "z" :	1.6
                        }, 
                        "1" :	{
                            "items" :	2, 
                            "0" :	"x", 
                            "1" :	"y", 
                            "x" :	64.852, 
                            "y" :	65.03, 
                            "z" :	1.6
                        }, 
                        "2" :	{
                            "items" :	2, 
                            "0" :	"x", 
                            "1" :	"y", 
                            "x" :	67.13, 
                            "y" :	63.626, 
                            "z" :	1.6
                        }, 
                        "type" :	"triangular", 
                        "id" :	"637073409878348416"
                    }, 
                    "1" :	{
                        "items" :	3, 
                        "0" :	{
                            "items" :	2, 
                            "0" :	"x", 
                            "1" :	"y", 
                            "x" :	69.726, 
                            "y" :	30.896, 
                            "z" :	1.6
                        }, 
                        "1" :	{
                            "items" :	2, 
                            "0" :	"x", 
                            "1" :	"y", 
                            "x" :	71.228, 
                            "y" :	29.385, 
                            "z" :	1.6
                        }, 
                        "2" :	{
                            "items" :	2, 
                            "0" :	"x", 
                            "1" :	"y", 
                            "x" :	68.695, 
                            "y" :	30.323, 
                            "z" :	1.6
                        }, 
                        "type" :	"triangular", 
                        "id" :	"637073420663172608"
                    }, 
                    "2" :	{
                        "items" :	3, 
                        "0" :	{
                            "items" :	2, 
                            "0" :	"x", 
                            "1" :	"y", 
                            "x" :	16.375, 
                            "y" :	59.04, 
                            "z" :	1.6
                        }, 
                        "1" :	{
                            "items" :	2, 
                            "0" :	"x", 
                            "1" :	"y", 
                            "x" :	15.472, 
                            "y" :	59.744, 
                            "z" :	1.6
                        }, 
                        "2" :	{
                            "items" :	2, 
                            "0" :	"x", 
                            "1" :	"y", 
                            "x" :	16.14, 
                            "y" :	58.235, 
                            "z" :	1.6
                        }, 
                        "type" :	"triangular", 
                        "id" :	"637073428614032768"
                    }
                }, 
                "polygonal" :	{
                    "items" :	0
                }
            }
        }, 
        "substrate" :	{
            "items" :	4, 
            "0" :	"l", 
            "1" :	"w", 
            "2" :	"x", 
            "3" :	"h", 
            "l" :	81.882, 
            "w" :	101.014, 
            "h" :	1.6, 
            "x" :	-1.278, 
            "y" :	-1.97, 
            "permitivitty" :	4.4, 
            "loss" :	0.02, 
            "name" :	"FR4"
        }
    }, 
    "fitness" :	{
        "items" :	1, 
        "0" :	"final", 
        "1" :	"freq", 
        "lower" :	1.2943801866231983, 
        "desired" :	0.7875942509514182, 
        "upper" :	1.3297734221607551, 
        "area" :	0.8732903787677276, 
        "freq" :	0.7278269626370023, 
        "final" :	1.2218768650143548, 
        "resonant" :	905000000.0, 
        "dir" :	"C:\\Users\\project\\0. My Work\\1. Repositories\\1. Very Unfriendly Train\\Data\\Simulations\\637073406086594944_Primary\\637073433017381376_4\\4.out", 
        "890000000.0" :	{
            "f" :	0.9193785591766316, 
            "g" :	0.3750016274465667
        }, 
        "905000000.0" :	{
            "f" :	0.03209811763035021, 
            "g" :	0.3640916786457466
        }, 
        "920000000.0" :	{
            "f" :	0.3110246480851661, 
            "g" :	0.35536109639634944
        }, 
        "935000000.0" :	{
            "f" :	0.9511507403008227, 
            "g" :	0.34905647179581956
        }, 
        "950000000.0" :	{
            "f" :	0.9843153943149348, 
            "g" :	0.34545802784582036
        }
    }
}