{
    "geometry" :	{
        "items" :	3, 
        "0" :	"feed", 
        "1" :	"ground plane", 
        "2" :	"radiating plane", 
        "feed" :	{
            "items" :	2, 
            "0" :	"center", 
            "1" :	"width", 
            "center" :	55.499, 
            "width" :	1.57
        }, 
        "ground plane" :	{
            "items" :	5, 
            "0" :	"l", 
            "1" :	"w", 
            "2" :	"x", 
            "3" :	"y", 
            "4" :	"slots", 
            "l" :	83.24, 
            "w" :	104.536, 
            "x" :	-0.628, 
            "y" :	-1.021, 
            "slots" :	{
                "items" :	4, 
                "0" :	"elliptical", 
                "1" :	"rectangular", 
                "2" :	"triangular", 
                "3" :	"polygonal", 
                "elliptical" :	{
                    "items" :	0
                }, 
                "rectangular" :	{
                    "items" :	1, 
                    "0" :	{
                        "items" :	4, 
                        "0" :	"x", 
                        "1" :	"y", 
                        "2" :	"l", 
                        "3" :	"w", 
                        "x" :	35.367, 
                        "y" :	70.151, 
                        "z" :	0.0, 
                        "l" :	11.593, 
                        "w" :	17.628, 
                        "type" :	"rectangular", 
                        "id" :	"637073369376373248"
                    }
                }, 
                "triangular" :	{
                    "items" :	0
                }, 
                "polygonal" :	{
                    "items" :	0
                }
            }
        }, 
        "radiating plane" :	{
            "items" :	5, 
            "0" :	"l", 
            "1" :	"w", 
            "2" :	"x", 
            "3" :	"y", 
            "4" :	"slots", 
            "l" :	77.078, 
            "w" :	98.783, 
            "x" :	4.608, 
            "y" :	4.33, 
            "slots" :	{
                "items" :	4, 
                "0" :	"elliptical", 
                "1" :	"rectangular", 
                "2" :	"triangular", 
                "3" :	"polygonal", 
                "elliptical" :	{
                    "items" :	0
                }, 
                "rectangular" :	{
                    "items" :	0
                }, 
                "triangular" :	{
                    "items" :	1, 
                    "0" :	{
                        "items" :	3, 
                        "0" :	{
                            "items" :	2, 
                            "0" :	"x", 
                            "1" :	"y", 
                            "x" :	34.299, 
                            "y" :	0.447, 
                            "z" :	1.6
                        }, 
                        "1" :	{
                            "items" :	2, 
                            "0" :	"x", 
                            "1" :	"y", 
                            "x" :	34.619, 
                            "y" :	-1.895, 
                            "z" :	1.6
                        }, 
                        "2" :	{
                            "items" :	2, 
                            "0" :	"x", 
                            "1" :	"y", 
                            "x" :	33.768, 
                            "y" :	0.924, 
                            "z" :	1.6
                        }, 
                        "type" :	"triangular", 
                        "id" :	"637073369376383488"
                    }
                }, 
                "polygonal" :	{
                    "items" :	0
                }
            }
        }, 
        "substrate" :	{
            "items" :	4, 
            "0" :	"l", 
            "1" :	"w", 
            "2" :	"x", 
            "3" :	"h", 
            "l" :	83.24, 
            "w" :	104.536, 
            "h" :	1.6, 
            "x" :	-0.628, 
            "y" :	-1.021, 
            "permitivitty" :	4.4, 
            "loss" :	0.02, 
            "name" :	"FR4"
        }
    }, 
    "fitness" :	{
        "items" :	1, 
        "0" :	"final", 
        "1" :	"freq", 
        "lower" :	0.9855435069435258, 
        "desired" :	1.4630341427200035, 
        "upper" :	1.4636332912555907, 
        "area" :	0.9187272845223121, 
        "freq" :	1.1810767625569816, 
        "final" :	1.8277297761946407, 
        "resonant" :	879500000.0, 
        "dir" :	"C:\\Users\\project\\0. My Work\\1. Repositories\\1. Very Unfriendly Train\\Data\\Simulations\\637073364910614272_Primary\\637073369376393216_9\\9.out", 
        "866000000.0" :	{
            "f" :	0.5869408713923829, 
            "g" :	0.4961429396109438
        }, 
        "879500000.0" :	{
            "f" :	0.019699485244868874, 
            "g" :	0.4903984914653868
        }, 
        "893000000.0" :	{
            "f" :	0.8782255976104312, 
            "g" :	0.4852231355065639
        }, 
        "906500000.0" :	{
            "f" :	0.9776952858534719, 
            "g" :	0.4806831304820442
        }, 
        "920000000.0" :	{
            "f" :	0.988583348391168, 
            "g" :	0.47681789816064574
        }, 
        "933500000.0" :	{
            "f" :	0.991638051230537, 
            "g" :	0.4736847140421442
        }, 
        "947000000.0" :	{
            "f" :	0.9929206360171651, 
            "g" :	0.4713241561435543
        }, 
        "960500000.0" :	{
            "f" :	0.993584911086043, 
            "g" :	0.4698354721785688
        }, 
        "974000000.0" :	{
            "f" :	0.9939758309186527, 
            "g" :	0.46925886742278755
        }
    }
}