{
    "geometry" :	{
        "items" :	3, 
        "0" :	"feed", 
        "1" :	"ground plane", 
        "2" :	"radiating plane", 
        "feed" :	{
            "items" :	2, 
            "0" :	"center", 
            "1" :	"width", 
            "center" :	54.548, 
            "width" :	1.559
        }, 
        "ground plane" :	{
            "items" :	5, 
            "0" :	"l", 
            "1" :	"w", 
            "2" :	"x", 
            "3" :	"y", 
            "4" :	"slots", 
            "l" :	84.921, 
            "w" :	106.78, 
            "x" :	-0.2, 
            "y" :	-0.172, 
            "slots" :	{
                "items" :	4, 
                "0" :	"elliptical", 
                "1" :	"rectangular", 
                "2" :	"triangular", 
                "3" :	"polygonal", 
                "elliptical" :	{
                    "items" :	0
                }, 
                "rectangular" :	{
                    "items" :	1, 
                    "0" :	{
                        "items" :	4, 
                        "0" :	"x", 
                        "1" :	"y", 
                        "2" :	"l", 
                        "3" :	"w", 
                        "x" :	70.122, 
                        "y" :	101.678, 
                        "z" :	0.0, 
                        "l" :	7.638, 
                        "w" :	12.588, 
                        "type" :	"rectangular", 
                        "id" :	"637073408227650688"
                    }
                }, 
                "triangular" :	{
                    "items" :	0
                }, 
                "polygonal" :	{
                    "items" :	0
                }
            }
        }, 
        "radiating plane" :	{
            "items" :	5, 
            "0" :	"l", 
            "1" :	"w", 
            "2" :	"x", 
            "3" :	"y", 
            "4" :	"slots", 
            "l" :	76.093, 
            "w" :	98.527, 
            "x" :	4.516, 
            "y" :	4.954, 
            "slots" :	{
                "items" :	4, 
                "0" :	"elliptical", 
                "1" :	"rectangular", 
                "2" :	"triangular", 
                "3" :	"polygonal", 
                "elliptical" :	{
                    "items" :	0
                }, 
                "rectangular" :	{
                    "items" :	0
                }, 
                "triangular" :	{
                    "items" :	0
                }, 
                "polygonal" :	{
                    "items" :	0
                }
            }
        }, 
        "substrate" :	{
            "items" :	4, 
            "0" :	"l", 
            "1" :	"w", 
            "2" :	"x", 
            "3" :	"h", 
            "l" :	84.921, 
            "w" :	106.78, 
            "h" :	1.6, 
            "x" :	-0.2, 
            "y" :	-0.172, 
            "permitivitty" :	4.4, 
            "loss" :	0.02, 
            "name" :	"FR4"
        }
    }, 
    "fitness" :	{
        "items" :	1, 
        "0" :	"final", 
        "1" :	"freq", 
        "lower" :	1.3811797352556248, 
        "desired" :	1.0254148953811568, 
        "upper" :	0.6798134010162054, 
        "area" :	0.9574005680715353, 
        "freq" :	0.869181374314348, 
        "final" :	1.538518582816229, 
        "resonant" :	935000000.0, 
        "dir" :	"C:\\Users\\project\\0. My Work\\1. Repositories\\1. Very Unfriendly Train\\Data\\Simulations\\637073406086594944_Primary\\637073408227670656_5\\5.out", 
        "890000000.0" :	{
            "f" :	0.9910744054116789, 
            "g" :	0.39010532984394586
        }, 
        "905000000.0" :	{
            "f" :	0.9848516588683859, 
            "g" :	0.3768010253390424
        }, 
        "920000000.0" :	{
            "f" :	0.9378127320723009, 
            "g" :	0.3642589181660544
        }, 
        "935000000.0" :	{
            "f" :	0.05986114231178153, 
            "g" :	0.35265920938590534
        }, 
        "950000000.0" :	{
            "f" :	0.3376762996145851, 
            "g" :	0.3421371014016202
        }
    }
}