{
    "geometry" :	{
        "items" :	3, 
        "0" :	"feed", 
        "1" :	"ground plane", 
        "2" :	"radiating plane", 
        "feed" :	{
            "items" :	2, 
            "0" :	"center", 
            "1" :	"width", 
            "center" :	53.476, 
            "width" :	1.596
        }, 
        "ground plane" :	{
            "items" :	5, 
            "0" :	"l", 
            "1" :	"w", 
            "2" :	"x", 
            "3" :	"y", 
            "4" :	"slots", 
            "l" :	80.97, 
            "w" :	103.105, 
            "x" :	-0.024, 
            "y" :	-0.75, 
            "slots" :	{
                "items" :	4, 
                "0" :	"elliptical", 
                "1" :	"rectangular", 
                "2" :	"triangular", 
                "3" :	"polygonal", 
                "elliptical" :	{
                    "items" :	0
                }, 
                "rectangular" :	{
                    "items" :	2, 
                    "0" :	{
                        "items" :	4, 
                        "0" :	"x", 
                        "1" :	"y", 
                        "2" :	"l", 
                        "3" :	"w", 
                        "x" :	14.262, 
                        "y" :	0.839, 
                        "z" :	0.0, 
                        "l" :	23.669, 
                        "w" :	6.985, 
                        "type" :	"rectangular", 
                        "id" :	"637073365258125696"
                    }, 
                    "1" :	{
                        "items" :	4, 
                        "0" :	"x", 
                        "1" :	"y", 
                        "2" :	"l", 
                        "3" :	"w", 
                        "x" :	47.653, 
                        "y" :	75.027, 
                        "z" :	0.0, 
                        "l" :	22.519, 
                        "w" :	19.131, 
                        "type" :	"rectangular", 
                        "id" :	"637073369376233856"
                    }
                }, 
                "triangular" :	{
                    "items" :	0
                }, 
                "polygonal" :	{
                    "items" :	0
                }
            }
        }, 
        "radiating plane" :	{
            "items" :	5, 
            "0" :	"l", 
            "1" :	"w", 
            "2" :	"x", 
            "3" :	"y", 
            "4" :	"slots", 
            "l" :	75.206, 
            "w" :	97.044, 
            "x" :	4.324, 
            "y" :	4.336, 
            "slots" :	{
                "items" :	4, 
                "0" :	"elliptical", 
                "1" :	"rectangular", 
                "2" :	"triangular", 
                "3" :	"polygonal", 
                "elliptical" :	{
                    "items" :	0
                }, 
                "rectangular" :	{
                    "items" :	0
                }, 
                "triangular" :	{
                    "items" :	1, 
                    "0" :	{
                        "items" :	3, 
                        "0" :	{
                            "items" :	2, 
                            "0" :	"x", 
                            "1" :	"y", 
                            "x" :	62.684, 
                            "y" :	35.656, 
                            "z" :	1.6
                        }, 
                        "1" :	{
                            "items" :	2, 
                            "0" :	"x", 
                            "1" :	"y", 
                            "x" :	63.423, 
                            "y" :	36.349, 
                            "z" :	1.6
                        }, 
                        "2" :	{
                            "items" :	2, 
                            "0" :	"x", 
                            "1" :	"y", 
                            "x" :	63.64, 
                            "y" :	34.858, 
                            "z" :	1.6
                        }, 
                        "type" :	"triangular", 
                        "id" :	"637073369376233856"
                    }
                }, 
                "polygonal" :	{
                    "items" :	0
                }
            }
        }, 
        "substrate" :	{
            "items" :	4, 
            "0" :	"l", 
            "1" :	"w", 
            "2" :	"x", 
            "3" :	"h", 
            "l" :	80.97, 
            "w" :	103.105, 
            "h" :	1.6, 
            "x" :	-0.024, 
            "y" :	-0.75, 
            "permitivitty" :	4.4, 
            "loss" :	0.02, 
            "name" :	"FR4"
        }
    }, 
    "fitness" :	{
        "items" :	1, 
        "0" :	"final", 
        "1" :	"freq", 
        "lower" :	1.3926643266686252, 
        "desired" :	1.029596669224155, 
        "upper" :	1.4276225291407272, 
        "area" :	0.8814395443886355, 
        "freq" :	0.9104752626807779, 
        "final" :	1.4380281646711792, 
        "resonant" :	906500000.0, 
        "dir" :	"C:\\Users\\project\\0. My Work\\1. Repositories\\1. Very Unfriendly Train\\Data\\Simulations\\637073364910614272_Primary\\637073369376393216_3\\3.out", 
        "866000000.0" :	{
            "f" :	0.9877930369302816, 
            "g" :	0.48329704081594554
        }, 
        "879500000.0" :	{
            "f" :	0.9721623482965432, 
            "g" :	0.4749066959599904
        }, 
        "893000000.0" :	{
            "f" :	0.792884343512293, 
            "g" :	0.46694951449082134
        }, 
        "906500000.0" :	{
            "f" :	0.034680998775843255, 
            "g" :	0.45952638875508756
        }, 
        "920000000.0" :	{
            "f" :	0.72978525666163, 
            "g" :	0.4527615558094161
        }, 
        "933500000.0" :	{
            "f" :	0.9652609254705546, 
            "g" :	0.44677488219993333
        }, 
        "947000000.0" :	{
            "f" :	0.985555143306809, 
            "g" :	0.44172875346903995
        }, 
        "960500000.0" :	{
            "f" :	0.9903725869417169, 
            "g" :	0.43780439560802326
        }, 
        "974000000.0" :	{
            "f" :	0.9922267759090226, 
            "g" :	0.4351799321875701
        }
    }
}