{
    "geometry" :	{
        "items" :	3, 
        "0" :	"feed", 
        "1" :	"ground plane", 
        "2" :	"radiating plane", 
        "feed" :	{
            "items" :	2, 
            "0" :	"center", 
            "1" :	"width", 
            "center" :	54.416, 
            "width" :	1.632
        }, 
        "ground plane" :	{
            "items" :	5, 
            "0" :	"l", 
            "1" :	"w", 
            "2" :	"x", 
            "3" :	"y", 
            "4" :	"slots", 
            "l" :	85.381, 
            "w" :	105.876, 
            "x" :	-0.338, 
            "y" :	-0.213, 
            "slots" :	{
                "items" :	4, 
                "0" :	"elliptical", 
                "1" :	"rectangular", 
                "2" :	"triangular", 
                "3" :	"polygonal", 
                "elliptical" :	{
                    "items" :	0
                }, 
                "rectangular" :	{
                    "items" :	0
                }, 
                "triangular" :	{
                    "items" :	0
                }, 
                "polygonal" :	{
                    "items" :	0
                }
            }
        }, 
        "radiating plane" :	{
            "items" :	5, 
            "0" :	"l", 
            "1" :	"w", 
            "2" :	"x", 
            "3" :	"y", 
            "4" :	"slots", 
            "l" :	78.008, 
            "w" :	98.084, 
            "x" :	4.433, 
            "y" :	5.225, 
            "slots" :	{
                "items" :	4, 
                "0" :	"elliptical", 
                "1" :	"rectangular", 
                "2" :	"triangular", 
                "3" :	"polygonal", 
                "elliptical" :	{
                    "items" :	0
                }, 
                "rectangular" :	{
                    "items" :	0
                }, 
                "triangular" :	{
                    "items" :	0
                }, 
                "polygonal" :	{
                    "items" :	0
                }
            }
        }, 
        "substrate" :	{
            "items" :	4, 
            "0" :	"l", 
            "1" :	"w", 
            "2" :	"x", 
            "3" :	"h", 
            "l" :	85.381, 
            "w" :	105.876, 
            "h" :	1.6, 
            "x" :	-0.338, 
            "y" :	-0.213, 
            "permitivitty" :	4.4, 
            "loss" :	0.02, 
            "name" :	"FR4"
        }
    }, 
    "fitness" :	{
        "items" :	1, 
        "0" :	"final", 
        "1" :	"freq", 
        "lower" :	1.4109542423466384, 
        "desired" :	0.8984319121582672, 
        "upper" :	1.3600581993203251, 
        "area" :	0.9544373516806784, 
        "freq" :	0.8168363590762675, 
        "final" :	1.4716735780791135, 
        "resonant" :	920000000.0, 
        "dir" :	"C:\\Users\\project\\0. My Work\\1. Repositories\\1. Very Unfriendly Train\\Data\\Simulations\\637073340737287808_Primary\\637073341092982528_7\\7.out", 
        "866000000.0" :	{
            "f" :	0.9918745860554049, 
            "g" :	0.4360753833370352
        }, 
        "879500000.0" :	{
            "f" :	0.9884227287310593, 
            "g" :	0.42591410145402825
        }, 
        "893000000.0" :	{
            "f" :	0.9743093062328072, 
            "g" :	0.4162666212295807
        }, 
        "906500000.0" :	{
            "f" :	0.80035799494238, 
            "g" :	0.407232155411438
        }, 
        "920000000.0" :	{
            "f" :	0.005707028979073612, 
            "g" :	0.39886736860191535
        }, 
        "933500000.0" :	{
            "f" :	0.6918395196515854, 
            "g" :	0.3912916688884093
        }, 
        "947000000.0" :	{
            "f" :	0.9660436562354372, 
            "g" :	0.3845582663116747
        }, 
        "960500000.0" :	{
            "f" :	0.9860926567882555, 
            "g" :	0.37877793305302476
        }, 
        "974000000.0" :	{
            "f" :	0.9906889615922145, 
            "g" :	0.3740131239803688
        }
    }
}