{
    "geometry" :	{
        "items" :	3, 
        "0" :	"feed", 
        "1" :	"ground plane", 
        "2" :	"radiating plane", 
        "feed" :	{
            "items" :	2, 
            "0" :	"center", 
            "1" :	"width", 
            "center" :	54.379, 
            "width" :	1.599
        }, 
        "ground plane" :	{
            "items" :	5, 
            "0" :	"l", 
            "1" :	"w", 
            "2" :	"x", 
            "3" :	"y", 
            "4" :	"slots", 
            "l" :	85.488, 
            "w" :	107.135, 
            "x" :	-0.199, 
            "y" :	-0.203, 
            "slots" :	{
                "items" :	4, 
                "0" :	"elliptical", 
                "1" :	"rectangular", 
                "2" :	"triangular", 
                "3" :	"polygonal", 
                "elliptical" :	{
                    "items" :	0
                }, 
                "rectangular" :	{
                    "items" :	1, 
                    "0" :	{
                        "items" :	4, 
                        "0" :	"x", 
                        "1" :	"y", 
                        "2" :	"l", 
                        "3" :	"w", 
                        "x" :	54.951, 
                        "y" :	29.304, 
                        "z" :	0.0, 
                        "l" :	13.444, 
                        "w" :	13.494, 
                        "type" :	"rectangular", 
                        "id" :	"637073359367560320"
                    }
                }, 
                "triangular" :	{
                    "items" :	0
                }, 
                "polygonal" :	{
                    "items" :	0
                }
            }
        }, 
        "radiating plane" :	{
            "items" :	5, 
            "0" :	"l", 
            "1" :	"w", 
            "2" :	"x", 
            "3" :	"y", 
            "4" :	"slots", 
            "l" :	76.789, 
            "w" :	98.455, 
            "x" :	4.712, 
            "y" :	4.709, 
            "slots" :	{
                "items" :	4, 
                "0" :	"elliptical", 
                "1" :	"rectangular", 
                "2" :	"triangular", 
                "3" :	"polygonal", 
                "elliptical" :	{
                    "items" :	0
                }, 
                "rectangular" :	{
                    "items" :	0
                }, 
                "triangular" :	{
                    "items" :	0
                }, 
                "polygonal" :	{
                    "items" :	0
                }
            }
        }, 
        "substrate" :	{
            "items" :	4, 
            "0" :	"l", 
            "1" :	"w", 
            "2" :	"x", 
            "3" :	"h", 
            "l" :	85.488, 
            "w" :	107.135, 
            "h" :	1.6, 
            "x" :	-0.199, 
            "y" :	-0.203, 
            "permitivitty" :	4.4, 
            "loss" :	0.02, 
            "name" :	"FR4"
        }
    }, 
    "fitness" :	{
        "items" :	1, 
        "0" :	"final", 
        "1" :	"freq", 
        "lower" :	1.3935055321976086, 
        "desired" :	0.8738591434670595, 
        "upper" :	1.3357537857172845, 
        "area" :	0.9669971530541441, 
        "freq" :	0.7969370599496026, 
        "final" :	1.4665694626451617, 
        "resonant" :	920000000.0, 
        "dir" :	"C:\\Users\\project\\0. My Work\\1. Repositories\\1. Very Unfriendly Train\\Data\\Simulations\\637073340737287808_Primary\\637073359367580288_3\\3.out", 
        "866000000.0" :	{
            "f" :	0.9914479887479257, 
            "g" :	0.4220609587322219
        }, 
        "879500000.0" :	{
            "f" :	0.9874226427057322, 
            "g" :	0.4102675688777991
        }, 
        "893000000.0" :	{
            "f" :	0.970315607946413, 
            "g" :	0.39900182958273384
        }, 
        "906500000.0" :	{
            "f" :	0.7561709297255949, 
            "g" :	0.3883872590029947
        }, 
        "920000000.0" :	{
            "f" :	0.012975908526660671, 
            "g" :	0.37853559430729694
        }, 
        "933500000.0" :	{
            "f" :	0.7159106702066436, 
            "g" :	0.3695970686319878
        }, 
        "947000000.0" :	{
            "f" :	0.9649984224531524, 
            "g" :	0.36170893162892054
        }, 
        "960500000.0" :	{
            "f" :	0.9855370996881802, 
            "g" :	0.3550018417214266
        }, 
        "974000000.0" :	{
            "f" :	0.9903764000841123, 
            "g" :	0.3496386615760615
        }
    }
}