{
    "geometry" :	{
        "items" :	3, 
        "0" :	"feed", 
        "1" :	"ground plane", 
        "2" :	"radiating plane", 
        "feed" :	{
            "items" :	2, 
            "0" :	"center", 
            "1" :	"width", 
            "center" :	54.17, 
            "width" :	1.547
        }, 
        "ground plane" :	{
            "items" :	5, 
            "0" :	"l", 
            "1" :	"w", 
            "2" :	"x", 
            "3" :	"y", 
            "4" :	"slots", 
            "l" :	84.995, 
            "w" :	103.867, 
            "x" :	-0.531, 
            "y" :	-1.012, 
            "slots" :	{
                "items" :	4, 
                "0" :	"elliptical", 
                "1" :	"rectangular", 
                "2" :	"triangular", 
                "3" :	"polygonal", 
                "elliptical" :	{
                    "items" :	0
                }, 
                "rectangular" :	{
                    "items" :	2, 
                    "0" :	{
                        "items" :	4, 
                        "0" :	"x", 
                        "1" :	"y", 
                        "2" :	"l", 
                        "3" :	"w", 
                        "x" :	15.276, 
                        "y" :	-1.858, 
                        "z" :	0.0, 
                        "l" :	22.972, 
                        "w" :	6.475, 
                        "type" :	"rectangular", 
                        "id" :	"637073365258125696"
                    }, 
                    "1" :	{
                        "items" :	4, 
                        "0" :	"x", 
                        "1" :	"y", 
                        "2" :	"l", 
                        "3" :	"w", 
                        "x" :	57.593, 
                        "y" :	104.506, 
                        "z" :	0.0, 
                        "l" :	11.231, 
                        "w" :	19.234, 
                        "type" :	"rectangular", 
                        "id" :	"637073369376184064"
                    }
                }, 
                "triangular" :	{
                    "items" :	0
                }, 
                "polygonal" :	{
                    "items" :	0
                }
            }
        }, 
        "radiating plane" :	{
            "items" :	5, 
            "0" :	"l", 
            "1" :	"w", 
            "2" :	"x", 
            "3" :	"y", 
            "4" :	"slots", 
            "l" :	76.933, 
            "w" :	96.355, 
            "x" :	3.858, 
            "y" :	3.863, 
            "slots" :	{
                "items" :	4, 
                "0" :	"elliptical", 
                "1" :	"rectangular", 
                "2" :	"triangular", 
                "3" :	"polygonal", 
                "elliptical" :	{
                    "items" :	0
                }, 
                "rectangular" :	{
                    "items" :	0
                }, 
                "triangular" :	{
                    "items" :	0
                }, 
                "polygonal" :	{
                    "items" :	0
                }
            }
        }, 
        "substrate" :	{
            "items" :	4, 
            "0" :	"l", 
            "1" :	"w", 
            "2" :	"x", 
            "3" :	"h", 
            "l" :	84.995, 
            "w" :	103.867, 
            "h" :	1.6, 
            "x" :	-0.531, 
            "y" :	-1.012, 
            "permitivitty" :	4.4, 
            "loss" :	0.02, 
            "name" :	"FR4"
        }
    }, 
    "fitness" :	{
        "items" :	1, 
        "0" :	"final", 
        "1" :	"freq", 
        "lower" :	1.3804064942703764, 
        "desired" :	0.8127623354202225, 
        "upper" :	1.2592438369375716, 
        "area" :	0.9320938252394003, 
        "freq" :	0.7492303786540163, 
        "final" :	1.3565039418205447, 
        "resonant" :	933500000.0, 
        "dir" :	"C:\\Users\\project\\0. My Work\\1. Repositories\\1. Very Unfriendly Train\\Data\\Simulations\\637073364910614272_Primary\\637073369376393216_1\\1.out", 
        "866000000.0" :	{
            "f" :	0.9928048957333064, 
            "g" :	0.40428087039038096
        }, 
        "879500000.0" :	{
            "f" :	0.9909532937953692, 
            "g" :	0.390532166456332
        }, 
        "893000000.0" :	{
            "f" :	0.985585482434479, 
            "g" :	0.3770627740012614
        }, 
        "906500000.0" :	{
            "f" :	0.9565282906934578, 
            "g" :	0.36398783189027173
        }, 
        "920000000.0" :	{
            "f" :	0.4162791831528762, 
            "g" :	0.3513801112910586
        }, 
        "933500000.0" :	{
            "f" :	0.010755403555845214, 
            "g" :	0.33935618567715786
        }, 
        "947000000.0" :	{
            "f" :	0.8617934913504681, 
            "g" :	0.32798689555178584
        }, 
        "960500000.0" :	{
            "f" :	0.9752258101912856, 
            "g" :	0.31738408279183283
        }, 
        "974000000.0" :	{
            "f" :	0.987708342410482, 
            "g" :	0.3076328885168603
        }
    }
}