{
    "geometry" :	{
        "items" :	3, 
        "0" :	"feed", 
        "1" :	"ground plane", 
        "2" :	"radiating plane", 
        "feed" :	{
            "items" :	2, 
            "0" :	"center", 
            "1" :	"width", 
            "center" :	54.783, 
            "width" :	1.607
        }, 
        "ground plane" :	{
            "items" :	5, 
            "0" :	"l", 
            "1" :	"w", 
            "2" :	"x", 
            "3" :	"y", 
            "4" :	"slots", 
            "l" :	84.993, 
            "w" :	107.524, 
            "x" :	-0.125, 
            "y" :	-0.193, 
            "slots" :	{
                "items" :	4, 
                "0" :	"elliptical", 
                "1" :	"rectangular", 
                "2" :	"triangular", 
                "3" :	"polygonal", 
                "elliptical" :	{
                    "items" :	0
                }, 
                "rectangular" :	{
                    "items" :	0
                }, 
                "triangular" :	{
                    "items" :	1, 
                    "0" :	{
                        "items" :	3, 
                        "0" :	{
                            "items" :	2, 
                            "0" :	"x", 
                            "1" :	"y", 
                            "x" :	75.589, 
                            "y" :	41.31, 
                            "z" :	0.0
                        }, 
                        "1" :	{
                            "items" :	2, 
                            "0" :	"x", 
                            "1" :	"y", 
                            "x" :	78.29, 
                            "y" :	42.146, 
                            "z" :	0.0
                        }, 
                        "2" :	{
                            "items" :	2, 
                            "0" :	"x", 
                            "1" :	"y", 
                            "x" :	78.532, 
                            "y" :	44.141, 
                            "z" :	0.0
                        }, 
                        "type" :	"triangular", 
                        "id" :	"637073347692390528"
                    }
                }, 
                "polygonal" :	{
                    "items" :	0
                }
            }
        }, 
        "radiating plane" :	{
            "items" :	5, 
            "0" :	"l", 
            "1" :	"w", 
            "2" :	"x", 
            "3" :	"y", 
            "4" :	"slots", 
            "l" :	77.046, 
            "w" :	99.265, 
            "x" :	5.137, 
            "y" :	5.017, 
            "slots" :	{
                "items" :	4, 
                "0" :	"elliptical", 
                "1" :	"rectangular", 
                "2" :	"triangular", 
                "3" :	"polygonal", 
                "elliptical" :	{
                    "items" :	0
                }, 
                "rectangular" :	{
                    "items" :	0
                }, 
                "triangular" :	{
                    "items" :	0
                }, 
                "polygonal" :	{
                    "items" :	0
                }
            }
        }, 
        "substrate" :	{
            "items" :	4, 
            "0" :	"l", 
            "1" :	"w", 
            "2" :	"x", 
            "3" :	"h", 
            "l" :	84.993, 
            "w" :	107.524, 
            "h" :	1.6, 
            "x" :	-0.125, 
            "y" :	-0.193, 
            "permitivitty" :	4.4, 
            "loss" :	0.02, 
            "name" :	"FR4"
        }
    }, 
    "fitness" :	{
        "items" :	1, 
        "0" :	"final", 
        "1" :	"freq", 
        "lower" :	1.4052292677067892, 
        "desired" :	0.9240025682609107, 
        "upper" :	1.283697137042539, 
        "area" :	0.9648887341587865, 
        "freq" :	0.8304311423898415, 
        "final" :	1.5036767447045136, 
        "resonant" :	933500000.0, 
        "dir" :	"C:\\Users\\project\\0. My Work\\1. Repositories\\1. Very Unfriendly Train\\Data\\Simulations\\637073340737287808_Primary\\637073347692390528_8\\8.out", 
        "866000000.0" :	{
            "f" :	0.9930289918208587, 
            "g" :	0.4256536965347538
        }, 
        "879500000.0" :	{
            "f" :	0.9914558987352259, 
            "g" :	0.41449538086011656
        }, 
        "893000000.0" :	{
            "f" :	0.9871802622797329, 
            "g" :	0.4038735728896802
        }, 
        "906500000.0" :	{
            "f" :	0.9672007365029497, 
            "g" :	0.3938569190153276
        }, 
        "920000000.0" :	{
            "f" :	0.6461747124614978, 
            "g" :	0.38454483112449656
        }, 
        "933500000.0" :	{
            "f" :	0.004206397900902643, 
            "g" :	0.3760241077775577
        }, 
        "947000000.0" :	{
            "f" :	0.8054429074354457, 
            "g" :	0.36840617873770004
        }, 
        "960500000.0" :	{
            "f" :	0.9720792356858895, 
            "g" :	0.3617715296093892
        }, 
        "974000000.0" :	{
            "f" :	0.9871802622797329, 
            "g" :	0.35621129737945956
        }
    }
}