{
    "geometry" :	{
        "items" :	3, 
        "0" :	"feed", 
        "1" :	"ground plane", 
        "2" :	"radiating plane", 
        "feed" :	{
            "items" :	2, 
            "0" :	"center", 
            "1" :	"width", 
            "center" :	55.722, 
            "width" :	1.592
        }, 
        "ground plane" :	{
            "items" :	5, 
            "0" :	"l", 
            "1" :	"w", 
            "2" :	"x", 
            "3" :	"y", 
            "4" :	"slots", 
            "l" :	81.01, 
            "w" :	88.837, 
            "x" :	-1.298, 
            "y" :	-1.986, 
            "slots" :	{
                "items" :	4, 
                "0" :	"elliptical", 
                "1" :	"rectangular", 
                "2" :	"triangular", 
                "3" :	"polygonal", 
                "elliptical" :	{
                    "items" :	0
                }, 
                "rectangular" :	{
                    "items" :	2, 
                    "0" :	{
                        "items" :	4, 
                        "0" :	"x", 
                        "1" :	"y", 
                        "2" :	"l", 
                        "3" :	"w", 
                        "x" :	75.24, 
                        "y" :	9.022, 
                        "z" :	0.0, 
                        "l" :	2.359, 
                        "w" :	18.863, 
                        "type" :	"rectangular", 
                        "id" :	"637073381220834944"
                    }, 
                    "1" :	{
                        "items" :	4, 
                        "0" :	"x", 
                        "1" :	"y", 
                        "2" :	"l", 
                        "3" :	"w", 
                        "x" :	73.651, 
                        "y" :	61.048, 
                        "z" :	0.0, 
                        "l" :	22.815, 
                        "w" :	3.886, 
                        "type" :	"rectangular", 
                        "id" :	"637073386951325440"
                    }
                }, 
                "triangular" :	{
                    "items" :	1, 
                    "0" :	{
                        "items" :	3, 
                        "0" :	{
                            "items" :	2, 
                            "0" :	"x", 
                            "1" :	"y", 
                            "x" :	6.829, 
                            "y" :	18.837, 
                            "z" :	0.0
                        }, 
                        "1" :	{
                            "items" :	2, 
                            "0" :	"x", 
                            "1" :	"y", 
                            "x" :	4.927, 
                            "y" :	33.178, 
                            "z" :	0.0
                        }, 
                        "2" :	{
                            "items" :	2, 
                            "0" :	"x", 
                            "1" :	"y", 
                            "x" :	10.684, 
                            "y" :	18.941, 
                            "z" :	0.0
                        }, 
                        "type" :	"triangular", 
                        "id" :	"637073393613884160"
                    }
                }, 
                "polygonal" :	{
                    "items" :	0
                }
            }
        }, 
        "radiating plane" :	{
            "items" :	5, 
            "0" :	"l", 
            "1" :	"w", 
            "2" :	"x", 
            "3" :	"y", 
            "4" :	"slots", 
            "l" :	75.549, 
            "w" :	89.688, 
            "x" :	4.113, 
            "y" :	5.164, 
            "slots" :	{
                "items" :	4, 
                "0" :	"elliptical", 
                "1" :	"rectangular", 
                "2" :	"triangular", 
                "3" :	"polygonal", 
                "elliptical" :	{
                    "items" :	0
                }, 
                "rectangular" :	{
                    "items" :	2, 
                    "0" :	{
                        "items" :	4, 
                        "0" :	"x", 
                        "1" :	"y", 
                        "2" :	"l", 
                        "3" :	"w", 
                        "x" :	16.136, 
                        "y" :	43.882, 
                        "z" :	1.6, 
                        "l" :	2.527, 
                        "w" :	2.368, 
                        "type" :	"rectangular", 
                        "id" :	"637073373190698496"
                    }, 
                    "1" :	{
                        "items" :	4, 
                        "0" :	"x", 
                        "1" :	"y", 
                        "2" :	"l", 
                        "3" :	"w", 
                        "x" :	0.324, 
                        "y" :	63.286, 
                        "z" :	1.6, 
                        "l" :	1.424, 
                        "w" :	2.38, 
                        "type" :	"rectangular", 
                        "id" :	"637073393613904128"
                    }
                }, 
                "triangular" :	{
                    "items" :	0
                }, 
                "polygonal" :	{
                    "items" :	0
                }
            }
        }, 
        "substrate" :	{
            "items" :	4, 
            "0" :	"l", 
            "1" :	"w", 
            "2" :	"x", 
            "3" :	"h", 
            "l" :	81.01, 
            "w" :	96.888, 
            "h" :	1.6, 
            "x" :	-1.298, 
            "y" :	-1.986, 
            "permitivitty" :	4.4, 
            "loss" :	0.02, 
            "name" :	"FR4"
        }
    }, 
    "fitness" :	{
        "items" :	1, 
        "0" :	"final", 
        "1" :	"freq", 
        "lower" :	1.5126179962541295, 
        "desired" :	1.3254753931083814, 
        "upper" :	1.0564903084463177, 
        "area" :	0.828699902947479, 
        "freq" :	1.109229820279784, 
        "final" :	1.5033295478245292, 
        "resonant" :	947000000.0, 
        "dir" :	"C:\\Users\\project\\0. My Work\\1. Repositories\\1. Very Unfriendly Train\\Data\\Simulations\\637073364910614272_Primary\\637073393614043776_5\\5.out", 
        "866000000.0" :	{
            "f" :	0.9635494290790274, 
            "g" :	0.5676384564199153
        }, 
        "879500000.0" :	{
            "f" :	0.9878555795048602, 
            "g" :	0.5376118745827126
        }, 
        "893000000.0" :	{
            "f" :	0.988697151936811, 
            "g" :	0.49250149723906234
        }, 
        "906500000.0" :	{
            "f" :	0.9837135296019347, 
            "g" :	0.4701981059354353
        }, 
        "920000000.0" :	{
            "f" :	0.9579391414482281, 
            "g" :	0.45910069393109315
        }, 
        "933500000.0" :	{
            "f" :	0.6526859502484664, 
            "g" :	0.45278875815998654
        }, 
        "947000000.0" :	{
            "f" :	0.07161114177732619, 
            "g" :	0.4487220442321497
        }, 
        "960500000.0" :	{
            "f" :	0.7928514978361404, 
            "g" :	0.4460051319224528
        }, 
        "974000000.0" :	{
            "f" :	0.965967031888397, 
            "g" :	0.4443140776824872
        }
    }
}