{
    "geometry" :	{
        "items" :	3, 
        "0" :	"feed", 
        "1" :	"ground plane", 
        "2" :	"radiating plane", 
        "feed" :	{
            "items" :	2, 
            "0" :	"center", 
            "1" :	"width", 
            "center" :	54.134, 
            "width" :	1.621
        }, 
        "ground plane" :	{
            "items" :	5, 
            "0" :	"l", 
            "1" :	"w", 
            "2" :	"x", 
            "3" :	"y", 
            "4" :	"slots", 
            "l" :	85.3, 
            "w" :	108.012, 
            "x" :	-0.121, 
            "y" :	-0.17, 
            "slots" :	{
                "items" :	4, 
                "0" :	"elliptical", 
                "1" :	"rectangular", 
                "2" :	"triangular", 
                "3" :	"polygonal", 
                "elliptical" :	{
                    "items" :	0
                }, 
                "rectangular" :	{
                    "items" :	0
                }, 
                "triangular" :	{
                    "items" :	0
                }, 
                "polygonal" :	{
                    "items" :	0
                }
            }
        }, 
        "radiating plane" :	{
            "items" :	5, 
            "0" :	"l", 
            "1" :	"w", 
            "2" :	"x", 
            "3" :	"y", 
            "4" :	"slots", 
            "l" :	76.668, 
            "w" :	99.137, 
            "x" :	4.247, 
            "y" :	4.942, 
            "slots" :	{
                "items" :	4, 
                "0" :	"elliptical", 
                "1" :	"rectangular", 
                "2" :	"triangular", 
                "3" :	"polygonal", 
                "elliptical" :	{
                    "items" :	0
                }, 
                "rectangular" :	{
                    "items" :	0
                }, 
                "triangular" :	{
                    "items" :	0
                }, 
                "polygonal" :	{
                    "items" :	0
                }
            }
        }, 
        "substrate" :	{
            "items" :	4, 
            "0" :	"l", 
            "1" :	"w", 
            "2" :	"x", 
            "3" :	"h", 
            "l" :	85.3, 
            "w" :	108.012, 
            "h" :	1.6, 
            "x" :	-0.121, 
            "y" :	-0.17, 
            "permitivitty" :	4.4, 
            "loss" :	0.02, 
            "name" :	"FR4"
        }
    }, 
    "fitness" :	{
        "items" :	1, 
        "0" :	"final", 
        "1" :	"freq", 
        "lower" :	1.3988216043806503, 
        "desired" :	0.9660107958820409, 
        "upper" :	1.2221398325003483, 
        "area" :	0.9727689584748387, 
        "freq" :	0.8562143851148012, 
        "final" :	1.546139721977604, 
        "resonant" :	933500000.0, 
        "dir" :	"C:\\Users\\project\\0. My Work\\1. Repositories\\1. Very Unfriendly Train\\Data\\Simulations\\637073340737287808_Primary\\637073347692390528_7\\7.out", 
        "866000000.0" :	{
            "f" :	0.9932179227622612, 
            "g" :	0.4196785099249943
        }, 
        "879500000.0" :	{
            "f" :	0.9918772720788487, 
            "g" :	0.4074735012207226
        }, 
        "893000000.0" :	{
            "f" :	0.98845016033351, 
            "g" :	0.3957674468216138
        }, 
        "906500000.0" :	{
            "f" :	0.974440805698013, 
            "g" :	0.3846445138445503
        }, 
        "920000000.0" :	{
            "f" :	0.7981867777396212, 
            "g" :	0.3742343600532509
        }, 
        "933500000.0" :	{
            "f" :	0.0019040491462903497, 
            "g" :	0.36462188116439664
        }, 
        "947000000.0" :	{
            "f" :	0.6687787410967506, 
            "g" :	0.3559420109878721
        }, 
        "960500000.0" :	{
            "f" :	0.9655858323252056, 
            "g" :	0.34828554087160124
        }, 
        "974000000.0" :	{
            "f" :	0.986084426030546, 
            "g" :	0.3417429461890698
        }
    }
}