{
    "geometry" :	{
        "items" :	3, 
        "0" :	"feed", 
        "1" :	"ground plane", 
        "2" :	"radiating plane", 
        "feed" :	{
            "items" :	2, 
            "0" :	"center", 
            "1" :	"width", 
            "center" :	55.04, 
            "width" :	1.621
        }, 
        "ground plane" :	{
            "items" :	5, 
            "0" :	"l", 
            "1" :	"w", 
            "2" :	"x", 
            "3" :	"y", 
            "4" :	"slots", 
            "l" :	81.154, 
            "w" :	105.45, 
            "x" :	-0.405, 
            "y" :	-1.208, 
            "slots" :	{
                "items" :	4, 
                "0" :	"elliptical", 
                "1" :	"rectangular", 
                "2" :	"triangular", 
                "3" :	"polygonal", 
                "elliptical" :	{
                    "items" :	0
                }, 
                "rectangular" :	{
                    "items" :	1, 
                    "0" :	{
                        "items" :	4, 
                        "0" :	"x", 
                        "1" :	"y", 
                        "2" :	"l", 
                        "3" :	"w", 
                        "x" :	36.749, 
                        "y" :	20.432, 
                        "z" :	0.0, 
                        "l" :	17.826, 
                        "w" :	4.743, 
                        "type" :	"rectangular", 
                        "id" :	"637073369376303744"
                    }
                }, 
                "triangular" :	{
                    "items" :	0
                }, 
                "polygonal" :	{
                    "items" :	0
                }
            }
        }, 
        "radiating plane" :	{
            "items" :	5, 
            "0" :	"l", 
            "1" :	"w", 
            "2" :	"x", 
            "3" :	"y", 
            "4" :	"slots", 
            "l" :	76.211, 
            "w" :	96.146, 
            "x" :	4.488, 
            "y" :	4.052, 
            "slots" :	{
                "items" :	4, 
                "0" :	"elliptical", 
                "1" :	"rectangular", 
                "2" :	"triangular", 
                "3" :	"polygonal", 
                "elliptical" :	{
                    "items" :	0
                }, 
                "rectangular" :	{
                    "items" :	1, 
                    "0" :	{
                        "items" :	4, 
                        "0" :	"x", 
                        "1" :	"y", 
                        "2" :	"l", 
                        "3" :	"w", 
                        "x" :	59.134, 
                        "y" :	48.145, 
                        "z" :	1.6, 
                        "l" :	2.975, 
                        "w" :	2.57, 
                        "type" :	"rectangular", 
                        "id" :	"637073369376313344"
                    }
                }, 
                "triangular" :	{
                    "items" :	0
                }, 
                "polygonal" :	{
                    "items" :	0
                }
            }
        }, 
        "substrate" :	{
            "items" :	4, 
            "0" :	"l", 
            "1" :	"w", 
            "2" :	"x", 
            "3" :	"h", 
            "l" :	81.154, 
            "w" :	105.45, 
            "h" :	1.6, 
            "x" :	-0.405, 
            "y" :	-1.208, 
            "permitivitty" :	4.4, 
            "loss" :	0.02, 
            "name" :	"FR4"
        }
    }, 
    "fitness" :	{
        "items" :	1, 
        "0" :	"final", 
        "1" :	"freq", 
        "lower" :	1.487678511153711, 
        "desired" :	1.139534305852661, 
        "upper" :	1.2288531705595211, 
        "area" :	0.9035354140574055, 
        "freq" :	0.9855693460729041, 
        "final" :	1.57141565707211, 
        "resonant" :	933500000.0, 
        "dir" :	"C:\\Users\\project\\0. My Work\\1. Repositories\\1. Very Unfriendly Train\\Data\\Simulations\\637073364910614272_Primary\\637073369376393216_6\\6.out", 
        "866000000.0" :	{
            "f" :	0.9933820740245318, 
            "g" :	0.501665931435285
        }, 
        "879500000.0" :	{
            "f" :	0.9922621745803629, 
            "g" :	0.49576055409790765
        }, 
        "893000000.0" :	{
            "f" :	0.9896284867214625, 
            "g" :	0.4903363126015823
        }, 
        "906500000.0" :	{
            "f" :	0.9806615742826381, 
            "g" :	0.4854806701774625
        }, 
        "920000000.0" :	{
            "f" :	0.9107423848267878, 
            "g" :	0.4812695512318306
        }, 
        "933500000.0" :	{
            "f" :	0.08267079608033112, 
            "g" :	0.47777794095893306
        }, 
        "947000000.0" :	{
            "f" :	0.3402904824979177, 
            "g" :	0.4750829942251562
        }, 
        "960500000.0" :	{
            "f" :	0.9430350168295842, 
            "g" :	0.47327453752934706
        }, 
        "974000000.0" :	{
            "f" :	0.9824512269797171, 
            "g" :	0.472425253616841
        }
    }
}