{
    "geometry" :	{
        "items" :	3, 
        "0" :	"feed", 
        "1" :	"ground plane", 
        "2" :	"radiating plane", 
        "feed" :	{
            "items" :	2, 
            "0" :	"center", 
            "1" :	"width", 
            "center" :	54.663, 
            "width" :	1.588
        }, 
        "ground plane" :	{
            "items" :	5, 
            "0" :	"l", 
            "1" :	"w", 
            "2" :	"x", 
            "3" :	"y", 
            "4" :	"slots", 
            "l" :	88.994, 
            "w" :	99.361, 
            "x" :	-0.655, 
            "y" :	-0.576, 
            "slots" :	{
                "items" :	4, 
                "0" :	"elliptical", 
                "1" :	"rectangular", 
                "2" :	"triangular", 
                "3" :	"polygonal", 
                "elliptical" :	{
                    "items" :	0
                }, 
                "rectangular" :	{
                    "items" :	0
                }, 
                "triangular" :	{
                    "items" :	1, 
                    "0" :	{
                        "items" :	3, 
                        "0" :	{
                            "items" :	2, 
                            "0" :	"x", 
                            "1" :	"y", 
                            "x" :	3.446, 
                            "y" :	7.355, 
                            "z" :	0.0
                        }, 
                        "1" :	{
                            "items" :	2, 
                            "0" :	"x", 
                            "1" :	"y", 
                            "x" :	9.842, 
                            "y" :	-11.098, 
                            "z" :	0.0
                        }, 
                        "2" :	{
                            "items" :	2, 
                            "0" :	"x", 
                            "1" :	"y", 
                            "x" :	15.895, 
                            "y" :	2.77, 
                            "z" :	0.0
                        }, 
                        "type" :	"triangular", 
                        "id" :	"637073412471294592"
                    }
                }, 
                "polygonal" :	{
                    "items" :	0
                }
            }
        }, 
        "radiating plane" :	{
            "items" :	5, 
            "0" :	"l", 
            "1" :	"w", 
            "2" :	"x", 
            "3" :	"y", 
            "4" :	"slots", 
            "l" :	76.768, 
            "w" :	95.444, 
            "x" :	5.277, 
            "y" :	4.642, 
            "slots" :	{
                "items" :	4, 
                "0" :	"elliptical", 
                "1" :	"rectangular", 
                "2" :	"triangular", 
                "3" :	"polygonal", 
                "elliptical" :	{
                    "items" :	0
                }, 
                "rectangular" :	{
                    "items" :	0
                }, 
                "triangular" :	{
                    "items" :	0
                }, 
                "polygonal" :	{
                    "items" :	0
                }
            }
        }, 
        "substrate" :	{
            "items" :	4, 
            "0" :	"l", 
            "1" :	"w", 
            "2" :	"x", 
            "3" :	"h", 
            "l" :	88.994, 
            "w" :	100.71199999999999, 
            "h" :	1.6, 
            "x" :	-0.655, 
            "y" :	-0.576, 
            "permitivitty" :	4.4, 
            "loss" :	0.02, 
            "name" :	"FR4"
        }
    }, 
    "fitness" :	{
        "items" :	1, 
        "0" :	"final", 
        "1" :	"freq", 
        "lower" :	1.3059208845700447, 
        "desired" :	0.7052279667143742, 
        "upper" :	1.1967945979909418, 
        "area" :	0.9463038621976115, 
        "freq" :	0.6645025817880628, 
        "final" :	1.2793880781531568, 
        "resonant" :	935000000.0, 
        "dir" :	"C:\\Users\\project\\0. My Work\\1. Repositories\\1. Very Unfriendly Train\\Data\\Simulations\\637073406086594944_Primary\\637073412471464192_3\\3.out", 
        "890000000.0" :	{
            "f" :	0.9865477674813432, 
            "g" :	0.31937311708870164
        }, 
        "905000000.0" :	{
            "f" :	0.9555561387182495, 
            "g" :	0.3022177208752604
        }, 
        "920000000.0" :	{
            "f" :	0.20951246250890454, 
            "g" :	0.28621674989937185
        }, 
        "935000000.0" :	{
            "f" :	0.09065473625085482, 
            "g" :	0.27152609189048144
        }, 
        "950000000.0" :	{
            "f" :	0.9385704348134066, 
            "g" :	0.25822416317753516
        }
    }
}