{
    "geometry" :	{
        "items" :	3, 
        "0" :	"feed", 
        "1" :	"ground plane", 
        "2" :	"radiating plane", 
        "feed" :	{
            "items" :	2, 
            "0" :	"center", 
            "1" :	"width", 
            "center" :	54.222, 
            "width" :	1.612
        }, 
        "ground plane" :	{
            "items" :	5, 
            "0" :	"l", 
            "1" :	"w", 
            "2" :	"x", 
            "3" :	"y", 
            "4" :	"slots", 
            "l" :	84.619, 
            "w" :	106.626, 
            "x" :	-0.242, 
            "y" :	-0.312, 
            "slots" :	{
                "items" :	4, 
                "0" :	"elliptical", 
                "1" :	"rectangular", 
                "2" :	"triangular", 
                "3" :	"polygonal", 
                "elliptical" :	{
                    "items" :	0
                }, 
                "rectangular" :	{
                    "items" :	0
                }, 
                "triangular" :	{
                    "items" :	1, 
                    "0" :	{
                        "items" :	3, 
                        "0" :	{
                            "items" :	2, 
                            "0" :	"x", 
                            "1" :	"y", 
                            "x" :	53.217, 
                            "y" :	75.265, 
                            "z" :	0.0
                        }, 
                        "1" :	{
                            "items" :	2, 
                            "0" :	"x", 
                            "1" :	"y", 
                            "x" :	67.538, 
                            "y" :	71.306, 
                            "z" :	0.0
                        }, 
                        "2" :	{
                            "items" :	2, 
                            "0" :	"x", 
                            "1" :	"y", 
                            "x" :	55.872, 
                            "y" :	81.282, 
                            "z" :	0.0
                        }, 
                        "type" :	"triangular", 
                        "id" :	"637073365258065792"
                    }
                }, 
                "polygonal" :	{
                    "items" :	0
                }
            }
        }, 
        "radiating plane" :	{
            "items" :	5, 
            "0" :	"l", 
            "1" :	"w", 
            "2" :	"x", 
            "3" :	"y", 
            "4" :	"slots", 
            "l" :	78.496, 
            "w" :	98.543, 
            "x" :	3.98, 
            "y" :	3.71, 
            "slots" :	{
                "items" :	4, 
                "0" :	"elliptical", 
                "1" :	"rectangular", 
                "2" :	"triangular", 
                "3" :	"polygonal", 
                "elliptical" :	{
                    "items" :	0
                }, 
                "rectangular" :	{
                    "items" :	0
                }, 
                "triangular" :	{
                    "items" :	0
                }, 
                "polygonal" :	{
                    "items" :	0
                }
            }
        }, 
        "substrate" :	{
            "items" :	4, 
            "0" :	"l", 
            "1" :	"w", 
            "2" :	"x", 
            "3" :	"h", 
            "l" :	84.619, 
            "w" :	106.626, 
            "h" :	1.6, 
            "x" :	-0.242, 
            "y" :	-0.312, 
            "permitivitty" :	4.4, 
            "loss" :	0.02, 
            "name" :	"FR4"
        }
    }, 
    "fitness" :	{
        "items" :	1, 
        "0" :	"final", 
        "1" :	"freq", 
        "lower" :	1.4171995960657775, 
        "desired" :	0.9262786514229876, 
        "upper" :	1.4203943973747426, 
        "area" :	0.9526199461564503, 
        "freq" :	0.8398767415304195, 
        "final" :	1.4961494376797555, 
        "resonant" :	906500000.0, 
        "dir" :	"C:\\Users\\project\\0. My Work\\1. Repositories\\1. Very Unfriendly Train\\Data\\Simulations\\637073364910614272_Primary\\637073365258235136_2\\2.out", 
        "866000000.0" :	{
            "f" :	0.9897894087905558, 
            "g" :	0.4679898886555999
        }, 
        "879500000.0" :	{
            "f" :	0.9805906464700993, 
            "g" :	0.4604172422818253
        }, 
        "893000000.0" :	{
            "f" :	0.8993418715252518, 
            "g" :	0.4534697304740008
        }, 
        "906500000.0" :	{
            "f" :	0.032270472076986675, 
            "g" :	0.4472093682255392
        }, 
        "920000000.0" :	{
            "f" :	0.4647087813494353, 
            "g" :	0.4417518011489016
        }, 
        "933500000.0" :	{
            "f" :	0.9557398064760171, 
            "g" :	0.4371557249920828
        }, 
        "947000000.0" :	{
            "f" :	0.9846605144372141, 
            "g" :	0.43351567510950645
        }, 
        "960500000.0" :	{
            "f" :	0.9902883182540623, 
            "g" :	0.43094030478395173
        }, 
        "974000000.0" :	{
            "f" :	0.9922846640810946, 
            "g" :	0.4294937154583983
        }
    }
}