{
    "geometry" :	{
        "items" :	3, 
        "0" :	"feed", 
        "1" :	"ground plane", 
        "2" :	"radiating plane", 
        "feed" :	{
            "items" :	2, 
            "0" :	"center", 
            "1" :	"width", 
            "center" :	55.191, 
            "width" :	1.658
        }, 
        "ground plane" :	{
            "items" :	5, 
            "0" :	"l", 
            "1" :	"w", 
            "2" :	"x", 
            "3" :	"y", 
            "4" :	"slots", 
            "l" :	81.287, 
            "w" :	86.806, 
            "x" :	-2.028, 
            "y" :	-1.608, 
            "slots" :	{
                "items" :	4, 
                "0" :	"elliptical", 
                "1" :	"rectangular", 
                "2" :	"triangular", 
                "3" :	"polygonal", 
                "elliptical" :	{
                    "items" :	0
                }, 
                "rectangular" :	{
                    "items" :	3, 
                    "0" :	{
                        "items" :	4, 
                        "0" :	"x", 
                        "1" :	"y", 
                        "2" :	"l", 
                        "3" :	"w", 
                        "x" :	65.267, 
                        "y" :	10.82, 
                        "z" :	0.0, 
                        "l" :	9.608, 
                        "w" :	36.509, 
                        "type" :	"rectangular", 
                        "id" :	"637073381220834944"
                    }, 
                    "1" :	{
                        "items" :	4, 
                        "0" :	"x", 
                        "1" :	"y", 
                        "2" :	"l", 
                        "3" :	"w", 
                        "x" :	75.54, 
                        "y" :	62.782, 
                        "z" :	0.0, 
                        "l" :	21.828, 
                        "w" :	0.889, 
                        "type" :	"rectangular", 
                        "id" :	"637073386951325440"
                    }, 
                    "2" :	{
                        "items" :	4, 
                        "0" :	"x", 
                        "1" :	"y", 
                        "2" :	"l", 
                        "3" :	"w", 
                        "x" :	24.561, 
                        "y" :	79.898, 
                        "z" :	0.0, 
                        "l" :	3.529, 
                        "w" :	19.413, 
                        "type" :	"rectangular", 
                        "id" :	"637073393613754496"
                    }
                }, 
                "triangular" :	{
                    "items" :	0
                }, 
                "polygonal" :	{
                    "items" :	0
                }
            }
        }, 
        "radiating plane" :	{
            "items" :	5, 
            "0" :	"l", 
            "1" :	"w", 
            "2" :	"x", 
            "3" :	"y", 
            "4" :	"slots", 
            "l" :	74.572, 
            "w" :	93.343, 
            "x" :	4.637, 
            "y" :	4.429, 
            "slots" :	{
                "items" :	4, 
                "0" :	"elliptical", 
                "1" :	"rectangular", 
                "2" :	"triangular", 
                "3" :	"polygonal", 
                "elliptical" :	{
                    "items" :	0
                }, 
                "rectangular" :	{
                    "items" :	1, 
                    "0" :	{
                        "items" :	4, 
                        "0" :	"x", 
                        "1" :	"y", 
                        "2" :	"l", 
                        "3" :	"w", 
                        "x" :	16.455, 
                        "y" :	45.74, 
                        "z" :	1.6, 
                        "l" :	7.696, 
                        "w" :	0.248, 
                        "type" :	"rectangular", 
                        "id" :	"637073373190698496"
                    }
                }, 
                "triangular" :	{
                    "items" :	2, 
                    "0" :	{
                        "items" :	3, 
                        "0" :	{
                            "items" :	2, 
                            "0" :	"x", 
                            "1" :	"y", 
                            "x" :	63.564, 
                            "y" :	75.206, 
                            "z" :	1.6
                        }, 
                        "1" :	{
                            "items" :	2, 
                            "0" :	"x", 
                            "1" :	"y", 
                            "x" :	61.198, 
                            "y" :	76.21, 
                            "z" :	1.6
                        }, 
                        "2" :	{
                            "items" :	2, 
                            "0" :	"x", 
                            "1" :	"y", 
                            "x" :	60.672, 
                            "y" :	76.427, 
                            "z" :	1.6
                        }, 
                        "type" :	"triangular", 
                        "id" :	"637073386951335424"
                    }, 
                    "1" :	{
                        "items" :	3, 
                        "0" :	{
                            "items" :	2, 
                            "0" :	"x", 
                            "1" :	"y", 
                            "x" :	20.276, 
                            "y" :	74.288, 
                            "z" :	1.6
                        }, 
                        "1" :	{
                            "items" :	2, 
                            "0" :	"x", 
                            "1" :	"y", 
                            "x" :	24.045, 
                            "y" :	72.766, 
                            "z" :	1.6
                        }, 
                        "2" :	{
                            "items" :	2, 
                            "0" :	"x", 
                            "1" :	"y", 
                            "x" :	23.676, 
                            "y" :	76.772, 
                            "z" :	1.6
                        }, 
                        "type" :	"triangular", 
                        "id" :	"637073393613774336"
                    }
                }, 
                "polygonal" :	{
                    "items" :	0
                }
            }
        }, 
        "substrate" :	{
            "items" :	4, 
            "0" :	"l", 
            "1" :	"w", 
            "2" :	"x", 
            "3" :	"h", 
            "l" :	81.287, 
            "w" :	99.43, 
            "h" :	1.6, 
            "x" :	-2.028, 
            "y" :	-1.608, 
            "permitivitty" :	4.4, 
            "loss" :	0.02, 
            "name" :	"FR4"
        }
    }, 
    "fitness" :	{
        "items" :	1, 
        "0" :	"final", 
        "1" :	"freq", 
        "lower" :	1.4124017672343694, 
        "desired" :	1.0176684526226152, 
        "upper" :	1.405271488659962, 
        "area" :	0.8533500136331214, 
        "freq" :	0.9026856414837501, 
        "final" :	1.3613251733180802, 
        "resonant" :	920000000.0, 
        "dir" :	"C:\\Users\\project\\0. My Work\\1. Repositories\\1. Very Unfriendly Train\\Data\\Simulations\\637073364910614272_Primary\\637073393614043776_2\\2.out", 
        "866000000.0" :	{
            "f" :	0.6948727855007696, 
            "g" :	0.5604533721090695
        }, 
        "879500000.0" :	{
            "f" :	0.9619331085137958, 
            "g" :	0.5475403115230393
        }, 
        "893000000.0" :	{
            "f" :	0.962964275256257, 
            "g" :	0.5094414488001767
        }, 
        "906500000.0" :	{
            "f" :	0.8899274256374969, 
            "g" :	0.4765955680879559
        }, 
        "920000000.0" :	{
            "f" :	0.3392286875683476, 
            "g" :	0.4603385460393799
        }, 
        "933500000.0" :	{
            "f" :	0.4346100035927774, 
            "g" :	0.452305126941888
        }, 
        "947000000.0" :	{
            "f" :	0.9174353127768611, 
            "g" :	0.4476772502874681
        }, 
        "960500000.0" :	{
            "f" :	0.9756474958940382, 
            "g" :	0.4450049923039135
        }, 
        "974000000.0" :	{
            "f" :	0.9865989866351847, 
            "g" :	0.4434504280824198
        }
    }
}