{
    "geometry" :	{
        "items" :	3, 
        "0" :	"feed", 
        "1" :	"ground plane", 
        "2" :	"radiating plane", 
        "feed" :	{
            "items" :	2, 
            "0" :	"center", 
            "1" :	"width", 
            "center" :	54.05, 
            "width" :	1.573
        }, 
        "ground plane" :	{
            "items" :	5, 
            "0" :	"l", 
            "1" :	"w", 
            "2" :	"x", 
            "3" :	"y", 
            "4" :	"slots", 
            "l" :	84.598, 
            "w" :	108.961, 
            "x" :	-0.124, 
            "y" :	0.04, 
            "slots" :	{
                "items" :	4, 
                "0" :	"elliptical", 
                "1" :	"rectangular", 
                "2" :	"triangular", 
                "3" :	"polygonal", 
                "elliptical" :	{
                    "items" :	0
                }, 
                "rectangular" :	{
                    "items" :	0
                }, 
                "triangular" :	{
                    "items" :	0
                }, 
                "polygonal" :	{
                    "items" :	0
                }
            }
        }, 
        "radiating plane" :	{
            "items" :	5, 
            "0" :	"l", 
            "1" :	"w", 
            "2" :	"x", 
            "3" :	"y", 
            "4" :	"slots", 
            "l" :	77.213, 
            "w" :	97.644, 
            "x" :	5.134, 
            "y" :	4.577, 
            "slots" :	{
                "items" :	4, 
                "0" :	"elliptical", 
                "1" :	"rectangular", 
                "2" :	"triangular", 
                "3" :	"polygonal", 
                "elliptical" :	{
                    "items" :	0
                }, 
                "rectangular" :	{
                    "items" :	0
                }, 
                "triangular" :	{
                    "items" :	1, 
                    "0" :	{
                        "items" :	3, 
                        "0" :	{
                            "items" :	2, 
                            "0" :	"x", 
                            "1" :	"y", 
                            "x" :	16.855, 
                            "y" :	91.309, 
                            "z" :	1.6
                        }, 
                        "1" :	{
                            "items" :	2, 
                            "0" :	"x", 
                            "1" :	"y", 
                            "x" :	15.175, 
                            "y" :	91.164, 
                            "z" :	1.6
                        }, 
                        "2" :	{
                            "items" :	2, 
                            "0" :	"x", 
                            "1" :	"y", 
                            "x" :	14.346, 
                            "y" :	91.04, 
                            "z" :	1.6
                        }, 
                        "type" :	"triangular", 
                        "id" :	"637073341092982528"
                    }
                }, 
                "polygonal" :	{
                    "items" :	0
                }
            }
        }, 
        "substrate" :	{
            "items" :	4, 
            "0" :	"l", 
            "1" :	"w", 
            "2" :	"x", 
            "3" :	"h", 
            "l" :	84.598, 
            "w" :	108.961, 
            "h" :	1.6, 
            "x" :	-0.124, 
            "y" :	0.04, 
            "permitivitty" :	4.4, 
            "loss" :	0.02, 
            "name" :	"FR4"
        }
    }, 
    "fitness" :	{
        "items" :	1, 
        "0" :	"final", 
        "1" :	"freq", 
        "lower" :	1.429823385246177, 
        "desired" :	0.9155184983621677, 
        "upper" :	1.383049112617903, 
        "area" :	0.9732397555259824, 
        "freq" :	0.8315503922303376, 
        "final" :	1.5170597384798765, 
        "resonant" :	920000000.0, 
        "dir" :	"C:\\Users\\project\\0. My Work\\1. Repositories\\1. Very Unfriendly Train\\Data\\Simulations\\637073340737287808_Primary\\637073341092982528_3\\3.out", 
        "866000000.0" :	{
            "f" :	0.992039464885965, 
            "g" :	0.45287494605742507
        }, 
        "879500000.0" :	{
            "f" :	0.9888804284744456, 
            "g" :	0.4438144083622463
        }, 
        "893000000.0" :	{
            "f" :	0.9765800080652222, 
            "g" :	0.4352808998932272
        }, 
        "906500000.0" :	{
            "f" :	0.8409258890349177, 
            "g" :	0.42732347318637587
        }, 
        "920000000.0" :	{
            "f" :	0.009873939724000613, 
            "g" :	0.4200279531283362
        }, 
        "933500000.0" :	{
            "f" :	0.6349549621602656, 
            "g" :	0.41344927785260716
        }, 
        "947000000.0" :	{
            "f" :	0.9634133806128414, 
            "g" :	0.4076848743292687
        }, 
        "960500000.0" :	{
            "f" :	0.9857024545995909, 
            "g" :	0.40282720944756517
        }, 
        "974000000.0" :	{
            "f" :	0.9905801038105675, 
            "g" :	0.3989393150538756
        }
    }
}