{
    "geometry" :	{
        "items" :	3, 
        "0" :	"feed", 
        "1" :	"ground plane", 
        "2" :	"radiating plane", 
        "feed" :	{
            "items" :	2, 
            "0" :	"center", 
            "1" :	"width", 
            "center" :	54.075, 
            "width" :	1.599
        }, 
        "ground plane" :	{
            "items" :	5, 
            "0" :	"l", 
            "1" :	"w", 
            "2" :	"x", 
            "3" :	"y", 
            "4" :	"slots", 
            "l" :	86.185, 
            "w" :	105.891, 
            "x" :	-0.169, 
            "y" :	-0.19, 
            "slots" :	{
                "items" :	4, 
                "0" :	"elliptical", 
                "1" :	"rectangular", 
                "2" :	"triangular", 
                "3" :	"polygonal", 
                "elliptical" :	{
                    "items" :	0
                }, 
                "rectangular" :	{
                    "items" :	0
                }, 
                "triangular" :	{
                    "items" :	0
                }, 
                "polygonal" :	{
                    "items" :	0
                }
            }
        }, 
        "radiating plane" :	{
            "items" :	5, 
            "0" :	"l", 
            "1" :	"w", 
            "2" :	"x", 
            "3" :	"y", 
            "4" :	"slots", 
            "l" :	77.003, 
            "w" :	98.691, 
            "x" :	4.464, 
            "y" :	4.637, 
            "slots" :	{
                "items" :	4, 
                "0" :	"elliptical", 
                "1" :	"rectangular", 
                "2" :	"triangular", 
                "3" :	"polygonal", 
                "elliptical" :	{
                    "items" :	0
                }, 
                "rectangular" :	{
                    "items" :	0
                }, 
                "triangular" :	{
                    "items" :	0
                }, 
                "polygonal" :	{
                    "items" :	0
                }
            }
        }, 
        "substrate" :	{
            "items" :	4, 
            "0" :	"l", 
            "1" :	"w", 
            "2" :	"x", 
            "3" :	"h", 
            "l" :	86.185, 
            "w" :	105.891, 
            "h" :	1.6, 
            "x" :	-0.169, 
            "y" :	-0.19, 
            "permitivitty" :	4.4, 
            "loss" :	0.02, 
            "name" :	"FR4"
        }
    }, 
    "fitness" :	{
        "items" :	1, 
        "0" :	"final", 
        "1" :	"freq", 
        "lower" :	1.3826754412821967, 
        "desired" :	0.8418664186033812, 
        "upper" :	1.2703692161329119, 
        "area" :	0.9635614140903639, 
        "freq" :	0.7703523663379991, 
        "final" :	1.4298191383038514, 
        "resonant" :	933500000.0, 
        "dir" :	"C:\\Users\\project\\0. My Work\\1. Repositories\\1. Very Unfriendly Train\\Data\\Simulations\\637073340737287808_Primary\\637073350645425536_8\\8.out", 
        "866000000.0" :	{
            "f" :	0.9929267254291099, 
            "g" :	0.40536439230995136
        }, 
        "879500000.0" :	{
            "f" :	0.991211350016854, 
            "g" :	0.3923534323064848
        }, 
        "893000000.0" :	{
            "f" :	0.9863427491737332, 
            "g" :	0.37982767461045697
        }, 
        "906500000.0" :	{
            "f" :	0.9610993440607294, 
            "g" :	0.3679391665401145
        }, 
        "920000000.0" :	{
            "f" :	0.4860036575196729, 
            "g" :	0.35676914193584996
        }, 
        "933500000.0" :	{
            "f" :	0.0074145658374768116, 
            "g" :	0.3463733799162997
        }, 
        "947000000.0" :	{
            "f" :	0.8604701056914089, 
            "g" :	0.3369236907282603
        }, 
        "960500000.0" :	{
            "f" :	0.9758714088719822, 
            "g" :	0.3285145249052897
        }, 
        "974000000.0" :	{
            "f" :	0.9880279158493167, 
            "g" :	0.32130000235247747
        }
    }
}