{
    "geometry" :	{
        "items" :	3, 
        "0" :	"feed", 
        "1" :	"ground plane", 
        "2" :	"radiating plane", 
        "feed" :	{
            "items" :	2, 
            "0" :	"center", 
            "1" :	"width", 
            "center" :	55.532, 
            "width" :	1.669
        }, 
        "ground plane" :	{
            "items" :	5, 
            "0" :	"l", 
            "1" :	"w", 
            "2" :	"x", 
            "3" :	"y", 
            "4" :	"slots", 
            "l" :	79.1, 
            "w" :	94.126, 
            "x" :	-1.505, 
            "y" :	-1.271, 
            "slots" :	{
                "items" :	4, 
                "0" :	"elliptical", 
                "1" :	"rectangular", 
                "2" :	"triangular", 
                "3" :	"polygonal", 
                "elliptical" :	{
                    "items" :	0
                }, 
                "rectangular" :	{
                    "items" :	2, 
                    "0" :	{
                        "items" :	4, 
                        "0" :	"x", 
                        "1" :	"y", 
                        "2" :	"l", 
                        "3" :	"w", 
                        "x" :	63.586, 
                        "y" :	9.735, 
                        "z" :	0.0, 
                        "l" :	7.772, 
                        "w" :	27.3, 
                        "type" :	"rectangular", 
                        "id" :	"637073381220834944"
                    }, 
                    "1" :	{
                        "items" :	4, 
                        "0" :	"x", 
                        "1" :	"y", 
                        "2" :	"l", 
                        "3" :	"w", 
                        "x" :	11.09, 
                        "y" :	78.764, 
                        "z" :	0.0, 
                        "l" :	31.457, 
                        "w" :	11.332, 
                        "type" :	"rectangular", 
                        "id" :	"637073393613954048"
                    }
                }, 
                "triangular" :	{
                    "items" :	0
                }, 
                "polygonal" :	{
                    "items" :	0
                }
            }
        }, 
        "radiating plane" :	{
            "items" :	5, 
            "0" :	"l", 
            "1" :	"w", 
            "2" :	"x", 
            "3" :	"y", 
            "4" :	"slots", 
            "l" :	73.424, 
            "w" :	92.559, 
            "x" :	3.494, 
            "y" :	3.906, 
            "slots" :	{
                "items" :	4, 
                "0" :	"elliptical", 
                "1" :	"rectangular", 
                "2" :	"triangular", 
                "3" :	"polygonal", 
                "elliptical" :	{
                    "items" :	0
                }, 
                "rectangular" :	{
                    "items" :	1, 
                    "0" :	{
                        "items" :	4, 
                        "0" :	"x", 
                        "1" :	"y", 
                        "2" :	"l", 
                        "3" :	"w", 
                        "x" :	13.905, 
                        "y" :	43.857, 
                        "z" :	1.6, 
                        "l" :	2.377, 
                        "w" :	1.552, 
                        "type" :	"rectangular", 
                        "id" :	"637073373190698496"
                    }
                }, 
                "triangular" :	{
                    "items" :	0
                }, 
                "polygonal" :	{
                    "items" :	0
                }
            }
        }, 
        "substrate" :	{
            "items" :	4, 
            "0" :	"l", 
            "1" :	"w", 
            "2" :	"x", 
            "3" :	"h", 
            "l" :	79.1, 
            "w" :	97.786, 
            "h" :	1.6, 
            "x" :	-1.505, 
            "y" :	-1.271, 
            "permitivitty" :	4.4, 
            "loss" :	0.02, 
            "name" :	"FR4"
        }
    }, 
    "fitness" :	{
        "items" :	1, 
        "0" :	"final", 
        "1" :	"freq", 
        "lower" :	1.4980073290603784, 
        "desired" :	1.1137248077323207, 
        "upper" :	1.1527978945041542, 
        "area" :	0.8166610252281863, 
        "freq" :	0.9645778831079643, 
        "final" :	1.3236770095520691, 
        "resonant" :	933500000.0, 
        "dir" :	"C:\\Users\\project\\0. My Work\\1. Repositories\\1. Very Unfriendly Train\\Data\\Simulations\\637073364910614272_Primary\\637073393614043776_7\\7.out", 
        "866000000.0" :	{
            "f" :	0.9927403197462591, 
            "g" :	0.532338673078081
        }, 
        "879500000.0" :	{
            "f" :	0.9918965854681264, 
            "g" :	0.5047377501992235
        }, 
        "893000000.0" :	{
            "f" :	0.9895715387499499, 
            "g" :	0.4827371199394951
        }, 
        "906500000.0" :	{
            "f" :	0.9815463429961389, 
            "g" :	0.4658162532436638
        }, 
        "920000000.0" :	{
            "f" :	0.9209360320559793, 
            "g" :	0.452767233877397
        }, 
        "933500000.0" :	{
            "f" :	0.07753404546698123, 
            "g" :	0.4425745155568021
        }, 
        "947000000.0" :	{
            "f" :	0.25016484033648145, 
            "g" :	0.4344969462358935
        }, 
        "960500000.0" :	{
            "f" :	0.9402662934790785, 
            "g" :	0.4280649217414149
        }, 
        "974000000.0" :	{
            "f" :	0.9823728974434547, 
            "g" :	0.42302778427613985
        }
    }
}