{
    "geometry" :	{
        "items" :	3, 
        "0" :	"feed", 
        "1" :	"ground plane", 
        "2" :	"radiating plane", 
        "feed" :	{
            "items" :	2, 
            "0" :	"center", 
            "1" :	"width", 
            "center" :	53.882, 
            "width" :	1.597
        }, 
        "ground plane" :	{
            "items" :	5, 
            "0" :	"l", 
            "1" :	"w", 
            "2" :	"x", 
            "3" :	"y", 
            "4" :	"slots", 
            "l" :	84.868, 
            "w" :	95.54, 
            "x" :	-0.836, 
            "y" :	-0.934, 
            "slots" :	{
                "items" :	4, 
                "0" :	"elliptical", 
                "1" :	"rectangular", 
                "2" :	"triangular", 
                "3" :	"polygonal", 
                "elliptical" :	{
                    "items" :	0
                }, 
                "rectangular" :	{
                    "items" :	2, 
                    "0" :	{
                        "items" :	4, 
                        "0" :	"x", 
                        "1" :	"y", 
                        "2" :	"l", 
                        "3" :	"w", 
                        "x" :	48.513, 
                        "y" :	88.476, 
                        "z" :	0.0, 
                        "l" :	8.445, 
                        "w" :	19.601, 
                        "type" :	"rectangular", 
                        "id" :	"637073412471224832"
                    }, 
                    "1" :	{
                        "items" :	4, 
                        "0" :	"x", 
                        "1" :	"y", 
                        "2" :	"l", 
                        "3" :	"w", 
                        "x" :	-4.908, 
                        "y" :	45.397, 
                        "z" :	0.0, 
                        "l" :	0.539, 
                        "w" :	20.401, 
                        "type" :	"rectangular", 
                        "id" :	"637073420663012992"
                    }
                }, 
                "triangular" :	{
                    "items" :	1, 
                    "0" :	{
                        "items" :	3, 
                        "0" :	{
                            "items" :	2, 
                            "0" :	"x", 
                            "1" :	"y", 
                            "x" :	20.811, 
                            "y" :	22.376, 
                            "z" :	0.0
                        }, 
                        "1" :	{
                            "items" :	2, 
                            "0" :	"x", 
                            "1" :	"y", 
                            "x" :	15.12, 
                            "y" :	26.072, 
                            "z" :	0.0
                        }, 
                        "2" :	{
                            "items" :	2, 
                            "0" :	"x", 
                            "1" :	"y", 
                            "x" :	42.576, 
                            "y" :	18.18, 
                            "z" :	0.0
                        }, 
                        "type" :	"triangular", 
                        "id" :	"637073418639024640"
                    }
                }, 
                "polygonal" :	{
                    "items" :	0
                }
            }
        }, 
        "radiating plane" :	{
            "items" :	5, 
            "0" :	"l", 
            "1" :	"w", 
            "2" :	"x", 
            "3" :	"y", 
            "4" :	"slots", 
            "l" :	74.064, 
            "w" :	92.657, 
            "x" :	3.966, 
            "y" :	5.08, 
            "slots" :	{
                "items" :	4, 
                "0" :	"elliptical", 
                "1" :	"rectangular", 
                "2" :	"triangular", 
                "3" :	"polygonal", 
                "elliptical" :	{
                    "items" :	0
                }, 
                "rectangular" :	{
                    "items" :	2, 
                    "0" :	{
                        "items" :	4, 
                        "0" :	"x", 
                        "1" :	"y", 
                        "2" :	"l", 
                        "3" :	"w", 
                        "x" :	59.738, 
                        "y" :	27.411, 
                        "z" :	1.6, 
                        "l" :	1.365, 
                        "w" :	0.97, 
                        "type" :	"rectangular", 
                        "id" :	"637073418639044608"
                    }, 
                    "1" :	{
                        "items" :	4, 
                        "0" :	"x", 
                        "1" :	"y", 
                        "2" :	"l", 
                        "3" :	"w", 
                        "x" :	0.894, 
                        "y" :	63.888, 
                        "z" :	1.6, 
                        "l" :	3.3, 
                        "w" :	1.959, 
                        "type" :	"rectangular", 
                        "id" :	"637073420663032960"
                    }
                }, 
                "triangular" :	{
                    "items" :	0
                }, 
                "polygonal" :	{
                    "items" :	0
                }
            }
        }, 
        "substrate" :	{
            "items" :	4, 
            "0" :	"l", 
            "1" :	"w", 
            "2" :	"x", 
            "3" :	"h", 
            "l" :	84.868, 
            "w" :	98.72099999999999, 
            "h" :	1.6, 
            "x" :	-0.836, 
            "y" :	-0.934, 
            "permitivitty" :	4.4, 
            "loss" :	0.02, 
            "name" :	"FR4"
        }
    }, 
    "fitness" :	{
        "items" :	1, 
        "0" :	"final", 
        "1" :	"freq", 
        "lower" :	1.3502148664789355, 
        "desired" :	0.8329440894486209, 
        "upper" :	1.1959273254630245, 
        "area" :	0.884590311260777, 
        "freq" :	0.7576254925378952, 
        "final" :	1.277785452757443, 
        "resonant" :	935000000.0, 
        "dir" :	"C:\\Users\\project\\0. My Work\\1. Repositories\\1. Very Unfriendly Train\\Data\\Simulations\\637073406086594944_Primary\\637073420663192320_2\\2.out", 
        "890000000.0" :	{
            "f" :	0.9877366382004948, 
            "g" :	0.36247822827844073
        }, 
        "905000000.0" :	{
            "f" :	0.9669992255967707, 
            "g" :	0.3453979751417449
        }, 
        "920000000.0" :	{
            "f" :	0.5306282707120564, 
            "g" :	0.329477926838251
        }, 
        "935000000.0" :	{
            "f" :	0.011633860817392889, 
            "g" :	0.31469500923964666
        }, 
        "950000000.0" :	{
            "f" :	0.8948247610506831, 
            "g" :	0.30110256441234146
        }
    }
}