{
    "geometry" :	{
        "items" :	3, 
        "0" :	"feed", 
        "1" :	"ground plane", 
        "2" :	"radiating plane", 
        "feed" :	{
            "items" :	2, 
            "0" :	"center", 
            "1" :	"width", 
            "center" :	54.299, 
            "width" :	1.57
        }, 
        "ground plane" :	{
            "items" :	5, 
            "0" :	"l", 
            "1" :	"w", 
            "2" :	"x", 
            "3" :	"y", 
            "4" :	"slots", 
            "l" :	85.994, 
            "w" :	107.177, 
            "x" :	-0.472, 
            "y" :	-0.001, 
            "slots" :	{
                "items" :	4, 
                "0" :	"elliptical", 
                "1" :	"rectangular", 
                "2" :	"triangular", 
                "3" :	"polygonal", 
                "elliptical" :	{
                    "items" :	0
                }, 
                "rectangular" :	{
                    "items" :	1, 
                    "0" :	{
                        "items" :	4, 
                        "0" :	"x", 
                        "1" :	"y", 
                        "2" :	"l", 
                        "3" :	"w", 
                        "x" :	27.06, 
                        "y" :	30.598, 
                        "z" :	0.0, 
                        "l" :	16.797, 
                        "w" :	7.848, 
                        "type" :	"rectangular", 
                        "id" :	"637073408227660544"
                    }
                }, 
                "triangular" :	{
                    "items" :	0
                }, 
                "polygonal" :	{
                    "items" :	0
                }
            }
        }, 
        "radiating plane" :	{
            "items" :	5, 
            "0" :	"l", 
            "1" :	"w", 
            "2" :	"x", 
            "3" :	"y", 
            "4" :	"slots", 
            "l" :	75.989, 
            "w" :	98.082, 
            "x" :	4.038, 
            "y" :	4.357, 
            "slots" :	{
                "items" :	4, 
                "0" :	"elliptical", 
                "1" :	"rectangular", 
                "2" :	"triangular", 
                "3" :	"polygonal", 
                "elliptical" :	{
                    "items" :	0
                }, 
                "rectangular" :	{
                    "items" :	1, 
                    "0" :	{
                        "items" :	4, 
                        "0" :	"x", 
                        "1" :	"y", 
                        "2" :	"l", 
                        "3" :	"w", 
                        "x" :	36.794, 
                        "y" :	85.614, 
                        "z" :	1.6, 
                        "l" :	3.187, 
                        "w" :	2.345, 
                        "type" :	"rectangular", 
                        "id" :	"637073408227670656"
                    }
                }, 
                "triangular" :	{
                    "items" :	0
                }, 
                "polygonal" :	{
                    "items" :	0
                }
            }
        }, 
        "substrate" :	{
            "items" :	4, 
            "0" :	"l", 
            "1" :	"w", 
            "2" :	"x", 
            "3" :	"h", 
            "l" :	85.994, 
            "w" :	107.177, 
            "h" :	1.6, 
            "x" :	-0.472, 
            "y" :	-0.001, 
            "permitivitty" :	4.4, 
            "loss" :	0.02, 
            "name" :	"FR4"
        }
    }, 
    "fitness" :	{
        "items" :	1, 
        "0" :	"final", 
        "1" :	"freq", 
        "lower" :	1.3689395134360216, 
        "desired" :	0.8043268415430349, 
        "upper" :	1.2955785181361479, 
        "area" :	0.9731021044359011, 
        "freq" :	0.7441675736289937, 
        "final" :	1.4114567479265867, 
        "resonant" :	920000000.0, 
        "dir" :	"C:\\Users\\project\\0. My Work\\1. Repositories\\1. Very Unfriendly Train\\Data\\Simulations\\637073406086594944_Primary\\637073408227670656_6\\6.out", 
        "890000000.0" :	{
            "f" :	0.9857249860859805, 
            "g" :	0.3832145273500411
        }, 
        "905000000.0" :	{
            "f" :	0.9437612216959963, 
            "g" :	0.36973619485515885
        }, 
        "920000000.0" :	{
            "f" :	0.059000316219233344, 
            "g" :	0.35720776764966444
        }, 
        "935000000.0" :	{
            "f" :	0.3374974020425447, 
            "g" :	0.345777622166507
        }, 
        "950000000.0" :	{
            "f" :	0.9599441355644692, 
            "g" :	0.3356343825716786
        }
    }
}