{
    "geometry" :	{
        "items" :	3, 
        "0" :	"feed", 
        "1" :	"ground plane", 
        "2" :	"radiating plane", 
        "feed" :	{
            "items" :	2, 
            "0" :	"center", 
            "1" :	"width", 
            "center" :	56.689, 
            "width" :	1.573
        }, 
        "ground plane" :	{
            "items" :	5, 
            "0" :	"l", 
            "1" :	"w", 
            "2" :	"x", 
            "3" :	"y", 
            "4" :	"slots", 
            "l" :	82.747, 
            "w" :	91.685, 
            "x" :	-1.894, 
            "y" :	-2.021, 
            "slots" :	{
                "items" :	4, 
                "0" :	"elliptical", 
                "1" :	"rectangular", 
                "2" :	"triangular", 
                "3" :	"polygonal", 
                "elliptical" :	{
                    "items" :	0
                }, 
                "rectangular" :	{
                    "items" :	3, 
                    "0" :	{
                        "items" :	4, 
                        "0" :	"x", 
                        "1" :	"y", 
                        "2" :	"l", 
                        "3" :	"w", 
                        "x" :	52.807, 
                        "y" :	105.638, 
                        "z" :	0.0, 
                        "l" :	12.384, 
                        "w" :	22.755, 
                        "type" :	"rectangular", 
                        "id" :	"637073369376184064"
                    }, 
                    "1" :	{
                        "items" :	4, 
                        "0" :	"x", 
                        "1" :	"y", 
                        "2" :	"l", 
                        "3" :	"w", 
                        "x" :	58.085, 
                        "y" :	5.769, 
                        "z" :	0.0, 
                        "l" :	4.258, 
                        "w" :	32.692, 
                        "type" :	"rectangular", 
                        "id" :	"637073381220834944"
                    }, 
                    "2" :	{
                        "items" :	4, 
                        "0" :	"x", 
                        "1" :	"y", 
                        "2" :	"l", 
                        "3" :	"w", 
                        "x" :	15.257, 
                        "y" :	59.611, 
                        "z" :	0.0, 
                        "l" :	23.157, 
                        "w" :	12.848, 
                        "type" :	"rectangular", 
                        "id" :	"637073386951475072"
                    }
                }, 
                "triangular" :	{
                    "items" :	0
                }, 
                "polygonal" :	{
                    "items" :	0
                }
            }
        }, 
        "radiating plane" :	{
            "items" :	5, 
            "0" :	"l", 
            "1" :	"w", 
            "2" :	"x", 
            "3" :	"y", 
            "4" :	"slots", 
            "l" :	76.81, 
            "w" :	94.086, 
            "x" :	3.993, 
            "y" :	3.78, 
            "slots" :	{
                "items" :	4, 
                "0" :	"elliptical", 
                "1" :	"rectangular", 
                "2" :	"triangular", 
                "3" :	"polygonal", 
                "elliptical" :	{
                    "items" :	0
                }, 
                "rectangular" :	{
                    "items" :	0
                }, 
                "triangular" :	{
                    "items" :	1, 
                    "0" :	{
                        "items" :	3, 
                        "0" :	{
                            "items" :	2, 
                            "0" :	"x", 
                            "1" :	"y", 
                            "x" :	7.333, 
                            "y" :	6.533, 
                            "z" :	1.6
                        }, 
                        "1" :	{
                            "items" :	2, 
                            "0" :	"x", 
                            "1" :	"y", 
                            "x" :	7.323, 
                            "y" :	5.343, 
                            "z" :	1.6
                        }, 
                        "2" :	{
                            "items" :	2, 
                            "0" :	"x", 
                            "1" :	"y", 
                            "x" :	7.175, 
                            "y" :	4.661, 
                            "z" :	1.6
                        }, 
                        "type" :	"triangular", 
                        "id" :	"637073381220844928"
                    }
                }, 
                "polygonal" :	{
                    "items" :	0
                }
            }
        }, 
        "substrate" :	{
            "items" :	4, 
            "0" :	"l", 
            "1" :	"w", 
            "2" :	"x", 
            "3" :	"h", 
            "l" :	82.747, 
            "w" :	99.937, 
            "h" :	1.6, 
            "x" :	-1.894, 
            "y" :	-2.021, 
            "permitivitty" :	4.4, 
            "loss" :	0.02, 
            "name" :	"FR4"
        }
    }, 
    "fitness" :	{
        "items" :	1, 
        "0" :	"final", 
        "1" :	"freq", 
        "lower" :	1.5721977070033653, 
        "desired" :	1.6003904537491442, 
        "upper" :	1.626794505649622, 
        "area" :	0.8731065178390703, 
        "freq" :	1.335249848002168, 
        "final" :	1.8763346601565067, 
        "resonant" :	866000000.0, 
        "dir" :	"C:\\Users\\project\\0. My Work\\1. Repositories\\1. Very Unfriendly Train\\Data\\Simulations\\637073364910614272_Primary\\637073386951634560_5\\5.out", 
        "866000000.0" :	{
            "f" :	0.9926785609029422, 
            "g" :	0.5699614521739484
        }, 
        "879500000.0" :	{
            "f" :	0.9936154336038907, 
            "g" :	0.5785839807673296
        }, 
        "893000000.0" :	{
            "f" :	0.9940634133268544, 
            "g" :	0.5876902802351305
        }, 
        "906500000.0" :	{
            "f" :	0.9943144935124831, 
            "g" :	0.5969149665854862
        }, 
        "920000000.0" :	{
            "f" :	0.9944691450510958, 
            "g" :	0.6059340225388753
        }, 
        "933500000.0" :	{
            "f" :	0.9945683543104855, 
            "g" :	0.6149703792490068
        }, 
        "947000000.0" :	{
            "f" :	0.9946324408927507, 
            "g" :	0.6237713114349662
        }, 
        "960500000.0" :	{
            "f" :	0.9946718033737043, 
            "g" :	0.6321908951803814
        }, 
        "974000000.0" :	{
            "f" :	0.9946908487418009, 
            "g" :	0.6404262173252627
        }
    }
}