{
    "geometry" :	{
        "items" :	3, 
        "0" :	"feed", 
        "1" :	"ground plane", 
        "2" :	"radiating plane", 
        "feed" :	{
            "items" :	2, 
            "0" :	"center", 
            "1" :	"width", 
            "center" :	54.593, 
            "width" :	1.574
        }, 
        "ground plane" :	{
            "items" :	5, 
            "0" :	"l", 
            "1" :	"w", 
            "2" :	"x", 
            "3" :	"y", 
            "4" :	"slots", 
            "l" :	82.709, 
            "w" :	104.577, 
            "x" :	-0.216, 
            "y" :	-0.194, 
            "slots" :	{
                "items" :	4, 
                "0" :	"elliptical", 
                "1" :	"rectangular", 
                "2" :	"triangular", 
                "3" :	"polygonal", 
                "elliptical" :	{
                    "items" :	0
                }, 
                "rectangular" :	{
                    "items" :	0
                }, 
                "triangular" :	{
                    "items" :	1, 
                    "0" :	{
                        "items" :	3, 
                        "0" :	{
                            "items" :	2, 
                            "0" :	"x", 
                            "1" :	"y", 
                            "x" :	74.478, 
                            "y" :	59.735, 
                            "z" :	0.0
                        }, 
                        "1" :	{
                            "items" :	2, 
                            "0" :	"x", 
                            "1" :	"y", 
                            "x" :	81.709, 
                            "y" :	52.345, 
                            "z" :	0.0
                        }, 
                        "2" :	{
                            "items" :	2, 
                            "0" :	"x", 
                            "1" :	"y", 
                            "x" :	89.62, 
                            "y" :	48.283, 
                            "z" :	0.0
                        }, 
                        "type" :	"triangular", 
                        "id" :	"637073365258195200"
                    }
                }, 
                "polygonal" :	{
                    "items" :	0
                }
            }
        }, 
        "radiating plane" :	{
            "items" :	5, 
            "0" :	"l", 
            "1" :	"w", 
            "2" :	"x", 
            "3" :	"y", 
            "4" :	"slots", 
            "l" :	77.305, 
            "w" :	98.788, 
            "x" :	5.138, 
            "y" :	4.628, 
            "slots" :	{
                "items" :	4, 
                "0" :	"elliptical", 
                "1" :	"rectangular", 
                "2" :	"triangular", 
                "3" :	"polygonal", 
                "elliptical" :	{
                    "items" :	0
                }, 
                "rectangular" :	{
                    "items" :	1, 
                    "0" :	{
                        "items" :	4, 
                        "0" :	"x", 
                        "1" :	"y", 
                        "2" :	"l", 
                        "3" :	"w", 
                        "x" :	34.089, 
                        "y" :	53.459, 
                        "z" :	1.6, 
                        "l" :	1.088, 
                        "w" :	2.327, 
                        "type" :	"rectangular", 
                        "id" :	"637073365258205184"
                    }
                }, 
                "triangular" :	{
                    "items" :	0
                }, 
                "polygonal" :	{
                    "items" :	0
                }
            }
        }, 
        "substrate" :	{
            "items" :	4, 
            "0" :	"l", 
            "1" :	"w", 
            "2" :	"x", 
            "3" :	"h", 
            "l" :	82.709, 
            "w" :	104.577, 
            "h" :	1.6, 
            "x" :	-0.216, 
            "y" :	-0.194, 
            "permitivitty" :	4.4, 
            "loss" :	0.02, 
            "name" :	"FR4"
        }
    }, 
    "fitness" :	{
        "items" :	1, 
        "0" :	"final", 
        "1" :	"freq", 
        "lower" :	1.4715967902030906, 
        "desired" :	0.9081653014041718, 
        "upper" :	1.412058714192031, 
        "area" :	0.9132246251293963, 
        "freq" :	0.8314043738597845, 
        "final" :	1.4172333636455217, 
        "resonant" :	933500000.0, 
        "dir" :	"C:\\Users\\project\\0. My Work\\1. Repositories\\1. Very Unfriendly Train\\Data\\Simulations\\637073364910614272_Primary\\637073365258235136_9\\9.out", 
        "866000000.0" :	{
            "f" :	0.9929009269375604, 
            "g" :	0.48961358103754893
        }, 
        "879500000.0" :	{
            "f" :	0.9911407988070559, 
            "g" :	0.48125301349271965
        }, 
        "893000000.0" :	{
            "f" :	0.9859493085410111, 
            "g" :	0.47393274179337674
        }, 
        "906500000.0" :	{
            "f" :	0.9562558104062719, 
            "g" :	0.4675752591367248
        }, 
        "920000000.0" :	{
            "f" :	0.33849684079704745, 
            "g" :	0.46210961032832665
        }, 
        "933500000.0" :	{
            "f" :	0.042522589889668505, 
            "g" :	0.4575357936544765
        }, 
        "947000000.0" :	{
            "f" :	0.9124774314951564, 
            "g" :	0.45384662661713104
        }, 
        "960500000.0" :	{
            "f" :	0.9804275668832668, 
            "g" :	0.4510398729659237
        }, 
        "974000000.0" :	{
            "f" :	0.9892055140537136, 
            "g" :	0.44917913056090164
        }
    }
}