{
    "geometry" :	{
        "items" :	3, 
        "0" :	"feed", 
        "1" :	"ground plane", 
        "2" :	"radiating plane", 
        "feed" :	{
            "items" :	2, 
            "0" :	"center", 
            "1" :	"width", 
            "center" :	54.38, 
            "width" :	1.657
        }, 
        "ground plane" :	{
            "items" :	5, 
            "0" :	"l", 
            "1" :	"w", 
            "2" :	"x", 
            "3" :	"y", 
            "4" :	"slots", 
            "l" :	83.677, 
            "w" :	107.632, 
            "x" :	-0.083, 
            "y" :	-0.049, 
            "slots" :	{
                "items" :	4, 
                "0" :	"elliptical", 
                "1" :	"rectangular", 
                "2" :	"triangular", 
                "3" :	"polygonal", 
                "elliptical" :	{
                    "items" :	0
                }, 
                "rectangular" :	{
                    "items" :	1, 
                    "0" :	{
                        "items" :	4, 
                        "0" :	"x", 
                        "1" :	"y", 
                        "2" :	"l", 
                        "3" :	"w", 
                        "x" :	13.952, 
                        "y" :	6.071, 
                        "z" :	0.0, 
                        "l" :	12.966, 
                        "w" :	4.156, 
                        "type" :	"rectangular", 
                        "id" :	"637073344535679360"
                    }
                }, 
                "triangular" :	{
                    "items" :	0
                }, 
                "polygonal" :	{
                    "items" :	0
                }
            }
        }, 
        "radiating plane" :	{
            "items" :	5, 
            "0" :	"l", 
            "1" :	"w", 
            "2" :	"x", 
            "3" :	"y", 
            "4" :	"slots", 
            "l" :	77.657, 
            "w" :	98.675, 
            "x" :	5.019, 
            "y" :	4.526, 
            "slots" :	{
                "items" :	4, 
                "0" :	"elliptical", 
                "1" :	"rectangular", 
                "2" :	"triangular", 
                "3" :	"polygonal", 
                "elliptical" :	{
                    "items" :	0
                }, 
                "rectangular" :	{
                    "items" :	0
                }, 
                "triangular" :	{
                    "items" :	0
                }, 
                "polygonal" :	{
                    "items" :	0
                }
            }
        }, 
        "substrate" :	{
            "items" :	4, 
            "0" :	"l", 
            "1" :	"w", 
            "2" :	"x", 
            "3" :	"h", 
            "l" :	83.677, 
            "w" :	107.632, 
            "h" :	1.6, 
            "x" :	-0.083, 
            "y" :	-0.049, 
            "permitivitty" :	4.4, 
            "loss" :	0.02, 
            "name" :	"FR4"
        }
    }, 
    "fitness" :	{
        "items" :	1, 
        "0" :	"final", 
        "1" :	"freq", 
        "lower" :	1.4520234036303055, 
        "desired" :	0.8710146584511232, 
        "upper" :	1.402474184878596, 
        "area" :	0.9509029099781549, 
        "freq" :	0.803255959468292, 
        "final" :	1.4500876088479722, 
        "resonant" :	920000000.0, 
        "dir" :	"C:\\Users\\project\\0. My Work\\1. Repositories\\1. Very Unfriendly Train\\Data\\Simulations\\637073340737287808_Primary\\637073344535679360_9\\9.out", 
        "866000000.0" :	{
            "f" :	0.9924472840265701, 
            "g" :	0.4713810130347955
        }, 
        "879500000.0" :	{
            "f" :	0.9900251820443732, 
            "g" :	0.4636941535314954
        }, 
        "893000000.0" :	{
            "f" :	0.9819630869212952, 
            "g" :	0.4565594913323871
        }, 
        "906500000.0" :	{
            "f" :	0.9215792345490529, 
            "g" :	0.4500296194085803
        }, 
        "920000000.0" :	{
            "f" :	0.09021603396091962, 
            "g" :	0.4441954453582343
        }, 
        "933500000.0" :	{
            "f" :	0.2679202685379702, 
            "g" :	0.43910337353861273
        }, 
        "947000000.0" :	{
            "f" :	0.9402175980563178, 
            "g" :	0.4348327728657025
        }, 
        "960500000.0" :	{
            "f" :	0.9823590389859889, 
            "g" :	0.4314493585668248
        }, 
        "974000000.0" :	{
            "f" :	0.989531560247399, 
            "g" :	0.42903222591355505
        }
    }
}