{
    "geometry" :	{
        "items" :	3, 
        "0" :	"feed", 
        "1" :	"ground plane", 
        "2" :	"radiating plane", 
        "feed" :	{
            "items" :	2, 
            "0" :	"center", 
            "1" :	"width", 
            "center" :	54.993, 
            "width" :	1.586
        }, 
        "ground plane" :	{
            "items" :	5, 
            "0" :	"l", 
            "1" :	"w", 
            "2" :	"x", 
            "3" :	"y", 
            "4" :	"slots", 
            "l" :	83.152, 
            "w" :	95.341, 
            "x" :	-0.79, 
            "y" :	-0.784, 
            "slots" :	{
                "items" :	4, 
                "0" :	"elliptical", 
                "1" :	"rectangular", 
                "2" :	"triangular", 
                "3" :	"polygonal", 
                "elliptical" :	{
                    "items" :	0
                }, 
                "rectangular" :	{
                    "items" :	0
                }, 
                "triangular" :	{
                    "items" :	2, 
                    "0" :	{
                        "items" :	3, 
                        "0" :	{
                            "items" :	2, 
                            "0" :	"x", 
                            "1" :	"y", 
                            "x" :	71.817, 
                            "y" :	5.686, 
                            "z" :	0.0
                        }, 
                        "1" :	{
                            "items" :	2, 
                            "0" :	"x", 
                            "1" :	"y", 
                            "x" :	84.643, 
                            "y" :	16.506, 
                            "z" :	0.0
                        }, 
                        "2" :	{
                            "items" :	2, 
                            "0" :	"x", 
                            "1" :	"y", 
                            "x" :	75.561, 
                            "y" :	31.026, 
                            "z" :	0.0
                        }, 
                        "type" :	"triangular", 
                        "id" :	"637073409878338432"
                    }, 
                    "1" :	{
                        "items" :	3, 
                        "0" :	{
                            "items" :	2, 
                            "0" :	"x", 
                            "1" :	"y", 
                            "x" :	23.941, 
                            "y" :	61.724, 
                            "z" :	0.0
                        }, 
                        "1" :	{
                            "items" :	2, 
                            "0" :	"x", 
                            "1" :	"y", 
                            "x" :	23.192, 
                            "y" :	53.082, 
                            "z" :	0.0
                        }, 
                        "2" :	{
                            "items" :	2, 
                            "0" :	"x", 
                            "1" :	"y", 
                            "x" :	11.968, 
                            "y" :	68.154, 
                            "z" :	0.0
                        }, 
                        "type" :	"triangular", 
                        "id" :	"637073412471175040"
                    }
                }, 
                "polygonal" :	{
                    "items" :	0
                }
            }
        }, 
        "radiating plane" :	{
            "items" :	5, 
            "0" :	"l", 
            "1" :	"w", 
            "2" :	"x", 
            "3" :	"y", 
            "4" :	"slots", 
            "l" :	77.565, 
            "w" :	96.566, 
            "x" :	4.747, 
            "y" :	4.371, 
            "slots" :	{
                "items" :	4, 
                "0" :	"elliptical", 
                "1" :	"rectangular", 
                "2" :	"triangular", 
                "3" :	"polygonal", 
                "elliptical" :	{
                    "items" :	0
                }, 
                "rectangular" :	{
                    "items" :	0
                }, 
                "triangular" :	{
                    "items" :	1, 
                    "0" :	{
                        "items" :	3, 
                        "0" :	{
                            "items" :	2, 
                            "0" :	"x", 
                            "1" :	"y", 
                            "x" :	51.842, 
                            "y" :	7.557, 
                            "z" :	1.6
                        }, 
                        "1" :	{
                            "items" :	2, 
                            "0" :	"x", 
                            "1" :	"y", 
                            "x" :	50.082, 
                            "y" :	6.935, 
                            "z" :	1.6
                        }, 
                        "2" :	{
                            "items" :	2, 
                            "0" :	"x", 
                            "1" :	"y", 
                            "x" :	51.133, 
                            "y" :	9.471, 
                            "z" :	1.6
                        }, 
                        "type" :	"triangular", 
                        "id" :	"637073412471194880"
                    }
                }, 
                "polygonal" :	{
                    "items" :	0
                }
            }
        }, 
        "substrate" :	{
            "items" :	4, 
            "0" :	"l", 
            "1" :	"w", 
            "2" :	"x", 
            "3" :	"h", 
            "l" :	83.152, 
            "w" :	101.771, 
            "h" :	1.6, 
            "x" :	-0.79, 
            "y" :	-0.784, 
            "permitivitty" :	4.4, 
            "loss" :	0.02, 
            "name" :	"FR4"
        }
    }, 
    "fitness" :	{
        "items" :	1, 
        "0" :	"final", 
        "1" :	"freq", 
        "lower" :	1.4307002250516327, 
        "desired" :	0.8996575542650739, 
        "upper" :	1.3281678868117726, 
        "area" :	0.8934811737782838, 
        "freq" :	0.8177782014555292, 
        "final" :	1.3624831532302963, 
        "resonant" :	935000000.0, 
        "dir" :	"C:\\Users\\project\\0. My Work\\1. Repositories\\1. Very Unfriendly Train\\Data\\Simulations\\637073406086594944_Primary\\637073412471464192_0\\0.out", 
        "890000000.0" :	{
            "f" :	0.9860082934365287, 
            "g" :	0.444691931615104
        }, 
        "905000000.0" :	{
            "f" :	0.95636444113246, 
            "g" :	0.43167552694481376
        }, 
        "920000000.0" :	{
            "f" :	0.3678619667241797, 
            "g" :	0.42067109416299137
        }, 
        "935000000.0" :	{
            "f" :	0.11101648383899743, 
            "g" :	0.4113831499917801
        }, 
        "950000000.0" :	{
            "f" :	0.9245567233443676, 
            "g" :	0.4036111634674049
        }
    }
}