{
    "geometry" :	{
        "items" :	3, 
        "0" :	"feed", 
        "1" :	"ground plane", 
        "2" :	"radiating plane", 
        "feed" :	{
            "items" :	2, 
            "0" :	"center", 
            "1" :	"width", 
            "center" :	54.22, 
            "width" :	1.605
        }, 
        "ground plane" :	{
            "items" :	5, 
            "0" :	"l", 
            "1" :	"w", 
            "2" :	"x", 
            "3" :	"y", 
            "4" :	"slots", 
            "l" :	85.361, 
            "w" :	107.183, 
            "x" :	-0.273, 
            "y" :	-0.207, 
            "slots" :	{
                "items" :	4, 
                "0" :	"elliptical", 
                "1" :	"rectangular", 
                "2" :	"triangular", 
                "3" :	"polygonal", 
                "elliptical" :	{
                    "items" :	0
                }, 
                "rectangular" :	{
                    "items" :	1, 
                    "0" :	{
                        "items" :	4, 
                        "0" :	"x", 
                        "1" :	"y", 
                        "2" :	"l", 
                        "3" :	"w", 
                        "x" :	44.195, 
                        "y" :	21.135, 
                        "z" :	0.0, 
                        "l" :	12.937, 
                        "w" :	12.688, 
                        "type" :	"rectangular", 
                        "id" :	"637073354004196736"
                    }
                }, 
                "triangular" :	{
                    "items" :	0
                }, 
                "polygonal" :	{
                    "items" :	0
                }
            }
        }, 
        "radiating plane" :	{
            "items" :	5, 
            "0" :	"l", 
            "1" :	"w", 
            "2" :	"x", 
            "3" :	"y", 
            "4" :	"slots", 
            "l" :	76.801, 
            "w" :	98.458, 
            "x" :	4.752, 
            "y" :	4.767, 
            "slots" :	{
                "items" :	4, 
                "0" :	"elliptical", 
                "1" :	"rectangular", 
                "2" :	"triangular", 
                "3" :	"polygonal", 
                "elliptical" :	{
                    "items" :	0
                }, 
                "rectangular" :	{
                    "items" :	0
                }, 
                "triangular" :	{
                    "items" :	0
                }, 
                "polygonal" :	{
                    "items" :	0
                }
            }
        }, 
        "substrate" :	{
            "items" :	4, 
            "0" :	"l", 
            "1" :	"w", 
            "2" :	"x", 
            "3" :	"h", 
            "l" :	85.361, 
            "w" :	107.183, 
            "h" :	1.6, 
            "x" :	-0.273, 
            "y" :	-0.207, 
            "permitivitty" :	4.4, 
            "loss" :	0.02, 
            "name" :	"FR4"
        }
    }, 
    "fitness" :	{
        "items" :	1, 
        "0" :	"final", 
        "1" :	"freq", 
        "lower" :	1.1616273058606217, 
        "desired" :	1.0788758000419834, 
        "upper" :	1.3909118307293475, 
        "area" :	0.9659931959573036, 
        "freq" :	0.9234969725640084, 
        "final" :	1.61690055239809, 
        "resonant" :	906500000.0, 
        "dir" :	"C:\\Users\\project\\0. My Work\\1. Repositories\\1. Very Unfriendly Train\\Data\\Simulations\\637073340737287808_Primary\\637073354004196736_9\\9.out", 
        "866000000.0" :	{
            "f" :	0.9852869780729059, 
            "g" :	0.44342242994070236
        }, 
        "879500000.0" :	{
            "f" :	0.95008358223247, 
            "g" :	0.43438158708375535
        }, 
        "893000000.0" :	{
            "f" :	0.24565284618981395, 
            "g" :	0.42605449406221707
        }, 
        "906500000.0" :	{
            "f" :	0.09260791763071512, 
            "g" :	0.41854830408939714
        }, 
        "920000000.0" :	{
            "f" :	0.9256422557325327, 
            "g" :	0.41194527985426643
        }, 
        "933500000.0" :	{
            "f" :	0.9815415122106226, 
            "g" :	0.4063421306084162
        }, 
        "947000000.0" :	{
            "f" :	0.9895052852527504, 
            "g" :	0.40193991298509146
        }, 
        "960500000.0" :	{
            "f" :	0.9919956480549494, 
            "g" :	0.39887732441667506
        }, 
        "974000000.0" :	{
            "f" :	0.9930969617698581, 
            "g" :	0.39732035970871826
        }
    }
}