{
    "geometry" :	{
        "items" :	3, 
        "0" :	"feed", 
        "1" :	"ground plane", 
        "2" :	"radiating plane", 
        "feed" :	{
            "items" :	2, 
            "0" :	"center", 
            "1" :	"width", 
            "center" :	54.022, 
            "width" :	1.613
        }, 
        "ground plane" :	{
            "items" :	5, 
            "0" :	"l", 
            "1" :	"w", 
            "2" :	"x", 
            "3" :	"y", 
            "4" :	"slots", 
            "l" :	84.23, 
            "w" :	107.864, 
            "x" :	-0.278, 
            "y" :	-0.38, 
            "slots" :	{
                "items" :	4, 
                "0" :	"elliptical", 
                "1" :	"rectangular", 
                "2" :	"triangular", 
                "3" :	"polygonal", 
                "elliptical" :	{
                    "items" :	0
                }, 
                "rectangular" :	{
                    "items" :	0
                }, 
                "triangular" :	{
                    "items" :	0
                }, 
                "polygonal" :	{
                    "items" :	0
                }
            }
        }, 
        "radiating plane" :	{
            "items" :	5, 
            "0" :	"l", 
            "1" :	"w", 
            "2" :	"x", 
            "3" :	"y", 
            "4" :	"slots", 
            "l" :	75.974, 
            "w" :	99.127, 
            "x" :	4.845, 
            "y" :	4.694, 
            "slots" :	{
                "items" :	4, 
                "0" :	"elliptical", 
                "1" :	"rectangular", 
                "2" :	"triangular", 
                "3" :	"polygonal", 
                "elliptical" :	{
                    "items" :	0
                }, 
                "rectangular" :	{
                    "items" :	0
                }, 
                "triangular" :	{
                    "items" :	0
                }, 
                "polygonal" :	{
                    "items" :	0
                }
            }
        }, 
        "substrate" :	{
            "items" :	4, 
            "0" :	"l", 
            "1" :	"w", 
            "2" :	"x", 
            "3" :	"h", 
            "l" :	84.23, 
            "w" :	107.864, 
            "h" :	1.6, 
            "x" :	-0.278, 
            "y" :	-0.38, 
            "permitivitty" :	4.4, 
            "loss" :	0.02, 
            "name" :	"FR4"
        }
    }, 
    "fitness" :	{
        "items" :	1, 
        "0" :	"final", 
        "1" :	"freq", 
        "lower" :	1.4034120425707812, 
        "desired" :	1.2218573238537755, 
        "upper" :	0.948178005733741, 
        "area" :	0.9592503954141014, 
        "freq" :	1.0219990506028462, 
        "final" :	1.7235993697435261, 
        "resonant" :	947000000.0, 
        "dir" :	"C:\\Users\\project\\0. My Work\\1. Repositories\\1. Very Unfriendly Train\\Data\\Simulations\\637073340737287808_Primary\\637073347692390528_9\\9.out", 
        "866000000.0" :	{
            "f" :	0.9937044700574922, 
            "g" :	0.42273524368511645
        }, 
        "879500000.0" :	{
            "f" :	0.9929013968338675, 
            "g" :	0.41066205279051343
        }, 
        "893000000.0" :	{
            "f" :	0.9912055405081951, 
            "g" :	0.3990274238371596
        }, 
        "906500000.0" :	{
            "f" :	0.9865096700630711, 
            "g" :	0.3879529130673804
        }, 
        "920000000.0" :	{
            "f" :	0.963666321442168, 
            "g" :	0.37750214860896025
        }, 
        "933500000.0" :	{
            "f" :	0.5821486304854564, 
            "g" :	0.36779228789429036
        }, 
        "947000000.0" :	{
            "f" :	0.004521408759493145, 
            "g" :	0.3589018851911631
        }, 
        "960500000.0" :	{
            "f" :	0.814038298290236, 
            "g" :	0.3509641212781795
        }, 
        "974000000.0" :	{
            "f" :	0.9721316607993183, 
            "g" :	0.3439766428828329
        }
    }
}