{
    "geometry" :	{
        "items" :	3, 
        "0" :	"feed", 
        "1" :	"ground plane", 
        "2" :	"radiating plane", 
        "feed" :	{
            "items" :	2, 
            "0" :	"center", 
            "1" :	"width", 
            "center" :	54.057, 
            "width" :	1.552
        }, 
        "ground plane" :	{
            "items" :	5, 
            "0" :	"l", 
            "1" :	"w", 
            "2" :	"x", 
            "3" :	"y", 
            "4" :	"slots", 
            "l" :	84.028, 
            "w" :	103.18, 
            "x" :	-0.254, 
            "y" :	-1.384, 
            "slots" :	{
                "items" :	4, 
                "0" :	"elliptical", 
                "1" :	"rectangular", 
                "2" :	"triangular", 
                "3" :	"polygonal", 
                "elliptical" :	{
                    "items" :	0
                }, 
                "rectangular" :	{
                    "items" :	3, 
                    "0" :	{
                        "items" :	4, 
                        "0" :	"x", 
                        "1" :	"y", 
                        "2" :	"l", 
                        "3" :	"w", 
                        "x" :	18.955, 
                        "y" :	-5.029, 
                        "z" :	0.0, 
                        "l" :	26.0, 
                        "w" :	7.619, 
                        "type" :	"rectangular", 
                        "id" :	"637073365258125696"
                    }, 
                    "1" :	{
                        "items" :	4, 
                        "0" :	"x", 
                        "1" :	"y", 
                        "2" :	"l", 
                        "3" :	"w", 
                        "x" :	57.215, 
                        "y" :	105.441, 
                        "z" :	0.0, 
                        "l" :	8.361, 
                        "w" :	17.91, 
                        "type" :	"rectangular", 
                        "id" :	"637073369376184064"
                    }, 
                    "2" :	{
                        "items" :	4, 
                        "0" :	"x", 
                        "1" :	"y", 
                        "2" :	"l", 
                        "3" :	"w", 
                        "x" :	3.313, 
                        "y" :	18.843, 
                        "z" :	0.0, 
                        "l" :	14.083, 
                        "w" :	4.857, 
                        "type" :	"rectangular", 
                        "id" :	"637073373190798976"
                    }
                }, 
                "triangular" :	{
                    "items" :	0
                }, 
                "polygonal" :	{
                    "items" :	0
                }
            }
        }, 
        "radiating plane" :	{
            "items" :	5, 
            "0" :	"l", 
            "1" :	"w", 
            "2" :	"x", 
            "3" :	"y", 
            "4" :	"slots", 
            "l" :	76.241, 
            "w" :	94.81, 
            "x" :	3.153, 
            "y" :	2.362, 
            "slots" :	{
                "items" :	4, 
                "0" :	"elliptical", 
                "1" :	"rectangular", 
                "2" :	"triangular", 
                "3" :	"polygonal", 
                "elliptical" :	{
                    "items" :	0
                }, 
                "rectangular" :	{
                    "items" :	0
                }, 
                "triangular" :	{
                    "items" :	0
                }, 
                "polygonal" :	{
                    "items" :	0
                }
            }
        }, 
        "substrate" :	{
            "items" :	4, 
            "0" :	"l", 
            "1" :	"w", 
            "2" :	"x", 
            "3" :	"h", 
            "l" :	84.028, 
            "w" :	103.18, 
            "h" :	1.6, 
            "x" :	-0.254, 
            "y" :	-1.384, 
            "permitivitty" :	4.4, 
            "loss" :	0.02, 
            "name" :	"FR4"
        }
    }, 
    "fitness" :	{
        "items" :	1, 
        "0" :	"final", 
        "1" :	"freq", 
        "lower" :	1.3970214217984684, 
        "desired" :	0.9933693032978453, 
        "upper" :	1.1005179476601243, 
        "area" :	0.9153943235398659, 
        "freq" :	0.8691312305443677, 
        "final" :	1.464377779649614, 
        "resonant" :	933500000.0, 
        "dir" :	"C:\\Users\\project\\0. My Work\\1. Repositories\\1. Very Unfriendly Train\\Data\\Simulations\\637073364910614272_Primary\\637073373190917376_5\\5.out", 
        "866000000.0" :	{
            "f" :	0.9933022720700765, 
            "g" :	0.4184115318661204
        }, 
        "879500000.0" :	{
            "f" :	0.9921065718555383, 
            "g" :	0.40543241802518487
        }, 
        "893000000.0" :	{
            "f" :	0.989216186796679, 
            "g" :	0.3925952847818062
        }, 
        "906500000.0" :	{
            "f" :	0.9787766191546331, 
            "g" :	0.3800016250096321
        }, 
        "920000000.0" :	{
            "f" :	0.8827499695548815, 
            "g" :	0.36776588779604097
        }, 
        "933500000.0" :	{
            "f" :	0.014827497877197261, 
            "g" :	0.3559863105011509
        }, 
        "947000000.0" :	{
            "f" :	0.36687035858149986, 
            "g" :	0.3447275196510848
        }, 
        "960500000.0" :	{
            "f" :	0.9484005865102526, 
            "g" :	0.3340957266169931
        }, 
        "974000000.0" :	{
            "f" :	0.9832566114206535, 
            "g" :	0.32420304019988905
        }
    }
}