{
    "geometry" :	{
        "items" :	3, 
        "0" :	"feed", 
        "1" :	"ground plane", 
        "2" :	"radiating plane", 
        "feed" :	{
            "items" :	2, 
            "0" :	"center", 
            "1" :	"width", 
            "center" :	54.068, 
            "width" :	1.582
        }, 
        "ground plane" :	{
            "items" :	5, 
            "0" :	"l", 
            "1" :	"w", 
            "2" :	"x", 
            "3" :	"y", 
            "4" :	"slots", 
            "l" :	88.603, 
            "w" :	107.582, 
            "x" :	-0.108, 
            "y" :	0.169, 
            "slots" :	{
                "items" :	4, 
                "0" :	"elliptical", 
                "1" :	"rectangular", 
                "2" :	"triangular", 
                "3" :	"polygonal", 
                "elliptical" :	{
                    "items" :	0
                }, 
                "rectangular" :	{
                    "items" :	1, 
                    "0" :	{
                        "items" :	4, 
                        "0" :	"x", 
                        "1" :	"y", 
                        "2" :	"l", 
                        "3" :	"w", 
                        "x" :	64.801, 
                        "y" :	32.596, 
                        "z" :	0.0, 
                        "l" :	8.565, 
                        "w" :	10.835, 
                        "type" :	"rectangular", 
                        "id" :	"637073406595101056"
                    }
                }, 
                "triangular" :	{
                    "items" :	0
                }, 
                "polygonal" :	{
                    "items" :	0
                }
            }
        }, 
        "radiating plane" :	{
            "items" :	5, 
            "0" :	"l", 
            "1" :	"w", 
            "2" :	"x", 
            "3" :	"y", 
            "4" :	"slots", 
            "l" :	77.782, 
            "w" :	99.5, 
            "x" :	4.491, 
            "y" :	4.691, 
            "slots" :	{
                "items" :	4, 
                "0" :	"elliptical", 
                "1" :	"rectangular", 
                "2" :	"triangular", 
                "3" :	"polygonal", 
                "elliptical" :	{
                    "items" :	0
                }, 
                "rectangular" :	{
                    "items" :	0
                }, 
                "triangular" :	{
                    "items" :	0
                }, 
                "polygonal" :	{
                    "items" :	0
                }
            }
        }, 
        "substrate" :	{
            "items" :	4, 
            "0" :	"l", 
            "1" :	"w", 
            "2" :	"x", 
            "3" :	"h", 
            "l" :	88.603, 
            "w" :	107.582, 
            "h" :	1.6, 
            "x" :	-0.108, 
            "y" :	0.169, 
            "permitivitty" :	4.4, 
            "loss" :	0.02, 
            "name" :	"FR4"
        }
    }, 
    "fitness" :	{
        "items" :	1, 
        "0" :	"final", 
        "1" :	"freq", 
        "lower" :	1.3351196697780654, 
        "desired" :	0.8509421407021523, 
        "upper" :	1.275078023683339, 
        "area" :	1.0064140829605386, 
        "freq" :	0.7728985716068091, 
        "final" :	1.487012725731824, 
        "resonant" :	920000000.0, 
        "dir" :	"C:\\Users\\project\\0. My Work\\1. Repositories\\1. Very Unfriendly Train\\Data\\Simulations\\637073406086594944_Primary\\637073406595210624_1\\1.out", 
        "890000000.0" :	{
            "f" :	0.9821194603508892, 
            "g" :	0.35300020942717625
        }, 
        "905000000.0" :	{
            "f" :	0.8931186406360522, 
            "g" :	0.33868517738006887
        }, 
        "920000000.0" :	{
            "f" :	0.0027736877084030887, 
            "g" :	0.32559855262252196
        }, 
        "935000000.0" :	{
            "f" :	0.6787136789453952, 
            "g" :	0.3139366848140158
        }, 
        "950000000.0" :	{
            "f" :	0.9711956073694638, 
            "g" :	0.30388241631387536
        }
    }
}