{
    "geometry" :	{
        "items" :	3, 
        "0" :	"feed", 
        "1" :	"ground plane", 
        "2" :	"radiating plane", 
        "feed" :	{
            "items" :	2, 
            "0" :	"center", 
            "1" :	"width", 
            "center" :	54.429, 
            "width" :	1.606
        }, 
        "ground plane" :	{
            "items" :	5, 
            "0" :	"l", 
            "1" :	"w", 
            "2" :	"x", 
            "3" :	"y", 
            "4" :	"slots", 
            "l" :	86.411, 
            "w" :	100.337, 
            "x" :	-0.915, 
            "y" :	-1.305, 
            "slots" :	{
                "items" :	4, 
                "0" :	"elliptical", 
                "1" :	"rectangular", 
                "2" :	"triangular", 
                "3" :	"polygonal", 
                "elliptical" :	{
                    "items" :	0
                }, 
                "rectangular" :	{
                    "items" :	2, 
                    "0" :	{
                        "items" :	4, 
                        "0" :	"x", 
                        "1" :	"y", 
                        "2" :	"l", 
                        "3" :	"w", 
                        "x" :	43.525, 
                        "y" :	87.568, 
                        "z" :	0.0, 
                        "l" :	5.831, 
                        "w" :	21.472, 
                        "type" :	"rectangular", 
                        "id" :	"637073412471224832"
                    }, 
                    "1" :	{
                        "items" :	4, 
                        "0" :	"x", 
                        "1" :	"y", 
                        "2" :	"l", 
                        "3" :	"w", 
                        "x" :	64.895, 
                        "y" :	44.695, 
                        "z" :	0.0, 
                        "l" :	8.964, 
                        "w" :	23.994, 
                        "type" :	"rectangular", 
                        "id" :	"637073420663162624"
                    }
                }, 
                "triangular" :	{
                    "items" :	1, 
                    "0" :	{
                        "items" :	3, 
                        "0" :	{
                            "items" :	2, 
                            "0" :	"x", 
                            "1" :	"y", 
                            "x" :	19.809, 
                            "y" :	21.07, 
                            "z" :	0.0
                        }, 
                        "1" :	{
                            "items" :	2, 
                            "0" :	"x", 
                            "1" :	"y", 
                            "x" :	14.441, 
                            "y" :	32.718, 
                            "z" :	0.0
                        }, 
                        "2" :	{
                            "items" :	2, 
                            "0" :	"x", 
                            "1" :	"y", 
                            "x" :	42.672, 
                            "y" :	23.48, 
                            "z" :	0.0
                        }, 
                        "type" :	"triangular", 
                        "id" :	"637073418639024640"
                    }
                }, 
                "polygonal" :	{
                    "items" :	0
                }
            }
        }, 
        "radiating plane" :	{
            "items" :	5, 
            "0" :	"l", 
            "1" :	"w", 
            "2" :	"x", 
            "3" :	"y", 
            "4" :	"slots", 
            "l" :	72.763, 
            "w" :	94.331, 
            "x" :	4.096, 
            "y" :	6.089, 
            "slots" :	{
                "items" :	4, 
                "0" :	"elliptical", 
                "1" :	"rectangular", 
                "2" :	"triangular", 
                "3" :	"polygonal", 
                "elliptical" :	{
                    "items" :	0
                }, 
                "rectangular" :	{
                    "items" :	0
                }, 
                "triangular" :	{
                    "items" :	2, 
                    "0" :	{
                        "items" :	3, 
                        "0" :	{
                            "items" :	2, 
                            "0" :	"x", 
                            "1" :	"y", 
                            "x" :	67.572, 
                            "y" :	63.674, 
                            "z" :	1.6
                        }, 
                        "1" :	{
                            "items" :	2, 
                            "0" :	"x", 
                            "1" :	"y", 
                            "x" :	63.788, 
                            "y" :	65.746, 
                            "z" :	1.6
                        }, 
                        "2" :	{
                            "items" :	2, 
                            "0" :	"x", 
                            "1" :	"y", 
                            "x" :	66.191, 
                            "y" :	64.166, 
                            "z" :	1.6
                        }, 
                        "type" :	"triangular", 
                        "id" :	"637073409878348416"
                    }, 
                    "1" :	{
                        "items" :	3, 
                        "0" :	{
                            "items" :	2, 
                            "0" :	"x", 
                            "1" :	"y", 
                            "x" :	68.632, 
                            "y" :	29.919, 
                            "z" :	1.6
                        }, 
                        "1" :	{
                            "items" :	2, 
                            "0" :	"x", 
                            "1" :	"y", 
                            "x" :	70.329, 
                            "y" :	28.89, 
                            "z" :	1.6
                        }, 
                        "2" :	{
                            "items" :	2, 
                            "0" :	"x", 
                            "1" :	"y", 
                            "x" :	69.922, 
                            "y" :	29.884, 
                            "z" :	1.6
                        }, 
                        "type" :	"triangular", 
                        "id" :	"637073420663172608"
                    }
                }, 
                "polygonal" :	{
                    "items" :	0
                }
            }
        }, 
        "substrate" :	{
            "items" :	4, 
            "0" :	"l", 
            "1" :	"w", 
            "2" :	"x", 
            "3" :	"h", 
            "l" :	86.411, 
            "w" :	101.775, 
            "h" :	1.6, 
            "x" :	-0.915, 
            "y" :	-1.305, 
            "permitivitty" :	4.4, 
            "loss" :	0.02, 
            "name" :	"FR4"
        }
    }, 
    "fitness" :	{
        "items" :	1, 
        "0" :	"final", 
        "1" :	"freq", 
        "lower" :	1.2618282854071396, 
        "desired" :	0.6881847648279344, 
        "upper" :	1.1846572989995923, 
        "area" :	0.9285361293778509, 
        "freq" :	0.6482176045891406, 
        "final" :	1.2337316543353682, 
        "resonant" :	920000000.0, 
        "dir" :	"C:\\Users\\project\\0. My Work\\1. Repositories\\1. Very Unfriendly Train\\Data\\Simulations\\637073406086594944_Primary\\637073420663192320_6\\6.out", 
        "890000000.0" :	{
            "f" :	0.9780758831454428, 
            "g" :	0.2837524022616969
        }, 
        "905000000.0" :	{
            "f" :	0.8740735662450484, 
            "g" :	0.2672992737119754
        }, 
        "920000000.0" :	{
            "f" :	0.011683023509719517, 
            "g" :	0.25323228208269644
        }, 
        "935000000.0" :	{
            "f" :	0.4165221943025437, 
            "g" :	0.24174395463182002
        }, 
        "950000000.0" :	{
            "f" :	0.9516255570980979, 
            "g" :	0.23303174190149423
        }
    }
}