{
    "geometry" :	{
        "items" :	3, 
        "0" :	"feed", 
        "1" :	"ground plane", 
        "2" :	"radiating plane", 
        "feed" :	{
            "items" :	2, 
            "0" :	"center", 
            "1" :	"width", 
            "center" :	55.072, 
            "width" :	1.59
        }, 
        "ground plane" :	{
            "items" :	5, 
            "0" :	"l", 
            "1" :	"w", 
            "2" :	"x", 
            "3" :	"y", 
            "4" :	"slots", 
            "l" :	82.152, 
            "w" :	81.165, 
            "x" :	-1.521, 
            "y" :	-2.076, 
            "slots" :	{
                "items" :	4, 
                "0" :	"elliptical", 
                "1" :	"rectangular", 
                "2" :	"triangular", 
                "3" :	"polygonal", 
                "elliptical" :	{
                    "items" :	0
                }, 
                "rectangular" :	{
                    "items" :	1, 
                    "0" :	{
                        "items" :	4, 
                        "0" :	"x", 
                        "1" :	"y", 
                        "2" :	"l", 
                        "3" :	"w", 
                        "x" :	78.01, 
                        "y" :	52.553, 
                        "z" :	0.0, 
                        "l" :	20.526, 
                        "w" :	1.166, 
                        "type" :	"rectangular", 
                        "id" :	"637073386951325440"
                    }
                }, 
                "triangular" :	{
                    "items" :	1, 
                    "0" :	{
                        "items" :	3, 
                        "0" :	{
                            "items" :	2, 
                            "0" :	"x", 
                            "1" :	"y", 
                            "x" :	20.118, 
                            "y" :	3.935, 
                            "z" :	0.0
                        }, 
                        "1" :	{
                            "items" :	2, 
                            "0" :	"x", 
                            "1" :	"y", 
                            "x" :	40.015, 
                            "y" :	26.114, 
                            "z" :	0.0
                        }, 
                        "2" :	{
                            "items" :	2, 
                            "0" :	"x", 
                            "1" :	"y", 
                            "x" :	35.836, 
                            "y" :	28.178, 
                            "z" :	0.0
                        }, 
                        "type" :	"triangular", 
                        "id" :	"637073393613844352"
                    }
                }, 
                "polygonal" :	{
                    "items" :	0
                }
            }
        }, 
        "radiating plane" :	{
            "items" :	5, 
            "0" :	"l", 
            "1" :	"w", 
            "2" :	"x", 
            "3" :	"y", 
            "4" :	"slots", 
            "l" :	77.165, 
            "w" :	89.978, 
            "x" :	2.529, 
            "y" :	4.078, 
            "slots" :	{
                "items" :	4, 
                "0" :	"elliptical", 
                "1" :	"rectangular", 
                "2" :	"triangular", 
                "3" :	"polygonal", 
                "elliptical" :	{
                    "items" :	0
                }, 
                "rectangular" :	{
                    "items" :	1, 
                    "0" :	{
                        "items" :	4, 
                        "0" :	"x", 
                        "1" :	"y", 
                        "2" :	"l", 
                        "3" :	"w", 
                        "x" :	13.892, 
                        "y" :	43.078, 
                        "z" :	1.6, 
                        "l" :	5.93, 
                        "w" :	1.004, 
                        "type" :	"rectangular", 
                        "id" :	"637073373190698496"
                    }
                }, 
                "triangular" :	{
                    "items" :	2, 
                    "0" :	{
                        "items" :	3, 
                        "0" :	{
                            "items" :	2, 
                            "0" :	"x", 
                            "1" :	"y", 
                            "x" :	63.487, 
                            "y" :	75.208, 
                            "z" :	1.6
                        }, 
                        "1" :	{
                            "items" :	2, 
                            "0" :	"x", 
                            "1" :	"y", 
                            "x" :	58.964, 
                            "y" :	74.425, 
                            "z" :	1.6
                        }, 
                        "2" :	{
                            "items" :	2, 
                            "0" :	"x", 
                            "1" :	"y", 
                            "x" :	57.092, 
                            "y" :	75.908, 
                            "z" :	1.6
                        }, 
                        "type" :	"triangular", 
                        "id" :	"637073386951335424"
                    }, 
                    "1" :	{
                        "items" :	3, 
                        "0" :	{
                            "items" :	2, 
                            "0" :	"x", 
                            "1" :	"y", 
                            "x" :	32.969, 
                            "y" :	14.933, 
                            "z" :	1.6
                        }, 
                        "1" :	{
                            "items" :	2, 
                            "0" :	"x", 
                            "1" :	"y", 
                            "x" :	33.211, 
                            "y" :	14.727, 
                            "z" :	1.6
                        }, 
                        "2" :	{
                            "items" :	2, 
                            "0" :	"x", 
                            "1" :	"y", 
                            "x" :	32.543, 
                            "y" :	12.024, 
                            "z" :	1.6
                        }, 
                        "type" :	"triangular", 
                        "id" :	"637073393613864320"
                    }
                }, 
                "polygonal" :	{
                    "items" :	0
                }
            }
        }, 
        "substrate" :	{
            "items" :	4, 
            "0" :	"l", 
            "1" :	"w", 
            "2" :	"x", 
            "3" :	"h", 
            "l" :	82.152, 
            "w" :	96.18199999999999, 
            "h" :	1.6, 
            "x" :	-1.521, 
            "y" :	-2.076, 
            "permitivitty" :	4.4, 
            "loss" :	0.02, 
            "name" :	"FR4"
        }
    }, 
    "fitness" :	{
        "items" :	1, 
        "0" :	"final", 
        "1" :	"freq", 
        "lower" :	1.2753463676360257, 
        "desired" :	0.8961157464706412, 
        "upper" :	1.410956278040434, 
        "area" :	0.8342584400843938, 
        "freq" :	0.8062332776805328, 
        "final" :	1.2136893378533715, 
        "resonant" :	920000000.0, 
        "dir" :	"C:\\Users\\project\\0. My Work\\1. Repositories\\1. Very Unfriendly Train\\Data\\Simulations\\637073364910614272_Primary\\637073393614043776_4\\4.out", 
        "866000000.0" :	{
            "f" :	0.22212365626422767, 
            "g" :	0.5560277108483461
        }, 
        "879500000.0" :	{
            "f" :	0.9561049725271115, 
            "g" :	0.585649210647307
        }, 
        "893000000.0" :	{
            "f" :	0.9708240356348128, 
            "g" :	0.535309516986272
        }, 
        "906500000.0" :	{
            "f" :	0.9213331608449971, 
            "g" :	0.49970104373562557
        }, 
        "920000000.0" :	{
            "f" :	0.15706016105224188, 
            "g" :	0.4797176332584354
        }, 
        "933500000.0" :	{
            "f" :	0.16341980565832914, 
            "g" :	0.4671154348622946
        }, 
        "947000000.0" :	{
            "f" :	0.9254768980838946, 
            "g" :	0.45684834309199596
        }, 
        "960500000.0" :	{
            "f" :	0.9798224345482209, 
            "g" :	0.4466454434188512
        }, 
        "974000000.0" :	{
            "f" :	0.9884242543967756, 
            "g" :	0.43565146058156407
        }
    }
}