{
    "geometry" :	{
        "items" :	3, 
        "0" :	"feed", 
        "1" :	"ground plane", 
        "2" :	"radiating plane", 
        "feed" :	{
            "items" :	2, 
            "0" :	"center", 
            "1" :	"width", 
            "center" :	55.409, 
            "width" :	1.6
        }, 
        "ground plane" :	{
            "items" :	5, 
            "0" :	"l", 
            "1" :	"w", 
            "2" :	"x", 
            "3" :	"y", 
            "4" :	"slots", 
            "l" :	84.512, 
            "w" :	104.946, 
            "x" :	-0.391, 
            "y" :	-0.139, 
            "slots" :	{
                "items" :	4, 
                "0" :	"elliptical", 
                "1" :	"rectangular", 
                "2" :	"triangular", 
                "3" :	"polygonal", 
                "elliptical" :	{
                    "items" :	0
                }, 
                "rectangular" :	{
                    "items" :	1, 
                    "0" :	{
                        "items" :	4, 
                        "0" :	"x", 
                        "1" :	"y", 
                        "2" :	"l", 
                        "3" :	"w", 
                        "x" :	74.157, 
                        "y" :	15.007, 
                        "z" :	0.0, 
                        "l" :	21.903, 
                        "w" :	13.605, 
                        "type" :	"rectangular", 
                        "id" :	"637073406595140992"
                    }
                }, 
                "triangular" :	{
                    "items" :	0
                }, 
                "polygonal" :	{
                    "items" :	0
                }
            }
        }, 
        "radiating plane" :	{
            "items" :	5, 
            "0" :	"l", 
            "1" :	"w", 
            "2" :	"x", 
            "3" :	"y", 
            "4" :	"slots", 
            "l" :	76.205, 
            "w" :	97.574, 
            "x" :	4.567, 
            "y" :	4.133, 
            "slots" :	{
                "items" :	4, 
                "0" :	"elliptical", 
                "1" :	"rectangular", 
                "2" :	"triangular", 
                "3" :	"polygonal", 
                "elliptical" :	{
                    "items" :	0
                }, 
                "rectangular" :	{
                    "items" :	0
                }, 
                "triangular" :	{
                    "items" :	1, 
                    "0" :	{
                        "items" :	3, 
                        "0" :	{
                            "items" :	2, 
                            "0" :	"x", 
                            "1" :	"y", 
                            "x" :	61.478, 
                            "y" :	86.198, 
                            "z" :	1.6
                        }, 
                        "1" :	{
                            "items" :	2, 
                            "0" :	"x", 
                            "1" :	"y", 
                            "x" :	63.017, 
                            "y" :	88.682, 
                            "z" :	1.6
                        }, 
                        "2" :	{
                            "items" :	2, 
                            "0" :	"x", 
                            "1" :	"y", 
                            "x" :	60.632, 
                            "y" :	88.034, 
                            "z" :	1.6
                        }, 
                        "type" :	"triangular", 
                        "id" :	"637073406595140992"
                    }
                }, 
                "polygonal" :	{
                    "items" :	0
                }
            }
        }, 
        "substrate" :	{
            "items" :	4, 
            "0" :	"l", 
            "1" :	"w", 
            "2" :	"x", 
            "3" :	"h", 
            "l" :	84.512, 
            "w" :	104.946, 
            "h" :	1.6, 
            "x" :	-0.391, 
            "y" :	-0.139, 
            "permitivitty" :	4.4, 
            "loss" :	0.02, 
            "name" :	"FR4"
        }
    }, 
    "fitness" :	{
        "items" :	1, 
        "0" :	"final", 
        "1" :	"freq", 
        "lower" :	1.4054071433149087, 
        "desired" :	1.276699566956765, 
        "upper" :	0.3797664408120117, 
        "area" :	0.9364248592503527, 
        "freq" :	1.0321376260921031, 
        "final" :	1.6935427611877363, 
        "resonant" :	950000000.0, 
        "dir" :	"C:\\Users\\project\\0. My Work\\1. Repositories\\1. Very Unfriendly Train\\Data\\Simulations\\637073406086594944_Primary\\637073406595210624_3\\3.out", 
        "890000000.0" :	{
            "f" :	0.9919770994443935, 
            "g" :	0.41343004387051524
        }, 
        "905000000.0" :	{
            "f" :	0.9883906438066388, 
            "g" :	0.40131187978830685
        }, 
        "920000000.0" :	{
            "f" :	0.972032152432426, 
            "g" :	0.3902231159229095
        }, 
        "935000000.0" :	{
            "f" :	0.6978330053871363, 
            "g" :	0.38030790353287686
        }, 
        "950000000.0" :	{
            "f" :	0.008072928107020223, 
            "g" :	0.3716935127049915
        }
    }
}