{
    "geometry" :	{
        "items" :	3, 
        "0" :	"feed", 
        "1" :	"ground plane", 
        "2" :	"radiating plane", 
        "feed" :	{
            "items" :	2, 
            "0" :	"center", 
            "1" :	"width", 
            "center" :	54.779, 
            "width" :	1.612
        }, 
        "ground plane" :	{
            "items" :	5, 
            "0" :	"l", 
            "1" :	"w", 
            "2" :	"x", 
            "3" :	"y", 
            "4" :	"slots", 
            "l" :	84.464, 
            "w" :	106.229, 
            "x" :	-0.227, 
            "y" :	-0.253, 
            "slots" :	{
                "items" :	4, 
                "0" :	"elliptical", 
                "1" :	"rectangular", 
                "2" :	"triangular", 
                "3" :	"polygonal", 
                "elliptical" :	{
                    "items" :	0
                }, 
                "rectangular" :	{
                    "items" :	0
                }, 
                "triangular" :	{
                    "items" :	1, 
                    "0" :	{
                        "items" :	3, 
                        "0" :	{
                            "items" :	2, 
                            "0" :	"x", 
                            "1" :	"y", 
                            "x" :	69.509, 
                            "y" :	70.632, 
                            "z" :	0.0
                        }, 
                        "1" :	{
                            "items" :	2, 
                            "0" :	"x", 
                            "1" :	"y", 
                            "x" :	61.21, 
                            "y" :	61.932, 
                            "z" :	0.0
                        }, 
                        "2" :	{
                            "items" :	2, 
                            "0" :	"x", 
                            "1" :	"y", 
                            "x" :	65.034, 
                            "y" :	69.307, 
                            "z" :	0.0
                        }, 
                        "type" :	"triangular", 
                        "id" :	"637073341092982528"
                    }
                }, 
                "polygonal" :	{
                    "items" :	0
                }
            }
        }, 
        "radiating plane" :	{
            "items" :	5, 
            "0" :	"l", 
            "1" :	"w", 
            "2" :	"x", 
            "3" :	"y", 
            "4" :	"slots", 
            "l" :	76.93, 
            "w" :	97.392, 
            "x" :	5.158, 
            "y" :	4.348, 
            "slots" :	{
                "items" :	4, 
                "0" :	"elliptical", 
                "1" :	"rectangular", 
                "2" :	"triangular", 
                "3" :	"polygonal", 
                "elliptical" :	{
                    "items" :	0
                }, 
                "rectangular" :	{
                    "items" :	0
                }, 
                "triangular" :	{
                    "items" :	0
                }, 
                "polygonal" :	{
                    "items" :	0
                }
            }
        }, 
        "substrate" :	{
            "items" :	4, 
            "0" :	"l", 
            "1" :	"w", 
            "2" :	"x", 
            "3" :	"h", 
            "l" :	84.464, 
            "w" :	106.229, 
            "h" :	1.6, 
            "x" :	-0.227, 
            "y" :	-0.253, 
            "permitivitty" :	4.4, 
            "loss" :	0.02, 
            "name" :	"FR4"
        }
    }, 
    "fitness" :	{
        "items" :	1, 
        "0" :	"final", 
        "1" :	"freq", 
        "lower" :	1.4244135583529227, 
        "desired" :	0.8564378939969445, 
        "upper" :	1.3435830476794826, 
        "area" :	0.9473346065340209, 
        "freq" :	0.7877608306418337, 
        "final" :	1.426193675599174, 
        "resonant" :	933500000.0, 
        "dir" :	"C:\\Users\\project\\0. My Work\\1. Repositories\\1. Very Unfriendly Train\\Data\\Simulations\\637073340737287808_Primary\\637073341092982528_8\\8.out", 
        "866000000.0" :	{
            "f" :	0.9925824897463915, 
            "g" :	0.4453021497438477
        }, 
        "879500000.0" :	{
            "f" :	0.9904662091687298, 
            "g" :	0.43521062257320137
        }, 
        "893000000.0" :	{
            "f" :	0.9840633167490676, 
            "g" :	0.42561588707753045
        }, 
        "906500000.0" :	{
            "f" :	0.9462722148927625, 
            "g" :	0.4165781706427055
        }, 
        "920000000.0" :	{
            "f" :	0.3168974733973375, 
            "g" :	0.4081831766883381
        }, 
        "933500000.0" :	{
            "f" :	0.0808539939757534, 
            "g" :	0.4005286523939365
        }, 
        "947000000.0" :	{
            "f" :	0.9003273108398036, 
            "g" :	0.39369736191782523
        }, 
        "960500000.0" :	{
            "f" :	0.9778199720492858, 
            "g" :	0.38778323949905485
        }, 
        "974000000.0" :	{
            "f" :	0.9882482682059514, 
            "g" :	0.3828729905265275
        }
    }
}