{
    "geometry" :	{
        "items" :	3, 
        "0" :	"feed", 
        "1" :	"ground plane", 
        "2" :	"radiating plane", 
        "feed" :	{
            "items" :	2, 
            "0" :	"center", 
            "1" :	"width", 
            "center" :	55.322, 
            "width" :	1.598
        }, 
        "ground plane" :	{
            "items" :	5, 
            "0" :	"l", 
            "1" :	"w", 
            "2" :	"x", 
            "3" :	"y", 
            "4" :	"slots", 
            "l" :	86.134, 
            "w" :	108.595, 
            "x" :	-0.177, 
            "y" :	-0.238, 
            "slots" :	{
                "items" :	4, 
                "0" :	"elliptical", 
                "1" :	"rectangular", 
                "2" :	"triangular", 
                "3" :	"polygonal", 
                "elliptical" :	{
                    "items" :	0
                }, 
                "rectangular" :	{
                    "items" :	1, 
                    "0" :	{
                        "items" :	4, 
                        "0" :	"x", 
                        "1" :	"y", 
                        "2" :	"l", 
                        "3" :	"w", 
                        "x" :	23.114, 
                        "y" :	48.801, 
                        "z" :	0.0, 
                        "l" :	15.925, 
                        "w" :	3.877, 
                        "type" :	"rectangular", 
                        "id" :	"637073344535679360"
                    }
                }, 
                "triangular" :	{
                    "items" :	0
                }, 
                "polygonal" :	{
                    "items" :	0
                }
            }
        }, 
        "radiating plane" :	{
            "items" :	5, 
            "0" :	"l", 
            "1" :	"w", 
            "2" :	"x", 
            "3" :	"y", 
            "4" :	"slots", 
            "l" :	77.764, 
            "w" :	98.487, 
            "x" :	4.588, 
            "y" :	4.58, 
            "slots" :	{
                "items" :	4, 
                "0" :	"elliptical", 
                "1" :	"rectangular", 
                "2" :	"triangular", 
                "3" :	"polygonal", 
                "elliptical" :	{
                    "items" :	0
                }, 
                "rectangular" :	{
                    "items" :	0
                }, 
                "triangular" :	{
                    "items" :	1, 
                    "0" :	{
                        "items" :	3, 
                        "0" :	{
                            "items" :	2, 
                            "0" :	"x", 
                            "1" :	"y", 
                            "x" :	20.069, 
                            "y" :	92.511, 
                            "z" :	1.6
                        }, 
                        "1" :	{
                            "items" :	2, 
                            "0" :	"x", 
                            "1" :	"y", 
                            "x" :	20.942, 
                            "y" :	92.396, 
                            "z" :	1.6
                        }, 
                        "2" :	{
                            "items" :	2, 
                            "0" :	"x", 
                            "1" :	"y", 
                            "x" :	20.313, 
                            "y" :	92.877, 
                            "z" :	1.6
                        }, 
                        "type" :	"triangular", 
                        "id" :	"637073344535679360"
                    }
                }, 
                "polygonal" :	{
                    "items" :	0
                }
            }
        }, 
        "substrate" :	{
            "items" :	4, 
            "0" :	"l", 
            "1" :	"w", 
            "2" :	"x", 
            "3" :	"h", 
            "l" :	86.134, 
            "w" :	108.595, 
            "h" :	1.6, 
            "x" :	-0.177, 
            "y" :	-0.238, 
            "permitivitty" :	4.4, 
            "loss" :	0.02, 
            "name" :	"FR4"
        }
    }, 
    "fitness" :	{
        "items" :	1, 
        "0" :	"final", 
        "1" :	"freq", 
        "lower" :	1.3904363315288528, 
        "desired" :	0.8054087507813242, 
        "upper" :	1.360891209818326, 
        "area" :	0.9875818740338353, 
        "freq" :	0.7500177742177958, 
        "final" :	1.4369752977638814, 
        "resonant" :	906500000.0, 
        "dir" :	"C:\\Users\\project\\0. My Work\\1. Repositories\\1. Very Unfriendly Train\\Data\\Simulations\\637073340737287808_Primary\\637073344535679360_8\\8.out", 
        "866000000.0" :	{
            "f" :	0.9905408320720461, 
            "g" :	0.4309893251272661
        }, 
        "879500000.0" :	{
            "f" :	0.9836493205673116, 
            "g" :	0.42048101731074916
        }, 
        "893000000.0" :	{
            "f" :	0.9350955988653199, 
            "g" :	0.41055290064386585
        }, 
        "906500000.0" :	{
            "f" :	0.1113260953271731, 
            "g" :	0.4012455401036678
        }, 
        "920000000.0" :	{
            "f" :	0.18739902749576665, 
            "g" :	0.3926772238271806
        }, 
        "933500000.0" :	{
            "f" :	0.9386434251558958, 
            "g" :	0.3849349404342889
        }, 
        "947000000.0" :	{
            "f" :	0.9827170369394862, 
            "g" :	0.3781147446409293
        }, 
        "960500000.0" :	{
            "f" :	0.9897799718979226, 
            "g" :	0.37232546623334467
        }, 
        "974000000.0" :	{
            "f" :	0.9920945550701635, 
            "g" :	0.36764185467313154
        }
    }
}