{
    "geometry" :	{
        "items" :	3, 
        "0" :	"feed", 
        "1" :	"ground plane", 
        "2" :	"radiating plane", 
        "feed" :	{
            "items" :	2, 
            "0" :	"center", 
            "1" :	"width", 
            "center" :	54.303, 
            "width" :	1.632
        }, 
        "ground plane" :	{
            "items" :	5, 
            "0" :	"l", 
            "1" :	"w", 
            "2" :	"x", 
            "3" :	"y", 
            "4" :	"slots", 
            "l" :	85.376, 
            "w" :	96.663, 
            "x" :	-0.055, 
            "y" :	-0.521, 
            "slots" :	{
                "items" :	4, 
                "0" :	"elliptical", 
                "1" :	"rectangular", 
                "2" :	"triangular", 
                "3" :	"polygonal", 
                "elliptical" :	{
                    "items" :	0
                }, 
                "rectangular" :	{
                    "items" :	1, 
                    "0" :	{
                        "items" :	4, 
                        "0" :	"x", 
                        "1" :	"y", 
                        "2" :	"l", 
                        "3" :	"w", 
                        "x" :	65.647, 
                        "y" :	77.63, 
                        "z" :	0.0, 
                        "l" :	17.106, 
                        "w" :	20.661, 
                        "type" :	"rectangular", 
                        "id" :	"637073412471264896"
                    }
                }, 
                "triangular" :	{
                    "items" :	1, 
                    "0" :	{
                        "items" :	3, 
                        "0" :	{
                            "items" :	2, 
                            "0" :	"x", 
                            "1" :	"y", 
                            "x" :	72.298, 
                            "y" :	2.463, 
                            "z" :	0.0
                        }, 
                        "1" :	{
                            "items" :	2, 
                            "0" :	"x", 
                            "1" :	"y", 
                            "x" :	84.929, 
                            "y" :	20.398, 
                            "z" :	0.0
                        }, 
                        "2" :	{
                            "items" :	2, 
                            "0" :	"x", 
                            "1" :	"y", 
                            "x" :	75.357, 
                            "y" :	31.823, 
                            "z" :	0.0
                        }, 
                        "type" :	"triangular", 
                        "id" :	"637073409878338432"
                    }
                }, 
                "polygonal" :	{
                    "items" :	0
                }
            }
        }, 
        "radiating plane" :	{
            "items" :	5, 
            "0" :	"l", 
            "1" :	"w", 
            "2" :	"x", 
            "3" :	"y", 
            "4" :	"slots", 
            "l" :	76.251, 
            "w" :	95.723, 
            "x" :	4.283, 
            "y" :	5.411, 
            "slots" :	{
                "items" :	4, 
                "0" :	"elliptical", 
                "1" :	"rectangular", 
                "2" :	"triangular", 
                "3" :	"polygonal", 
                "elliptical" :	{
                    "items" :	0
                }, 
                "rectangular" :	{
                    "items" :	1, 
                    "0" :	{
                        "items" :	4, 
                        "0" :	"x", 
                        "1" :	"y", 
                        "2" :	"l", 
                        "3" :	"w", 
                        "x" :	38.453, 
                        "y" :	6.381, 
                        "z" :	1.6, 
                        "l" :	1.742, 
                        "w" :	1.813, 
                        "type" :	"rectangular", 
                        "id" :	"637073412471274752"
                    }
                }, 
                "triangular" :	{
                    "items" :	0
                }, 
                "polygonal" :	{
                    "items" :	0
                }
            }
        }, 
        "substrate" :	{
            "items" :	4, 
            "0" :	"l", 
            "1" :	"w", 
            "2" :	"x", 
            "3" :	"h", 
            "l" :	85.376, 
            "w" :	101.705, 
            "h" :	1.6, 
            "x" :	-0.055, 
            "y" :	-0.521, 
            "permitivitty" :	4.4, 
            "loss" :	0.02, 
            "name" :	"FR4"
        }
    }, 
    "fitness" :	{
        "items" :	1, 
        "0" :	"final", 
        "1" :	"freq", 
        "lower" :	1.3226811334529553, 
        "desired" :	1.2355888546220724, 
        "upper" :	0.3705829643274048, 
        "area" :	0.9167834662356834, 
        "freq" :	0.9958692427953221, 
        "final" :	1.6117576577407695, 
        "resonant" :	950000000.0, 
        "dir" :	"C:\\Users\\project\\0. My Work\\1. Repositories\\1. Very Unfriendly Train\\Data\\Simulations\\637073406086594944_Primary\\637073412471464192_2\\2.out", 
        "890000000.0" :	{
            "f" :	0.9913066595730853, 
            "g" :	0.3313744738798701
        }, 
        "905000000.0" :	{
            "f" :	0.9874209867091284, 
            "g" :	0.3150897381093824
        }, 
        "920000000.0" :	{
            "f" :	0.9728257020511776, 
            "g" :	0.29968786382194
        }, 
        "935000000.0" :	{
            "f" :	0.8464121023476695, 
            "g" :	0.2853301708269192
        }, 
        "950000000.0" :	{
            "f" :	0.09839380402955065, 
            "g" :	0.2721891602978541
        }
    }
}