{
    "geometry" :	{
        "items" :	3, 
        "0" :	"feed", 
        "1" :	"ground plane", 
        "2" :	"radiating plane", 
        "feed" :	{
            "items" :	2, 
            "0" :	"center", 
            "1" :	"width", 
            "center" :	53.626, 
            "width" :	1.606
        }, 
        "ground plane" :	{
            "items" :	5, 
            "0" :	"l", 
            "1" :	"w", 
            "2" :	"x", 
            "3" :	"y", 
            "4" :	"slots", 
            "l" :	86.142, 
            "w" :	94.25, 
            "x" :	-0.987, 
            "y" :	-0.546, 
            "slots" :	{
                "items" :	4, 
                "0" :	"elliptical", 
                "1" :	"rectangular", 
                "2" :	"triangular", 
                "3" :	"polygonal", 
                "elliptical" :	{
                    "items" :	0
                }, 
                "rectangular" :	{
                    "items" :	0
                }, 
                "triangular" :	{
                    "items" :	2, 
                    "0" :	{
                        "items" :	3, 
                        "0" :	{
                            "items" :	2, 
                            "0" :	"x", 
                            "1" :	"y", 
                            "x" :	71.424, 
                            "y" :	10.28, 
                            "z" :	0.0
                        }, 
                        "1" :	{
                            "items" :	2, 
                            "0" :	"x", 
                            "1" :	"y", 
                            "x" :	89.848, 
                            "y" :	11.707, 
                            "z" :	0.0
                        }, 
                        "2" :	{
                            "items" :	2, 
                            "0" :	"x", 
                            "1" :	"y", 
                            "x" :	72.88, 
                            "y" :	27.341, 
                            "z" :	0.0
                        }, 
                        "type" :	"triangular", 
                        "id" :	"637073409878338432"
                    }, 
                    "1" :	{
                        "items" :	3, 
                        "0" :	{
                            "items" :	2, 
                            "0" :	"x", 
                            "1" :	"y", 
                            "x" :	59.772, 
                            "y" :	58.335, 
                            "z" :	0.0
                        }, 
                        "1" :	{
                            "items" :	2, 
                            "0" :	"x", 
                            "1" :	"y", 
                            "x" :	80.572, 
                            "y" :	72.091, 
                            "z" :	0.0
                        }, 
                        "2" :	{
                            "items" :	2, 
                            "0" :	"x", 
                            "1" :	"y", 
                            "x" :	69.018, 
                            "y" :	63.125, 
                            "z" :	0.0
                        }, 
                        "type" :	"triangular", 
                        "id" :	"637073418638924928"
                    }
                }, 
                "polygonal" :	{
                    "items" :	0
                }
            }
        }, 
        "radiating plane" :	{
            "items" :	5, 
            "0" :	"l", 
            "1" :	"w", 
            "2" :	"x", 
            "3" :	"y", 
            "4" :	"slots", 
            "l" :	74.242, 
            "w" :	95.47, 
            "x" :	4.164, 
            "y" :	5.964, 
            "slots" :	{
                "items" :	4, 
                "0" :	"elliptical", 
                "1" :	"rectangular", 
                "2" :	"triangular", 
                "3" :	"polygonal", 
                "elliptical" :	{
                    "items" :	0
                }, 
                "rectangular" :	{
                    "items" :	1, 
                    "0" :	{
                        "items" :	4, 
                        "0" :	"x", 
                        "1" :	"y", 
                        "2" :	"l", 
                        "3" :	"w", 
                        "x" :	24.811, 
                        "y" :	51.578, 
                        "z" :	1.6, 
                        "l" :	2.465, 
                        "w" :	2.363, 
                        "type" :	"rectangular", 
                        "id" :	"637073418638944896"
                    }
                }, 
                "triangular" :	{
                    "items" :	0
                }, 
                "polygonal" :	{
                    "items" :	0
                }
            }
        }, 
        "substrate" :	{
            "items" :	4, 
            "0" :	"l", 
            "1" :	"w", 
            "2" :	"x", 
            "3" :	"h", 
            "l" :	86.142, 
            "w" :	102.03, 
            "h" :	1.6, 
            "x" :	-0.987, 
            "y" :	-0.546, 
            "permitivitty" :	4.4, 
            "loss" :	0.02, 
            "name" :	"FR4"
        }
    }, 
    "fitness" :	{
        "items" :	1, 
        "0" :	"final", 
        "1" :	"freq", 
        "lower" :	1.3253184242721348, 
        "desired" :	1.2550564671624946, 
        "upper" :	0.32875069823104464, 
        "area" :	0.9279647988012255, 
        "freq" :	1.00762912798843, 
        "final" :	1.648291756355213, 
        "resonant" :	950000000.0, 
        "dir" :	"C:\\Users\\project\\0. My Work\\1. Repositories\\1. Very Unfriendly Train\\Data\\Simulations\\637073406086594944_Primary\\637073418639054336_3\\3.out", 
        "890000000.0" :	{
            "f" :	0.9920851379717256, 
            "g" :	0.3332332863004091
        }, 
        "905000000.0" :	{
            "f" :	0.9892587734937949, 
            "g" :	0.3156384907959432
        }, 
        "920000000.0" :	{
            "f" :	0.979444694030317, 
            "g" :	0.2986686147529905
        }, 
        "935000000.0" :	{
            "f" :	0.8997515140764484, 
            "g" :	0.28240731433798977
        }, 
        "950000000.0" :	{
            "f" :	0.06149109366959285, 
            "g" :	0.2672596045614518
        }
    }
}