{
    "geometry" :	{
        "items" :	3, 
        "0" :	"feed", 
        "1" :	"ground plane", 
        "2" :	"radiating plane", 
        "feed" :	{
            "items" :	2, 
            "0" :	"center", 
            "1" :	"width", 
            "center" :	55.57, 
            "width" :	1.635
        }, 
        "ground plane" :	{
            "items" :	5, 
            "0" :	"l", 
            "1" :	"w", 
            "2" :	"x", 
            "3" :	"y", 
            "4" :	"slots", 
            "l" :	80.923, 
            "w" :	87.76, 
            "x" :	-1.566, 
            "y" :	-1.078, 
            "slots" :	{
                "items" :	4, 
                "0" :	"elliptical", 
                "1" :	"rectangular", 
                "2" :	"triangular", 
                "3" :	"polygonal", 
                "elliptical" :	{
                    "items" :	0
                }, 
                "rectangular" :	{
                    "items" :	2, 
                    "0" :	{
                        "items" :	4, 
                        "0" :	"x", 
                        "1" :	"y", 
                        "2" :	"l", 
                        "3" :	"w", 
                        "x" :	64.57, 
                        "y" :	7.457, 
                        "z" :	0.0, 
                        "l" :	5.255, 
                        "w" :	28.371, 
                        "type" :	"rectangular", 
                        "id" :	"637073381220834944"
                    }, 
                    "1" :	{
                        "items" :	4, 
                        "0" :	"x", 
                        "1" :	"y", 
                        "2" :	"l", 
                        "3" :	"w", 
                        "x" :	72.606, 
                        "y" :	58.521, 
                        "z" :	0.0, 
                        "l" :	20.679, 
                        "w" :	0.074, 
                        "type" :	"rectangular", 
                        "id" :	"637073386951325440"
                    }
                }, 
                "triangular" :	{
                    "items" :	0
                }, 
                "polygonal" :	{
                    "items" :	0
                }
            }
        }, 
        "radiating plane" :	{
            "items" :	5, 
            "0" :	"l", 
            "1" :	"w", 
            "2" :	"x", 
            "3" :	"y", 
            "4" :	"slots", 
            "l" :	75.455, 
            "w" :	91.033, 
            "x" :	3.852, 
            "y" :	4.108, 
            "slots" :	{
                "items" :	4, 
                "0" :	"elliptical", 
                "1" :	"rectangular", 
                "2" :	"triangular", 
                "3" :	"polygonal", 
                "elliptical" :	{
                    "items" :	0
                }, 
                "rectangular" :	{
                    "items" :	1, 
                    "0" :	{
                        "items" :	4, 
                        "0" :	"x", 
                        "1" :	"y", 
                        "2" :	"l", 
                        "3" :	"w", 
                        "x" :	14.669, 
                        "y" :	44.587, 
                        "z" :	1.6, 
                        "l" :	3.791, 
                        "w" :	0.124, 
                        "type" :	"rectangular", 
                        "id" :	"637073373190698496"
                    }
                }, 
                "triangular" :	{
                    "items" :	1, 
                    "0" :	{
                        "items" :	3, 
                        "0" :	{
                            "items" :	2, 
                            "0" :	"x", 
                            "1" :	"y", 
                            "x" :	63.543, 
                            "y" :	76.15, 
                            "z" :	1.6
                        }, 
                        "1" :	{
                            "items" :	2, 
                            "0" :	"x", 
                            "1" :	"y", 
                            "x" :	60.038, 
                            "y" :	76.377, 
                            "z" :	1.6
                        }, 
                        "2" :	{
                            "items" :	2, 
                            "0" :	"x", 
                            "1" :	"y", 
                            "x" :	60.22, 
                            "y" :	76.833, 
                            "z" :	1.6
                        }, 
                        "type" :	"triangular", 
                        "id" :	"637073386951335424"
                    }
                }, 
                "polygonal" :	{
                    "items" :	0
                }
            }
        }, 
        "substrate" :	{
            "items" :	4, 
            "0" :	"l", 
            "1" :	"w", 
            "2" :	"x", 
            "3" :	"h", 
            "l" :	80.923, 
            "w" :	96.269, 
            "h" :	1.6, 
            "x" :	-1.566, 
            "y" :	-1.078, 
            "permitivitty" :	4.4, 
            "loss" :	0.02, 
            "name" :	"FR4"
        }
    }, 
    "fitness" :	{
        "items" :	1, 
        "0" :	"final", 
        "1" :	"freq", 
        "lower" :	1.476731264599677, 
        "desired" :	0.9862370037577911, 
        "upper" :	1.479258244451402, 
        "area" :	0.8225211990504889, 
        "freq" :	0.8898509723439963, 
        "final" :	1.2666008763625873, 
        "resonant" :	906500000.0, 
        "dir" :	"C:\\Users\\project\\0. My Work\\1. Repositories\\1. Very Unfriendly Train\\Data\\Simulations\\637073364910614272_Primary\\637073386951634560_1\\1.out", 
        "866000000.0" :	{
            "f" :	0.955017952227628, 
            "g" :	0.5643493859116994
        }, 
        "879500000.0" :	{
            "f" :	0.9706308095994503, 
            "g" :	0.5286315864828701
        }, 
        "893000000.0" :	{
            "f" :	0.9066781558017164, 
            "g" :	0.5048859037756667
        }, 
        "906500000.0" :	{
            "f" :	0.1808498902063269, 
            "g" :	0.49634253568684833
        }, 
        "920000000.0" :	{
            "f" :	0.3603297249779327, 
            "g" :	0.49302706200241836
        }, 
        "933500000.0" :	{
            "f" :	0.9366360678902655, 
            "g" :	0.4915257305095817
        }, 
        "947000000.0" :	{
            "f" :	0.9809626833700476, 
            "g" :	0.49124352662787896
        }, 
        "960500000.0" :	{
            "f" :	0.9888672256185028, 
            "g" :	0.4918542776700127
        }, 
        "974000000.0" :	{
            "f" :	0.9915284431342507, 
            "g" :	0.4933185769335132
        }
    }
}