{
    "geometry" :	{
        "items" :	3, 
        "0" :	"feed", 
        "1" :	"ground plane", 
        "2" :	"radiating plane", 
        "feed" :	{
            "items" :	2, 
            "0" :	"center", 
            "1" :	"width", 
            "center" :	54.823, 
            "width" :	1.596
        }, 
        "ground plane" :	{
            "items" :	5, 
            "0" :	"l", 
            "1" :	"w", 
            "2" :	"x", 
            "3" :	"y", 
            "4" :	"slots", 
            "l" :	77.943, 
            "w" :	94.605, 
            "x" :	-1.816, 
            "y" :	-2.282, 
            "slots" :	{
                "items" :	4, 
                "0" :	"elliptical", 
                "1" :	"rectangular", 
                "2" :	"triangular", 
                "3" :	"polygonal", 
                "elliptical" :	{
                    "items" :	0
                }, 
                "rectangular" :	{
                    "items" :	3, 
                    "0" :	{
                        "items" :	4, 
                        "0" :	"x", 
                        "1" :	"y", 
                        "2" :	"l", 
                        "3" :	"w", 
                        "x" :	50.612, 
                        "y" :	86.483, 
                        "z" :	0.0, 
                        "l" :	6.1, 
                        "w" :	28.33, 
                        "type" :	"rectangular", 
                        "id" :	"637073412471224832"
                    }, 
                    "1" :	{
                        "items" :	4, 
                        "0" :	"x", 
                        "1" :	"y", 
                        "2" :	"l", 
                        "3" :	"w", 
                        "x" :	67.062, 
                        "y" :	44.157, 
                        "z" :	0.0, 
                        "l" :	10.844, 
                        "w" :	28.32, 
                        "type" :	"rectangular", 
                        "id" :	"637073420663162624"
                    }, 
                    "2" :	{
                        "items" :	4, 
                        "0" :	"x", 
                        "1" :	"y", 
                        "2" :	"l", 
                        "3" :	"w", 
                        "x" :	34.869, 
                        "y" :	79.073, 
                        "z" :	0.0, 
                        "l" :	29.923, 
                        "w" :	2.796, 
                        "type" :	"rectangular", 
                        "id" :	"637073435472550912"
                    }
                }, 
                "triangular" :	{
                    "items" :	2, 
                    "0" :	{
                        "items" :	3, 
                        "0" :	{
                            "items" :	2, 
                            "0" :	"x", 
                            "1" :	"y", 
                            "x" :	43.031, 
                            "y" :	62.276, 
                            "z" :	0.0
                        }, 
                        "1" :	{
                            "items" :	2, 
                            "0" :	"x", 
                            "1" :	"y", 
                            "x" :	42.02, 
                            "y" :	64.467, 
                            "z" :	0.0
                        }, 
                        "2" :	{
                            "items" :	2, 
                            "0" :	"x", 
                            "1" :	"y", 
                            "x" :	31.497, 
                            "y" :	77.444, 
                            "z" :	0.0
                        }, 
                        "type" :	"triangular", 
                        "id" :	"637073428614012928"
                    }, 
                    "1" :	{
                        "items" :	3, 
                        "0" :	{
                            "items" :	2, 
                            "0" :	"x", 
                            "1" :	"y", 
                            "x" :	29.298, 
                            "y" :	33.117, 
                            "z" :	0.0
                        }, 
                        "1" :	{
                            "items" :	2, 
                            "0" :	"x", 
                            "1" :	"y", 
                            "x" :	36.721, 
                            "y" :	18.668, 
                            "z" :	0.0
                        }, 
                        "2" :	{
                            "items" :	2, 
                            "0" :	"x", 
                            "1" :	"y", 
                            "x" :	30.016, 
                            "y" :	15.704, 
                            "z" :	0.0
                        }, 
                        "type" :	"triangular", 
                        "id" :	"637073433017341824"
                    }, 
                    "-1" :	{
                        "items" :	3, 
                        "0" :	{
                            "items" :	2, 
                            "0" :	"x", 
                            "1" :	"y", 
                            "x" :	19.182, 
                            "y" :	18.575, 
                            "z" :	0.0
                        }, 
                        "1" :	{
                            "items" :	2, 
                            "0" :	"x", 
                            "1" :	"y", 
                            "x" :	13.051, 
                            "y" :	33.792, 
                            "z" :	0.0
                        }, 
                        "2" :	{
                            "items" :	2, 
                            "0" :	"x", 
                            "1" :	"y", 
                            "x" :	34.443, 
                            "y" :	22.304, 
                            "z" :	0.0
                        }, 
                        "type" :	"triangular", 
                        "id" :	"637073418639024640"
                    }
                }, 
                "polygonal" :	{
                    "items" :	0
                }
            }
        }, 
        "radiating plane" :	{
            "items" :	5, 
            "0" :	"l", 
            "1" :	"w", 
            "2" :	"x", 
            "3" :	"y", 
            "4" :	"slots", 
            "l" :	71.978, 
            "w" :	91.674, 
            "x" :	4.099, 
            "y" :	5.722, 
            "slots" :	{
                "items" :	4, 
                "0" :	"elliptical", 
                "1" :	"rectangular", 
                "2" :	"triangular", 
                "3" :	"polygonal", 
                "elliptical" :	{
                    "items" :	0
                }, 
                "rectangular" :	{
                    "items" :	0
                }, 
                "triangular" :	{
                    "items" :	3, 
                    "0" :	{
                        "items" :	3, 
                        "0" :	{
                            "items" :	2, 
                            "0" :	"x", 
                            "1" :	"y", 
                            "x" :	69.061, 
                            "y" :	61.067, 
                            "z" :	1.6
                        }, 
                        "1" :	{
                            "items" :	2, 
                            "0" :	"x", 
                            "1" :	"y", 
                            "x" :	63.766, 
                            "y" :	62.66, 
                            "z" :	1.6
                        }, 
                        "2" :	{
                            "items" :	2, 
                            "0" :	"x", 
                            "1" :	"y", 
                            "x" :	66.564, 
                            "y" :	65.856, 
                            "z" :	1.6
                        }, 
                        "type" :	"triangular", 
                        "id" :	"637073409878348416"
                    }, 
                    "1" :	{
                        "items" :	3, 
                        "0" :	{
                            "items" :	2, 
                            "0" :	"x", 
                            "1" :	"y", 
                            "x" :	69.738, 
                            "y" :	28.906, 
                            "z" :	1.6
                        }, 
                        "1" :	{
                            "items" :	2, 
                            "0" :	"x", 
                            "1" :	"y", 
                            "x" :	73.003, 
                            "y" :	28.332, 
                            "z" :	1.6
                        }, 
                        "2" :	{
                            "items" :	2, 
                            "0" :	"x", 
                            "1" :	"y", 
                            "x" :	66.216, 
                            "y" :	29.536, 
                            "z" :	1.6
                        }, 
                        "type" :	"triangular", 
                        "id" :	"637073420663172608"
                    }, 
                    "2" :	{
                        "items" :	3, 
                        "0" :	{
                            "items" :	2, 
                            "0" :	"x", 
                            "1" :	"y", 
                            "x" :	18.469, 
                            "y" :	61.014, 
                            "z" :	1.6
                        }, 
                        "1" :	{
                            "items" :	2, 
                            "0" :	"x", 
                            "1" :	"y", 
                            "x" :	16.052, 
                            "y" :	60.007, 
                            "z" :	1.6
                        }, 
                        "2" :	{
                            "items" :	2, 
                            "0" :	"x", 
                            "1" :	"y", 
                            "x" :	16.285, 
                            "y" :	58.921, 
                            "z" :	1.6
                        }, 
                        "type" :	"triangular", 
                        "id" :	"637073428614032768"
                    }
                }, 
                "polygonal" :	{
                    "items" :	0
                }
            }
        }, 
        "substrate" :	{
            "items" :	4, 
            "0" :	"l", 
            "1" :	"w", 
            "2" :	"x", 
            "3" :	"h", 
            "l" :	77.943, 
            "w" :	99.728, 
            "h" :	1.6, 
            "x" :	-1.816, 
            "y" :	-2.282, 
            "permitivitty" :	4.4, 
            "loss" :	0.02, 
            "name" :	"FR4"
        }
    }, 
    "fitness" :	{
        "items" :	1, 
        "0" :	"final", 
        "1" :	"freq", 
        "lower" :	1.5066744306785673, 
        "desired" :	1.4444867649122752, 
        "upper" :	1.2675594567407988, 
        "area" :	0.8206970868708745, 
        "freq" :	1.2025860348833106, 
        "final" :	1.5704897467328995, 
        "resonant" :	935000000.0, 
        "dir" :	"C:\\Users\\project\\0. My Work\\1. Repositories\\1. Very Unfriendly Train\\Data\\Simulations\\637073406086594944_Primary\\637073435472780288_3\\3.out", 
        "890000000.0" :	{
            "f" :	0.9951933340670388, 
            "g" :	0.5114810966115284
        }, 
        "905000000.0" :	{
            "f" :	0.9951933340670388, 
            "g" :	0.5087763468111491
        }, 
        "920000000.0" :	{
            "f" :	0.9951933340670388, 
            "g" :	0.5094363914031383
        }, 
        "935000000.0" :	{
            "f" :	0.9951926962166724, 
            "g" :	0.32966819217178805
        }, 
        "950000000.0" :	{
            "f" :	0.9951926962166724, 
            "g" :	0.27236676052412645
        }
    }
}