{
    "geometry" :	{
        "items" :	3, 
        "0" :	"feed", 
        "1" :	"ground plane", 
        "2" :	"radiating plane", 
        "feed" :	{
            "items" :	2, 
            "0" :	"center", 
            "1" :	"width", 
            "center" :	55.52, 
            "width" :	1.618
        }, 
        "ground plane" :	{
            "items" :	5, 
            "0" :	"l", 
            "1" :	"w", 
            "2" :	"x", 
            "3" :	"y", 
            "4" :	"slots", 
            "l" :	84.928, 
            "w" :	107.317, 
            "x" :	-0.209, 
            "y" :	-0.767, 
            "slots" :	{
                "items" :	4, 
                "0" :	"elliptical", 
                "1" :	"rectangular", 
                "2" :	"triangular", 
                "3" :	"polygonal", 
                "elliptical" :	{
                    "items" :	0
                }, 
                "rectangular" :	{
                    "items" :	1, 
                    "0" :	{
                        "items" :	4, 
                        "0" :	"x", 
                        "1" :	"y", 
                        "2" :	"l", 
                        "3" :	"w", 
                        "x" :	46.05, 
                        "y" :	59.139, 
                        "z" :	0.0, 
                        "l" :	5.051, 
                        "w" :	16.777, 
                        "type" :	"rectangular", 
                        "id" :	"637073369376283776"
                    }
                }, 
                "triangular" :	{
                    "items" :	0
                }, 
                "polygonal" :	{
                    "items" :	0
                }
            }
        }, 
        "radiating plane" :	{
            "items" :	5, 
            "0" :	"l", 
            "1" :	"w", 
            "2" :	"x", 
            "3" :	"y", 
            "4" :	"slots", 
            "l" :	73.971, 
            "w" :	97.162, 
            "x" :	4.54, 
            "y" :	4.249, 
            "slots" :	{
                "items" :	4, 
                "0" :	"elliptical", 
                "1" :	"rectangular", 
                "2" :	"triangular", 
                "3" :	"polygonal", 
                "elliptical" :	{
                    "items" :	0
                }, 
                "rectangular" :	{
                    "items" :	1, 
                    "0" :	{
                        "items" :	4, 
                        "0" :	"x", 
                        "1" :	"y", 
                        "2" :	"l", 
                        "3" :	"w", 
                        "x" :	39.806, 
                        "y" :	75.355, 
                        "z" :	1.6, 
                        "l" :	3.601, 
                        "w" :	1.316, 
                        "type" :	"rectangular", 
                        "id" :	"637073369376283776"
                    }
                }, 
                "triangular" :	{
                    "items" :	0
                }, 
                "polygonal" :	{
                    "items" :	0
                }
            }
        }, 
        "substrate" :	{
            "items" :	4, 
            "0" :	"l", 
            "1" :	"w", 
            "2" :	"x", 
            "3" :	"h", 
            "l" :	84.928, 
            "w" :	107.317, 
            "h" :	1.6, 
            "x" :	-0.209, 
            "y" :	-0.767, 
            "permitivitty" :	4.4, 
            "loss" :	0.02, 
            "name" :	"FR4"
        }
    }, 
    "fitness" :	{
        "items" :	1, 
        "0" :	"final", 
        "1" :	"freq", 
        "lower" :	1.3892506179108304, 
        "desired" :	0.911862710668936, 
        "upper" :	1.231837021019308, 
        "area" :	0.9622946808154965, 
        "freq" :	0.8179820510416411, 
        "final" :	1.4849424275026926, 
        "resonant" :	933500000.0, 
        "dir" :	"C:\\Users\\project\\0. My Work\\1. Repositories\\1. Very Unfriendly Train\\Data\\Simulations\\637073364910614272_Primary\\637073369376393216_5\\5.out", 
        "866000000.0" :	{
            "f" :	0.992953830274938, 
            "g" :	0.41256213664531216
        }, 
        "879500000.0" :	{
            "f" :	0.9913565004521638, 
            "g" :	0.3986684022074112
        }, 
        "893000000.0" :	{
            "f" :	0.9870752219353963, 
            "g" :	0.38513576221726936
        }, 
        "906500000.0" :	{
            "f" :	0.9677440983171448, 
            "g" :	0.37212909359995866
        }, 
        "920000000.0" :	{
            "f" :	0.6843279348302141, 
            "g" :	0.35972329840248496
        }, 
        "933500000.0" :	{
            "f" :	0.0036038818427539493, 
            "g" :	0.3480598250142517
        }, 
        "947000000.0" :	{
            "f" :	0.7571406684730675, 
            "g" :	0.3372736033371996
        }, 
        "960500000.0" :	{
            "f" :	0.9685459040328125, 
            "g" :	0.327456923185756
        }, 
        "974000000.0" :	{
            "f" :	0.9863562133547303, 
            "g" :	0.3187377506743579
        }
    }
}