{
    "geometry" :	{
        "items" :	3, 
        "0" :	"feed", 
        "1" :	"ground plane", 
        "2" :	"radiating plane", 
        "feed" :	{
            "items" :	2, 
            "0" :	"center", 
            "1" :	"width", 
            "center" :	52.753, 
            "width" :	1.604
        }, 
        "ground plane" :	{
            "items" :	5, 
            "0" :	"l", 
            "1" :	"w", 
            "2" :	"x", 
            "3" :	"y", 
            "4" :	"slots", 
            "l" :	84.472, 
            "w" :	98.045, 
            "x" :	-1.223, 
            "y" :	-0.914, 
            "slots" :	{
                "items" :	4, 
                "0" :	"elliptical", 
                "1" :	"rectangular", 
                "2" :	"triangular", 
                "3" :	"polygonal", 
                "elliptical" :	{
                    "items" :	0
                }, 
                "rectangular" :	{
                    "items" :	2, 
                    "0" :	{
                        "items" :	4, 
                        "0" :	"x", 
                        "1" :	"y", 
                        "2" :	"l", 
                        "3" :	"w", 
                        "x" :	43.806, 
                        "y" :	94.689, 
                        "z" :	0.0, 
                        "l" :	8.276, 
                        "w" :	26.789, 
                        "type" :	"rectangular", 
                        "id" :	"637073412471224832"
                    }, 
                    "1" :	{
                        "items" :	4, 
                        "0" :	"x", 
                        "1" :	"y", 
                        "2" :	"l", 
                        "3" :	"w", 
                        "x" :	65.201, 
                        "y" :	42.672, 
                        "z" :	0.0, 
                        "l" :	7.449, 
                        "w" :	15.633, 
                        "type" :	"rectangular", 
                        "id" :	"637073414505102336"
                    }
                }, 
                "triangular" :	{
                    "items" :	0
                }, 
                "polygonal" :	{
                    "items" :	0
                }
            }
        }, 
        "radiating plane" :	{
            "items" :	5, 
            "0" :	"l", 
            "1" :	"w", 
            "2" :	"x", 
            "3" :	"y", 
            "4" :	"slots", 
            "l" :	73.871, 
            "w" :	96.061, 
            "x" :	4.137, 
            "y" :	5.589, 
            "slots" :	{
                "items" :	4, 
                "0" :	"elliptical", 
                "1" :	"rectangular", 
                "2" :	"triangular", 
                "3" :	"polygonal", 
                "elliptical" :	{
                    "items" :	0
                }, 
                "rectangular" :	{
                    "items" :	0
                }, 
                "triangular" :	{
                    "items" :	1, 
                    "0" :	{
                        "items" :	3, 
                        "0" :	{
                            "items" :	2, 
                            "0" :	"x", 
                            "1" :	"y", 
                            "x" :	68.484, 
                            "y" :	63.734, 
                            "z" :	1.6
                        }, 
                        "1" :	{
                            "items" :	2, 
                            "0" :	"x", 
                            "1" :	"y", 
                            "x" :	66.368, 
                            "y" :	64.925, 
                            "z" :	1.6
                        }, 
                        "2" :	{
                            "items" :	2, 
                            "0" :	"x", 
                            "1" :	"y", 
                            "x" :	68.859, 
                            "y" :	62.121, 
                            "z" :	1.6
                        }, 
                        "type" :	"triangular", 
                        "id" :	"637073409878348416"
                    }
                }, 
                "polygonal" :	{
                    "items" :	0
                }
            }
        }, 
        "substrate" :	{
            "items" :	4, 
            "0" :	"l", 
            "1" :	"w", 
            "2" :	"x", 
            "3" :	"h", 
            "l" :	84.472, 
            "w" :	102.614, 
            "h" :	1.6, 
            "x" :	-1.223, 
            "y" :	-0.914, 
            "permitivitty" :	4.4, 
            "loss" :	0.02, 
            "name" :	"FR4"
        }
    }, 
    "fitness" :	{
        "items" :	1, 
        "0" :	"final", 
        "1" :	"freq", 
        "lower" :	1.3339676412131793, 
        "desired" :	1.2818432127737933, 
        "upper" :	0.676841732694142, 
        "area" :	0.9151832412196749, 
        "freq" :	1.0445195850794826, 
        "final" :	1.6638075433219932, 
        "resonant" :	950000000.0, 
        "dir" :	"C:\\Users\\project\\0. My Work\\1. Repositories\\1. Very Unfriendly Train\\Data\\Simulations\\637073406086594944_Primary\\637073414505311872_1\\1.out", 
        "890000000.0" :	{
            "f" :	0.9926153032876425, 
            "g" :	0.34135233792553676
        }, 
        "905000000.0" :	{
            "f" :	0.9905912946153357, 
            "g" :	0.32309437111018147
        }, 
        "920000000.0" :	{
            "f" :	0.9846413707187706, 
            "g" :	0.3057983520516471
        }, 
        "935000000.0" :	{
            "f" :	0.951827706237979, 
            "g" :	0.28957654358746615
        }, 
        "950000000.0" :	{
            "f" :	0.4023058214722649, 
            "g" :	0.2745359112218772
        }
    }
}