{
    "geometry" :	{
        "items" :	3, 
        "0" :	"feed", 
        "1" :	"ground plane", 
        "2" :	"radiating plane", 
        "feed" :	{
            "items" :	2, 
            "0" :	"center", 
            "1" :	"width", 
            "center" :	54.134, 
            "width" :	1.61
        }, 
        "ground plane" :	{
            "items" :	5, 
            "0" :	"l", 
            "1" :	"w", 
            "2" :	"x", 
            "3" :	"y", 
            "4" :	"slots", 
            "l" :	83.991, 
            "w" :	98.352, 
            "x" :	-0.796, 
            "y" :	-1.513, 
            "slots" :	{
                "items" :	4, 
                "0" :	"elliptical", 
                "1" :	"rectangular", 
                "2" :	"triangular", 
                "3" :	"polygonal", 
                "elliptical" :	{
                    "items" :	0
                }, 
                "rectangular" :	{
                    "items" :	2, 
                    "0" :	{
                        "items" :	4, 
                        "0" :	"x", 
                        "1" :	"y", 
                        "2" :	"l", 
                        "3" :	"w", 
                        "x" :	64.303, 
                        "y" :	44.0, 
                        "z" :	0.0, 
                        "l" :	6.786, 
                        "w" :	24.762, 
                        "type" :	"rectangular", 
                        "id" :	"637073420663162624"
                    }, 
                    "1" :	{
                        "items" :	4, 
                        "0" :	"x", 
                        "1" :	"y", 
                        "2" :	"l", 
                        "3" :	"w", 
                        "x" :	18.977, 
                        "y" :	90.022, 
                        "z" :	0.0, 
                        "l" :	14.799, 
                        "w" :	15.791, 
                        "type" :	"rectangular", 
                        "id" :	"637073428613843072"
                    }
                }, 
                "triangular" :	{
                    "items" :	1, 
                    "0" :	{
                        "items" :	3, 
                        "0" :	{
                            "items" :	2, 
                            "0" :	"x", 
                            "1" :	"y", 
                            "x" :	18.106, 
                            "y" :	20.098, 
                            "z" :	0.0
                        }, 
                        "1" :	{
                            "items" :	2, 
                            "0" :	"x", 
                            "1" :	"y", 
                            "x" :	15.265, 
                            "y" :	33.915, 
                            "z" :	0.0
                        }, 
                        "2" :	{
                            "items" :	2, 
                            "0" :	"x", 
                            "1" :	"y", 
                            "x" :	40.443, 
                            "y" :	21.386, 
                            "z" :	0.0
                        }, 
                        "type" :	"triangular", 
                        "id" :	"637073418639024640"
                    }
                }, 
                "polygonal" :	{
                    "items" :	0
                }
            }
        }, 
        "radiating plane" :	{
            "items" :	5, 
            "0" :	"l", 
            "1" :	"w", 
            "2" :	"x", 
            "3" :	"y", 
            "4" :	"slots", 
            "l" :	72.042, 
            "w" :	92.917, 
            "x" :	3.566, 
            "y" :	5.771, 
            "slots" :	{
                "items" :	4, 
                "0" :	"elliptical", 
                "1" :	"rectangular", 
                "2" :	"triangular", 
                "3" :	"polygonal", 
                "elliptical" :	{
                    "items" :	0
                }, 
                "rectangular" :	{
                    "items" :	1, 
                    "0" :	{
                        "items" :	4, 
                        "0" :	"x", 
                        "1" :	"y", 
                        "2" :	"l", 
                        "3" :	"w", 
                        "x" :	50.168, 
                        "y" :	63.477, 
                        "z" :	1.6, 
                        "l" :	3.693, 
                        "w" :	3.127, 
                        "type" :	"rectangular", 
                        "id" :	"637073428613863040"
                    }
                }, 
                "triangular" :	{
                    "items" :	1, 
                    "0" :	{
                        "items" :	3, 
                        "0" :	{
                            "items" :	2, 
                            "0" :	"x", 
                            "1" :	"y", 
                            "x" :	69.772, 
                            "y" :	29.665, 
                            "z" :	1.6
                        }, 
                        "1" :	{
                            "items" :	2, 
                            "0" :	"x", 
                            "1" :	"y", 
                            "x" :	70.466, 
                            "y" :	28.626, 
                            "z" :	1.6
                        }, 
                        "2" :	{
                            "items" :	2, 
                            "0" :	"x", 
                            "1" :	"y", 
                            "x" :	69.716, 
                            "y" :	29.784, 
                            "z" :	1.6
                        }, 
                        "type" :	"triangular", 
                        "id" :	"637073420663172608"
                    }
                }, 
                "polygonal" :	{
                    "items" :	0
                }
            }
        }, 
        "substrate" :	{
            "items" :	4, 
            "0" :	"l", 
            "1" :	"w", 
            "2" :	"x", 
            "3" :	"h", 
            "l" :	83.991, 
            "w" :	100.251, 
            "h" :	1.6, 
            "x" :	-0.796, 
            "y" :	-1.513, 
            "permitivitty" :	4.4, 
            "loss" :	0.02, 
            "name" :	"FR4"
        }
    }, 
    "fitness" :	{
        "items" :	1, 
        "0" :	"final", 
        "1" :	"freq", 
        "lower" :	1.3154183620165936, 
        "desired" :	1.2137829263990223, 
        "upper" :	0.2707460243134278, 
        "area" :	0.8890171317382416, 
        "freq" :	0.9749959104663974, 
        "final" :	1.5264760038610652, 
        "resonant" :	950000000.0, 
        "dir" :	"C:\\Users\\project\\0. My Work\\1. Repositories\\1. Very Unfriendly Train\\Data\\Simulations\\637073406086594944_Primary\\637073428614132608_0\\0.out", 
        "890000000.0" :	{
            "f" :	0.9914451619934324, 
            "g" :	0.32397320002316116
        }, 
        "905000000.0" :	{
            "f" :	0.987688091666503, 
            "g" :	0.3045219938611344
        }, 
        "920000000.0" :	{
            "f" :	0.9729593233232611, 
            "g" :	0.2867537254443065
        }, 
        "935000000.0" :	{
            "f" :	0.8184874599369263, 
            "g" :	0.27093818496493555
        }, 
        "950000000.0" :	{
            "f" :	0.013521418009184159, 
            "g" :	0.25722460630424365
        }
    }
}