{
    "geometry" :	{
        "items" :	3, 
        "0" :	"feed", 
        "1" :	"ground plane", 
        "2" :	"radiating plane", 
        "feed" :	{
            "items" :	2, 
            "0" :	"center", 
            "1" :	"width", 
            "center" :	54.499, 
            "width" :	1.623
        }, 
        "ground plane" :	{
            "items" :	5, 
            "0" :	"l", 
            "1" :	"w", 
            "2" :	"x", 
            "3" :	"y", 
            "4" :	"slots", 
            "l" :	86.524, 
            "w" :	105.274, 
            "x" :	-0.439, 
            "y" :	-0.213, 
            "slots" :	{
                "items" :	4, 
                "0" :	"elliptical", 
                "1" :	"rectangular", 
                "2" :	"triangular", 
                "3" :	"polygonal", 
                "elliptical" :	{
                    "items" :	0
                }, 
                "rectangular" :	{
                    "items" :	0
                }, 
                "triangular" :	{
                    "items" :	0
                }, 
                "polygonal" :	{
                    "items" :	0
                }
            }
        }, 
        "radiating plane" :	{
            "items" :	5, 
            "0" :	"l", 
            "1" :	"w", 
            "2" :	"x", 
            "3" :	"y", 
            "4" :	"slots", 
            "l" :	76.367, 
            "w" :	98.219, 
            "x" :	4.746, 
            "y" :	4.623, 
            "slots" :	{
                "items" :	4, 
                "0" :	"elliptical", 
                "1" :	"rectangular", 
                "2" :	"triangular", 
                "3" :	"polygonal", 
                "elliptical" :	{
                    "items" :	0
                }, 
                "rectangular" :	{
                    "items" :	0
                }, 
                "triangular" :	{
                    "items" :	0
                }, 
                "polygonal" :	{
                    "items" :	0
                }
            }
        }, 
        "substrate" :	{
            "items" :	4, 
            "0" :	"l", 
            "1" :	"w", 
            "2" :	"x", 
            "3" :	"h", 
            "l" :	86.524, 
            "w" :	105.274, 
            "h" :	1.6, 
            "x" :	-0.439, 
            "y" :	-0.213, 
            "permitivitty" :	4.4, 
            "loss" :	0.02, 
            "name" :	"FR4"
        }
    }, 
    "fitness" :	{
        "items" :	1, 
        "0" :	"final", 
        "1" :	"freq", 
        "lower" :	1.3701873768016508, 
        "desired" :	0.969693336063552, 
        "upper" :	1.0675984278285242, 
        "area" :	0.9617149739144265, 
        "freq" :	0.8486311836640529, 
        "final" :	1.520698105304724, 
        "resonant" :	933500000.0, 
        "dir" :	"C:\\Users\\project\\0. My Work\\1. Repositories\\1. Very Unfriendly Train\\Data\\Simulations\\637073340737287808_Primary\\637073344535679360_2\\2.out", 
        "866000000.0" :	{
            "f" :	0.9933956467135546, 
            "g" :	0.3922408565877047
        }, 
        "879500000.0" :	{
            "f" :	0.9922637100194857, 
            "g" :	0.3782719047729855
        }, 
        "893000000.0" :	{
            "f" :	0.9895557033128135, 
            "g" :	0.36483430899840824
        }, 
        "906500000.0" :	{
            "f" :	0.9799433370093722, 
            "g" :	0.3520164316531376
        }, 
        "920000000.0" :	{
            "f" :	0.8937217027965113, 
            "g" :	0.33994979858269847
        }, 
        "933500000.0" :	{
            "f" :	0.014692740541138194, 
            "g" :	0.32875599760779844
        }, 
        "947000000.0" :	{
            "f" :	0.3406497628220816, 
            "g" :	0.3185401060904255
        }, 
        "960500000.0" :	{
            "f" :	0.949226200665288, 
            "g" :	0.30937966883206686
        }, 
        "974000000.0" :	{
            "f" :	0.9836578961335871, 
            "g" :	0.30134164894212384
        }
    }
}