{
    "geometry" :	{
        "items" :	3, 
        "0" :	"feed", 
        "1" :	"ground plane", 
        "2" :	"radiating plane", 
        "feed" :	{
            "items" :	2, 
            "0" :	"center", 
            "1" :	"width", 
            "center" :	54.51, 
            "width" :	1.626
        }, 
        "ground plane" :	{
            "items" :	5, 
            "0" :	"l", 
            "1" :	"w", 
            "2" :	"x", 
            "3" :	"y", 
            "4" :	"slots", 
            "l" :	87.16, 
            "w" :	105.093, 
            "x" :	-0.102, 
            "y" :	-0.074, 
            "slots" :	{
                "items" :	4, 
                "0" :	"elliptical", 
                "1" :	"rectangular", 
                "2" :	"triangular", 
                "3" :	"polygonal", 
                "elliptical" :	{
                    "items" :	0
                }, 
                "rectangular" :	{
                    "items" :	0
                }, 
                "triangular" :	{
                    "items" :	1, 
                    "0" :	{
                        "items" :	3, 
                        "0" :	{
                            "items" :	2, 
                            "0" :	"x", 
                            "1" :	"y", 
                            "x" :	82.768, 
                            "y" :	55.675, 
                            "z" :	0.0
                        }, 
                        "1" :	{
                            "items" :	2, 
                            "0" :	"x", 
                            "1" :	"y", 
                            "x" :	81.003, 
                            "y" :	46.853, 
                            "z" :	0.0
                        }, 
                        "2" :	{
                            "items" :	2, 
                            "0" :	"x", 
                            "1" :	"y", 
                            "x" :	93.827, 
                            "y" :	42.991, 
                            "z" :	0.0
                        }, 
                        "type" :	"triangular", 
                        "id" :	"637073365258135424"
                    }
                }, 
                "polygonal" :	{
                    "items" :	0
                }
            }
        }, 
        "radiating plane" :	{
            "items" :	5, 
            "0" :	"l", 
            "1" :	"w", 
            "2" :	"x", 
            "3" :	"y", 
            "4" :	"slots", 
            "l" :	76.588, 
            "w" :	98.473, 
            "x" :	4.368, 
            "y" :	4.548, 
            "slots" :	{
                "items" :	4, 
                "0" :	"elliptical", 
                "1" :	"rectangular", 
                "2" :	"triangular", 
                "3" :	"polygonal", 
                "elliptical" :	{
                    "items" :	0
                }, 
                "rectangular" :	{
                    "items" :	0
                }, 
                "triangular" :	{
                    "items" :	0
                }, 
                "polygonal" :	{
                    "items" :	0
                }
            }
        }, 
        "substrate" :	{
            "items" :	4, 
            "0" :	"l", 
            "1" :	"w", 
            "2" :	"x", 
            "3" :	"h", 
            "l" :	87.16, 
            "w" :	105.093, 
            "h" :	1.6, 
            "x" :	-0.102, 
            "y" :	-0.074, 
            "permitivitty" :	4.4, 
            "loss" :	0.02, 
            "name" :	"FR4"
        }
    }, 
    "fitness" :	{
        "items" :	1, 
        "0" :	"final", 
        "1" :	"freq", 
        "lower" :	1.3651330243674824, 
        "desired" :	0.9483964831889725, 
        "upper" :	1.1610560663200067, 
        "area" :	0.9671184664314306, 
        "freq" :	0.8379666486195171, 
        "final" :	1.515989866407391, 
        "resonant" :	933500000.0, 
        "dir" :	"C:\\Users\\project\\0. My Work\\1. Repositories\\1. Very Unfriendly Train\\Data\\Simulations\\637073364910614272_Primary\\637073365258235136_6\\6.out", 
        "866000000.0" :	{
            "f" :	0.9934401103661158, 
            "g" :	0.38657450650550546
        }, 
        "879500000.0" :	{
            "f" :	0.992315227095573, 
            "g" :	0.3732213632710961
        }, 
        "893000000.0" :	{
            "f" :	0.9895357029767539, 
            "g" :	0.3603121628874034
        }, 
        "906500000.0" :	{
            "f" :	0.9788623109757034, 
            "g" :	0.3481966830500561
        }, 
        "920000000.0" :	{
            "f" :	0.8549544051535856, 
            "g" :	0.33683452621550614
        }, 
        "933500000.0" :	{
            "f" :	0.00021840667227296091, 
            "g" :	0.32612311749979284
        }, 
        "947000000.0" :	{
            "f" :	0.6156361909932833, 
            "g" :	0.3150198112944598
        }, 
        "960500000.0" :	{
            "f" :	0.9667086643563791, 
            "g" :	0.3045078399341724
        }, 
        "974000000.0" :	{
            "f" :	0.9867113422548345, 
            "g" :	0.29458435012689116
        }
    }
}