{
    "geometry" :	{
        "items" :	3, 
        "0" :	"feed", 
        "1" :	"ground plane", 
        "2" :	"radiating plane", 
        "feed" :	{
            "items" :	2, 
            "0" :	"center", 
            "1" :	"width", 
            "center" :	57.165, 
            "width" :	1.587
        }, 
        "ground plane" :	{
            "items" :	5, 
            "0" :	"l", 
            "1" :	"w", 
            "2" :	"x", 
            "3" :	"y", 
            "4" :	"slots", 
            "l" :	80.146, 
            "w" :	91.619, 
            "x" :	-1.909, 
            "y" :	-0.671, 
            "slots" :	{
                "items" :	4, 
                "0" :	"elliptical", 
                "1" :	"rectangular", 
                "2" :	"triangular", 
                "3" :	"polygonal", 
                "elliptical" :	{
                    "items" :	0
                }, 
                "rectangular" :	{
                    "items" :	2, 
                    "0" :	{
                        "items" :	4, 
                        "0" :	"x", 
                        "1" :	"y", 
                        "2" :	"l", 
                        "3" :	"w", 
                        "x" :	55.611, 
                        "y" :	108.528, 
                        "z" :	0.0, 
                        "l" :	9.695, 
                        "w" :	20.881, 
                        "type" :	"rectangular", 
                        "id" :	"637073369376184064"
                    }, 
                    "1" :	{
                        "items" :	4, 
                        "0" :	"x", 
                        "1" :	"y", 
                        "2" :	"l", 
                        "3" :	"w", 
                        "x" :	63.498, 
                        "y" :	15.388, 
                        "z" :	0.0, 
                        "l" :	6.275, 
                        "w" :	34.162, 
                        "type" :	"rectangular", 
                        "id" :	"637073381220834944"
                    }
                }, 
                "triangular" :	{
                    "items" :	1, 
                    "0" :	{
                        "items" :	3, 
                        "0" :	{
                            "items" :	2, 
                            "0" :	"x", 
                            "1" :	"y", 
                            "x" :	47.238, 
                            "y" :	92.596, 
                            "z" :	0.0
                        }, 
                        "1" :	{
                            "items" :	2, 
                            "0" :	"x", 
                            "1" :	"y", 
                            "x" :	43.415, 
                            "y" :	101.918, 
                            "z" :	0.0
                        }, 
                        "2" :	{
                            "items" :	2, 
                            "0" :	"x", 
                            "1" :	"y", 
                            "x" :	46.673, 
                            "y" :	77.76, 
                            "z" :	0.0
                        }, 
                        "type" :	"triangular", 
                        "id" :	"637073386951445120"
                    }
                }, 
                "polygonal" :	{
                    "items" :	0
                }
            }
        }, 
        "radiating plane" :	{
            "items" :	5, 
            "0" :	"l", 
            "1" :	"w", 
            "2" :	"x", 
            "3" :	"y", 
            "4" :	"slots", 
            "l" :	73.597, 
            "w" :	90.897, 
            "x" :	4.59, 
            "y" :	3.534, 
            "slots" :	{
                "items" :	4, 
                "0" :	"elliptical", 
                "1" :	"rectangular", 
                "2" :	"triangular", 
                "3" :	"polygonal", 
                "elliptical" :	{
                    "items" :	0
                }, 
                "rectangular" :	{
                    "items" :	1, 
                    "0" :	{
                        "items" :	4, 
                        "0" :	"x", 
                        "1" :	"y", 
                        "2" :	"l", 
                        "3" :	"w", 
                        "x" :	14.48, 
                        "y" :	41.12, 
                        "z" :	1.6, 
                        "l" :	5.487, 
                        "w" :	1.134, 
                        "type" :	"rectangular", 
                        "id" :	"637073373190698496"
                    }
                }, 
                "triangular" :	{
                    "items" :	0
                }, 
                "polygonal" :	{
                    "items" :	0
                }
            }
        }, 
        "substrate" :	{
            "items" :	4, 
            "0" :	"l", 
            "1" :	"w", 
            "2" :	"x", 
            "3" :	"h", 
            "l" :	80.146, 
            "w" :	95.15200000000002, 
            "h" :	1.6, 
            "x" :	-1.909, 
            "y" :	-0.671, 
            "permitivitty" :	4.4, 
            "loss" :	0.02, 
            "name" :	"FR4"
        }
    }, 
    "fitness" :	{
        "items" :	1, 
        "0" :	"final", 
        "1" :	"freq", 
        "lower" :	1.2458355578254543, 
        "desired" :	1.3534370836769603, 
        "upper" :	1.462713818778953, 
        "area" :	0.8051715811792917, 
        "freq" :	1.1264376719279834, 
        "final" :	1.4449390805575553, 
        "resonant" :	893000000.0, 
        "dir" :	"C:\\Users\\project\\0. My Work\\1. Repositories\\1. Very Unfriendly Train\\Data\\Simulations\\637073364910614272_Primary\\637073386951634560_4\\4.out", 
        "866000000.0" :	{
            "f" :	0.9702675649170199, 
            "g" :	0.511901924466502
        }, 
        "879500000.0" :	{
            "f" :	0.8746740471580299, 
            "g" :	0.5028691773066051
        }, 
        "893000000.0" :	{
            "f" :	0.38192159015927934, 
            "g" :	0.49587236946892643
        }, 
        "906500000.0" :	{
            "f" :	0.6803976848237734, 
            "g" :	0.48998285712509
        }, 
        "920000000.0" :	{
            "f" :	0.945115007293008, 
            "g" :	0.4847878786301592
        }, 
        "933500000.0" :	{
            "f" :	0.979910553471126, 
            "g" :	0.4801172696877247
        }, 
        "947000000.0" :	{
            "f" :	0.9879321206357804, 
            "g" :	0.475905706534895
        }, 
        "960500000.0" :	{
            "f" :	0.9908740611938831, 
            "g" :	0.4721737104542749
        }, 
        "974000000.0" :	{
            "f" :	0.9922744496320383, 
            "g" :	0.4689814078859875
        }
    }
}