{
    "geometry" :	{
        "items" :	4, 
        "0" :	"feed", 
        "1" :	"ground plane", 
        "2" :	"radiating plane", 
        "3" :	"substrate", 
        "feed" :	{
            "items" :	2, 
            "0" :	"center", 
            "1" :	"width", 
            "center" :	54.37823, 
            "width" :	1.6
        }, 
        "ground plane" :	{
            "items" :	5, 
            "0" :	"l", 
            "1" :	"w", 
            "2" :	"x", 
            "3" :	"y", 
            "4" :	"slots", 
            "l" :	87.08759, 
            "w" :	108.75646, 
            "x" :	0.0, 
            "y" :	0.0, 
            "slots" :	{
                "items" :	4, 
                "0" :	"elliptical", 
                "1" :	"rectangular", 
                "2" :	"triangular", 
                "3" :	"polygonal", 
                "elliptical" :	{
                    "items" :	0
                }, 
                "rectangular" :	{
                    "items" :	0
                }, 
                "triangular" :	{
                    "items" :	0
                }, 
                "polygonal" :	{
                    "items" :	0
                }
            }
        }, 
        "radiating plane" :	{
            "items" :	5, 
            "0" :	"l", 
            "1" :	"w", 
            "2" :	"x", 
            "3" :	"y", 
            "4" :	"slots", 
            "l" :	77.48759, 
            "w" :	99.15646, 
            "x" :	4.8, 
            "y" :	4.8, 
            "slots" :	{
                "items" :	4, 
                "0" :	"elliptical", 
                "1" :	"rectangular", 
                "2" :	"triangular", 
                "3" :	"polygonal", 
                "elliptical" :	{
                    "items" :	0
                }, 
                "rectangular" :	{
                    "items" :	0
                }, 
                "triangular" :	{
                    "items" :	0
                }, 
                "polygonal" :	{
                    "items" :	0
                }
            }
        }, 
        "substrate" :	{
            "items" :	4, 
            "0" :	"l", 
            "1" :	"w", 
            "2" :	"x", 
            "3" :	"y", 
            "x" :	0.0, 
            "y" :	0.0, 
            "l" :	87.08759, 
            "w" :	108.75646, 
            "h" :	1.6, 
            "permitivitty" :	4.4, 
            "loss" :	0.02, 
            "name" :	"FR4"
        }
    }, 
    "fitness" :	{
        "items" :	1, 
        "0" :	"final", 
        "1" :	"freq", 
        "lower" :	1.3775133802901813, 
        "desired" :	0.7481880149684382, 
        "upper" :	1.2999788065961881, 
        "area" :	1.0, 
        "freq" :	0.7058191881323816, 
        "final" :	1.397198441120786, 
        "resonant" :	920000000.0, 
        "dir" :	"C:\\Users\\project\\0. My Work\\1. Repositories\\1. Very Unfriendly Train\\Data\\Simulations\\637073364910614272_Primary\\637073364910634368_center\\center.out", 
        "866000000.0" :	{
            "f" :	0.992595730486366, 
            "g" :	0.4012929454258316
        }, 
        "879500000.0" :	{
            "f" :	0.990356046028068, 
            "g" :	0.3886611719978956
        }, 
        "893000000.0" :	{
            "f" :	0.9830334601837424, 
            "g" :	0.37660078674864006
        }, 
        "906500000.0" :	{
            "f" :	0.9291079520997613, 
            "g" :	0.3652612323187
        }, 
        "920000000.0" :	{
            "f" :	0.07217161240013786, 
            "g" :	0.3547367157953208
        }, 
        "933500000.0" :	{
            "f" :	0.17814980545691195, 
            "g" :	0.34513672683448265
        }, 
        "947000000.0" :	{
            "f" :	0.9387393415877849, 
            "g" :	0.33658117102065016
        }, 
        "960500000.0" :	{
            "f" :	0.9826853043992061, 
            "g" :	0.3291710597088076
        }, 
        "974000000.0" :	{
            "f" :	0.9897516093990202, 
            "g" :	0.32300793367309516
        }
    }
}