{
    "geometry" :	{
        "items" :	3, 
        "0" :	"feed", 
        "1" :	"ground plane", 
        "2" :	"radiating plane", 
        "feed" :	{
            "items" :	2, 
            "0" :	"center", 
            "1" :	"width", 
            "center" :	54.879, 
            "width" :	1.588
        }, 
        "ground plane" :	{
            "items" :	5, 
            "0" :	"l", 
            "1" :	"w", 
            "2" :	"x", 
            "3" :	"y", 
            "4" :	"slots", 
            "l" :	86.314, 
            "w" :	105.924, 
            "x" :	-0.08, 
            "y" :	-0.387, 
            "slots" :	{
                "items" :	4, 
                "0" :	"elliptical", 
                "1" :	"rectangular", 
                "2" :	"triangular", 
                "3" :	"polygonal", 
                "elliptical" :	{
                    "items" :	0
                }, 
                "rectangular" :	{
                    "items" :	1, 
                    "0" :	{
                        "items" :	4, 
                        "0" :	"x", 
                        "1" :	"y", 
                        "2" :	"l", 
                        "3" :	"w", 
                        "x" :	62.876, 
                        "y" :	95.444, 
                        "z" :	0.0, 
                        "l" :	14.01, 
                        "w" :	6.967, 
                        "type" :	"rectangular", 
                        "id" :	"637073408227590528"
                    }
                }, 
                "triangular" :	{
                    "items" :	0
                }, 
                "polygonal" :	{
                    "items" :	0
                }
            }
        }, 
        "radiating plane" :	{
            "items" :	5, 
            "0" :	"l", 
            "1" :	"w", 
            "2" :	"x", 
            "3" :	"y", 
            "4" :	"slots", 
            "l" :	77.041, 
            "w" :	98.961, 
            "x" :	5.152, 
            "y" :	4.312, 
            "slots" :	{
                "items" :	4, 
                "0" :	"elliptical", 
                "1" :	"rectangular", 
                "2" :	"triangular", 
                "3" :	"polygonal", 
                "elliptical" :	{
                    "items" :	0
                }, 
                "rectangular" :	{
                    "items" :	0
                }, 
                "triangular" :	{
                    "items" :	0
                }, 
                "polygonal" :	{
                    "items" :	0
                }
            }
        }, 
        "substrate" :	{
            "items" :	4, 
            "0" :	"l", 
            "1" :	"w", 
            "2" :	"x", 
            "3" :	"h", 
            "l" :	86.314, 
            "w" :	105.924, 
            "h" :	1.6, 
            "x" :	-0.08, 
            "y" :	-0.387, 
            "permitivitty" :	4.4, 
            "loss" :	0.02, 
            "name" :	"FR4"
        }
    }, 
    "fitness" :	{
        "items" :	1, 
        "0" :	"final", 
        "1" :	"freq", 
        "lower" :	1.3608671313464218, 
        "desired" :	0.9006621694839171, 
        "upper" :	1.1884238157274938, 
        "area" :	0.9653043886313324, 
        "freq" :	0.8055584155895624, 
        "final" :	1.4744805590730854, 
        "resonant" :	935000000.0, 
        "dir" :	"C:\\Users\\project\\0. My Work\\1. Repositories\\1. Very Unfriendly Train\\Data\\Simulations\\637073406086594944_Primary\\637073408227670656_2\\2.out", 
        "890000000.0" :	{
            "f" :	0.9886261568451282, 
            "g" :	0.3722409745012936
        }, 
        "905000000.0" :	{
            "f" :	0.9726329400450098, 
            "g" :	0.358034818671062
        }, 
        "920000000.0" :	{
            "f" :	0.6887610231134653, 
            "g" :	0.3446804414923672
        }, 
        "935000000.0" :	{
            "f" :	0.005551427222946049, 
            "g" :	0.33232585790690083
        }, 
        "950000000.0" :	{
            "f" :	0.8673198714887473, 
            "g" :	0.32110394423874633
        }
    }
}