{
    "geometry" :	{
        "items" :	3, 
        "0" :	"feed", 
        "1" :	"ground plane", 
        "2" :	"radiating plane", 
        "feed" :	{
            "items" :	2, 
            "0" :	"center", 
            "1" :	"width", 
            "center" :	54.207, 
            "width" :	1.617
        }, 
        "ground plane" :	{
            "items" :	5, 
            "0" :	"l", 
            "1" :	"w", 
            "2" :	"x", 
            "3" :	"y", 
            "4" :	"slots", 
            "l" :	89.237, 
            "w" :	110.484, 
            "x" :	0.013, 
            "y" :	0.289, 
            "slots" :	{
                "items" :	4, 
                "0" :	"elliptical", 
                "1" :	"rectangular", 
                "2" :	"triangular", 
                "3" :	"polygonal", 
                "elliptical" :	{
                    "items" :	0
                }, 
                "rectangular" :	{
                    "items" :	1, 
                    "0" :	{
                        "items" :	4, 
                        "0" :	"x", 
                        "1" :	"y", 
                        "2" :	"l", 
                        "3" :	"w", 
                        "x" :	55.758, 
                        "y" :	41.105, 
                        "z" :	0.0, 
                        "l" :	20.113, 
                        "w" :	23.21, 
                        "type" :	"rectangular", 
                        "id" :	"637073406595160960"
                    }
                }, 
                "triangular" :	{
                    "items" :	0
                }, 
                "polygonal" :	{
                    "items" :	0
                }
            }
        }, 
        "radiating plane" :	{
            "items" :	5, 
            "0" :	"l", 
            "1" :	"w", 
            "2" :	"x", 
            "3" :	"y", 
            "4" :	"slots", 
            "l" :	75.606, 
            "w" :	99.172, 
            "x" :	4.362, 
            "y" :	4.785, 
            "slots" :	{
                "items" :	4, 
                "0" :	"elliptical", 
                "1" :	"rectangular", 
                "2" :	"triangular", 
                "3" :	"polygonal", 
                "elliptical" :	{
                    "items" :	0
                }, 
                "rectangular" :	{
                    "items" :	1, 
                    "0" :	{
                        "items" :	4, 
                        "0" :	"x", 
                        "1" :	"y", 
                        "2" :	"l", 
                        "3" :	"w", 
                        "x" :	10.337, 
                        "y" :	81.921, 
                        "z" :	1.6, 
                        "l" :	2.479, 
                        "w" :	2.956, 
                        "type" :	"rectangular", 
                        "id" :	"637073406595160960"
                    }
                }, 
                "triangular" :	{
                    "items" :	0
                }, 
                "polygonal" :	{
                    "items" :	0
                }
            }
        }, 
        "substrate" :	{
            "items" :	4, 
            "0" :	"l", 
            "1" :	"w", 
            "2" :	"x", 
            "3" :	"h", 
            "l" :	89.237, 
            "w" :	110.484, 
            "h" :	1.6, 
            "x" :	0.013, 
            "y" :	0.289, 
            "permitivitty" :	4.4, 
            "loss" :	0.02, 
            "name" :	"FR4"
        }
    }, 
    "fitness" :	{
        "items" :	1, 
        "0" :	"final", 
        "1" :	"freq", 
        "lower" :	1.3066524907204862, 
        "desired" :	0.8467772769580836, 
        "upper" :	1.1502504316711257, 
        "area" :	1.0409575405013463, 
        "freq" :	0.7613220771654561, 
        "final" :	1.5068205744686178, 
        "resonant" :	935000000.0, 
        "dir" :	"C:\\Users\\project\\0. My Work\\1. Repositories\\1. Very Unfriendly Train\\Data\\Simulations\\637073406086594944_Primary\\637073406595210624_4\\4.out", 
        "890000000.0" :	{
            "f" :	0.9846151359345062, 
            "g" :	0.32203735478598006
        }, 
        "905000000.0" :	{
            "f" :	0.955601416557027, 
            "g" :	0.3073635898181903
        }, 
        "920000000.0" :	{
            "f" :	0.5716370307933724, 
            "g" :	0.2948432349755004
        }, 
        "935000000.0" :	{
            "f" :	0.12611734370158229, 
            "g" :	0.28476921502857844
        }, 
        "950000000.0" :	{
            "f" :	0.8728356202265948, 
            "g" :	0.27741481144453084
        }
    }
}