{
    "geometry" :	{
        "items" :	3, 
        "0" :	"feed", 
        "1" :	"ground plane", 
        "2" :	"radiating plane", 
        "feed" :	{
            "items" :	2, 
            "0" :	"center", 
            "1" :	"width", 
            "center" :	54.386, 
            "width" :	1.6
        }, 
        "ground plane" :	{
            "items" :	5, 
            "0" :	"l", 
            "1" :	"w", 
            "2" :	"x", 
            "3" :	"y", 
            "4" :	"slots", 
            "l" :	85.486, 
            "w" :	107.147, 
            "x" :	-0.204, 
            "y" :	-0.194, 
            "slots" :	{
                "items" :	4, 
                "0" :	"elliptical", 
                "1" :	"rectangular", 
                "2" :	"triangular", 
                "3" :	"polygonal", 
                "elliptical" :	{
                    "items" :	0
                }, 
                "rectangular" :	{
                    "items" :	0
                }, 
                "triangular" :	{
                    "items" :	0
                }, 
                "polygonal" :	{
                    "items" :	0
                }
            }
        }, 
        "radiating plane" :	{
            "items" :	5, 
            "0" :	"l", 
            "1" :	"w", 
            "2" :	"x", 
            "3" :	"y", 
            "4" :	"slots", 
            "l" :	76.767, 
            "w" :	98.402, 
            "x" :	4.744, 
            "y" :	4.72, 
            "slots" :	{
                "items" :	4, 
                "0" :	"elliptical", 
                "1" :	"rectangular", 
                "2" :	"triangular", 
                "3" :	"polygonal", 
                "elliptical" :	{
                    "items" :	0
                }, 
                "rectangular" :	{
                    "items" :	0
                }, 
                "triangular" :	{
                    "items" :	0
                }, 
                "polygonal" :	{
                    "items" :	0
                }
            }
        }, 
        "substrate" :	{
            "items" :	4, 
            "0" :	"l", 
            "1" :	"w", 
            "2" :	"x", 
            "3" :	"h", 
            "l" :	85.486, 
            "w" :	107.147, 
            "h" :	1.6, 
            "x" :	-0.204, 
            "y" :	-0.194, 
            "permitivitty" :	4.4, 
            "loss" :	0.02, 
            "name" :	"FR4"
        }
    }, 
    "fitness" :	{
        "items" :	1, 
        "0" :	"final", 
        "1" :	"freq", 
        "lower" :	1.3958694016836957, 
        "desired" :	0.9816241552599866, 
        "upper" :	1.1736359163245578, 
        "area" :	0.9670828391525754, 
        "freq" :	0.8644676036413327, 
        "final" :	1.5477457986259533, 
        "resonant" :	933500000.0, 
        "dir" :	"C:\\Users\\project\\0. My Work\\1. Repositories\\1. Very Unfriendly Train\\Data\\Simulations\\637073340737287808_Primary\\637073359367580288_4\\4.out", 
        "866000000.0" :	{
            "f" :	0.9932778340438735, 
            "g" :	0.41642312081505367
        }, 
        "879500000.0" :	{
            "f" :	0.9920162664025445, 
            "g" :	0.40431157195500156
        }, 
        "893000000.0" :	{
            "f" :	0.9888855587363518, 
            "g" :	0.39269385309826227
        }, 
        "906500000.0" :	{
            "f" :	0.9768890525779071, 
            "g" :	0.3815858606821637
        }, 
        "920000000.0" :	{
            "f" :	0.8484977127282208, 
            "g" :	0.37116065156933187
        }, 
        "933500000.0" :	{
            "f" :	0.005234685908276756, 
            "g" :	0.36150450231405956
        }, 
        "947000000.0" :	{
            "f" :	0.5411070065158788, 
            "g" :	0.3527350121779104
        }, 
        "960500000.0" :	{
            "f" :	0.9589297314755877, 
            "g" :	0.3449562384989883
        }, 
        "974000000.0" :	{
            "f" :	0.9849359672631389, 
            "g" :	0.3382437930421687
        }
    }
}