{
    "geometry" :	{
        "items" :	3, 
        "0" :	"feed", 
        "1" :	"ground plane", 
        "2" :	"radiating plane", 
        "feed" :	{
            "items" :	2, 
            "0" :	"center", 
            "1" :	"width", 
            "center" :	53.328, 
            "width" :	1.622
        }, 
        "ground plane" :	{
            "items" :	5, 
            "0" :	"l", 
            "1" :	"w", 
            "2" :	"x", 
            "3" :	"y", 
            "4" :	"slots", 
            "l" :	83.44, 
            "w" :	92.654, 
            "x" :	-0.927, 
            "y" :	-0.764, 
            "slots" :	{
                "items" :	4, 
                "0" :	"elliptical", 
                "1" :	"rectangular", 
                "2" :	"triangular", 
                "3" :	"polygonal", 
                "elliptical" :	{
                    "items" :	0
                }, 
                "rectangular" :	{
                    "items" :	1, 
                    "0" :	{
                        "items" :	4, 
                        "0" :	"x", 
                        "1" :	"y", 
                        "2" :	"l", 
                        "3" :	"w", 
                        "x" :	43.795, 
                        "y" :	90.245, 
                        "z" :	0.0, 
                        "l" :	10.568, 
                        "w" :	23.407, 
                        "type" :	"rectangular", 
                        "id" :	"637073412471224832"
                    }
                }, 
                "triangular" :	{
                    "items" :	2, 
                    "0" :	{
                        "items" :	3, 
                        "0" :	{
                            "items" :	2, 
                            "0" :	"x", 
                            "1" :	"y", 
                            "x" :	75.268, 
                            "y" :	10.376, 
                            "z" :	0.0
                        }, 
                        "1" :	{
                            "items" :	2, 
                            "0" :	"x", 
                            "1" :	"y", 
                            "x" :	88.607, 
                            "y" :	17.53, 
                            "z" :	0.0
                        }, 
                        "2" :	{
                            "items" :	2, 
                            "0" :	"x", 
                            "1" :	"y", 
                            "x" :	75.425, 
                            "y" :	27.311, 
                            "z" :	0.0
                        }, 
                        "type" :	"triangular", 
                        "id" :	"637073409878338432"
                    }, 
                    "1" :	{
                        "items" :	3, 
                        "0" :	{
                            "items" :	2, 
                            "0" :	"x", 
                            "1" :	"y", 
                            "x" :	79.274, 
                            "y" :	9.858, 
                            "z" :	0.0
                        }, 
                        "1" :	{
                            "items" :	2, 
                            "0" :	"x", 
                            "1" :	"y", 
                            "x" :	78.926, 
                            "y" :	20.729, 
                            "z" :	0.0
                        }, 
                        "2" :	{
                            "items" :	2, 
                            "0" :	"x", 
                            "1" :	"y", 
                            "x" :	90.061, 
                            "y" :	25.635, 
                            "z" :	0.0
                        }, 
                        "type" :	"triangular", 
                        "id" :	"637073414505172480"
                    }
                }, 
                "polygonal" :	{
                    "items" :	0
                }
            }
        }, 
        "radiating plane" :	{
            "items" :	5, 
            "0" :	"l", 
            "1" :	"w", 
            "2" :	"x", 
            "3" :	"y", 
            "4" :	"slots", 
            "l" :	76.03, 
            "w" :	95.22, 
            "x" :	4.843, 
            "y" :	6.339, 
            "slots" :	{
                "items" :	4, 
                "0" :	"elliptical", 
                "1" :	"rectangular", 
                "2" :	"triangular", 
                "3" :	"polygonal", 
                "elliptical" :	{
                    "items" :	0
                }, 
                "rectangular" :	{
                    "items" :	0
                }, 
                "triangular" :	{
                    "items" :	0
                }, 
                "polygonal" :	{
                    "items" :	0
                }
            }
        }, 
        "substrate" :	{
            "items" :	4, 
            "0" :	"l", 
            "1" :	"w", 
            "2" :	"x", 
            "3" :	"h", 
            "l" :	83.44, 
            "w" :	102.37299999999999, 
            "h" :	1.6, 
            "x" :	-0.927, 
            "y" :	-0.764, 
            "permitivitty" :	4.4, 
            "loss" :	0.02, 
            "name" :	"FR4"
        }
    }, 
    "fitness" :	{
        "items" :	1, 
        "0" :	"final", 
        "1" :	"freq", 
        "lower" :	1.4183478953708837, 
        "desired" :	1.2368990901779036, 
        "upper" :	0.4240213217583631, 
        "area" :	0.9018792404520749, 
        "freq" :	1.0075900003189757, 
        "final" :	1.5924113112177882, 
        "resonant" :	950000000.0, 
        "dir" :	"C:\\Users\\project\\0. My Work\\1. Repositories\\1. Very Unfriendly Train\\Data\\Simulations\\637073406086594944_Primary\\637073414505311872_3\\3.out", 
        "890000000.0" :	{
            "f" :	0.9911061945204614, 
            "g" :	0.4272417008504222
        }, 
        "905000000.0" :	{
            "f" :	0.986322078643407, 
            "g" :	0.4087030563940573
        }, 
        "920000000.0" :	{
            "f" :	0.9623676802748093, 
            "g" :	0.39401715760938516
        }, 
        "935000000.0" :	{
            "f" :	0.5775197644435459, 
            "g" :	0.381767533168506
        }, 
        "950000000.0" :	{
            "f" :	0.05279328577474814, 
            "g" :	0.371228035983615
        }
    }
}