{
    "geometry" :	{
        "items" :	3, 
        "0" :	"feed", 
        "1" :	"ground plane", 
        "2" :	"radiating plane", 
        "feed" :	{
            "items" :	2, 
            "0" :	"center", 
            "1" :	"width", 
            "center" :	54.258, 
            "width" :	1.607
        }, 
        "ground plane" :	{
            "items" :	5, 
            "0" :	"l", 
            "1" :	"w", 
            "2" :	"x", 
            "3" :	"y", 
            "4" :	"slots", 
            "l" :	79.782, 
            "w" :	102.974, 
            "x" :	-1.213, 
            "y" :	-1.969, 
            "slots" :	{
                "items" :	4, 
                "0" :	"elliptical", 
                "1" :	"rectangular", 
                "2" :	"triangular", 
                "3" :	"polygonal", 
                "elliptical" :	{
                    "items" :	0
                }, 
                "rectangular" :	{
                    "items" :	1, 
                    "0" :	{
                        "items" :	4, 
                        "0" :	"x", 
                        "1" :	"y", 
                        "2" :	"l", 
                        "3" :	"w", 
                        "x" :	64.96, 
                        "y" :	44.793, 
                        "z" :	0.0, 
                        "l" :	5.252, 
                        "w" :	26.865, 
                        "type" :	"rectangular", 
                        "id" :	"637073420663162624"
                    }
                }, 
                "triangular" :	{
                    "items" :	3, 
                    "0" :	{
                        "items" :	3, 
                        "0" :	{
                            "items" :	2, 
                            "0" :	"x", 
                            "1" :	"y", 
                            "x" :	15.21, 
                            "y" :	16.337, 
                            "z" :	0.0
                        }, 
                        "1" :	{
                            "items" :	2, 
                            "0" :	"x", 
                            "1" :	"y", 
                            "x" :	15.843, 
                            "y" :	35.628, 
                            "z" :	0.0
                        }, 
                        "2" :	{
                            "items" :	2, 
                            "0" :	"x", 
                            "1" :	"y", 
                            "x" :	37.999, 
                            "y" :	20.281, 
                            "z" :	0.0
                        }, 
                        "type" :	"triangular", 
                        "id" :	"637073418639024640"
                    }, 
                    "1" :	{
                        "items" :	3, 
                        "0" :	{
                            "items" :	2, 
                            "0" :	"x", 
                            "1" :	"y", 
                            "x" :	44.595, 
                            "y" :	59.933, 
                            "z" :	0.0
                        }, 
                        "1" :	{
                            "items" :	2, 
                            "0" :	"x", 
                            "1" :	"y", 
                            "x" :	42.533, 
                            "y" :	63.15, 
                            "z" :	0.0
                        }, 
                        "2" :	{
                            "items" :	2, 
                            "0" :	"x", 
                            "1" :	"y", 
                            "x" :	29.414, 
                            "y" :	72.703, 
                            "z" :	0.0
                        }, 
                        "type" :	"triangular", 
                        "id" :	"637073428614012928"
                    }, 
                    "2" :	{
                        "items" :	3, 
                        "0" :	{
                            "items" :	2, 
                            "0" :	"x", 
                            "1" :	"y", 
                            "x" :	38.13, 
                            "y" :	12.711, 
                            "z" :	0.0
                        }, 
                        "1" :	{
                            "items" :	2, 
                            "0" :	"x", 
                            "1" :	"y", 
                            "x" :	30.0, 
                            "y" :	16.008, 
                            "z" :	0.0
                        }, 
                        "2" :	{
                            "items" :	2, 
                            "0" :	"x", 
                            "1" :	"y", 
                            "x" :	31.502, 
                            "y" :	10.497, 
                            "z" :	0.0
                        }, 
                        "type" :	"triangular", 
                        "id" :	"637073430785102208"
                    }
                }, 
                "polygonal" :	{
                    "items" :	0
                }
            }
        }, 
        "radiating plane" :	{
            "items" :	5, 
            "0" :	"l", 
            "1" :	"w", 
            "2" :	"x", 
            "3" :	"y", 
            "4" :	"slots", 
            "l" :	69.368, 
            "w" :	93.035, 
            "x" :	3.68, 
            "y" :	6.177, 
            "slots" :	{
                "items" :	4, 
                "0" :	"elliptical", 
                "1" :	"rectangular", 
                "2" :	"triangular", 
                "3" :	"polygonal", 
                "elliptical" :	{
                    "items" :	0
                }, 
                "rectangular" :	{
                    "items" :	1, 
                    "0" :	{
                        "items" :	4, 
                        "0" :	"x", 
                        "1" :	"y", 
                        "2" :	"l", 
                        "3" :	"w", 
                        "x" :	11.478, 
                        "y" :	40.555, 
                        "z" :	1.6, 
                        "l" :	1.396, 
                        "w" :	1.217, 
                        "type" :	"rectangular", 
                        "id" :	"637073430785142144"
                    }
                }, 
                "triangular" :	{
                    "items" :	3, 
                    "0" :	{
                        "items" :	3, 
                        "0" :	{
                            "items" :	2, 
                            "0" :	"x", 
                            "1" :	"y", 
                            "x" :	68.962, 
                            "y" :	61.672, 
                            "z" :	1.6
                        }, 
                        "1" :	{
                            "items" :	2, 
                            "0" :	"x", 
                            "1" :	"y", 
                            "x" :	65.662, 
                            "y" :	65.012, 
                            "z" :	1.6
                        }, 
                        "2" :	{
                            "items" :	2, 
                            "0" :	"x", 
                            "1" :	"y", 
                            "x" :	67.194, 
                            "y" :	63.525, 
                            "z" :	1.6
                        }, 
                        "type" :	"triangular", 
                        "id" :	"637073409878348416"
                    }, 
                    "1" :	{
                        "items" :	3, 
                        "0" :	{
                            "items" :	2, 
                            "0" :	"x", 
                            "1" :	"y", 
                            "x" :	69.642, 
                            "y" :	30.799, 
                            "z" :	1.6
                        }, 
                        "1" :	{
                            "items" :	2, 
                            "0" :	"x", 
                            "1" :	"y", 
                            "x" :	70.63, 
                            "y" :	28.187, 
                            "z" :	1.6
                        }, 
                        "2" :	{
                            "items" :	2, 
                            "0" :	"x", 
                            "1" :	"y", 
                            "x" :	67.674, 
                            "y" :	28.929, 
                            "z" :	1.6
                        }, 
                        "type" :	"triangular", 
                        "id" :	"637073420663172608"
                    }, 
                    "2" :	{
                        "items" :	3, 
                        "0" :	{
                            "items" :	2, 
                            "0" :	"x", 
                            "1" :	"y", 
                            "x" :	18.702, 
                            "y" :	57.266, 
                            "z" :	1.6
                        }, 
                        "1" :	{
                            "items" :	2, 
                            "0" :	"x", 
                            "1" :	"y", 
                            "x" :	17.141, 
                            "y" :	60.221, 
                            "z" :	1.6
                        }, 
                        "2" :	{
                            "items" :	2, 
                            "0" :	"x", 
                            "1" :	"y", 
                            "x" :	16.168, 
                            "y" :	57.82, 
                            "z" :	1.6
                        }, 
                        "type" :	"triangular", 
                        "id" :	"637073428614032768"
                    }
                }, 
                "polygonal" :	{
                    "items" :	0
                }
            }
        }, 
        "substrate" :	{
            "items" :	4, 
            "0" :	"l", 
            "1" :	"w", 
            "2" :	"x", 
            "3" :	"h", 
            "l" :	79.782, 
            "w" :	102.974, 
            "h" :	1.6, 
            "x" :	-1.213, 
            "y" :	-1.969, 
            "permitivitty" :	4.4, 
            "loss" :	0.02, 
            "name" :	"FR4"
        }
    }, 
    "fitness" :	{
        "items" :	1, 
        "0" :	"final", 
        "1" :	"freq", 
        "lower" :	1.3997057435617752, 
        "desired" :	1.3685713474603418, 
        "upper" :	1.3228674141841208, 
        "area" :	0.8674034935135193, 
        "freq" :	1.1431183021341962, 
        "final" :	1.653295292829056, 
        "resonant" :	950000000.0, 
        "dir" :	"C:\\Users\\project\\0. My Work\\1. Repositories\\1. Very Unfriendly Train\\Data\\Simulations\\637073406086594944_Primary\\637073430785152128_6\\6.out", 
        "890000000.0" :	{
            "f" :	0.9936065461383649, 
            "g" :	0.4060991974234105
        }, 
        "905000000.0" :	{
            "f" :	0.9927996553942567, 
            "g" :	0.39128337016522124
        }, 
        "920000000.0" :	{
            "f" :	0.9911296696450158, 
            "g" :	0.37780900607532747
        }, 
        "935000000.0" :	{
            "f" :	0.9866605467220699, 
            "g" :	0.36603179437913447
        }, 
        "950000000.0" :	{
            "f" :	0.9666162828243986, 
            "g" :	0.3562511313597221
        }
    }
}