{
    "geometry" :	{
        "items" :	3, 
        "0" :	"feed", 
        "1" :	"ground plane", 
        "2" :	"radiating plane", 
        "feed" :	{
            "items" :	2, 
            "0" :	"center", 
            "1" :	"width", 
            "center" :	54.393, 
            "width" :	1.605
        }, 
        "ground plane" :	{
            "items" :	5, 
            "0" :	"l", 
            "1" :	"w", 
            "2" :	"x", 
            "3" :	"y", 
            "4" :	"slots", 
            "l" :	85.454, 
            "w" :	107.485, 
            "x" :	-0.166, 
            "y" :	-0.175, 
            "slots" :	{
                "items" :	4, 
                "0" :	"elliptical", 
                "1" :	"rectangular", 
                "2" :	"triangular", 
                "3" :	"polygonal", 
                "elliptical" :	{
                    "items" :	0
                }, 
                "rectangular" :	{
                    "items" :	0
                }, 
                "triangular" :	{
                    "items" :	0
                }, 
                "polygonal" :	{
                    "items" :	0
                }
            }
        }, 
        "radiating plane" :	{
            "items" :	5, 
            "0" :	"l", 
            "1" :	"w", 
            "2" :	"x", 
            "3" :	"y", 
            "4" :	"slots", 
            "l" :	77.059, 
            "w" :	98.394, 
            "x" :	4.722, 
            "y" :	4.718, 
            "slots" :	{
                "items" :	4, 
                "0" :	"elliptical", 
                "1" :	"rectangular", 
                "2" :	"triangular", 
                "3" :	"polygonal", 
                "elliptical" :	{
                    "items" :	0
                }, 
                "rectangular" :	{
                    "items" :	0
                }, 
                "triangular" :	{
                    "items" :	0
                }, 
                "polygonal" :	{
                    "items" :	0
                }
            }
        }, 
        "substrate" :	{
            "items" :	4, 
            "0" :	"l", 
            "1" :	"w", 
            "2" :	"x", 
            "3" :	"h", 
            "l" :	85.454, 
            "w" :	107.485, 
            "h" :	1.6, 
            "x" :	-0.166, 
            "y" :	-0.175, 
            "permitivitty" :	4.4, 
            "loss" :	0.02, 
            "name" :	"FR4"
        }
    }, 
    "fitness" :	{
        "items" :	1, 
        "0" :	"final", 
        "1" :	"freq", 
        "lower" :	1.4019752287668756, 
        "desired" :	0.9549124401923744, 
        "upper" :	1.2465807098401787, 
        "area" :	0.9697703948078041, 
        "freq" :	0.8499356380718555, 
        "final" :	1.5342427901747835, 
        "resonant" :	933500000.0, 
        "dir" :	"C:\\Users\\project\\0. My Work\\1. Repositories\\1. Very Unfriendly Train\\Data\\Simulations\\637073340737287808_Primary\\637073354004196736_2\\2.out", 
        "866000000.0" :	{
            "f" :	0.9931179531955612, 
            "g" :	0.42248442429653144
        }, 
        "879500000.0" :	{
            "f" :	0.9916706035442315, 
            "g" :	0.41091176592848244
        }, 
        "893000000.0" :	{
            "f" :	0.9878875297431108, 
            "g" :	0.3998534095927094
        }, 
        "906500000.0" :	{
            "f" :	0.9716967372259359, 
            "g" :	0.38925937615017164
        }, 
        "920000000.0" :	{
            "f" :	0.7514324477567211, 
            "g" :	0.3793545353549641
        }, 
        "933500000.0" :	{
            "f" :	0.0027882934935020707, 
            "g" :	0.37020593059582896
        }, 
        "947000000.0" :	{
            "f" :	0.7211285850304283, 
            "g" :	0.3619472784524374
        }, 
        "960500000.0" :	{
            "f" :	0.9673716117371128, 
            "g" :	0.35462975595986984
        }, 
        "974000000.0" :	{
            "f" :	0.986275231479058, 
            "g" :	0.34838966686163
        }
    }
}