{
    "geometry" :	{
        "items" :	3, 
        "0" :	"feed", 
        "1" :	"ground plane", 
        "2" :	"radiating plane", 
        "feed" :	{
            "items" :	2, 
            "0" :	"center", 
            "1" :	"width", 
            "center" :	53.548, 
            "width" :	1.559
        }, 
        "ground plane" :	{
            "items" :	5, 
            "0" :	"l", 
            "1" :	"w", 
            "2" :	"x", 
            "3" :	"y", 
            "4" :	"slots", 
            "l" :	87.878, 
            "w" :	96.941, 
            "x" :	-1.088, 
            "y" :	-0.654, 
            "slots" :	{
                "items" :	4, 
                "0" :	"elliptical", 
                "1" :	"rectangular", 
                "2" :	"triangular", 
                "3" :	"polygonal", 
                "elliptical" :	{
                    "items" :	0
                }, 
                "rectangular" :	{
                    "items" :	1, 
                    "0" :	{
                        "items" :	4, 
                        "0" :	"x", 
                        "1" :	"y", 
                        "2" :	"l", 
                        "3" :	"w", 
                        "x" :	47.022, 
                        "y" :	90.955, 
                        "z" :	0.0, 
                        "l" :	15.0, 
                        "w" :	28.612, 
                        "type" :	"rectangular", 
                        "id" :	"637073412471224832"
                    }
                }, 
                "triangular" :	{
                    "items" :	2, 
                    "0" :	{
                        "items" :	3, 
                        "0" :	{
                            "items" :	2, 
                            "0" :	"x", 
                            "1" :	"y", 
                            "x" :	70.502, 
                            "y" :	11.783, 
                            "z" :	0.0
                        }, 
                        "1" :	{
                            "items" :	2, 
                            "0" :	"x", 
                            "1" :	"y", 
                            "x" :	91.918, 
                            "y" :	16.946, 
                            "z" :	0.0
                        }, 
                        "2" :	{
                            "items" :	2, 
                            "0" :	"x", 
                            "1" :	"y", 
                            "x" :	71.902, 
                            "y" :	30.114, 
                            "z" :	0.0
                        }, 
                        "type" :	"triangular", 
                        "id" :	"637073409878338432"
                    }, 
                    "1" :	{
                        "items" :	3, 
                        "0" :	{
                            "items" :	2, 
                            "0" :	"x", 
                            "1" :	"y", 
                            "x" :	23.494, 
                            "y" :	32.815, 
                            "z" :	0.0
                        }, 
                        "1" :	{
                            "items" :	2, 
                            "0" :	"x", 
                            "1" :	"y", 
                            "x" :	25.794, 
                            "y" :	34.433, 
                            "z" :	0.0
                        }, 
                        "2" :	{
                            "items" :	2, 
                            "0" :	"x", 
                            "1" :	"y", 
                            "x" :	25.135, 
                            "y" :	22.738, 
                            "z" :	0.0
                        }, 
                        "type" :	"triangular", 
                        "id" :	"637073414505212288"
                    }
                }, 
                "polygonal" :	{
                    "items" :	0
                }
            }
        }, 
        "radiating plane" :	{
            "items" :	5, 
            "0" :	"l", 
            "1" :	"w", 
            "2" :	"x", 
            "3" :	"y", 
            "4" :	"slots", 
            "l" :	72.898, 
            "w" :	93.995, 
            "x" :	4.899, 
            "y" :	5.326, 
            "slots" :	{
                "items" :	4, 
                "0" :	"elliptical", 
                "1" :	"rectangular", 
                "2" :	"triangular", 
                "3" :	"polygonal", 
                "elliptical" :	{
                    "items" :	0
                }, 
                "rectangular" :	{
                    "items" :	0
                }, 
                "triangular" :	{
                    "items" :	2, 
                    "0" :	{
                        "items" :	3, 
                        "0" :	{
                            "items" :	2, 
                            "0" :	"x", 
                            "1" :	"y", 
                            "x" :	69.002, 
                            "y" :	63.576, 
                            "z" :	1.6
                        }, 
                        "1" :	{
                            "items" :	2, 
                            "0" :	"x", 
                            "1" :	"y", 
                            "x" :	65.491, 
                            "y" :	65.485, 
                            "z" :	1.6
                        }, 
                        "2" :	{
                            "items" :	2, 
                            "0" :	"x", 
                            "1" :	"y", 
                            "x" :	68.621, 
                            "y" :	60.465, 
                            "z" :	1.6
                        }, 
                        "type" :	"triangular", 
                        "id" :	"637073409878348416"
                    }, 
                    "1" :	{
                        "items" :	3, 
                        "0" :	{
                            "items" :	2, 
                            "0" :	"x", 
                            "1" :	"y", 
                            "x" :	3.341, 
                            "y" :	25.208, 
                            "z" :	1.6
                        }, 
                        "1" :	{
                            "items" :	2, 
                            "0" :	"x", 
                            "1" :	"y", 
                            "x" :	5.106, 
                            "y" :	27.358, 
                            "z" :	1.6
                        }, 
                        "2" :	{
                            "items" :	2, 
                            "0" :	"x", 
                            "1" :	"y", 
                            "x" :	0.223, 
                            "y" :	27.748, 
                            "z" :	1.6
                        }, 
                        "type" :	"triangular", 
                        "id" :	"637073414505222272"
                    }
                }, 
                "polygonal" :	{
                    "items" :	0
                }
            }
        }, 
        "substrate" :	{
            "items" :	4, 
            "0" :	"l", 
            "1" :	"w", 
            "2" :	"x", 
            "3" :	"h", 
            "l" :	87.878, 
            "w" :	100.02499999999999, 
            "h" :	1.6, 
            "x" :	-1.088, 
            "y" :	-0.654, 
            "permitivitty" :	4.4, 
            "loss" :	0.02, 
            "name" :	"FR4"
        }
    }, 
    "fitness" :	{
        "items" :	1, 
        "0" :	"final", 
        "1" :	"freq", 
        "lower" :	1.2884137181935187, 
        "desired" :	1.1860534580387927, 
        "upper" :	0.20977771556795752, 
        "area" :	0.9280628514734205, 
        "freq" :	0.9502414724520019, 
        "final" :	1.5821463371471094, 
        "resonant" :	950000000.0, 
        "dir" :	"C:\\Users\\project\\0. My Work\\1. Repositories\\1. Very Unfriendly Train\\Data\\Simulations\\637073406086594944_Primary\\637073414505311872_4\\4.out", 
        "890000000.0" :	{
            "f" :	0.9922642217653442, 
            "g" :	0.29614949642817445
        }, 
        "905000000.0" :	{
            "f" :	0.9893960346132871, 
            "g" :	0.27099889112823494
        }, 
        "920000000.0" :	{
            "f" :	0.9781686125128872, 
            "g" :	0.24826762225942217
        }, 
        "935000000.0" :	{
            "f" :	0.8435302856463642, 
            "g" :	0.22779892795618242
        }, 
        "950000000.0" :	{
            "f" :	0.0002663587711432263, 
            "g" :	0.2095113567968143
        }
    }
}