{
    "geometry" :	{
        "items" :	3, 
        "0" :	"feed", 
        "1" :	"ground plane", 
        "2" :	"radiating plane", 
        "feed" :	{
            "items" :	2, 
            "0" :	"center", 
            "1" :	"width", 
            "center" :	53.493, 
            "width" :	1.704
        }, 
        "ground plane" :	{
            "items" :	5, 
            "0" :	"l", 
            "1" :	"w", 
            "2" :	"x", 
            "3" :	"y", 
            "4" :	"slots", 
            "l" :	79.499, 
            "w" :	92.722, 
            "x" :	-1.41, 
            "y" :	-0.954, 
            "slots" :	{
                "items" :	4, 
                "0" :	"elliptical", 
                "1" :	"rectangular", 
                "2" :	"triangular", 
                "3" :	"polygonal", 
                "elliptical" :	{
                    "items" :	0
                }, 
                "rectangular" :	{
                    "items" :	3, 
                    "0" :	{
                        "items" :	4, 
                        "0" :	"x", 
                        "1" :	"y", 
                        "2" :	"l", 
                        "3" :	"w", 
                        "x" :	47.625, 
                        "y" :	108.262, 
                        "z" :	0.0, 
                        "l" :	8.082, 
                        "w" :	20.863, 
                        "type" :	"rectangular", 
                        "id" :	"637073369376184064"
                    }, 
                    "1" :	{
                        "items" :	4, 
                        "0" :	"x", 
                        "1" :	"y", 
                        "2" :	"l", 
                        "3" :	"w", 
                        "x" :	61.221, 
                        "y" :	9.322, 
                        "z" :	0.0, 
                        "l" :	11.977, 
                        "w" :	24.316, 
                        "type" :	"rectangular", 
                        "id" :	"637073381220834944"
                    }, 
                    "2" :	{
                        "items" :	4, 
                        "0" :	"x", 
                        "1" :	"y", 
                        "2" :	"l", 
                        "3" :	"w", 
                        "x" :	6.208, 
                        "y" :	37.986, 
                        "z" :	0.0, 
                        "l" :	12.919, 
                        "w" :	30.258, 
                        "type" :	"rectangular", 
                        "id" :	"637073386951614720"
                    }
                }, 
                "triangular" :	{
                    "items" :	0
                }, 
                "polygonal" :	{
                    "items" :	0
                }
            }
        }, 
        "radiating plane" :	{
            "items" :	5, 
            "0" :	"l", 
            "1" :	"w", 
            "2" :	"x", 
            "3" :	"y", 
            "4" :	"slots", 
            "l" :	73.712, 
            "w" :	93.257, 
            "x" :	3.431, 
            "y" :	3.342, 
            "slots" :	{
                "items" :	4, 
                "0" :	"elliptical", 
                "1" :	"rectangular", 
                "2" :	"triangular", 
                "3" :	"polygonal", 
                "elliptical" :	{
                    "items" :	0
                }, 
                "rectangular" :	{
                    "items" :	0
                }, 
                "triangular" :	{
                    "items" :	1, 
                    "0" :	{
                        "items" :	3, 
                        "0" :	{
                            "items" :	2, 
                            "0" :	"x", 
                            "1" :	"y", 
                            "x" :	5.94, 
                            "y" :	5.377, 
                            "z" :	1.6
                        }, 
                        "1" :	{
                            "items" :	2, 
                            "0" :	"x", 
                            "1" :	"y", 
                            "x" :	8.565, 
                            "y" :	1.712, 
                            "z" :	1.6
                        }, 
                        "2" :	{
                            "items" :	2, 
                            "0" :	"x", 
                            "1" :	"y", 
                            "x" :	6.696, 
                            "y" :	5.934, 
                            "z" :	1.6
                        }, 
                        "type" :	"triangular", 
                        "id" :	"637073381220844928"
                    }
                }, 
                "polygonal" :	{
                    "items" :	0
                }
            }
        }, 
        "substrate" :	{
            "items" :	4, 
            "0" :	"l", 
            "1" :	"w", 
            "2" :	"x", 
            "3" :	"h", 
            "l" :	79.499, 
            "w" :	97.603, 
            "h" :	1.6, 
            "x" :	-1.41, 
            "y" :	-0.954, 
            "permitivitty" :	4.4, 
            "loss" :	0.02, 
            "name" :	"FR4"
        }
    }, 
    "fitness" :	{
        "items" :	1, 
        "0" :	"final", 
        "1" :	"freq", 
        "lower" :	1.4521007776760166, 
        "desired" :	1.3839385123988779, 
        "upper" :	0.8373647854624098, 
        "area" :	0.8192444297064458, 
        "freq" :	1.1340537640547963, 
        "final" :	1.4981345068690575, 
        "resonant" :	960500000.0, 
        "dir" :	"C:\\Users\\project\\0. My Work\\1. Repositories\\1. Very Unfriendly Train\\Data\\Simulations\\637073364910614272_Primary\\637073386951634560_9\\9.out", 
        "866000000.0" :	{
            "f" :	0.9939414030054814, 
            "g" :	0.4801738564710131
        }, 
        "879500000.0" :	{
            "f" :	0.9934799596990941, 
            "g" :	0.45805764029714896
        }, 
        "893000000.0" :	{
            "f" :	0.9926333624031856, 
            "g" :	0.4380161111521265
        }, 
        "906500000.0" :	{
            "f" :	0.9908577700229533, 
            "g" :	0.41969216974277523
        }, 
        "920000000.0" :	{
            "f" :	0.9860926567882555, 
            "g" :	0.40282330472521566
        }, 
        "933500000.0" :	{
            "f" :	0.9650883814300666, 
            "g" :	0.3872612544873682
        }, 
        "947000000.0" :	{
            "f" :	0.7062001618865256, 
            "g" :	0.37285883529633534
        }, 
        "960500000.0" :	{
            "f" :	0.020210542534893024, 
            "g" :	0.3595492614958323
        }, 
        "974000000.0" :	{
            "f" :	0.7059372833698212, 
            "g" :	0.347338271803822
        }
    }
}