{
    "geometry" :	{
        "items" :	3, 
        "0" :	"feed", 
        "1" :	"ground plane", 
        "2" :	"radiating plane", 
        "feed" :	{
            "items" :	2, 
            "0" :	"center", 
            "1" :	"width", 
            "center" :	54.384, 
            "width" :	1.594
        }, 
        "ground plane" :	{
            "items" :	5, 
            "0" :	"l", 
            "1" :	"w", 
            "2" :	"x", 
            "3" :	"y", 
            "4" :	"slots", 
            "l" :	85.788, 
            "w" :	107.076, 
            "x" :	-0.175, 
            "y" :	-0.221, 
            "slots" :	{
                "items" :	4, 
                "0" :	"elliptical", 
                "1" :	"rectangular", 
                "2" :	"triangular", 
                "3" :	"polygonal", 
                "elliptical" :	{
                    "items" :	0
                }, 
                "rectangular" :	{
                    "items" :	1, 
                    "0" :	{
                        "items" :	4, 
                        "0" :	"x", 
                        "1" :	"y", 
                        "2" :	"l", 
                        "3" :	"w", 
                        "x" :	26.813, 
                        "y" :	59.791, 
                        "z" :	0.0, 
                        "l" :	13.105, 
                        "w" :	13.771, 
                        "type" :	"rectangular", 
                        "id" :	"637073354004186880"
                    }
                }, 
                "triangular" :	{
                    "items" :	0
                }, 
                "polygonal" :	{
                    "items" :	0
                }
            }
        }, 
        "radiating plane" :	{
            "items" :	5, 
            "0" :	"l", 
            "1" :	"w", 
            "2" :	"x", 
            "3" :	"y", 
            "4" :	"slots", 
            "l" :	76.954, 
            "w" :	98.741, 
            "x" :	4.788, 
            "y" :	4.82, 
            "slots" :	{
                "items" :	4, 
                "0" :	"elliptical", 
                "1" :	"rectangular", 
                "2" :	"triangular", 
                "3" :	"polygonal", 
                "elliptical" :	{
                    "items" :	0
                }, 
                "rectangular" :	{
                    "items" :	0
                }, 
                "triangular" :	{
                    "items" :	0
                }, 
                "polygonal" :	{
                    "items" :	0
                }
            }
        }, 
        "substrate" :	{
            "items" :	4, 
            "0" :	"l", 
            "1" :	"w", 
            "2" :	"x", 
            "3" :	"h", 
            "l" :	85.788, 
            "w" :	107.076, 
            "h" :	1.6, 
            "x" :	-0.175, 
            "y" :	-0.221, 
            "permitivitty" :	4.4, 
            "loss" :	0.02, 
            "name" :	"FR4"
        }
    }, 
    "fitness" :	{
        "items" :	1, 
        "0" :	"final", 
        "1" :	"freq", 
        "lower" :	1.1227024212880854, 
        "desired" :	1.060827992183712, 
        "upper" :	1.361745821117997, 
        "area" :	0.9698562008470505, 
        "freq" :	0.9060965913939855, 
        "final" :	1.6019328834477244, 
        "resonant" :	906500000.0, 
        "dir" :	"C:\\Users\\project\\0. My Work\\1. Repositories\\1. Very Unfriendly Train\\Data\\Simulations\\637073340737287808_Primary\\637073354004196736_7\\7.out", 
        "866000000.0" :	{
            "f" :	0.9851002649954285, 
            "g" :	0.4277356667414013
        }, 
        "879500000.0" :	{
            "f" :	0.9472666894181863, 
            "g" :	0.41728572628067123
        }, 
        "893000000.0" :	{
            "f" :	0.1832821875643235, 
            "g" :	0.407436728864245
        }, 
        "906500000.0" :	{
            "f" :	0.09982834307285256, 
            "g" :	0.39816608147883353
        }, 
        "920000000.0" :	{
            "f" :	0.9306553489332093, 
            "g" :	0.3896622721646785
        }, 
        "933500000.0" :	{
            "f" :	0.9821475360091073, 
            "g" :	0.382024394892455
        }, 
        "947000000.0" :	{
            "f" :	0.9896878488567216, 
            "g" :	0.37535038706436513
        }, 
        "960500000.0" :	{
            "f" :	0.9920783298139286, 
            "g" :	0.36972544648895267
        }, 
        "974000000.0" :	{
            "f" :	0.9931452380774659, 
            "g" :	0.3652502130525568
        }
    }
}