{
    "geometry" :	{
        "items" :	3, 
        "0" :	"feed", 
        "1" :	"ground plane", 
        "2" :	"radiating plane", 
        "feed" :	{
            "items" :	2, 
            "0" :	"center", 
            "1" :	"width", 
            "center" :	53.499, 
            "width" :	1.641
        }, 
        "ground plane" :	{
            "items" :	5, 
            "0" :	"l", 
            "1" :	"w", 
            "2" :	"x", 
            "3" :	"y", 
            "4" :	"slots", 
            "l" :	84.025, 
            "w" :	98.763, 
            "x" :	-1.057, 
            "y" :	-0.5, 
            "slots" :	{
                "items" :	4, 
                "0" :	"elliptical", 
                "1" :	"rectangular", 
                "2" :	"triangular", 
                "3" :	"polygonal", 
                "elliptical" :	{
                    "items" :	0
                }, 
                "rectangular" :	{
                    "items" :	2, 
                    "0" :	{
                        "items" :	4, 
                        "0" :	"x", 
                        "1" :	"y", 
                        "2" :	"l", 
                        "3" :	"w", 
                        "x" :	45.589, 
                        "y" :	92.398, 
                        "z" :	0.0, 
                        "l" :	7.153, 
                        "w" :	23.408, 
                        "type" :	"rectangular", 
                        "id" :	"637073412471224832"
                    }, 
                    "1" :	{
                        "items" :	4, 
                        "0" :	"x", 
                        "1" :	"y", 
                        "2" :	"l", 
                        "3" :	"w", 
                        "x" :	34.938, 
                        "y" :	71.151, 
                        "z" :	0.0, 
                        "l" :	12.438, 
                        "w" :	22.335, 
                        "type" :	"rectangular", 
                        "id" :	"637073420663122688"
                    }
                }, 
                "triangular" :	{
                    "items" :	1, 
                    "0" :	{
                        "items" :	3, 
                        "0" :	{
                            "items" :	2, 
                            "0" :	"x", 
                            "1" :	"y", 
                            "x" :	16.09, 
                            "y" :	26.974, 
                            "z" :	0.0
                        }, 
                        "1" :	{
                            "items" :	2, 
                            "0" :	"x", 
                            "1" :	"y", 
                            "x" :	11.877, 
                            "y" :	31.589, 
                            "z" :	0.0
                        }, 
                        "2" :	{
                            "items" :	2, 
                            "0" :	"x", 
                            "1" :	"y", 
                            "x" :	41.395, 
                            "y" :	15.46, 
                            "z" :	0.0
                        }, 
                        "type" :	"triangular", 
                        "id" :	"637073418639024640"
                    }
                }, 
                "polygonal" :	{
                    "items" :	0
                }
            }
        }, 
        "radiating plane" :	{
            "items" :	5, 
            "0" :	"l", 
            "1" :	"w", 
            "2" :	"x", 
            "3" :	"y", 
            "4" :	"slots", 
            "l" :	73.324, 
            "w" :	95.255, 
            "x" :	4.513, 
            "y" :	5.44, 
            "slots" :	{
                "items" :	4, 
                "0" :	"elliptical", 
                "1" :	"rectangular", 
                "2" :	"triangular", 
                "3" :	"polygonal", 
                "elliptical" :	{
                    "items" :	0
                }, 
                "rectangular" :	{
                    "items" :	1, 
                    "0" :	{
                        "items" :	4, 
                        "0" :	"x", 
                        "1" :	"y", 
                        "2" :	"l", 
                        "3" :	"w", 
                        "x" :	60.956, 
                        "y" :	25.956, 
                        "z" :	1.6, 
                        "l" :	2.105, 
                        "w" :	0.674, 
                        "type" :	"rectangular", 
                        "id" :	"637073418639044608"
                    }
                }, 
                "triangular" :	{
                    "items" :	1, 
                    "0" :	{
                        "items" :	3, 
                        "0" :	{
                            "items" :	2, 
                            "0" :	"x", 
                            "1" :	"y", 
                            "x" :	68.112, 
                            "y" :	63.101, 
                            "z" :	1.6
                        }, 
                        "1" :	{
                            "items" :	2, 
                            "0" :	"x", 
                            "1" :	"y", 
                            "x" :	65.652, 
                            "y" :	65.845, 
                            "z" :	1.6
                        }, 
                        "2" :	{
                            "items" :	2, 
                            "0" :	"x", 
                            "1" :	"y", 
                            "x" :	65.802, 
                            "y" :	62.729, 
                            "z" :	1.6
                        }, 
                        "type" :	"triangular", 
                        "id" :	"637073409878348416"
                    }
                }, 
                "polygonal" :	{
                    "items" :	0
                }
            }
        }, 
        "substrate" :	{
            "items" :	4, 
            "0" :	"l", 
            "1" :	"w", 
            "2" :	"x", 
            "3" :	"h", 
            "l" :	84.025, 
            "w" :	101.24499999999999, 
            "h" :	1.6, 
            "x" :	-1.057, 
            "y" :	-0.5, 
            "permitivitty" :	4.4, 
            "loss" :	0.02, 
            "name" :	"FR4"
        }
    }, 
    "fitness" :	{
        "items" :	1, 
        "0" :	"final", 
        "1" :	"freq", 
        "lower" :	1.5183505109693178, 
        "desired" :	1.4870627844613826, 
        "upper" :	1.4599664571194988, 
        "area" :	0.8981952841825228, 
        "freq" :	1.2430020654113347, 
        "final" :	1.8466915957547334, 
        "resonant" :	950000000.0, 
        "dir" :	"C:\\Users\\project\\0. My Work\\1. Repositories\\1. Very Unfriendly Train\\Data\\Simulations\\637073406086594944_Primary\\637073420663192320_5\\5.out", 
        "890000000.0" :	{
            "f" :	0.9948731985940682, 
            "g" :	0.5234773123752496
        }, 
        "905000000.0" :	{
            "f" :	0.9948864428905786, 
            "g" :	0.5074756610837786
        }, 
        "920000000.0" :	{
            "f" :	0.9948894944295736, 
            "g" :	0.49172293355488345
        }, 
        "935000000.0" :	{
            "f" :	0.9948813529634237, 
            "g" :	0.4773324684619092
        }, 
        "950000000.0" :	{
            "f" :	0.9948578743028786, 
            "g" :	0.4651085828166202
        }
    }
}