{
    "geometry" :	{
        "items" :	3, 
        "0" :	"feed", 
        "1" :	"ground plane", 
        "2" :	"radiating plane", 
        "feed" :	{
            "items" :	2, 
            "0" :	"center", 
            "1" :	"width", 
            "center" :	54.375, 
            "width" :	1.6
        }, 
        "ground plane" :	{
            "items" :	5, 
            "0" :	"l", 
            "1" :	"w", 
            "2" :	"x", 
            "3" :	"y", 
            "4" :	"slots", 
            "l" :	85.473, 
            "w" :	107.19, 
            "x" :	-0.199, 
            "y" :	-0.198, 
            "slots" :	{
                "items" :	4, 
                "0" :	"elliptical", 
                "1" :	"rectangular", 
                "2" :	"triangular", 
                "3" :	"polygonal", 
                "elliptical" :	{
                    "items" :	0
                }, 
                "rectangular" :	{
                    "items" :	0
                }, 
                "triangular" :	{
                    "items" :	0
                }, 
                "polygonal" :	{
                    "items" :	0
                }
            }
        }, 
        "radiating plane" :	{
            "items" :	5, 
            "0" :	"l", 
            "1" :	"w", 
            "2" :	"x", 
            "3" :	"y", 
            "4" :	"slots", 
            "l" :	76.736, 
            "w" :	98.435, 
            "x" :	4.726, 
            "y" :	4.725, 
            "slots" :	{
                "items" :	4, 
                "0" :	"elliptical", 
                "1" :	"rectangular", 
                "2" :	"triangular", 
                "3" :	"polygonal", 
                "elliptical" :	{
                    "items" :	0
                }, 
                "rectangular" :	{
                    "items" :	0
                }, 
                "triangular" :	{
                    "items" :	0
                }, 
                "polygonal" :	{
                    "items" :	0
                }
            }
        }, 
        "substrate" :	{
            "items" :	4, 
            "0" :	"l", 
            "1" :	"w", 
            "2" :	"x", 
            "3" :	"h", 
            "l" :	85.473, 
            "w" :	107.19, 
            "h" :	1.6, 
            "x" :	-0.199, 
            "y" :	-0.198, 
            "permitivitty" :	4.4, 
            "loss" :	0.02, 
            "name" :	"FR4"
        }
    }, 
    "fitness" :	{
        "items" :	1, 
        "0" :	"final", 
        "1" :	"freq", 
        "lower" :	1.397276021878161, 
        "desired" :	0.9754140389189944, 
        "upper" :	1.2006898693098274, 
        "area" :	0.9673238217888619, 
        "freq" :	0.8615927825684312, 
        "final" :	1.5446537605688957, 
        "resonant" :	933500000.0, 
        "dir" :	"C:\\Users\\project\\0. My Work\\1. Repositories\\1. Very Unfriendly Train\\Data\\Simulations\\637073340737287808_Primary\\637073359367580288_2\\2.out", 
        "866000000.0" :	{
            "f" :	0.9932559873972697, 
            "g" :	0.41770983946283147
        }, 
        "879500000.0" :	{
            "f" :	0.9919611667053744, 
            "g" :	0.4058076702613666
        }, 
        "893000000.0" :	{
            "f" :	0.988700876361301, 
            "g" :	0.3943925254463398
        }, 
        "906500000.0" :	{
            "f" :	0.9758211255190459, 
            "g" :	0.38348342035508703
        }, 
        "920000000.0" :	{
            "f" :	0.8267261195429929, 
            "g" :	0.37328923365537436
        }, 
        "933500000.0" :	{
            "f" :	0.0030531204163558047, 
            "g" :	0.36386909726812683
        }, 
        "947000000.0" :	{
            "f" :	0.6092276082533371, 
            "g" :	0.355386147149417
        }, 
        "960500000.0" :	{
            "f" :	0.9625699662934015, 
            "g" :	0.34786773279789296
        }, 
        "974000000.0" :	{
            "f" :	0.9855579902708896, 
            "g" :	0.341460163164544
        }
    }
}