{
    "geometry" :	{
        "items" :	3, 
        "0" :	"feed", 
        "1" :	"ground plane", 
        "2" :	"radiating plane", 
        "feed" :	{
            "items" :	2, 
            "0" :	"center", 
            "1" :	"width", 
            "center" :	54.137, 
            "width" :	1.594
        }, 
        "ground plane" :	{
            "items" :	5, 
            "0" :	"l", 
            "1" :	"w", 
            "2" :	"x", 
            "3" :	"y", 
            "4" :	"slots", 
            "l" :	83.798, 
            "w" :	110.233, 
            "x" :	-0.114, 
            "y" :	-0.254, 
            "slots" :	{
                "items" :	4, 
                "0" :	"elliptical", 
                "1" :	"rectangular", 
                "2" :	"triangular", 
                "3" :	"polygonal", 
                "elliptical" :	{
                    "items" :	0
                }, 
                "rectangular" :	{
                    "items" :	0
                }, 
                "triangular" :	{
                    "items" :	1, 
                    "0" :	{
                        "items" :	3, 
                        "0" :	{
                            "items" :	2, 
                            "0" :	"x", 
                            "1" :	"y", 
                            "x" :	27.389, 
                            "y" :	91.034, 
                            "z" :	0.0
                        }, 
                        "1" :	{
                            "items" :	2, 
                            "0" :	"x", 
                            "1" :	"y", 
                            "x" :	48.242, 
                            "y" :	102.339, 
                            "z" :	0.0
                        }, 
                        "2" :	{
                            "items" :	2, 
                            "0" :	"x", 
                            "1" :	"y", 
                            "x" :	44.793, 
                            "y" :	107.58, 
                            "z" :	0.0
                        }, 
                        "type" :	"triangular", 
                        "id" :	"637073341092982528"
                    }
                }, 
                "polygonal" :	{
                    "items" :	0
                }
            }
        }, 
        "radiating plane" :	{
            "items" :	5, 
            "0" :	"l", 
            "1" :	"w", 
            "2" :	"x", 
            "3" :	"y", 
            "4" :	"slots", 
            "l" :	77.342, 
            "w" :	98.454, 
            "x" :	4.607, 
            "y" :	4.983, 
            "slots" :	{
                "items" :	4, 
                "0" :	"elliptical", 
                "1" :	"rectangular", 
                "2" :	"triangular", 
                "3" :	"polygonal", 
                "elliptical" :	{
                    "items" :	0
                }, 
                "rectangular" :	{
                    "items" :	0
                }, 
                "triangular" :	{
                    "items" :	0
                }, 
                "polygonal" :	{
                    "items" :	0
                }
            }
        }, 
        "substrate" :	{
            "items" :	4, 
            "0" :	"l", 
            "1" :	"w", 
            "2" :	"x", 
            "3" :	"h", 
            "l" :	83.798, 
            "w" :	110.233, 
            "h" :	1.6, 
            "x" :	-0.114, 
            "y" :	-0.254, 
            "permitivitty" :	4.4, 
            "loss" :	0.02, 
            "name" :	"FR4"
        }
    }, 
    "fitness" :	{
        "items" :	1, 
        "0" :	"final", 
        "1" :	"freq", 
        "lower" :	1.4128516091311543, 
        "desired" :	0.8567668325514554, 
        "upper" :	1.4052352644408383, 
        "area" :	0.9752903903996847, 
        "freq" :	0.7900909327842087, 
        "final" :	1.4698296601041525, 
        "resonant" :	906500000.0, 
        "dir" :	"C:\\Users\\project\\0. My Work\\1. Repositories\\1. Very Unfriendly Train\\Data\\Simulations\\637073340737287808_Primary\\637073341092982528_6\\6.out", 
        "866000000.0" :	{
            "f" :	0.9898371347092154, 
            "g" :	0.4623127142342738
        }, 
        "879500000.0" :	{
            "f" :	0.9809502294457898, 
            "g" :	0.4538990441195485
        }, 
        "893000000.0" :	{
            "f" :	0.9055666569241184, 
            "g" :	0.4459890479605165
        }, 
        "906500000.0" :	{
            "f" :	0.02640779423429746, 
            "g" :	0.43863490413680417
        }, 
        "920000000.0" :	{
            "f" :	0.30115581867589697, 
            "g" :	0.4319124101771175
        }, 
        "933500000.0" :	{
            "f" :	0.946248484099576, 
            "g" :	0.4259410863306744
        }, 
        "947000000.0" :	{
            "f" :	0.9832302501674481, 
            "g" :	0.4207852102191254
        }, 
        "960500000.0" :	{
            "f" :	0.9897995101771984, 
            "g" :	0.4165407674357585
        }, 
        "974000000.0" :	{
            "f" :	0.9920431493835339, 
            "g" :	0.4133069059394503
        }
    }
}