{
    "geometry" :	{
        "items" :	3, 
        "0" :	"feed", 
        "1" :	"ground plane", 
        "2" :	"radiating plane", 
        "feed" :	{
            "items" :	2, 
            "0" :	"center", 
            "1" :	"width", 
            "center" :	52.735, 
            "width" :	1.55
        }, 
        "ground plane" :	{
            "items" :	5, 
            "0" :	"l", 
            "1" :	"w", 
            "2" :	"x", 
            "3" :	"y", 
            "4" :	"slots", 
            "l" :	85.228, 
            "w" :	100.09, 
            "x" :	-0.862, 
            "y" :	-0.786, 
            "slots" :	{
                "items" :	4, 
                "0" :	"elliptical", 
                "1" :	"rectangular", 
                "2" :	"triangular", 
                "3" :	"polygonal", 
                "elliptical" :	{
                    "items" :	0
                }, 
                "rectangular" :	{
                    "items" :	2, 
                    "0" :	{
                        "items" :	4, 
                        "0" :	"x", 
                        "1" :	"y", 
                        "2" :	"l", 
                        "3" :	"w", 
                        "x" :	45.148, 
                        "y" :	94.35, 
                        "z" :	0.0, 
                        "l" :	8.886, 
                        "w" :	29.022, 
                        "type" :	"rectangular", 
                        "id" :	"637073412471224832"
                    }, 
                    "1" :	{
                        "items" :	4, 
                        "0" :	"x", 
                        "1" :	"y", 
                        "2" :	"l", 
                        "3" :	"w", 
                        "x" :	61.444, 
                        "y" :	11.491, 
                        "z" :	0.0, 
                        "l" :	7.809, 
                        "w" :	10.188, 
                        "type" :	"rectangular", 
                        "id" :	"637073416508585984"
                    }
                }, 
                "triangular" :	{
                    "items" :	1, 
                    "0" :	{
                        "items" :	3, 
                        "0" :	{
                            "items" :	2, 
                            "0" :	"x", 
                            "1" :	"y", 
                            "x" :	75.789, 
                            "y" :	12.009, 
                            "z" :	0.0
                        }, 
                        "1" :	{
                            "items" :	2, 
                            "0" :	"x", 
                            "1" :	"y", 
                            "x" :	89.241, 
                            "y" :	13.954, 
                            "z" :	0.0
                        }, 
                        "2" :	{
                            "items" :	2, 
                            "0" :	"x", 
                            "1" :	"y", 
                            "x" :	76.465, 
                            "y" :	24.791, 
                            "z" :	0.0
                        }, 
                        "type" :	"triangular", 
                        "id" :	"637073409878338432"
                    }
                }, 
                "polygonal" :	{
                    "items" :	0
                }
            }
        }, 
        "radiating plane" :	{
            "items" :	5, 
            "0" :	"l", 
            "1" :	"w", 
            "2" :	"x", 
            "3" :	"y", 
            "4" :	"slots", 
            "l" :	73.389, 
            "w" :	94.852, 
            "x" :	4.271, 
            "y" :	5.671, 
            "slots" :	{
                "items" :	4, 
                "0" :	"elliptical", 
                "1" :	"rectangular", 
                "2" :	"triangular", 
                "3" :	"polygonal", 
                "elliptical" :	{
                    "items" :	0
                }, 
                "rectangular" :	{
                    "items" :	0
                }, 
                "triangular" :	{
                    "items" :	1, 
                    "0" :	{
                        "items" :	3, 
                        "0" :	{
                            "items" :	2, 
                            "0" :	"x", 
                            "1" :	"y", 
                            "x" :	68.126, 
                            "y" :	63.004, 
                            "z" :	1.6
                        }, 
                        "1" :	{
                            "items" :	2, 
                            "0" :	"x", 
                            "1" :	"y", 
                            "x" :	66.456, 
                            "y" :	65.399, 
                            "z" :	1.6
                        }, 
                        "2" :	{
                            "items" :	2, 
                            "0" :	"x", 
                            "1" :	"y", 
                            "x" :	68.846, 
                            "y" :	62.394, 
                            "z" :	1.6
                        }, 
                        "type" :	"triangular", 
                        "id" :	"637073409878348416"
                    }
                }, 
                "polygonal" :	{
                    "items" :	0
                }
            }
        }, 
        "substrate" :	{
            "items" :	4, 
            "0" :	"l", 
            "1" :	"w", 
            "2" :	"x", 
            "3" :	"h", 
            "l" :	85.228, 
            "w" :	101.35900000000001, 
            "h" :	1.6, 
            "x" :	-0.862, 
            "y" :	-0.786, 
            "permitivitty" :	4.4, 
            "loss" :	0.02, 
            "name" :	"FR4"
        }
    }, 
    "fitness" :	{
        "items" :	1, 
        "0" :	"final", 
        "1" :	"freq", 
        "lower" :	1.3250744513037715, 
        "desired" :	1.170274194316222, 
        "upper" :	0.2642097321101636, 
        "area" :	0.9120807275088164, 
        "freq" :	0.9450337509876842, 
        "final" :	1.5440303720067952, 
        "resonant" :	950000000.0, 
        "dir" :	"C:\\Users\\project\\0. My Work\\1. Repositories\\1. Very Unfriendly Train\\Data\\Simulations\\637073406086594944_Primary\\637073416508824960_0\\0.out", 
        "890000000.0" :	{
            "f" :	0.9920136259716588, 
            "g" :	0.33306082533211273
        }, 
        "905000000.0" :	{
            "f" :	0.9884341663817566, 
            "g" :	0.3143085203576362
        }, 
        "920000000.0" :	{
            "f" :	0.9717535197072827, 
            "g" :	0.2963926086126666
        }, 
        "935000000.0" :	{
            "f" :	0.6603976247458897, 
            "g" :	0.2795361431434343
        }, 
        "950000000.0" :	{
            "f" :	0.00037452902081705415, 
            "g" :	0.26383520308934655
        }
    }
}