{
    "geometry" :	{
        "items" :	3, 
        "0" :	"feed", 
        "1" :	"ground plane", 
        "2" :	"radiating plane", 
        "feed" :	{
            "items" :	2, 
            "0" :	"center", 
            "1" :	"width", 
            "center" :	53.866, 
            "width" :	1.626
        }, 
        "ground plane" :	{
            "items" :	5, 
            "0" :	"l", 
            "1" :	"w", 
            "2" :	"x", 
            "3" :	"y", 
            "4" :	"slots", 
            "l" :	87.0, 
            "w" :	106.613, 
            "x" :	0.123, 
            "y" :	-0.241, 
            "slots" :	{
                "items" :	4, 
                "0" :	"elliptical", 
                "1" :	"rectangular", 
                "2" :	"triangular", 
                "3" :	"polygonal", 
                "elliptical" :	{
                    "items" :	0
                }, 
                "rectangular" :	{
                    "items" :	0
                }, 
                "triangular" :	{
                    "items" :	0
                }, 
                "polygonal" :	{
                    "items" :	0
                }
            }
        }, 
        "radiating plane" :	{
            "items" :	5, 
            "0" :	"l", 
            "1" :	"w", 
            "2" :	"x", 
            "3" :	"y", 
            "4" :	"slots", 
            "l" :	76.503, 
            "w" :	97.931, 
            "x" :	4.912, 
            "y" :	4.197, 
            "slots" :	{
                "items" :	4, 
                "0" :	"elliptical", 
                "1" :	"rectangular", 
                "2" :	"triangular", 
                "3" :	"polygonal", 
                "elliptical" :	{
                    "items" :	0
                }, 
                "rectangular" :	{
                    "items" :	0
                }, 
                "triangular" :	{
                    "items" :	0
                }, 
                "polygonal" :	{
                    "items" :	0
                }
            }
        }, 
        "substrate" :	{
            "items" :	4, 
            "0" :	"l", 
            "1" :	"w", 
            "2" :	"x", 
            "3" :	"h", 
            "l" :	87.0, 
            "w" :	106.613, 
            "h" :	1.6, 
            "x" :	0.123, 
            "y" :	-0.241, 
            "permitivitty" :	4.4, 
            "loss" :	0.02, 
            "name" :	"FR4"
        }
    }, 
    "fitness" :	{
        "items" :	1, 
        "0" :	"final", 
        "1" :	"freq", 
        "lower" :	1.370607939577469, 
        "desired" :	0.9654425550904367, 
        "upper" :	1.087201939412899, 
        "area" :	0.9793052472242114, 
        "freq" :	0.8466715603980355, 
        "final" :	1.5437855280615023, 
        "resonant" :	933500000.0, 
        "dir" :	"C:\\Users\\project\\0. My Work\\1. Repositories\\1. Very Unfriendly Train\\Data\\Simulations\\637073340737287808_Primary\\637073341092982528_1\\1.out", 
        "866000000.0" :	{
            "f" :	0.9933938969537975, 
            "g" :	0.39279701121082505
        }, 
        "879500000.0" :	{
            "f" :	0.9922544928480994, 
            "g" :	0.3786694071829057
        }, 
        "893000000.0" :	{
            "f" :	0.9895066697724791, 
            "g" :	0.365202340764301
        }, 
        "906500000.0" :	{
            "f" :	0.9795984793562462, 
            "g" :	0.35231633140747337
        }, 
        "920000000.0" :	{
            "f" :	0.8863578882665327, 
            "g" :	0.34023236675018725
        }, 
        "933500000.0" :	{
            "f" :	0.00878400511498794, 
            "g" :	0.32903859437588284
        }, 
        "947000000.0" :	{
            "f" :	0.3934579160085062, 
            "g" :	0.3188596095109797
        }, 
        "960500000.0" :	{
            "f" :	0.9532026077148361, 
            "g" :	0.30981467144047165
        }, 
        "974000000.0" :	{
            "f" :	0.9842958267549976, 
            "g" :	0.301975186808906
        }
    }
}