{
    "geometry" :	{
        "items" :	3, 
        "0" :	"feed", 
        "1" :	"ground plane", 
        "2" :	"radiating plane", 
        "feed" :	{
            "items" :	2, 
            "0" :	"center", 
            "1" :	"width", 
            "center" :	54.455, 
            "width" :	1.595
        }, 
        "ground plane" :	{
            "items" :	5, 
            "0" :	"l", 
            "1" :	"w", 
            "2" :	"x", 
            "3" :	"y", 
            "4" :	"slots", 
            "l" :	85.597, 
            "w" :	106.259, 
            "x" :	-0.174, 
            "y" :	-0.183, 
            "slots" :	{
                "items" :	4, 
                "0" :	"elliptical", 
                "1" :	"rectangular", 
                "2" :	"triangular", 
                "3" :	"polygonal", 
                "elliptical" :	{
                    "items" :	0
                }, 
                "rectangular" :	{
                    "items" :	0
                }, 
                "triangular" :	{
                    "items" :	0
                }, 
                "polygonal" :	{
                    "items" :	0
                }
            }
        }, 
        "radiating plane" :	{
            "items" :	5, 
            "0" :	"l", 
            "1" :	"w", 
            "2" :	"x", 
            "3" :	"y", 
            "4" :	"slots", 
            "l" :	76.713, 
            "w" :	98.385, 
            "x" :	4.72, 
            "y" :	4.626, 
            "slots" :	{
                "items" :	4, 
                "0" :	"elliptical", 
                "1" :	"rectangular", 
                "2" :	"triangular", 
                "3" :	"polygonal", 
                "elliptical" :	{
                    "items" :	0
                }, 
                "rectangular" :	{
                    "items" :	0
                }, 
                "triangular" :	{
                    "items" :	1, 
                    "0" :	{
                        "items" :	3, 
                        "0" :	{
                            "items" :	2, 
                            "0" :	"x", 
                            "1" :	"y", 
                            "x" :	10.836, 
                            "y" :	39.246, 
                            "z" :	1.6
                        }, 
                        "1" :	{
                            "items" :	2, 
                            "0" :	"x", 
                            "1" :	"y", 
                            "x" :	10.51, 
                            "y" :	39.09, 
                            "z" :	1.6
                        }, 
                        "2" :	{
                            "items" :	2, 
                            "0" :	"x", 
                            "1" :	"y", 
                            "x" :	10.271, 
                            "y" :	39.245, 
                            "z" :	1.6
                        }, 
                        "type" :	"triangular", 
                        "id" :	"637073354004186880"
                    }
                }, 
                "polygonal" :	{
                    "items" :	0
                }
            }
        }, 
        "substrate" :	{
            "items" :	4, 
            "0" :	"l", 
            "1" :	"w", 
            "2" :	"x", 
            "3" :	"h", 
            "l" :	85.597, 
            "w" :	106.259, 
            "h" :	1.6, 
            "x" :	-0.174, 
            "y" :	-0.183, 
            "permitivitty" :	4.4, 
            "loss" :	0.02, 
            "name" :	"FR4"
        }
    }, 
    "fitness" :	{
        "items" :	1, 
        "0" :	"final", 
        "1" :	"freq", 
        "lower" :	1.4049074489172029, 
        "desired" :	0.8096460674176168, 
        "upper" :	1.338359455256712, 
        "area" :	0.9603132761815043, 
        "freq" :	0.7530873531131296, 
        "final" :	1.404552688942052, 
        "resonant" :	920000000.0, 
        "dir" :	"C:\\Users\\project\\0. My Work\\1. Repositories\\1. Very Unfriendly Train\\Data\\Simulations\\637073340737287808_Primary\\637073354004196736_6\\6.out", 
        "866000000.0" :	{
            "f" :	0.9924916286511947, 
            "g" :	0.4277318068436286
        }, 
        "879500000.0" :	{
            "f" :	0.9900777130103419, 
            "g" :	0.41660350281092884
        }, 
        "893000000.0" :	{
            "f" :	0.9818576971279206, 
            "g" :	0.40595999830759444
        }, 
        "906500000.0" :	{
            "f" :	0.9150669034002146, 
            "g" :	0.39590906069315235
        }, 
        "920000000.0" :	{
            "f" :	0.03982324246143842, 
            "g" :	0.38656419001314335
        }, 
        "933500000.0" :	{
            "f" :	0.31355887190182435, 
            "g" :	0.37801593378307724
        }, 
        "947000000.0" :	{
            "f" :	0.9487809621379791, 
            "g" :	0.37037186214193524
        }, 
        "960500000.0" :	{
            "f" :	0.9838592121302798, 
            "g" :	0.36374530699645974
        }, 
        "974000000.0" :	{
            "f" :	0.9900868777305429, 
            "g" :	0.35823414463293896
        }
    }
}