{
    "geometry" :	{
        "items" :	3, 
        "0" :	"feed", 
        "1" :	"ground plane", 
        "2" :	"radiating plane", 
        "feed" :	{
            "items" :	2, 
            "0" :	"center", 
            "1" :	"width", 
            "center" :	57.783, 
            "width" :	1.601
        }, 
        "ground plane" :	{
            "items" :	5, 
            "0" :	"l", 
            "1" :	"w", 
            "2" :	"x", 
            "3" :	"y", 
            "4" :	"slots", 
            "l" :	81.116, 
            "w" :	85.539, 
            "x" :	-1.396, 
            "y" :	-1.776, 
            "slots" :	{
                "items" :	4, 
                "0" :	"elliptical", 
                "1" :	"rectangular", 
                "2" :	"triangular", 
                "3" :	"polygonal", 
                "elliptical" :	{
                    "items" :	0
                }, 
                "rectangular" :	{
                    "items" :	3, 
                    "0" :	{
                        "items" :	4, 
                        "0" :	"x", 
                        "1" :	"y", 
                        "2" :	"l", 
                        "3" :	"w", 
                        "x" :	71.87, 
                        "y" :	2.766, 
                        "z" :	0.0, 
                        "l" :	3.553, 
                        "w" :	25.095, 
                        "type" :	"rectangular", 
                        "id" :	"637073381220834944"
                    }, 
                    "1" :	{
                        "items" :	4, 
                        "0" :	"x", 
                        "1" :	"y", 
                        "2" :	"l", 
                        "3" :	"w", 
                        "x" :	77.393, 
                        "y" :	60.472, 
                        "z" :	0.0, 
                        "l" :	26.295, 
                        "w" :	2.433, 
                        "type" :	"rectangular", 
                        "id" :	"637073386951325440"
                    }, 
                    "2" :	{
                        "items" :	4, 
                        "0" :	"x", 
                        "1" :	"y", 
                        "2" :	"l", 
                        "3" :	"w", 
                        "x" :	89.205, 
                        "y" :	53.591, 
                        "z" :	0.0, 
                        "l" :	28.865, 
                        "w" :	7.104, 
                        "type" :	"rectangular", 
                        "id" :	"637073393614023808"
                    }
                }, 
                "triangular" :	{
                    "items" :	0
                }, 
                "polygonal" :	{
                    "items" :	0
                }
            }
        }, 
        "radiating plane" :	{
            "items" :	5, 
            "0" :	"l", 
            "1" :	"w", 
            "2" :	"x", 
            "3" :	"y", 
            "4" :	"slots", 
            "l" :	75.994, 
            "w" :	91.041, 
            "x" :	3.676, 
            "y" :	3.566, 
            "slots" :	{
                "items" :	4, 
                "0" :	"elliptical", 
                "1" :	"rectangular", 
                "2" :	"triangular", 
                "3" :	"polygonal", 
                "elliptical" :	{
                    "items" :	0
                }, 
                "rectangular" :	{
                    "items" :	2, 
                    "0" :	{
                        "items" :	4, 
                        "0" :	"x", 
                        "1" :	"y", 
                        "2" :	"l", 
                        "3" :	"w", 
                        "x" :	14.132, 
                        "y" :	45.922, 
                        "z" :	1.6, 
                        "l" :	3.997, 
                        "w" :	1.361, 
                        "type" :	"rectangular", 
                        "id" :	"637073373190698496"
                    }, 
                    "1" :	{
                        "items" :	4, 
                        "0" :	"x", 
                        "1" :	"y", 
                        "2" :	"l", 
                        "3" :	"w", 
                        "x" :	34.137, 
                        "y" :	33.654, 
                        "z" :	1.6, 
                        "l" :	3.482, 
                        "w" :	4.872, 
                        "type" :	"rectangular", 
                        "id" :	"637073393614033792"
                    }
                }, 
                "triangular" :	{
                    "items" :	0
                }, 
                "polygonal" :	{
                    "items" :	0
                }
            }
        }, 
        "substrate" :	{
            "items" :	4, 
            "0" :	"l", 
            "1" :	"w", 
            "2" :	"x", 
            "3" :	"h", 
            "l" :	81.116, 
            "w" :	96.43299999999999, 
            "h" :	1.6, 
            "x" :	-1.396, 
            "y" :	-1.776, 
            "permitivitty" :	4.4, 
            "loss" :	0.02, 
            "name" :	"FR4"
        }
    }, 
    "fitness" :	{
        "items" :	1, 
        "0" :	"final", 
        "1" :	"freq", 
        "lower" :	1.3726518033525854, 
        "desired" :	1.0463781457450907, 
        "upper" :	1.378726405002433, 
        "area" :	0.8258874542728888, 
        "freq" :	0.9180764255566548, 
        "final" :	1.3039455967266722, 
        "resonant" :	933500000.0, 
        "dir" :	"C:\\Users\\project\\0. My Work\\1. Repositories\\1. Very Unfriendly Train\\Data\\Simulations\\637073364910614272_Primary\\637073393614043776_9\\9.out", 
        "866000000.0" :	{
            "f" :	0.9773849874389122, 
            "g" :	0.5600996987016863
        }, 
        "879500000.0" :	{
            "f" :	0.60475876269614, 
            "g" :	0.5320632318149282
        }, 
        "893000000.0" :	{
            "f" :	0.917908758687525, 
            "g" :	0.525739970718564
        }, 
        "906500000.0" :	{
            "f" :	0.9328594690159253, 
            "g" :	0.5022295196232878
        }, 
        "920000000.0" :	{
            "f" :	0.6462966405282805, 
            "g" :	0.4765188116904643
        }, 
        "933500000.0" :	{
            "f" :	0.11147127920449686, 
            "g" :	0.46975871717281714
        }, 
        "947000000.0" :	{
            "f" :	0.7801716022593175, 
            "g" :	0.46866154953961714
        }, 
        "960500000.0" :	{
            "f" :	0.9625867762100062, 
            "g" :	0.4694966557432611
        }, 
        "974000000.0" :	{
            "f" :	0.9839067838290969, 
            "g" :	0.4713558474259999
        }
    }
}