{
    "geometry" :	{
        "items" :	3, 
        "0" :	"feed", 
        "1" :	"ground plane", 
        "2" :	"radiating plane", 
        "feed" :	{
            "items" :	2, 
            "0" :	"center", 
            "1" :	"width", 
            "center" :	54.033, 
            "width" :	1.586
        }, 
        "ground plane" :	{
            "items" :	5, 
            "0" :	"l", 
            "1" :	"w", 
            "2" :	"x", 
            "3" :	"y", 
            "4" :	"slots", 
            "l" :	85.199, 
            "w" :	108.781, 
            "x" :	0.023, 
            "y" :	-0.17, 
            "slots" :	{
                "items" :	4, 
                "0" :	"elliptical", 
                "1" :	"rectangular", 
                "2" :	"triangular", 
                "3" :	"polygonal", 
                "elliptical" :	{
                    "items" :	0
                }, 
                "rectangular" :	{
                    "items" :	1, 
                    "0" :	{
                        "items" :	4, 
                        "0" :	"x", 
                        "1" :	"y", 
                        "2" :	"l", 
                        "3" :	"w", 
                        "x" :	51.871, 
                        "y" :	27.543, 
                        "z" :	0.0, 
                        "l" :	16.047, 
                        "w" :	11.945, 
                        "type" :	"rectangular", 
                        "id" :	"637073406595180928"
                    }
                }, 
                "triangular" :	{
                    "items" :	0
                }, 
                "polygonal" :	{
                    "items" :	0
                }
            }
        }, 
        "radiating plane" :	{
            "items" :	5, 
            "0" :	"l", 
            "1" :	"w", 
            "2" :	"x", 
            "3" :	"y", 
            "4" :	"slots", 
            "l" :	76.984, 
            "w" :	98.076, 
            "x" :	4.652, 
            "y" :	5.109, 
            "slots" :	{
                "items" :	4, 
                "0" :	"elliptical", 
                "1" :	"rectangular", 
                "2" :	"triangular", 
                "3" :	"polygonal", 
                "elliptical" :	{
                    "items" :	0
                }, 
                "rectangular" :	{
                    "items" :	0
                }, 
                "triangular" :	{
                    "items" :	0
                }, 
                "polygonal" :	{
                    "items" :	0
                }
            }
        }, 
        "substrate" :	{
            "items" :	4, 
            "0" :	"l", 
            "1" :	"w", 
            "2" :	"x", 
            "3" :	"h", 
            "l" :	85.199, 
            "w" :	108.781, 
            "h" :	1.6, 
            "x" :	0.023, 
            "y" :	-0.17, 
            "permitivitty" :	4.4, 
            "loss" :	0.02, 
            "name" :	"FR4"
        }
    }, 
    "fitness" :	{
        "items" :	1, 
        "0" :	"final", 
        "1" :	"freq", 
        "lower" :	1.3799631119961548, 
        "desired" :	0.8955512006381139, 
        "upper" :	1.360481921170367, 
        "area" :	0.9785346506093208, 
        "freq" :	0.8122068010248712, 
        "final" :	1.50096813843584, 
        "resonant" :	920000000.0, 
        "dir" :	"C:\\Users\\project\\0. My Work\\1. Repositories\\1. Very Unfriendly Train\\Data\\Simulations\\637073406086594944_Primary\\637073406595210624_5\\5.out", 
        "890000000.0" :	{
            "f" :	0.964474523586455, 
            "g" :	0.41548858840969977
        }, 
        "905000000.0" :	{
            "f" :	0.4990833343603382, 
            "g" :	0.4047747152548302
        }, 
        "920000000.0" :	{
            "f" :	0.08055722542631781, 
            "g" :	0.39498559265402183
        }, 
        "935000000.0" :	{
            "f" :	0.9209651522952547, 
            "g" :	0.3862875819235789
        }, 
        "950000000.0" :	{
            "f" :	0.9815921736315574, 
            "g" :	0.37888974753880955
        }
    }
}