{
    "geometry" :	{
        "items" :	3, 
        "0" :	"feed", 
        "1" :	"ground plane", 
        "2" :	"radiating plane", 
        "feed" :	{
            "items" :	2, 
            "0" :	"center", 
            "1" :	"width", 
            "center" :	54.761, 
            "width" :	1.612
        }, 
        "ground plane" :	{
            "items" :	5, 
            "0" :	"l", 
            "1" :	"w", 
            "2" :	"x", 
            "3" :	"y", 
            "4" :	"slots", 
            "l" :	84.374, 
            "w" :	104.647, 
            "x" :	-0.027, 
            "y" :	-0.132, 
            "slots" :	{
                "items" :	4, 
                "0" :	"elliptical", 
                "1" :	"rectangular", 
                "2" :	"triangular", 
                "3" :	"polygonal", 
                "elliptical" :	{
                    "items" :	0
                }, 
                "rectangular" :	{
                    "items" :	0
                }, 
                "triangular" :	{
                    "items" :	0
                }, 
                "polygonal" :	{
                    "items" :	0
                }
            }
        }, 
        "radiating plane" :	{
            "items" :	5, 
            "0" :	"l", 
            "1" :	"w", 
            "2" :	"x", 
            "3" :	"y", 
            "4" :	"slots", 
            "l" :	76.576, 
            "w" :	97.736, 
            "x" :	4.984, 
            "y" :	5.229, 
            "slots" :	{
                "items" :	4, 
                "0" :	"elliptical", 
                "1" :	"rectangular", 
                "2" :	"triangular", 
                "3" :	"polygonal", 
                "elliptical" :	{
                    "items" :	0
                }, 
                "rectangular" :	{
                    "items" :	0
                }, 
                "triangular" :	{
                    "items" :	0
                }, 
                "polygonal" :	{
                    "items" :	0
                }
            }
        }, 
        "substrate" :	{
            "items" :	4, 
            "0" :	"l", 
            "1" :	"w", 
            "2" :	"x", 
            "3" :	"h", 
            "l" :	84.374, 
            "w" :	104.647, 
            "h" :	1.6, 
            "x" :	-0.027, 
            "y" :	-0.132, 
            "permitivitty" :	4.4, 
            "loss" :	0.02, 
            "name" :	"FR4"
        }
    }, 
    "fitness" :	{
        "items" :	1, 
        "0" :	"final", 
        "1" :	"freq", 
        "lower" :	1.4091690573093725, 
        "desired" :	0.9839281270728876, 
        "upper" :	1.2229370308355907, 
        "area" :	0.9322321703180186, 
        "freq" :	0.8696759103640975, 
        "final" :	1.4965946410298758, 
        "resonant" :	933500000.0, 
        "dir" :	"C:\\Users\\project\\0. My Work\\1. Repositories\\1. Very Unfriendly Train\\Data\\Simulations\\637073340737287808_Primary\\637073344535679360_1\\1.out", 
        "866000000.0" :	{
            "f" :	0.9931809993916401, 
            "g" :	0.4292278371199847
        }, 
        "879500000.0" :	{
            "f" :	0.9918168935473334, 
            "g" :	0.4179075655443162
        }, 
        "893000000.0" :	{
            "f" :	0.9883500302516194, 
            "g" :	0.40702384607322356
        }, 
        "906500000.0" :	{
            "f" :	0.9744109015700488, 
            "g" :	0.3967099948878013
        }, 
        "920000000.0" :	{
            "f" :	0.8104801886907379, 
            "g" :	0.38703054619086935
        }, 
        "933500000.0" :	{
            "f" :	0.005088857922797892, 
            "g" :	0.3780638919564078
        }, 
        "947000000.0" :	{
            "f" :	0.6322465450346125, 
            "g" :	0.36988188742292444
        }, 
        "960500000.0" :	{
            "f" :	0.9624014674114367, 
            "g" :	0.36261020514225684
        }, 
        "974000000.0" :	{
            "f" :	0.9853535135520933, 
            "g" :	0.3563174739434475
        }
    }
}