{
    "geometry" :	{
        "items" :	3, 
        "0" :	"feed", 
        "1" :	"ground plane", 
        "2" :	"radiating plane", 
        "feed" :	{
            "items" :	2, 
            "0" :	"center", 
            "1" :	"width", 
            "center" :	53.612, 
            "width" :	1.616
        }, 
        "ground plane" :	{
            "items" :	5, 
            "0" :	"l", 
            "1" :	"w", 
            "2" :	"x", 
            "3" :	"y", 
            "4" :	"slots", 
            "l" :	87.789, 
            "w" :	107.311, 
            "x" :	-0.427, 
            "y" :	-0.534, 
            "slots" :	{
                "items" :	4, 
                "0" :	"elliptical", 
                "1" :	"rectangular", 
                "2" :	"triangular", 
                "3" :	"polygonal", 
                "elliptical" :	{
                    "items" :	0
                }, 
                "rectangular" :	{
                    "items" :	1, 
                    "0" :	{
                        "items" :	4, 
                        "0" :	"x", 
                        "1" :	"y", 
                        "2" :	"l", 
                        "3" :	"w", 
                        "x" :	72.987, 
                        "y" :	81.592, 
                        "z" :	0.0, 
                        "l" :	14.87, 
                        "w" :	5.471, 
                        "type" :	"rectangular", 
                        "id" :	"637073406595091072"
                    }
                }, 
                "triangular" :	{
                    "items" :	0
                }, 
                "polygonal" :	{
                    "items" :	0
                }
            }
        }, 
        "radiating plane" :	{
            "items" :	5, 
            "0" :	"l", 
            "1" :	"w", 
            "2" :	"x", 
            "3" :	"y", 
            "4" :	"slots", 
            "l" :	76.766, 
            "w" :	97.051, 
            "x" :	4.874, 
            "y" :	5.376, 
            "slots" :	{
                "items" :	4, 
                "0" :	"elliptical", 
                "1" :	"rectangular", 
                "2" :	"triangular", 
                "3" :	"polygonal", 
                "elliptical" :	{
                    "items" :	0
                }, 
                "rectangular" :	{
                    "items" :	1, 
                    "0" :	{
                        "items" :	4, 
                        "0" :	"x", 
                        "1" :	"y", 
                        "2" :	"l", 
                        "3" :	"w", 
                        "x" :	68.963, 
                        "y" :	75.354, 
                        "z" :	1.6, 
                        "l" :	4.173, 
                        "w" :	0.688, 
                        "type" :	"rectangular", 
                        "id" :	"637073406595091072"
                    }
                }, 
                "triangular" :	{
                    "items" :	0
                }, 
                "polygonal" :	{
                    "items" :	0
                }
            }
        }, 
        "substrate" :	{
            "items" :	4, 
            "0" :	"l", 
            "1" :	"w", 
            "2" :	"x", 
            "3" :	"h", 
            "l" :	87.789, 
            "w" :	107.311, 
            "h" :	1.6, 
            "x" :	-0.427, 
            "y" :	-0.534, 
            "permitivitty" :	4.4, 
            "loss" :	0.02, 
            "name" :	"FR4"
        }
    }, 
    "fitness" :	{
        "items" :	1, 
        "0" :	"final", 
        "1" :	"freq", 
        "lower" :	1.3491468193457985, 
        "desired" :	0.8649853271296721, 
        "upper" :	1.2200652690352478, 
        "area" :	0.9946562334339334, 
        "freq" :	0.7811704720869258, 
        "final" :	1.4836395968906677, 
        "resonant" :	935000000.0, 
        "dir" :	"C:\\Users\\project\\0. My Work\\1. Repositories\\1. Very Unfriendly Train\\Data\\Simulations\\637073406086594944_Primary\\637073406595210624_0\\0.out", 
        "890000000.0" :	{
            "f" :	0.9886941715234397, 
            "g" :	0.36045264782235886
        }, 
        "905000000.0" :	{
            "f" :	0.971755349557509, 
            "g" :	0.3471204728522619
        }, 
        "920000000.0" :	{
            "f" :	0.6091958652138092, 
            "g" :	0.335020689616355
        }, 
        "935000000.0" :	{
            "f" :	0.0076675072199290295, 
            "g" :	0.3241960969291526
        }, 
        "950000000.0" :	{
            "f" :	0.9049548777161378, 
            "g" :	0.31511039131911006
        }
    }
}