{
    "geometry" :	{
        "items" :	3, 
        "0" :	"feed", 
        "1" :	"ground plane", 
        "2" :	"radiating plane", 
        "feed" :	{
            "items" :	2, 
            "0" :	"center", 
            "1" :	"width", 
            "center" :	54.196, 
            "width" :	1.608
        }, 
        "ground plane" :	{
            "items" :	5, 
            "0" :	"l", 
            "1" :	"w", 
            "2" :	"x", 
            "3" :	"y", 
            "4" :	"slots", 
            "l" :	84.824, 
            "w" :	106.293, 
            "x" :	-0.156, 
            "y" :	-0.198, 
            "slots" :	{
                "items" :	4, 
                "0" :	"elliptical", 
                "1" :	"rectangular", 
                "2" :	"triangular", 
                "3" :	"polygonal", 
                "elliptical" :	{
                    "items" :	0
                }, 
                "rectangular" :	{
                    "items" :	1, 
                    "0" :	{
                        "items" :	4, 
                        "0" :	"x", 
                        "1" :	"y", 
                        "2" :	"l", 
                        "3" :	"w", 
                        "x" :	3.546, 
                        "y" :	65.594, 
                        "z" :	0.0, 
                        "l" :	12.734, 
                        "w" :	12.912, 
                        "type" :	"rectangular", 
                        "id" :	"637073350645410432"
                    }
                }, 
                "triangular" :	{
                    "items" :	0
                }, 
                "polygonal" :	{
                    "items" :	0
                }
            }
        }, 
        "radiating plane" :	{
            "items" :	5, 
            "0" :	"l", 
            "1" :	"w", 
            "2" :	"x", 
            "3" :	"y", 
            "4" :	"slots", 
            "l" :	76.428, 
            "w" :	98.301, 
            "x" :	4.542, 
            "y" :	4.45, 
            "slots" :	{
                "items" :	4, 
                "0" :	"elliptical", 
                "1" :	"rectangular", 
                "2" :	"triangular", 
                "3" :	"polygonal", 
                "elliptical" :	{
                    "items" :	0
                }, 
                "rectangular" :	{
                    "items" :	1, 
                    "0" :	{
                        "items" :	4, 
                        "0" :	"x", 
                        "1" :	"y", 
                        "2" :	"l", 
                        "3" :	"w", 
                        "x" :	22.303, 
                        "y" :	19.893, 
                        "z" :	1.6, 
                        "l" :	2.667, 
                        "w" :	2.239, 
                        "type" :	"rectangular", 
                        "id" :	"637073350645410432"
                    }
                }, 
                "triangular" :	{
                    "items" :	0
                }, 
                "polygonal" :	{
                    "items" :	0
                }
            }
        }, 
        "substrate" :	{
            "items" :	4, 
            "0" :	"l", 
            "1" :	"w", 
            "2" :	"x", 
            "3" :	"h", 
            "l" :	84.824, 
            "w" :	106.293, 
            "h" :	1.6, 
            "x" :	-0.156, 
            "y" :	-0.198, 
            "permitivitty" :	4.4, 
            "loss" :	0.02, 
            "name" :	"FR4"
        }
    }, 
    "fitness" :	{
        "items" :	1, 
        "0" :	"final", 
        "1" :	"freq", 
        "lower" :	1.4087781502247347, 
        "desired" :	0.996551780782668, 
        "upper" :	1.2001947984982737, 
        "area" :	0.951945483688621, 
        "freq" :	0.8773421292418837, 
        "final" :	1.539442584005128, 
        "resonant" :	933500000.0, 
        "dir" :	"C:\\Users\\project\\0. My Work\\1. Repositories\\1. Very Unfriendly Train\\Data\\Simulations\\637073340737287808_Primary\\637073350645425536_5\\5.out", 
        "866000000.0" :	{
            "f" :	0.993320874394967, 
            "g" :	0.428754138948584
        }, 
        "879500000.0" :	{
            "f" :	0.992088278240367, 
            "g" :	0.41716206124673394
        }, 
        "893000000.0" :	{
            "f" :	0.98903042974075, 
            "g" :	0.4059786681028021
        }, 
        "906500000.0" :	{
            "f" :	0.9772993623392953, 
            "g" :	0.3953289829917537
        }, 
        "920000000.0" :	{
            "f" :	0.8504837216851001, 
            "g" :	0.38528961877644824
        }, 
        "933500000.0" :	{
            "f" :	0.00526218252332586, 
            "g" :	0.3759914740320812
        }, 
        "947000000.0" :	{
            "f" :	0.572926180281077, 
            "g" :	0.36752541287352064
        }, 
        "960500000.0" :	{
            "f" :	0.9611864875184617, 
            "g" :	0.36000220177528636
        }, 
        "974000000.0" :	{
            "f" :	0.9853996241908964, 
            "g" :	0.3535444888555795
        }
    }
}