{
    "geometry" :	{
        "items" :	3, 
        "0" :	"feed", 
        "1" :	"ground plane", 
        "2" :	"radiating plane", 
        "feed" :	{
            "items" :	2, 
            "0" :	"center", 
            "1" :	"width", 
            "center" :	54.619, 
            "width" :	1.53
        }, 
        "ground plane" :	{
            "items" :	5, 
            "0" :	"l", 
            "1" :	"w", 
            "2" :	"x", 
            "3" :	"y", 
            "4" :	"slots", 
            "l" :	89.328, 
            "w" :	101.423, 
            "x" :	-0.239, 
            "y" :	-0.834, 
            "slots" :	{
                "items" :	4, 
                "0" :	"elliptical", 
                "1" :	"rectangular", 
                "2" :	"triangular", 
                "3" :	"polygonal", 
                "elliptical" :	{
                    "items" :	0
                }, 
                "rectangular" :	{
                    "items" :	3, 
                    "0" :	{
                        "items" :	4, 
                        "0" :	"x", 
                        "1" :	"y", 
                        "2" :	"l", 
                        "3" :	"w", 
                        "x" :	15.276, 
                        "y" :	-1.858, 
                        "z" :	0.0, 
                        "l" :	22.972, 
                        "w" :	6.475, 
                        "type" :	"rectangular", 
                        "id" :	"637073365258125696"
                    }, 
                    "1" :	{
                        "items" :	4, 
                        "0" :	"x", 
                        "1" :	"y", 
                        "2" :	"l", 
                        "3" :	"w", 
                        "x" :	58.59, 
                        "y" :	107.168, 
                        "z" :	0.0, 
                        "l" :	12.353, 
                        "w" :	18.834, 
                        "type" :	"rectangular", 
                        "id" :	"637073369376184064"
                    }, 
                    "2" :	{
                        "items" :	4, 
                        "0" :	"x", 
                        "1" :	"y", 
                        "2" :	"l", 
                        "3" :	"w", 
                        "x" :	9.41, 
                        "y" :	32.959, 
                        "z" :	0.0, 
                        "l" :	36.964, 
                        "w" :	6.753, 
                        "type" :	"rectangular", 
                        "id" :	"637073373190798976"
                    }
                }, 
                "triangular" :	{
                    "items" :	0
                }, 
                "polygonal" :	{
                    "items" :	0
                }
            }
        }, 
        "radiating plane" :	{
            "items" :	5, 
            "0" :	"l", 
            "1" :	"w", 
            "2" :	"x", 
            "3" :	"y", 
            "4" :	"slots", 
            "l" :	75.14, 
            "w" :	94.617, 
            "x" :	3.797, 
            "y" :	3.609, 
            "slots" :	{
                "items" :	4, 
                "0" :	"elliptical", 
                "1" :	"rectangular", 
                "2" :	"triangular", 
                "3" :	"polygonal", 
                "elliptical" :	{
                    "items" :	0
                }, 
                "rectangular" :	{
                    "items" :	0
                }, 
                "triangular" :	{
                    "items" :	0
                }, 
                "polygonal" :	{
                    "items" :	0
                }
            }
        }, 
        "substrate" :	{
            "items" :	4, 
            "0" :	"l", 
            "1" :	"w", 
            "2" :	"x", 
            "3" :	"h", 
            "l" :	89.328, 
            "w" :	101.423, 
            "h" :	1.6, 
            "x" :	-0.239, 
            "y" :	-0.834, 
            "permitivitty" :	4.4, 
            "loss" :	0.02, 
            "name" :	"FR4"
        }
    }, 
    "fitness" :	{
        "items" :	1, 
        "0" :	"final", 
        "1" :	"freq", 
        "lower" :	1.3025902104984615, 
        "desired" :	0.8698333663122946, 
        "upper" :	1.033537905417388, 
        "area" :	0.9565611263789887, 
        "freq" :	0.7712804195818448, 
        "final" :	1.4207639239982774, 
        "resonant" :	933500000.0, 
        "dir" :	"C:\\Users\\project\\0. My Work\\1. Repositories\\1. Very Unfriendly Train\\Data\\Simulations\\637073364910614272_Primary\\637073373190917376_6\\6.out", 
        "866000000.0" :	{
            "f" :	0.9934296751577303, 
            "g" :	0.33122318285624486
        }, 
        "879500000.0" :	{
            "f" :	0.9922994512345306, 
            "g" :	0.31054527320252745
        }, 
        "893000000.0" :	{
            "f" :	0.9895205050341566, 
            "g" :	0.2907525440101947
        }, 
        "906500000.0" :	{
            "f" :	0.9790189907506203, 
            "g" :	0.2721008057024234
        }, 
        "920000000.0" :	{
            "f" :	0.8638999476735286, 
            "g" :	0.2548612084908612
        }, 
        "933500000.0" :	{
            "f" :	0.00038165949075301723, 
            "g" :	0.23923748682869764
        }, 
        "947000000.0" :	{
            "f" :	0.5110148842672231, 
            "g" :	0.2254162515066518
        }, 
        "960500000.0" :	{
            "f" :	0.9610419761729257, 
            "g" :	0.213601010765831
        }, 
        "974000000.0" :	{
            "f" :	0.9855351990684966, 
            "g" :	0.20400439447103605
        }
    }
}