{
    "geometry" :	{
        "items" :	3, 
        "0" :	"feed", 
        "1" :	"ground plane", 
        "2" :	"radiating plane", 
        "feed" :	{
            "items" :	2, 
            "0" :	"center", 
            "1" :	"width", 
            "center" :	55.112, 
            "width" :	1.655
        }, 
        "ground plane" :	{
            "items" :	5, 
            "0" :	"l", 
            "1" :	"w", 
            "2" :	"x", 
            "3" :	"y", 
            "4" :	"slots", 
            "l" :	79.933, 
            "w" :	77.239, 
            "x" :	-1.775, 
            "y" :	-1.497, 
            "slots" :	{
                "items" :	4, 
                "0" :	"elliptical", 
                "1" :	"rectangular", 
                "2" :	"triangular", 
                "3" :	"polygonal", 
                "elliptical" :	{
                    "items" :	0
                }, 
                "rectangular" :	{
                    "items" :	3, 
                    "0" :	{
                        "items" :	4, 
                        "0" :	"x", 
                        "1" :	"y", 
                        "2" :	"l", 
                        "3" :	"w", 
                        "x" :	68.65, 
                        "y" :	-4.565, 
                        "z" :	0.0, 
                        "l" :	9.148, 
                        "w" :	31.069, 
                        "type" :	"rectangular", 
                        "id" :	"637073381220834944"
                    }, 
                    "1" :	{
                        "items" :	4, 
                        "0" :	"x", 
                        "1" :	"y", 
                        "2" :	"l", 
                        "3" :	"w", 
                        "x" :	67.455, 
                        "y" :	57.283, 
                        "z" :	0.0, 
                        "l" :	19.125, 
                        "w" :	2.036, 
                        "type" :	"rectangular", 
                        "id" :	"637073386951325440"
                    }, 
                    "2" :	{
                        "items" :	4, 
                        "0" :	"x", 
                        "1" :	"y", 
                        "2" :	"l", 
                        "3" :	"w", 
                        "x" :	50.681, 
                        "y" :	37.295, 
                        "z" :	0.0, 
                        "l" :	4.648, 
                        "w" :	14.518, 
                        "type" :	"rectangular", 
                        "id" :	"637073393613804032"
                    }
                }, 
                "triangular" :	{
                    "items" :	0
                }, 
                "polygonal" :	{
                    "items" :	0
                }
            }
        }, 
        "radiating plane" :	{
            "items" :	5, 
            "0" :	"l", 
            "1" :	"w", 
            "2" :	"x", 
            "3" :	"y", 
            "4" :	"slots", 
            "l" :	70.266, 
            "w" :	86.936, 
            "x" :	4.017, 
            "y" :	4.504, 
            "slots" :	{
                "items" :	4, 
                "0" :	"elliptical", 
                "1" :	"rectangular", 
                "2" :	"triangular", 
                "3" :	"polygonal", 
                "elliptical" :	{
                    "items" :	0
                }, 
                "rectangular" :	{
                    "items" :	1, 
                    "0" :	{
                        "items" :	4, 
                        "0" :	"x", 
                        "1" :	"y", 
                        "2" :	"l", 
                        "3" :	"w", 
                        "x" :	55.908, 
                        "y" :	56.22, 
                        "z" :	1.6, 
                        "l" :	1.638, 
                        "w" :	3.703, 
                        "type" :	"rectangular", 
                        "id" :	"637073393613824384"
                    }
                }, 
                "triangular" :	{
                    "items" :	1, 
                    "0" :	{
                        "items" :	3, 
                        "0" :	{
                            "items" :	2, 
                            "0" :	"x", 
                            "1" :	"y", 
                            "x" :	65.343, 
                            "y" :	77.296, 
                            "z" :	1.6
                        }, 
                        "1" :	{
                            "items" :	2, 
                            "0" :	"x", 
                            "1" :	"y", 
                            "x" :	59.521, 
                            "y" :	75.155, 
                            "z" :	1.6
                        }, 
                        "2" :	{
                            "items" :	2, 
                            "0" :	"x", 
                            "1" :	"y", 
                            "x" :	61.358, 
                            "y" :	76.218, 
                            "z" :	1.6
                        }, 
                        "type" :	"triangular", 
                        "id" :	"637073386951335424"
                    }
                }, 
                "polygonal" :	{
                    "items" :	0
                }
            }
        }, 
        "substrate" :	{
            "items" :	4, 
            "0" :	"l", 
            "1" :	"w", 
            "2" :	"x", 
            "3" :	"h", 
            "l" :	79.933, 
            "w" :	92.98700000000001, 
            "h" :	1.6, 
            "x" :	-1.775, 
            "y" :	-1.497, 
            "permitivitty" :	4.4, 
            "loss" :	0.02, 
            "name" :	"FR4"
        }
    }, 
    "fitness" :	{
        "items" :	1, 
        "0" :	"final", 
        "1" :	"freq", 
        "lower" :	1.4337997022580684, 
        "desired" :	1.4112169739359315, 
        "upper" :	1.0947238523373386, 
        "area" :	0.7847602812094185, 
        "freq" :	1.1644610490639549, 
        "final" :	1.4116738019413846, 
        "resonant" :	974000000.0, 
        "dir" :	"C:\\Users\\project\\0. My Work\\1. Repositories\\1. Very Unfriendly Train\\Data\\Simulations\\637073364910614272_Primary\\637073393614043776_3\\3.out", 
        "866000000.0" :	{
            "f" :	0.9941415818144331, 
            "g" :	0.44985002594949147
        }, 
        "879500000.0" :	{
            "f" :	0.9938340825562111, 
            "g" :	0.43968412830930054
        }, 
        "893000000.0" :	{
            "f" :	0.9933671559884538, 
            "g" :	0.43052213215631513
        }, 
        "906500000.0" :	{
            "f" :	0.9926016077270148, 
            "g" :	0.4231661161142785
        }, 
        "920000000.0" :	{
            "f" :	0.9911892536275214, 
            "g" :	0.41878550352989447
        }, 
        "933500000.0" :	{
            "f" :	0.9880223945070539, 
            "g" :	0.4198860463020312
        }, 
        "947000000.0" :	{
            "f" :	0.9776181035053426, 
            "g" :	0.4315671209578331
        }, 
        "960500000.0" :	{
            "f" :	0.8898032859770493, 
            "g" :	0.4646560417043373
        }, 
        "974000000.0" :	{
            "f" :	0.017224182707749672, 
            "g" :	0.5033028221597038
        }
    }
}