{
    "geometry" :	{
        "items" :	3, 
        "0" :	"feed", 
        "1" :	"ground plane", 
        "2" :	"radiating plane", 
        "feed" :	{
            "items" :	2, 
            "0" :	"center", 
            "1" :	"width", 
            "center" :	54.388, 
            "width" :	1.599
        }, 
        "ground plane" :	{
            "items" :	5, 
            "0" :	"l", 
            "1" :	"w", 
            "2" :	"x", 
            "3" :	"y", 
            "4" :	"slots", 
            "l" :	85.471, 
            "w" :	107.182, 
            "x" :	-0.202, 
            "y" :	-0.204, 
            "slots" :	{
                "items" :	4, 
                "0" :	"elliptical", 
                "1" :	"rectangular", 
                "2" :	"triangular", 
                "3" :	"polygonal", 
                "elliptical" :	{
                    "items" :	0
                }, 
                "rectangular" :	{
                    "items" :	0
                }, 
                "triangular" :	{
                    "items" :	0
                }, 
                "polygonal" :	{
                    "items" :	0
                }
            }
        }, 
        "radiating plane" :	{
            "items" :	5, 
            "0" :	"l", 
            "1" :	"w", 
            "2" :	"x", 
            "3" :	"y", 
            "4" :	"slots", 
            "l" :	76.764, 
            "w" :	98.459, 
            "x" :	4.72, 
            "y" :	4.715, 
            "slots" :	{
                "items" :	4, 
                "0" :	"elliptical", 
                "1" :	"rectangular", 
                "2" :	"triangular", 
                "3" :	"polygonal", 
                "elliptical" :	{
                    "items" :	0
                }, 
                "rectangular" :	{
                    "items" :	0
                }, 
                "triangular" :	{
                    "items" :	0
                }, 
                "polygonal" :	{
                    "items" :	0
                }
            }
        }, 
        "substrate" :	{
            "items" :	4, 
            "0" :	"l", 
            "1" :	"w", 
            "2" :	"x", 
            "3" :	"h", 
            "l" :	85.471, 
            "w" :	107.182, 
            "h" :	1.6, 
            "x" :	-0.202, 
            "y" :	-0.204, 
            "permitivitty" :	4.4, 
            "loss" :	0.02, 
            "name" :	"FR4"
        }
    }, 
    "fitness" :	{
        "items" :	1, 
        "0" :	"final", 
        "1" :	"freq", 
        "lower" :	1.3964056251601502, 
        "desired" :	0.9742591006170344, 
        "upper" :	1.1974303370626445, 
        "area" :	0.9672289937930542, 
        "freq" :	0.8605473654236689, 
        "final" :	1.543257814970826, 
        "resonant" :	933500000.0, 
        "dir" :	"C:\\Users\\project\\0. My Work\\1. Repositories\\1. Very Unfriendly Train\\Data\\Simulations\\637073340737287808_Primary\\637073359367580288_5\\5.out", 
        "866000000.0" :	{
            "f" :	0.993254200887386, 
            "g" :	0.41696594729159364
        }, 
        "879500000.0" :	{
            "f" :	0.9919579763934316, 
            "g" :	0.40494255797919293
        }, 
        "893000000.0" :	{
            "f" :	0.988697151936811, 
            "g" :	0.3933990409920354
        }, 
        "906500000.0" :	{
            "f" :	0.9758274165225066, 
            "g" :	0.38235040942628573
        }, 
        "920000000.0" :	{
            "f" :	0.8271745102739234, 
            "g" :	0.3719852248876477
        }, 
        "933500000.0" :	{
            "f" :	0.003017212841772971, 
            "g" :	0.3624225278989667
        }, 
        "947000000.0" :	{
            "f" :	0.6051411394854767, 
            "g" :	0.3537513611656107
        }, 
        "960500000.0" :	{
            "f" :	0.9623459445685861, 
            "g" :	0.3460650292052037
        }, 
        "974000000.0" :	{
            "f" :	0.9855171309028642, 
            "g" :	0.33947040586019184
        }
    }
}