{
    "geometry" :	{
        "items" :	3, 
        "0" :	"feed", 
        "1" :	"ground plane", 
        "2" :	"radiating plane", 
        "feed" :	{
            "items" :	2, 
            "0" :	"center", 
            "1" :	"width", 
            "center" :	54.553, 
            "width" :	1.614
        }, 
        "ground plane" :	{
            "items" :	5, 
            "0" :	"l", 
            "1" :	"w", 
            "2" :	"x", 
            "3" :	"y", 
            "4" :	"slots", 
            "l" :	86.249, 
            "w" :	102.34, 
            "x" :	-0.341, 
            "y" :	-0.317, 
            "slots" :	{
                "items" :	4, 
                "0" :	"elliptical", 
                "1" :	"rectangular", 
                "2" :	"triangular", 
                "3" :	"polygonal", 
                "elliptical" :	{
                    "items" :	0
                }, 
                "rectangular" :	{
                    "items" :	1, 
                    "0" :	{
                        "items" :	4, 
                        "0" :	"x", 
                        "1" :	"y", 
                        "2" :	"l", 
                        "3" :	"w", 
                        "x" :	44.982, 
                        "y" :	52.842, 
                        "z" :	0.0, 
                        "l" :	19.954, 
                        "w" :	16.456, 
                        "type" :	"rectangular", 
                        "id" :	"637073409878497792"
                    }
                }, 
                "triangular" :	{
                    "items" :	0
                }, 
                "polygonal" :	{
                    "items" :	0
                }
            }
        }, 
        "radiating plane" :	{
            "items" :	5, 
            "0" :	"l", 
            "1" :	"w", 
            "2" :	"x", 
            "3" :	"y", 
            "4" :	"slots", 
            "l" :	76.136, 
            "w" :	97.189, 
            "x" :	4.496, 
            "y" :	4.468, 
            "slots" :	{
                "items" :	4, 
                "0" :	"elliptical", 
                "1" :	"rectangular", 
                "2" :	"triangular", 
                "3" :	"polygonal", 
                "elliptical" :	{
                    "items" :	0
                }, 
                "rectangular" :	{
                    "items" :	2, 
                    "0" :	{
                        "items" :	4, 
                        "0" :	"x", 
                        "1" :	"y", 
                        "2" :	"l", 
                        "3" :	"w", 
                        "x" :	40.632, 
                        "y" :	60.207, 
                        "z" :	1.6, 
                        "l" :	2.399, 
                        "w" :	2.202, 
                        "type" :	"rectangular", 
                        "id" :	"637073408227560832"
                    }, 
                    "1" :	{
                        "items" :	4, 
                        "0" :	"x", 
                        "1" :	"y", 
                        "2" :	"l", 
                        "3" :	"w", 
                        "x" :	67.825, 
                        "y" :	67.186, 
                        "z" :	1.6, 
                        "l" :	2.836, 
                        "w" :	2.955, 
                        "type" :	"rectangular", 
                        "id" :	"637073409878507776"
                    }
                }, 
                "triangular" :	{
                    "items" :	0
                }, 
                "polygonal" :	{
                    "items" :	0
                }
            }
        }, 
        "substrate" :	{
            "items" :	4, 
            "0" :	"l", 
            "1" :	"w", 
            "2" :	"x", 
            "3" :	"h", 
            "l" :	86.249, 
            "w" :	102.34, 
            "h" :	1.6, 
            "x" :	-0.341, 
            "y" :	-0.317, 
            "permitivitty" :	4.4, 
            "loss" :	0.02, 
            "name" :	"FR4"
        }
    }, 
    "fitness" :	{
        "items" :	1, 
        "0" :	"final", 
        "1" :	"freq", 
        "lower" :	0.9481863740263964, 
        "desired" :	1.0156073779756005, 
        "upper" :	1.3146445050655593, 
        "area" :	0.9319404144963505, 
        "freq" :	0.8572532316284419, 
        "final" :	1.4816480750347483, 
        "resonant" :	905000000.0, 
        "dir" :	"C:\\Users\\project\\0. My Work\\1. Repositories\\1. Very Unfriendly Train\\Data\\Simulations\\637073406086594944_Primary\\637073409878547712_5\\5.out", 
        "890000000.0" :	{
            "f" :	0.5708532737602716, 
            "g" :	0.37733310026612477
        }, 
        "905000000.0" :	{
            "f" :	0.11463975218723729, 
            "g" :	0.36308379980143896
        }, 
        "920000000.0" :	{
            "f" :	0.9034069799116903, 
            "g" :	0.3496630638029862
        }, 
        "935000000.0" :	{
            "f" :	0.9787918473032016, 
            "g" :	0.337236690920247
        }, 
        "950000000.0" :	{
            "f" :	0.9886762727212433, 
            "g" :	0.3259682323443161
        }
    }
}