{
    "geometry" :	{
        "items" :	3, 
        "0" :	"feed", 
        "1" :	"ground plane", 
        "2" :	"radiating plane", 
        "feed" :	{
            "items" :	2, 
            "0" :	"center", 
            "1" :	"width", 
            "center" :	53.943, 
            "width" :	1.602
        }, 
        "ground plane" :	{
            "items" :	5, 
            "0" :	"l", 
            "1" :	"w", 
            "2" :	"x", 
            "3" :	"y", 
            "4" :	"slots", 
            "l" :	86.346, 
            "w" :	105.132, 
            "x" :	-0.067, 
            "y" :	-0.224, 
            "slots" :	{
                "items" :	4, 
                "0" :	"elliptical", 
                "1" :	"rectangular", 
                "2" :	"triangular", 
                "3" :	"polygonal", 
                "elliptical" :	{
                    "items" :	0
                }, 
                "rectangular" :	{
                    "items" :	1, 
                    "0" :	{
                        "items" :	4, 
                        "0" :	"x", 
                        "1" :	"y", 
                        "2" :	"l", 
                        "3" :	"w", 
                        "x" :	77.846, 
                        "y" :	39.486, 
                        "z" :	0.0, 
                        "l" :	1.857, 
                        "w" :	12.09, 
                        "type" :	"rectangular", 
                        "id" :	"637073344535679360"
                    }
                }, 
                "triangular" :	{
                    "items" :	0
                }, 
                "polygonal" :	{
                    "items" :	0
                }
            }
        }, 
        "radiating plane" :	{
            "items" :	5, 
            "0" :	"l", 
            "1" :	"w", 
            "2" :	"x", 
            "3" :	"y", 
            "4" :	"slots", 
            "l" :	77.774, 
            "w" :	98.787, 
            "x" :	4.718, 
            "y" :	5.06, 
            "slots" :	{
                "items" :	4, 
                "0" :	"elliptical", 
                "1" :	"rectangular", 
                "2" :	"triangular", 
                "3" :	"polygonal", 
                "elliptical" :	{
                    "items" :	0
                }, 
                "rectangular" :	{
                    "items" :	0
                }, 
                "triangular" :	{
                    "items" :	0
                }, 
                "polygonal" :	{
                    "items" :	0
                }
            }
        }, 
        "substrate" :	{
            "items" :	4, 
            "0" :	"l", 
            "1" :	"w", 
            "2" :	"x", 
            "3" :	"h", 
            "l" :	86.346, 
            "w" :	105.132, 
            "h" :	1.6, 
            "x" :	-0.067, 
            "y" :	-0.224, 
            "permitivitty" :	4.4, 
            "loss" :	0.02, 
            "name" :	"FR4"
        }
    }, 
    "fitness" :	{
        "items" :	1, 
        "0" :	"final", 
        "1" :	"freq", 
        "lower" :	1.379614366686292, 
        "desired" :	0.8193136618522701, 
        "upper" :	1.3132864908429402, 
        "area" :	0.9584419512427131, 
        "freq" :	0.7564511090070708, 
        "final" :	1.4058682835171818, 
        "resonant" :	920000000.0, 
        "dir" :	"C:\\Users\\project\\0. My Work\\1. Repositories\\1. Very Unfriendly Train\\Data\\Simulations\\637073340737287808_Primary\\637073344535679360_3\\3.out", 
        "866000000.0" :	{
            "f" :	0.9921253443677913, 
            "g" :	0.40511791585703494
        }, 
        "879500000.0" :	{
            "f" :	0.9891655767571903, 
            "g" :	0.3929502749601393
        }, 
        "893000000.0" :	{
            "f" :	0.9781244356644985, 
            "g" :	0.3813595524522218
        }, 
        "906500000.0" :	{
            "f" :	0.8672201071052018, 
            "g" :	0.3704342717598951
        }, 
        "920000000.0" :	{
            "f" :	0.008913218799059756, 
            "g" :	0.3602945358673686
        }, 
        "933500000.0" :	{
            "f" :	0.5000499999998334, 
            "g" :	0.3510288520254518
        }, 
        "947000000.0" :	{
            "f" :	0.9571094678935177, 
            "g" :	0.34275497028583524
        }, 
        "960500000.0" :	{
            "f" :	0.9847057611725972, 
            "g" :	0.3355412945468432
        }, 
        "974000000.0" :	{
            "f" :	0.9902529911135929, 
            "g" :	0.3294949875164346
        }
    }
}