{
    "geometry" :	{
        "items" :	3, 
        "0" :	"feed", 
        "1" :	"ground plane", 
        "2" :	"radiating plane", 
        "feed" :	{
            "items" :	2, 
            "0" :	"center", 
            "1" :	"width", 
            "center" :	53.709, 
            "width" :	1.631
        }, 
        "ground plane" :	{
            "items" :	5, 
            "0" :	"l", 
            "1" :	"w", 
            "2" :	"x", 
            "3" :	"y", 
            "4" :	"slots", 
            "l" :	83.204, 
            "w" :	105.768, 
            "x" :	-0.223, 
            "y" :	-0.12, 
            "slots" :	{
                "items" :	4, 
                "0" :	"elliptical", 
                "1" :	"rectangular", 
                "2" :	"triangular", 
                "3" :	"polygonal", 
                "elliptical" :	{
                    "items" :	0
                }, 
                "rectangular" :	{
                    "items" :	1, 
                    "0" :	{
                        "items" :	4, 
                        "0" :	"x", 
                        "1" :	"y", 
                        "2" :	"l", 
                        "3" :	"w", 
                        "x" :	18.21, 
                        "y" :	70.85, 
                        "z" :	0.0, 
                        "l" :	13.219, 
                        "w" :	7.214, 
                        "type" :	"rectangular", 
                        "id" :	"637073409878527616"
                    }
                }, 
                "triangular" :	{
                    "items" :	1, 
                    "0" :	{
                        "items" :	3, 
                        "0" :	{
                            "items" :	2, 
                            "0" :	"x", 
                            "1" :	"y", 
                            "x" :	64.383, 
                            "y" :	89.132, 
                            "z" :	0.0
                        }, 
                        "1" :	{
                            "items" :	2, 
                            "0" :	"x", 
                            "1" :	"y", 
                            "x" :	69.812, 
                            "y" :	96.93, 
                            "z" :	0.0
                        }, 
                        "2" :	{
                            "items" :	2, 
                            "0" :	"x", 
                            "1" :	"y", 
                            "x" :	71.468, 
                            "y" :	91.855, 
                            "z" :	0.0
                        }, 
                        "type" :	"triangular", 
                        "id" :	"637073408227550848"
                    }
                }, 
                "polygonal" :	{
                    "items" :	0
                }
            }
        }, 
        "radiating plane" :	{
            "items" :	5, 
            "0" :	"l", 
            "1" :	"w", 
            "2" :	"x", 
            "3" :	"y", 
            "4" :	"slots", 
            "l" :	75.827, 
            "w" :	96.517, 
            "x" :	4.23, 
            "y" :	4.499, 
            "slots" :	{
                "items" :	4, 
                "0" :	"elliptical", 
                "1" :	"rectangular", 
                "2" :	"triangular", 
                "3" :	"polygonal", 
                "elliptical" :	{
                    "items" :	0
                }, 
                "rectangular" :	{
                    "items" :	1, 
                    "0" :	{
                        "items" :	4, 
                        "0" :	"x", 
                        "1" :	"y", 
                        "2" :	"l", 
                        "3" :	"w", 
                        "x" :	40.849, 
                        "y" :	60.256, 
                        "z" :	1.6, 
                        "l" :	3.24, 
                        "w" :	1.886, 
                        "type" :	"rectangular", 
                        "id" :	"637073408227560832"
                    }
                }, 
                "triangular" :	{
                    "items" :	1, 
                    "0" :	{
                        "items" :	3, 
                        "0" :	{
                            "items" :	2, 
                            "0" :	"x", 
                            "1" :	"y", 
                            "x" :	5.906, 
                            "y" :	28.789, 
                            "z" :	1.6
                        }, 
                        "1" :	{
                            "items" :	2, 
                            "0" :	"x", 
                            "1" :	"y", 
                            "x" :	5.83, 
                            "y" :	29.58, 
                            "z" :	1.6
                        }, 
                        "2" :	{
                            "items" :	2, 
                            "0" :	"x", 
                            "1" :	"y", 
                            "x" :	7.887, 
                            "y" :	28.942, 
                            "z" :	1.6
                        }, 
                        "type" :	"triangular", 
                        "id" :	"637073409878537728"
                    }
                }, 
                "polygonal" :	{
                    "items" :	0
                }
            }
        }, 
        "substrate" :	{
            "items" :	4, 
            "0" :	"l", 
            "1" :	"w", 
            "2" :	"x", 
            "3" :	"h", 
            "l" :	83.204, 
            "w" :	105.768, 
            "h" :	1.6, 
            "x" :	-0.223, 
            "y" :	-0.12, 
            "permitivitty" :	4.4, 
            "loss" :	0.02, 
            "name" :	"FR4"
        }
    }, 
    "fitness" :	{
        "items" :	1, 
        "0" :	"final", 
        "1" :	"freq", 
        "lower" :	1.426589996444366, 
        "desired" :	0.9810393685635859, 
        "upper" :	1.2842608146943335, 
        "area" :	0.9291528476283271, 
        "freq" :	0.8722007484269978, 
        "final" :	1.493929512444352, 
        "resonant" :	935000000.0, 
        "dir" :	"C:\\Users\\project\\0. My Work\\1. Repositories\\1. Very Unfriendly Train\\Data\\Simulations\\637073406086594944_Primary\\637073409878547712_6\\6.out", 
        "890000000.0" :	{
            "f" :	0.9888208934454239, 
            "g" :	0.43776910299894223
        }, 
        "905000000.0" :	{
            "f" :	0.9733926486245031, 
            "g" :	0.4279136602411379
        }, 
        "920000000.0" :	{
            "f" :	0.7012798833418322, 
            "g" :	0.41874023414715156
        }, 
        "935000000.0" :	{
            "f" :	0.011436984846423175, 
            "g" :	0.4103546944897096
        }, 
        "950000000.0" :	{
            "f" :	0.8813768194445771, 
            "g" :	0.4028839952497565
        }
    }
}