{
    "geometry" :	{
        "items" :	3, 
        "0" :	"feed", 
        "1" :	"ground plane", 
        "2" :	"radiating plane", 
        "feed" :	{
            "items" :	2, 
            "0" :	"center", 
            "1" :	"width", 
            "center" :	54.508, 
            "width" :	1.607
        }, 
        "ground plane" :	{
            "items" :	5, 
            "0" :	"l", 
            "1" :	"w", 
            "2" :	"x", 
            "3" :	"y", 
            "4" :	"slots", 
            "l" :	79.934, 
            "w" :	88.766, 
            "x" :	-0.826, 
            "y" :	-0.715, 
            "slots" :	{
                "items" :	4, 
                "0" :	"elliptical", 
                "1" :	"rectangular", 
                "2" :	"triangular", 
                "3" :	"polygonal", 
                "elliptical" :	{
                    "items" :	0
                }, 
                "rectangular" :	{
                    "items" :	2, 
                    "0" :	{
                        "items" :	4, 
                        "0" :	"x", 
                        "1" :	"y", 
                        "2" :	"l", 
                        "3" :	"w", 
                        "x" :	54.89, 
                        "y" :	112.348, 
                        "z" :	0.0, 
                        "l" :	13.051, 
                        "w" :	13.646, 
                        "type" :	"rectangular", 
                        "id" :	"637073369376184064"
                    }, 
                    "1" :	{
                        "items" :	4, 
                        "0" :	"x", 
                        "1" :	"y", 
                        "2" :	"l", 
                        "3" :	"w", 
                        "x" :	59.46, 
                        "y" :	9.57, 
                        "z" :	0.0, 
                        "l" :	2.379, 
                        "w" :	28.405, 
                        "type" :	"rectangular", 
                        "id" :	"637073381220834944"
                    }
                }, 
                "triangular" :	{
                    "items" :	1, 
                    "0" :	{
                        "items" :	3, 
                        "0" :	{
                            "items" :	2, 
                            "0" :	"x", 
                            "1" :	"y", 
                            "x" :	70.27, 
                            "y" :	16.155, 
                            "z" :	0.0
                        }, 
                        "1" :	{
                            "items" :	2, 
                            "0" :	"x", 
                            "1" :	"y", 
                            "x" :	62.458, 
                            "y" :	28.499, 
                            "z" :	0.0
                        }, 
                        "2" :	{
                            "items" :	2, 
                            "0" :	"x", 
                            "1" :	"y", 
                            "x" :	42.118, 
                            "y" :	35.914, 
                            "z" :	0.0
                        }, 
                        "type" :	"triangular", 
                        "id" :	"637073386951405312"
                    }
                }, 
                "polygonal" :	{
                    "items" :	0
                }
            }
        }, 
        "radiating plane" :	{
            "items" :	5, 
            "0" :	"l", 
            "1" :	"w", 
            "2" :	"x", 
            "3" :	"y", 
            "4" :	"slots", 
            "l" :	73.953, 
            "w" :	94.341, 
            "x" :	5.105, 
            "y" :	2.462, 
            "slots" :	{
                "items" :	4, 
                "0" :	"elliptical", 
                "1" :	"rectangular", 
                "2" :	"triangular", 
                "3" :	"polygonal", 
                "elliptical" :	{
                    "items" :	0
                }, 
                "rectangular" :	{
                    "items" :	1, 
                    "0" :	{
                        "items" :	4, 
                        "0" :	"x", 
                        "1" :	"y", 
                        "2" :	"l", 
                        "3" :	"w", 
                        "x" :	13.942, 
                        "y" :	42.621, 
                        "z" :	1.6, 
                        "l" :	6.413, 
                        "w" :	3.032, 
                        "type" :	"rectangular", 
                        "id" :	"637073373190698496"
                    }
                }, 
                "triangular" :	{
                    "items" :	0
                }, 
                "polygonal" :	{
                    "items" :	0
                }
            }
        }, 
        "substrate" :	{
            "items" :	4, 
            "0" :	"l", 
            "1" :	"w", 
            "2" :	"x", 
            "3" :	"h", 
            "l" :	79.934, 
            "w" :	97.568, 
            "h" :	1.6, 
            "x" :	-0.826, 
            "y" :	-0.715, 
            "permitivitty" :	4.4, 
            "loss" :	0.02, 
            "name" :	"FR4"
        }
    }, 
    "fitness" :	{
        "items" :	1, 
        "0" :	"final", 
        "1" :	"freq", 
        "lower" :	1.2943148982922432, 
        "desired" :	1.137156011915281, 
        "upper" :	1.4834789576026923, 
        "area" :	0.8234317594170937, 
        "freq" :	0.980199922575672, 
        "final" :	1.3587921107115433, 
        "resonant" :	906500000.0, 
        "dir" :	"C:\\Users\\project\\0. My Work\\1. Repositories\\1. Very Unfriendly Train\\Data\\Simulations\\637073364910614272_Primary\\637073386951634560_3\\3.out", 
        "866000000.0" :	{
            "f" :	0.9858240822779873, 
            "g" :	0.5321204535621672
        }, 
        "879500000.0" :	{
            "f" :	0.958937607452971, 
            "g" :	0.5152190699291115
        }, 
        "893000000.0" :	{
            "f" :	0.3872072598112236, 
            "g" :	0.5036362218432688
        }, 
        "906500000.0" :	{
            "f" :	0.038863285778834564, 
            "g" :	0.4961405417537318
        }, 
        "920000000.0" :	{
            "f" :	0.9141400782425313, 
            "g" :	0.4917782150524373
        }, 
        "933500000.0" :	{
            "f" :	0.980736026933603, 
            "g" :	0.48980988798470515
        }, 
        "947000000.0" :	{
            "f" :	0.9892891915876522, 
            "g" :	0.4898607751452216
        }, 
        "960500000.0" :	{
            "f" :	0.9918745860554049, 
            "g" :	0.491682618759678
        }, 
        "974000000.0" :	{
            "f" :	0.9930031005182864, 
            "g" :	0.4947266007418342
        }
    }
}