{
    "geometry" :	{
        "items" :	3, 
        "0" :	"feed", 
        "1" :	"ground plane", 
        "2" :	"radiating plane", 
        "feed" :	{
            "items" :	2, 
            "0" :	"center", 
            "1" :	"width", 
            "center" :	53.266, 
            "width" :	1.573
        }, 
        "ground plane" :	{
            "items" :	5, 
            "0" :	"l", 
            "1" :	"w", 
            "2" :	"x", 
            "3" :	"y", 
            "4" :	"slots", 
            "l" :	88.453, 
            "w" :	94.539, 
            "x" :	-0.973, 
            "y" :	-0.707, 
            "slots" :	{
                "items" :	4, 
                "0" :	"elliptical", 
                "1" :	"rectangular", 
                "2" :	"triangular", 
                "3" :	"polygonal", 
                "elliptical" :	{
                    "items" :	0
                }, 
                "rectangular" :	{
                    "items" :	1, 
                    "0" :	{
                        "items" :	4, 
                        "0" :	"x", 
                        "1" :	"y", 
                        "2" :	"l", 
                        "3" :	"w", 
                        "x" :	72.145, 
                        "y" :	78.573, 
                        "z" :	0.0, 
                        "l" :	10.569, 
                        "w" :	10.727, 
                        "type" :	"rectangular", 
                        "id" :	"637073414505252224"
                    }
                }, 
                "triangular" :	{
                    "items" :	1, 
                    "0" :	{
                        "items" :	3, 
                        "0" :	{
                            "items" :	2, 
                            "0" :	"x", 
                            "1" :	"y", 
                            "x" :	70.726, 
                            "y" :	10.172, 
                            "z" :	0.0
                        }, 
                        "1" :	{
                            "items" :	2, 
                            "0" :	"x", 
                            "1" :	"y", 
                            "x" :	89.03, 
                            "y" :	15.301, 
                            "z" :	0.0
                        }, 
                        "2" :	{
                            "items" :	2, 
                            "0" :	"x", 
                            "1" :	"y", 
                            "x" :	75.133, 
                            "y" :	27.5, 
                            "z" :	0.0
                        }, 
                        "type" :	"triangular", 
                        "id" :	"637073409878338432"
                    }
                }, 
                "polygonal" :	{
                    "items" :	0
                }
            }
        }, 
        "radiating plane" :	{
            "items" :	5, 
            "0" :	"l", 
            "1" :	"w", 
            "2" :	"x", 
            "3" :	"y", 
            "4" :	"slots", 
            "l" :	74.214, 
            "w" :	92.897, 
            "x" :	3.633, 
            "y" :	5.527, 
            "slots" :	{
                "items" :	4, 
                "0" :	"elliptical", 
                "1" :	"rectangular", 
                "2" :	"triangular", 
                "3" :	"polygonal", 
                "elliptical" :	{
                    "items" :	0
                }, 
                "rectangular" :	{
                    "items" :	1, 
                    "0" :	{
                        "items" :	4, 
                        "0" :	"x", 
                        "1" :	"y", 
                        "2" :	"l", 
                        "3" :	"w", 
                        "x" :	58.675, 
                        "y" :	56.794, 
                        "z" :	1.6, 
                        "l" :	2.573, 
                        "w" :	2.672, 
                        "type" :	"rectangular", 
                        "id" :	"637073414505261952"
                    }
                }, 
                "triangular" :	{
                    "items" :	1, 
                    "0" :	{
                        "items" :	3, 
                        "0" :	{
                            "items" :	2, 
                            "0" :	"x", 
                            "1" :	"y", 
                            "x" :	69.473, 
                            "y" :	65.656, 
                            "z" :	1.6
                        }, 
                        "1" :	{
                            "items" :	2, 
                            "0" :	"x", 
                            "1" :	"y", 
                            "x" :	66.097, 
                            "y" :	65.093, 
                            "z" :	1.6
                        }, 
                        "2" :	{
                            "items" :	2, 
                            "0" :	"x", 
                            "1" :	"y", 
                            "x" :	67.784, 
                            "y" :	60.958, 
                            "z" :	1.6
                        }, 
                        "type" :	"triangular", 
                        "id" :	"637073409878348416"
                    }
                }, 
                "polygonal" :	{
                    "items" :	0
                }
            }
        }, 
        "substrate" :	{
            "items" :	4, 
            "0" :	"l", 
            "1" :	"w", 
            "2" :	"x", 
            "3" :	"h", 
            "l" :	88.453, 
            "w" :	99.181, 
            "h" :	1.6, 
            "x" :	-0.973, 
            "y" :	-0.707, 
            "permitivitty" :	4.4, 
            "loss" :	0.02, 
            "name" :	"FR4"
        }
    }, 
    "fitness" :	{
        "items" :	1, 
        "0" :	"final", 
        "1" :	"freq", 
        "lower" :	1.3097224456832204, 
        "desired" :	1.2552402324021108, 
        "upper" :	0.8714011356427315, 
        "area" :	0.9262531856159653, 
        "freq" :	1.0335646273466879, 
        "final" :	1.6747578000524828, 
        "resonant" :	950000000.0, 
        "dir" :	"C:\\Users\\project\\0. My Work\\1. Repositories\\1. Very Unfriendly Train\\Data\\Simulations\\637073406086594944_Primary\\637073414505311872_5\\5.out", 
        "890000000.0" :	{
            "f" :	0.9931297898613617, 
            "g" :	0.31659265582185875
        }, 
        "905000000.0" :	{
            "f" :	0.9916810597198809, 
            "g" :	0.2926337856026586
        }, 
        "920000000.0" :	{
            "f" :	0.9877398679062119, 
            "g" :	0.2715459436791163
        }, 
        "935000000.0" :	{
            "f" :	0.969163471856865, 
            "g" :	0.2529565684415999
        }, 
        "950000000.0" :	{
            "f" :	0.6347076869525594, 
            "g" :	0.2366934486901721
        }
    }
}