{
    "geometry" :	{
        "items" :	3, 
        "0" :	"feed", 
        "1" :	"ground plane", 
        "2" :	"radiating plane", 
        "feed" :	{
            "items" :	2, 
            "0" :	"center", 
            "1" :	"width", 
            "center" :	53.835, 
            "width" :	1.611
        }, 
        "ground plane" :	{
            "items" :	5, 
            "0" :	"l", 
            "1" :	"w", 
            "2" :	"x", 
            "3" :	"y", 
            "4" :	"slots", 
            "l" :	82.263, 
            "w" :	107.588, 
            "x" :	-0.256, 
            "y" :	-0.649, 
            "slots" :	{
                "items" :	4, 
                "0" :	"elliptical", 
                "1" :	"rectangular", 
                "2" :	"triangular", 
                "3" :	"polygonal", 
                "elliptical" :	{
                    "items" :	0
                }, 
                "rectangular" :	{
                    "items" :	2, 
                    "0" :	{
                        "items" :	4, 
                        "0" :	"x", 
                        "1" :	"y", 
                        "2" :	"l", 
                        "3" :	"w", 
                        "x" :	7.657, 
                        "y" :	-3.772, 
                        "z" :	0.0, 
                        "l" :	20.729, 
                        "w" :	7.833, 
                        "type" :	"rectangular", 
                        "id" :	"637073365258125696"
                    }, 
                    "1" :	{
                        "items" :	4, 
                        "0" :	"x", 
                        "1" :	"y", 
                        "2" :	"l", 
                        "3" :	"w", 
                        "x" :	32.724, 
                        "y" :	82.659, 
                        "z" :	0.0, 
                        "l" :	17.712, 
                        "w" :	16.188, 
                        "type" :	"rectangular", 
                        "id" :	"637073369376204032"
                    }
                }, 
                "triangular" :	{
                    "items" :	0
                }, 
                "polygonal" :	{
                    "items" :	0
                }
            }
        }, 
        "radiating plane" :	{
            "items" :	5, 
            "0" :	"l", 
            "1" :	"w", 
            "2" :	"x", 
            "3" :	"y", 
            "4" :	"slots", 
            "l" :	75.326, 
            "w" :	95.563, 
            "x" :	3.484, 
            "y" :	4.086, 
            "slots" :	{
                "items" :	4, 
                "0" :	"elliptical", 
                "1" :	"rectangular", 
                "2" :	"triangular", 
                "3" :	"polygonal", 
                "elliptical" :	{
                    "items" :	0
                }, 
                "rectangular" :	{
                    "items" :	0
                }, 
                "triangular" :	{
                    "items" :	1, 
                    "0" :	{
                        "items" :	3, 
                        "0" :	{
                            "items" :	2, 
                            "0" :	"x", 
                            "1" :	"y", 
                            "x" :	4.406, 
                            "y" :	20.133, 
                            "z" :	1.6
                        }, 
                        "1" :	{
                            "items" :	2, 
                            "0" :	"x", 
                            "1" :	"y", 
                            "x" :	6.794, 
                            "y" :	20.164, 
                            "z" :	1.6
                        }, 
                        "2" :	{
                            "items" :	2, 
                            "0" :	"x", 
                            "1" :	"y", 
                            "x" :	3.513, 
                            "y" :	22.107, 
                            "z" :	1.6
                        }, 
                        "type" :	"triangular", 
                        "id" :	"637073369376214016"
                    }
                }, 
                "polygonal" :	{
                    "items" :	0
                }
            }
        }, 
        "substrate" :	{
            "items" :	4, 
            "0" :	"l", 
            "1" :	"w", 
            "2" :	"x", 
            "3" :	"h", 
            "l" :	82.263, 
            "w" :	107.588, 
            "h" :	1.6, 
            "x" :	-0.256, 
            "y" :	-0.649, 
            "permitivitty" :	4.4, 
            "loss" :	0.02, 
            "name" :	"FR4"
        }
    }, 
    "fitness" :	{
        "items" :	1, 
        "0" :	"final", 
        "1" :	"freq", 
        "lower" :	0.8909834565867142, 
        "desired" :	1.4386080497073743, 
        "upper" :	1.4467089380494678, 
        "area" :	0.9344520959508811, 
        "freq" :	1.155094675507506, 
        "final" :	1.832771552745637, 
        "resonant" :	879500000.0, 
        "dir" :	"C:\\Users\\project\\0. My Work\\1. Repositories\\1. Very Unfriendly Train\\Data\\Simulations\\637073364910614272_Primary\\637073369376393216_2\\2.out", 
        "866000000.0" :	{
            "f" :	0.9305089245304224, 
            "g" :	0.4846411942479798
        }, 
        "879500000.0" :	{
            "f" :	0.04402671609447756, 
            "g" :	0.47886143881149434
        }, 
        "893000000.0" :	{
            "f" :	0.26161334092141325, 
            "g" :	0.47329875515435504
        }, 
        "906500000.0" :	{
            "f" :	0.9503767966408906, 
            "g" :	0.46808556573132476
        }, 
        "920000000.0" :	{
            "f" :	0.9844710734200149, 
            "g" :	0.46334211811020504
        }, 
        "933500000.0" :	{
            "f" :	0.9903624112457661, 
            "g" :	0.45918618397392197
        }, 
        "947000000.0" :	{
            "f" :	0.9923689284449524, 
            "g" :	0.45576122465332997
        }, 
        "960500000.0" :	{
            "f" :	0.9932969476744349, 
            "g" :	0.4532104660418647
        }, 
        "974000000.0" :	{
            "f" :	0.9938058300917251, 
            "g" :	0.4516834172420963
        }
    }
}