{
    "geometry" :	{
        "items" :	3, 
        "0" :	"feed", 
        "1" :	"ground plane", 
        "2" :	"radiating plane", 
        "feed" :	{
            "items" :	2, 
            "0" :	"center", 
            "1" :	"width", 
            "center" :	54.911, 
            "width" :	1.632
        }, 
        "ground plane" :	{
            "items" :	5, 
            "0" :	"l", 
            "1" :	"w", 
            "2" :	"x", 
            "3" :	"y", 
            "4" :	"slots", 
            "l" :	83.559, 
            "w" :	106.934, 
            "x" :	-0.102, 
            "y" :	-0.452, 
            "slots" :	{
                "items" :	4, 
                "0" :	"elliptical", 
                "1" :	"rectangular", 
                "2" :	"triangular", 
                "3" :	"polygonal", 
                "elliptical" :	{
                    "items" :	0
                }, 
                "rectangular" :	{
                    "items" :	1, 
                    "0" :	{
                        "items" :	4, 
                        "0" :	"x", 
                        "1" :	"y", 
                        "2" :	"l", 
                        "3" :	"w", 
                        "x" :	55.792, 
                        "y" :	31.123, 
                        "z" :	0.0, 
                        "l" :	10.867, 
                        "w" :	16.274, 
                        "type" :	"rectangular", 
                        "id" :	"637073365258175232"
                    }
                }, 
                "triangular" :	{
                    "items" :	0
                }, 
                "polygonal" :	{
                    "items" :	0
                }
            }
        }, 
        "radiating plane" :	{
            "items" :	5, 
            "0" :	"l", 
            "1" :	"w", 
            "2" :	"x", 
            "3" :	"y", 
            "4" :	"slots", 
            "l" :	75.684, 
            "w" :	97.916, 
            "x" :	5.007, 
            "y" :	5.13, 
            "slots" :	{
                "items" :	4, 
                "0" :	"elliptical", 
                "1" :	"rectangular", 
                "2" :	"triangular", 
                "3" :	"polygonal", 
                "elliptical" :	{
                    "items" :	0
                }, 
                "rectangular" :	{
                    "items" :	0
                }, 
                "triangular" :	{
                    "items" :	0
                }, 
                "polygonal" :	{
                    "items" :	0
                }
            }
        }, 
        "substrate" :	{
            "items" :	4, 
            "0" :	"l", 
            "1" :	"w", 
            "2" :	"x", 
            "3" :	"h", 
            "l" :	83.559, 
            "w" :	106.934, 
            "h" :	1.6, 
            "x" :	-0.102, 
            "y" :	-0.452, 
            "permitivitty" :	4.4, 
            "loss" :	0.02, 
            "name" :	"FR4"
        }
    }, 
    "fitness" :	{
        "items" :	1, 
        "0" :	"final", 
        "1" :	"freq", 
        "lower" :	1.4198897763931015, 
        "desired" :	0.8584404085567107, 
        "upper" :	1.342273380200216, 
        "area" :	0.9434039950399999, 
        "freq" :	0.7887125859931219, 
        "final" :	1.4210617927465956, 
        "resonant" :	920000000.0, 
        "dir" :	"C:\\Users\\project\\0. My Work\\1. Repositories\\1. Very Unfriendly Train\\Data\\Simulations\\637073364910614272_Primary\\637073365258235136_8\\8.out", 
        "866000000.0" :	{
            "f" :	0.9920599712695293, 
            "g" :	0.4433738422293138
        }, 
        "879500000.0" :	{
            "f" :	0.9893300857047591, 
            "g" :	0.4324631706507951
        }, 
        "893000000.0" :	{
            "f" :	0.9804480250405972, 
            "g" :	0.4219942342843099
        }, 
        "906500000.0" :	{
            "f" :	0.9206881137649678, 
            "g" :	0.4120568636840767
        }, 
        "920000000.0" :	{
            "f" :	0.20297552208098857, 
            "g" :	0.4027430757043631
        }, 
        "933500000.0" :	{
            "f" :	0.2426632480728981, 
            "g" :	0.3941944023628377
        }, 
        "947000000.0" :	{
            "f" :	0.9196055733510116, 
            "g" :	0.386518752607433
        }, 
        "960500000.0" :	{
            "f" :	0.9785455096870325, 
            "g" :	0.3798073774888168
        }, 
        "974000000.0" :	{
            "f" :	0.9881331266569895, 
            "g" :	0.3742098008093651
        }
    }
}