{
    "geometry" :	{
        "items" :	3, 
        "0" :	"feed", 
        "1" :	"ground plane", 
        "2" :	"radiating plane", 
        "feed" :	{
            "items" :	2, 
            "0" :	"center", 
            "1" :	"width", 
            "center" :	55.107, 
            "width" :	1.602
        }, 
        "ground plane" :	{
            "items" :	5, 
            "0" :	"l", 
            "1" :	"w", 
            "2" :	"x", 
            "3" :	"y", 
            "4" :	"slots", 
            "l" :	89.733, 
            "w" :	106.805, 
            "x" :	-0.76, 
            "y" :	-0.687, 
            "slots" :	{
                "items" :	4, 
                "0" :	"elliptical", 
                "1" :	"rectangular", 
                "2" :	"triangular", 
                "3" :	"polygonal", 
                "elliptical" :	{
                    "items" :	0
                }, 
                "rectangular" :	{
                    "items" :	1, 
                    "0" :	{
                        "items" :	4, 
                        "0" :	"x", 
                        "1" :	"y", 
                        "2" :	"l", 
                        "3" :	"w", 
                        "x" :	14.979, 
                        "y" :	-1.506, 
                        "z" :	0.0, 
                        "l" :	24.093, 
                        "w" :	8.057, 
                        "type" :	"rectangular", 
                        "id" :	"637073365258125696"
                    }
                }, 
                "triangular" :	{
                    "items" :	1, 
                    "0" :	{
                        "items" :	3, 
                        "0" :	{
                            "items" :	2, 
                            "0" :	"x", 
                            "1" :	"y", 
                            "x" :	3.416, 
                            "y" :	63.858, 
                            "z" :	0.0
                        }, 
                        "1" :	{
                            "items" :	2, 
                            "0" :	"x", 
                            "1" :	"y", 
                            "x" :	1.219, 
                            "y" :	63.799, 
                            "z" :	0.0
                        }, 
                        "2" :	{
                            "items" :	2, 
                            "0" :	"x", 
                            "1" :	"y", 
                            "x" :	4.439, 
                            "y" :	90.97, 
                            "z" :	0.0
                        }, 
                        "type" :	"triangular", 
                        "id" :	"637073369376154112"
                    }
                }, 
                "polygonal" :	{
                    "items" :	0
                }
            }
        }, 
        "radiating plane" :	{
            "items" :	5, 
            "0" :	"l", 
            "1" :	"w", 
            "2" :	"x", 
            "3" :	"y", 
            "4" :	"slots", 
            "l" :	77.651, 
            "w" :	97.614, 
            "x" :	3.952, 
            "y" :	3.907, 
            "slots" :	{
                "items" :	4, 
                "0" :	"elliptical", 
                "1" :	"rectangular", 
                "2" :	"triangular", 
                "3" :	"polygonal", 
                "elliptical" :	{
                    "items" :	0
                }, 
                "rectangular" :	{
                    "items" :	1, 
                    "0" :	{
                        "items" :	4, 
                        "0" :	"x", 
                        "1" :	"y", 
                        "2" :	"l", 
                        "3" :	"w", 
                        "x" :	63.167, 
                        "y" :	43.867, 
                        "z" :	1.6, 
                        "l" :	4.61, 
                        "w" :	0.777, 
                        "type" :	"rectangular", 
                        "id" :	"637073369376164096"
                    }
                }, 
                "triangular" :	{
                    "items" :	0
                }, 
                "polygonal" :	{
                    "items" :	0
                }
            }
        }, 
        "substrate" :	{
            "items" :	4, 
            "0" :	"l", 
            "1" :	"w", 
            "2" :	"x", 
            "3" :	"h", 
            "l" :	89.733, 
            "w" :	106.805, 
            "h" :	1.6, 
            "x" :	-0.76, 
            "y" :	-0.687, 
            "permitivitty" :	4.4, 
            "loss" :	0.02, 
            "name" :	"FR4"
        }
    }, 
    "fitness" :	{
        "items" :	1, 
        "0" :	"final", 
        "1" :	"freq", 
        "lower" :	1.2451606096629906, 
        "desired" :	0.7748337645664182, 
        "upper" :	1.21272724271998, 
        "area" :	1.011887978941142, 
        "freq" :	0.7088586491538459, 
        "final" :	1.413542803378646, 
        "resonant" :	906500000.0, 
        "dir" :	"C:\\Users\\project\\0. My Work\\1. Repositories\\1. Very Unfriendly Train\\Data\\Simulations\\637073364910614272_Primary\\637073369376393216_0\\0.out", 
        "866000000.0" :	{
            "f" :	0.9893883380691259, 
            "g" :	0.32522424637091946
        }, 
        "879500000.0" :	{
            "f" :	0.978120155850452, 
            "g" :	0.3075290554503631
        }, 
        "893000000.0" :	{
            "f" :	0.8446095323481032, 
            "g" :	0.29061050090000823
        }, 
        "906500000.0" :	{
            "f" :	0.00012910785088617505, 
            "g" :	0.27460440452163054
        }, 
        "920000000.0" :	{
            "f" :	0.5803799541511852, 
            "g" :	0.25967412311084737
        }, 
        "933500000.0" :	{
            "f" :	0.9637642321826525, 
            "g" :	0.24594947188205277
        }, 
        "947000000.0" :	{
            "f" :	0.9859659227740416, 
            "g" :	0.23355241915719685
        }, 
        "960500000.0" :	{
            "f" :	0.9906951091429443, 
            "g" :	0.22253062095603648
        }, 
        "974000000.0" :	{
            "f" :	0.9924502817050328, 
            "g" :	0.21298737442468751
        }
    }
}