{
    "geometry" :	{
        "items" :	3, 
        "0" :	"feed", 
        "1" :	"ground plane", 
        "2" :	"radiating plane", 
        "feed" :	{
            "items" :	2, 
            "0" :	"center", 
            "1" :	"width", 
            "center" :	54.347, 
            "width" :	1.616
        }, 
        "ground plane" :	{
            "items" :	5, 
            "0" :	"l", 
            "1" :	"w", 
            "2" :	"x", 
            "3" :	"y", 
            "4" :	"slots", 
            "l" :	84.418, 
            "w" :	107.93, 
            "x" :	-0.195, 
            "y" :	-0.218, 
            "slots" :	{
                "items" :	4, 
                "0" :	"elliptical", 
                "1" :	"rectangular", 
                "2" :	"triangular", 
                "3" :	"polygonal", 
                "elliptical" :	{
                    "items" :	0
                }, 
                "rectangular" :	{
                    "items" :	1, 
                    "0" :	{
                        "items" :	4, 
                        "0" :	"x", 
                        "1" :	"y", 
                        "2" :	"l", 
                        "3" :	"w", 
                        "x" :	71.593, 
                        "y" :	46.792, 
                        "z" :	0.0, 
                        "l" :	18.024, 
                        "w" :	16.571, 
                        "type" :	"rectangular", 
                        "id" :	"637073350645400576"
                    }
                }, 
                "triangular" :	{
                    "items" :	0
                }, 
                "polygonal" :	{
                    "items" :	0
                }
            }
        }, 
        "radiating plane" :	{
            "items" :	5, 
            "0" :	"l", 
            "1" :	"w", 
            "2" :	"x", 
            "3" :	"y", 
            "4" :	"slots", 
            "l" :	76.758, 
            "w" :	98.285, 
            "x" :	4.781, 
            "y" :	4.738, 
            "slots" :	{
                "items" :	4, 
                "0" :	"elliptical", 
                "1" :	"rectangular", 
                "2" :	"triangular", 
                "3" :	"polygonal", 
                "elliptical" :	{
                    "items" :	0
                }, 
                "rectangular" :	{
                    "items" :	0
                }, 
                "triangular" :	{
                    "items" :	0
                }, 
                "polygonal" :	{
                    "items" :	0
                }
            }
        }, 
        "substrate" :	{
            "items" :	4, 
            "0" :	"l", 
            "1" :	"w", 
            "2" :	"x", 
            "3" :	"h", 
            "l" :	84.418, 
            "w" :	107.93, 
            "h" :	1.6, 
            "x" :	-0.195, 
            "y" :	-0.218, 
            "permitivitty" :	4.4, 
            "loss" :	0.02, 
            "name" :	"FR4"
        }
    }, 
    "fitness" :	{
        "items" :	1, 
        "0" :	"final", 
        "1" :	"freq", 
        "lower" :	1.429860669377426, 
        "desired" :	1.4226143415918446, 
        "upper" :	1.1381059575666603, 
        "area" :	0.9619796845604244, 
        "freq" :	1.1742734938897055, 
        "final" :	1.910239620343381, 
        "resonant" :	947000000.0, 
        "dir" :	"C:\\Users\\project\\0. My Work\\1. Repositories\\1. Very Unfriendly Train\\Data\\Simulations\\637073340737287808_Primary\\637073350645425536_1\\1.out", 
        "866000000.0" :	{
            "f" :	0.9951933340670388, 
            "g" :	0.4467111848531276
        }, 
        "879500000.0" :	{
            "f" :	0.9951933340670388, 
            "g" :	0.43302651924062024
        }, 
        "893000000.0" :	{
            "f" :	0.9951930151523843, 
            "g" :	0.42426462075206867
        }, 
        "906500000.0" :	{
            "f" :	0.9951930151523843, 
            "g" :	0.42884690221316
        }, 
        "920000000.0" :	{
            "f" :	0.9951926962166724, 
            "g" :	0.48052261267595087
        }, 
        "933500000.0" :	{
            "f" :	0.9951917392831795, 
            "g" :	0.37289605923418645
        }, 
        "947000000.0" :	{
            "f" :	0.9951901439727509, 
            "g" :	0.1600575546682327
        }, 
        "960500000.0" :	{
            "f" :	0.9951917392831795, 
            "g" :	0.12308200176092708
        }, 
        "974000000.0" :	{
            "f" :	0.9951920582820714, 
            "g" :	0.14560437473281954
        }
    }
}