{
    "geometry" :	{
        "items" :	3, 
        "0" :	"feed", 
        "1" :	"ground plane", 
        "2" :	"radiating plane", 
        "feed" :	{
            "items" :	2, 
            "0" :	"center", 
            "1" :	"width", 
            "center" :	53.916, 
            "width" :	1.595
        }, 
        "ground plane" :	{
            "items" :	5, 
            "0" :	"l", 
            "1" :	"w", 
            "2" :	"x", 
            "3" :	"y", 
            "4" :	"slots", 
            "l" :	86.759, 
            "w" :	106.341, 
            "x" :	-0.226, 
            "y" :	-0.078, 
            "slots" :	{
                "items" :	4, 
                "0" :	"elliptical", 
                "1" :	"rectangular", 
                "2" :	"triangular", 
                "3" :	"polygonal", 
                "elliptical" :	{
                    "items" :	0
                }, 
                "rectangular" :	{
                    "items" :	0
                }, 
                "triangular" :	{
                    "items" :	0
                }, 
                "polygonal" :	{
                    "items" :	0
                }
            }
        }, 
        "radiating plane" :	{
            "items" :	5, 
            "0" :	"l", 
            "1" :	"w", 
            "2" :	"x", 
            "3" :	"y", 
            "4" :	"slots", 
            "l" :	75.065, 
            "w" :	98.367, 
            "x" :	4.886, 
            "y" :	4.453, 
            "slots" :	{
                "items" :	4, 
                "0" :	"elliptical", 
                "1" :	"rectangular", 
                "2" :	"triangular", 
                "3" :	"polygonal", 
                "elliptical" :	{
                    "items" :	0
                }, 
                "rectangular" :	{
                    "items" :	0
                }, 
                "triangular" :	{
                    "items" :	0
                }, 
                "polygonal" :	{
                    "items" :	0
                }
            }
        }, 
        "substrate" :	{
            "items" :	4, 
            "0" :	"l", 
            "1" :	"w", 
            "2" :	"x", 
            "3" :	"h", 
            "l" :	86.759, 
            "w" :	106.341, 
            "h" :	1.6, 
            "x" :	-0.226, 
            "y" :	-0.078, 
            "permitivitty" :	4.4, 
            "loss" :	0.02, 
            "name" :	"FR4"
        }
    }, 
    "fitness" :	{
        "items" :	1, 
        "0" :	"final", 
        "1" :	"freq", 
        "lower" :	1.3589452000833795, 
        "desired" :	1.2877405227145189, 
        "upper" :	0.6566505419805706, 
        "area" :	0.9741008947865004, 
        "freq" :	1.049761235006279, 
        "final" :	1.7817090569699099, 
        "resonant" :	947000000.0, 
        "dir" :	"C:\\Users\\project\\0. My Work\\1. Repositories\\1. Very Unfriendly Train\\Data\\Simulations\\637073340737287808_Primary\\637073341092982528_0\\0.out", 
        "866000000.0" :	{
            "f" :	0.9940215645628184, 
            "g" :	0.38130602886512793
        }, 
        "879500000.0" :	{
            "f" :	0.9934847081686886, 
            "g" :	0.36545257760767474
        }, 
        "893000000.0" :	{
            "f" :	0.9924637566531466, 
            "g" :	0.3501069643926816
        }, 
        "906500000.0" :	{
            "f" :	0.9901143216392678, 
            "g" :	0.33542875437385583
        }, 
        "920000000.0" :	{
            "f" :	0.9824040398930155, 
            "g" :	0.3215000596818913
        }, 
        "933500000.0" :	{
            "f" :	0.9252512846363347, 
            "g" :	0.3085231079191917
        }, 
        "947000000.0" :	{
            "f" :	0.05878231880796617, 
            "g" :	0.2965726654658974
        }, 
        "960500000.0" :	{
            "f" :	0.12144681672514467, 
            "g" :	0.2858119410052197
        }, 
        "974000000.0" :	{
            "f" :	0.9310073160766802, 
            "g" :	0.2763305678608035
        }
    }
}