{
    "geometry" :	{
        "items" :	3, 
        "0" :	"feed", 
        "1" :	"ground plane", 
        "2" :	"radiating plane", 
        "feed" :	{
            "items" :	2, 
            "0" :	"center", 
            "1" :	"width", 
            "center" :	55.933, 
            "width" :	1.617
        }, 
        "ground plane" :	{
            "items" :	5, 
            "0" :	"l", 
            "1" :	"w", 
            "2" :	"x", 
            "3" :	"y", 
            "4" :	"slots", 
            "l" :	82.606, 
            "w" :	92.24, 
            "x" :	-1.28, 
            "y" :	-1.061, 
            "slots" :	{
                "items" :	4, 
                "0" :	"elliptical", 
                "1" :	"rectangular", 
                "2" :	"triangular", 
                "3" :	"polygonal", 
                "elliptical" :	{
                    "items" :	0
                }, 
                "rectangular" :	{
                    "items" :	3, 
                    "0" :	{
                        "items" :	4, 
                        "0" :	"x", 
                        "1" :	"y", 
                        "2" :	"l", 
                        "3" :	"w", 
                        "x" :	53.446, 
                        "y" :	112.142, 
                        "z" :	0.0, 
                        "l" :	10.174, 
                        "w" :	25.26, 
                        "type" :	"rectangular", 
                        "id" :	"637073369376184064"
                    }, 
                    "1" :	{
                        "items" :	4, 
                        "0" :	"x", 
                        "1" :	"y", 
                        "2" :	"l", 
                        "3" :	"w", 
                        "x" :	56.654, 
                        "y" :	2.18, 
                        "z" :	0.0, 
                        "l" :	1.822, 
                        "w" :	33.688, 
                        "type" :	"rectangular", 
                        "id" :	"637073381220834944"
                    }, 
                    "2" :	{
                        "items" :	4, 
                        "0" :	"x", 
                        "1" :	"y", 
                        "2" :	"l", 
                        "3" :	"w", 
                        "x" :	76.77, 
                        "y" :	-1.798, 
                        "z" :	0.0, 
                        "l" :	23.809, 
                        "w" :	11.601, 
                        "type" :	"rectangular", 
                        "id" :	"637073386951514880"
                    }
                }, 
                "triangular" :	{
                    "items" :	0
                }, 
                "polygonal" :	{
                    "items" :	0
                }
            }
        }, 
        "radiating plane" :	{
            "items" :	5, 
            "0" :	"l", 
            "1" :	"w", 
            "2" :	"x", 
            "3" :	"y", 
            "4" :	"slots", 
            "l" :	72.95, 
            "w" :	91.63, 
            "x" :	3.266, 
            "y" :	3.07, 
            "slots" :	{
                "items" :	4, 
                "0" :	"elliptical", 
                "1" :	"rectangular", 
                "2" :	"triangular", 
                "3" :	"polygonal", 
                "elliptical" :	{
                    "items" :	0
                }, 
                "rectangular" :	{
                    "items" :	1, 
                    "0" :	{
                        "items" :	4, 
                        "0" :	"x", 
                        "1" :	"y", 
                        "2" :	"l", 
                        "3" :	"w", 
                        "x" :	16.057, 
                        "y" :	42.456, 
                        "z" :	1.6, 
                        "l" :	4.908, 
                        "w" :	1.464, 
                        "type" :	"rectangular", 
                        "id" :	"637073373190698496"
                    }
                }, 
                "triangular" :	{
                    "items" :	2, 
                    "0" :	{
                        "items" :	3, 
                        "0" :	{
                            "items" :	2, 
                            "0" :	"x", 
                            "1" :	"y", 
                            "x" :	5.755, 
                            "y" :	3.575, 
                            "z" :	1.6
                        }, 
                        "1" :	{
                            "items" :	2, 
                            "0" :	"x", 
                            "1" :	"y", 
                            "x" :	7.113, 
                            "y" :	1.818, 
                            "z" :	1.6
                        }, 
                        "2" :	{
                            "items" :	2, 
                            "0" :	"x", 
                            "1" :	"y", 
                            "x" :	6.602, 
                            "y" :	2.696, 
                            "z" :	1.6
                        }, 
                        "type" :	"triangular", 
                        "id" :	"637073381220844928"
                    }, 
                    "1" :	{
                        "items" :	3, 
                        "0" :	{
                            "items" :	2, 
                            "0" :	"x", 
                            "1" :	"y", 
                            "x" :	39.036, 
                            "y" :	36.786, 
                            "z" :	1.6
                        }, 
                        "1" :	{
                            "items" :	2, 
                            "0" :	"x", 
                            "1" :	"y", 
                            "x" :	37.058, 
                            "y" :	38.99, 
                            "z" :	1.6
                        }, 
                        "2" :	{
                            "items" :	2, 
                            "0" :	"x", 
                            "1" :	"y", 
                            "x" :	34.133, 
                            "y" :	37.656, 
                            "z" :	1.6
                        }, 
                        "type" :	"triangular", 
                        "id" :	"637073386951524864"
                    }
                }, 
                "polygonal" :	{
                    "items" :	0
                }
            }
        }, 
        "substrate" :	{
            "items" :	4, 
            "0" :	"l", 
            "1" :	"w", 
            "2" :	"x", 
            "3" :	"h", 
            "l" :	82.606, 
            "w" :	95.81099999999999, 
            "h" :	1.6, 
            "x" :	-1.28, 
            "y" :	-1.061, 
            "permitivitty" :	4.4, 
            "loss" :	0.02, 
            "name" :	"FR4"
        }
    }, 
    "fitness" :	{
        "items" :	1, 
        "0" :	"final", 
        "1" :	"freq", 
        "lower" :	1.0989652619775496, 
        "desired" :	1.45554924697518, 
        "upper" :	1.474471840830792, 
        "area" :	0.8356330929583904, 
        "freq" :	1.1860201121922573, 
        "final" :	1.6025749389935275, 
        "resonant" :	866000000.0, 
        "dir" :	"C:\\Users\\project\\0. My Work\\1. Repositories\\1. Very Unfriendly Train\\Data\\Simulations\\637073364910614272_Primary\\637073386951634560_6\\6.out", 
        "866000000.0" :	{
            "f" :	0.0031206140260726612, 
            "g" :	0.4694103808081002
        }, 
        "879500000.0" :	{
            "f" :	0.916107692249696, 
            "g" :	0.4639605483209375
        }, 
        "893000000.0" :	{
            "f" :	0.9826909751190683, 
            "g" :	0.4616055754087742
        }, 
        "906500000.0" :	{
            "f" :	0.9901696329341682, 
            "g" :	0.461508426416246
        }, 
        "920000000.0" :	{
            "f" :	0.9923764975558288, 
            "g" :	0.4629339526256593
        }, 
        "933500000.0" :	{
            "f" :	0.9933319228331776, 
            "g" :	0.4663273085604603
        }, 
        "947000000.0" :	{
            "f" :	0.9938353080149535, 
            "g" :	0.47202065465149234
        }, 
        "960500000.0" :	{
            "f" :	0.9941330336116205, 
            "g" :	0.4796347624566638
        }, 
        "974000000.0" :	{
            "f" :	0.9943224024919638, 
            "g" :	0.48946936126568186
        }
    }
}