{
    "geometry" : {
        "items" : 3, 
        "0" : "feed", 
        "1" : "ground plane", 
        "2" : "radiating plane", 
        "3" : "substrate", 
        "feed" : {
            "items" : 2, 
            "0" : "center", 
            "1" : "width", 
            "center" : 39.604, 
            "width" : 1.973
        }, 
        "ground plane" : {
            "items" : 5, 
            "0" : "l", 
            "1" : "w", 
            "2" : "x", 
            "3" : "y", 
            "4" : "slots", 
            "l" : 69.108, 
            "w" : 84.383, 
            "x" : -1.165, 
            "y" : -3.827, 
            "slots" : {
                "items" : 10, 
                "0" : {
                    "items" : 3, 
                    "0" : {
                        "items" : 2, 
                        "0" : "x", 
                        "1" : "y", 
                        "x" : 38.73, 
                        "y" : 19.513, 
                        "z" : 0.0
                    }, 
                    "1" : {
                        "items" : 2, 
                        "0" : "x", 
                        "1" : "y", 
                        "x" : 44.638, 
                        "y" : 3.589, 
                        "z" : 0.0
                    }, 
                    "2" : {
                        "items" : 2, 
                        "0" : "x", 
                        "1" : "y", 
                        "x" : 32.481, 
                        "y" : -19.642, 
                        "z" : 0.0
                    }, 
                    "type" : "triangle", 
                    "id" : "637066072819402368"
                }, 
                "1" : {
                    "items" : 3, 
                    "0" : {
                        "items" : 2, 
                        "0" : "x", 
                        "1" : "y", 
                        "x" : 58.469, 
                        "y" : 107.277, 
                        "z" : 0.0
                    }, 
                    "1" : {
                        "items" : 2, 
                        "0" : "x", 
                        "1" : "y", 
                        "x" : 29.296, 
                        "y" : 114.6, 
                        "z" : 0.0
                    }, 
                    "2" : {
                        "items" : 2, 
                        "0" : "x", 
                        "1" : "y", 
                        "x" : 20.107, 
                        "y" : 87.327, 
                        "z" : 0.0
                    }, 
                    "type" : "triangle", 
                    "id" : "637066077067169664"
                }, 
                "2" : {
                    "items" : 3, 
                    "0" : {
                        "items" : 2, 
                        "0" : "x", 
                        "1" : "y", 
                        "x" : 58.906, 
                        "y" : 62.993, 
                        "z" : 0.0
                    }, 
                    "1" : {
                        "items" : 2, 
                        "0" : "x", 
                        "1" : "y", 
                        "x" : 46.073, 
                        "y" : 46.003, 
                        "z" : 0.0
                    }, 
                    "2" : {
                        "items" : 2, 
                        "0" : "x", 
                        "1" : "y", 
                        "x" : 37.434, 
                        "y" : 45.597, 
                        "z" : 0.0
                    }, 
                    "type" : "triangle", 
                    "id" : "637066085621459840"
                }, 
                "3" : {
                    "items" : 3, 
                    "0" : {
                        "items" : 2, 
                        "0" : "x", 
                        "1" : "y", 
                        "x" : 14.724, 
                        "y" : 63.36, 
                        "z" : 0.0
                    }, 
                    "1" : {
                        "items" : 2, 
                        "0" : "x", 
                        "1" : "y", 
                        "x" : 10.255, 
                        "y" : 69.031, 
                        "z" : 0.0
                    }, 
                    "2" : {
                        "items" : 2, 
                        "0" : "x", 
                        "1" : "y", 
                        "x" : 16.054, 
                        "y" : 70.265, 
                        "z" : 0.0
                    }, 
                    "type" : "triangle", 
                    "id" : "637066087621597952"
                }, 
                "4" : {
                    "items" : 3, 
                    "0" : {
                        "items" : 2, 
                        "0" : "x", 
                        "1" : "y", 
                        "x" : 31.93, 
                        "y" : 101.027, 
                        "z" : 0.0
                    }, 
                    "1" : {
                        "items" : 2, 
                        "0" : "x", 
                        "1" : "y", 
                        "x" : 61.396, 
                        "y" : 112.126, 
                        "z" : 0.0
                    }, 
                    "2" : {
                        "items" : 2, 
                        "0" : "x", 
                        "1" : "y", 
                        "x" : 38.655, 
                        "y" : 111.818, 
                        "z" : 0.0
                    }, 
                    "type" : "triangle", 
                    "id" : "637066089543624320"
                }, 
                "5" : {
                    "items" : 3, 
                    "0" : {
                        "items" : 2, 
                        "0" : "x", 
                        "1" : "y", 
                        "x" : 29.67, 
                        "y" : 16.992, 
                        "z" : 0.0
                    }, 
                    "1" : {
                        "items" : 2, 
                        "0" : "x", 
                        "1" : "y", 
                        "x" : 18.547, 
                        "y" : 21.995, 
                        "z" : 0.0
                    }, 
                    "2" : {
                        "items" : 2, 
                        "0" : "x", 
                        "1" : "y", 
                        "x" : 13.231, 
                        "y" : -2.057, 
                        "z" : 0.0
                    }, 
                    "type" : "triangle", 
                    "id" : "637066091139328640"
                }, 
                "6" : {
                    "items" : 3, 
                    "0" : {
                        "items" : 2, 
                        "0" : "x", 
                        "1" : "y", 
                        "x" : 47.304, 
                        "y" : 29.176, 
                        "z" : 0.0
                    }, 
                    "1" : {
                        "items" : 2, 
                        "0" : "x", 
                        "1" : "y", 
                        "x" : 49.488, 
                        "y" : 30.665, 
                        "z" : 0.0
                    }, 
                    "2" : {
                        "items" : 2, 
                        "0" : "x", 
                        "1" : "y", 
                        "x" : 53.054, 
                        "y" : 33.711, 
                        "z" : 0.0
                    }, 
                    "type" : "triangle", 
                    "id" : "637066094551074688"
                }, 
                "7" : {
                    "items" : 3, 
                    "0" : {
                        "items" : 2, 
                        "0" : "x", 
                        "1" : "y", 
                        "x" : 69.05, 
                        "y" : 61.118, 
                        "z" : 0.0
                    }, 
                    "1" : {
                        "items" : 2, 
                        "0" : "x", 
                        "1" : "y", 
                        "x" : 60.562, 
                        "y" : 39.575, 
                        "z" : 0.0
                    }, 
                    "2" : {
                        "items" : 2, 
                        "0" : "x", 
                        "1" : "y", 
                        "x" : 57.611, 
                        "y" : 36.633, 
                        "z" : 0.0
                    }, 
                    "type" : "triangle", 
                    "id" : "637066099901333888"
                }, 
                "8" : {
                    "items" : 3, 
                    "0" : {
                        "items" : 2, 
                        "0" : "x", 
                        "1" : "y", 
                        "x" : 32.667, 
                        "y" : 32.894, 
                        "z" : 0.0
                    }, 
                    "1" : {
                        "items" : 2, 
                        "0" : "x", 
                        "1" : "y", 
                        "x" : 25.124, 
                        "y" : 36.716, 
                        "z" : 0.0
                    }, 
                    "2" : {
                        "items" : 2, 
                        "0" : "x", 
                        "1" : "y", 
                        "x" : 26.807, 
                        "y" : 33.136, 
                        "z" : 0.0
                    }, 
                    "type" : "triangle", 
                    "id" : "637066110109944320"
                }, 
                "9" : {
                    "items" : 3, 
                    "0" : {
                        "items" : 2, 
                        "0" : "x", 
                        "1" : "y", 
                        "x" : 68.674, 
                        "y" : 19.005, 
                        "z" : 0.0
                    }, 
                    "1" : {
                        "items" : 2, 
                        "0" : "x", 
                        "1" : "y", 
                        "x" : 68.829, 
                        "y" : 18.388, 
                        "z" : 0.0
                    }, 
                    "2" : {
                        "items" : 2, 
                        "0" : "x", 
                        "1" : "y", 
                        "x" : 63.993, 
                        "y" : 15.628, 
                        "z" : 0.0
                    }, 
                    "type" : "triangle", 
                    "id" : "637066114867788800"
                }
            }
        }, 
        "radiating plane" : {
            "items" : 5, 
            "0" : "l", 
            "1" : "w", 
            "2" : "x", 
            "3" : "y", 
            "4" : "slots", 
            "l" : 65.784, 
            "w" : 87.166, 
            "x" : 2.109, 
            "y" : 1.749, 
            "slots" : {
                "items" : 7, 
                "0" : {
                    "items" : 4, 
                    "0" : "x", 
                    "1" : "y", 
                    "2" : "l", 
                    "3" : "w", 
                    "x" : 13.716, 
                    "y" : 78.55, 
                    "z" : 1.6, 
                    "l" : 2.295, 
                    "w" : 1.304, 
                    "type" : "square", 
                    "id" : "637066072819402368"
                }, 
                "1" : {
                    "items" : 3, 
                    "0" : {
                        "items" : 2, 
                        "0" : "x", 
                        "1" : "y", 
                        "x" : 42.728, 
                        "y" : 38.099, 
                        "z" : 1.6
                    }, 
                    "1" : {
                        "items" : 2, 
                        "0" : "x", 
                        "1" : "y", 
                        "x" : 43.136, 
                        "y" : 39.994, 
                        "z" : 1.6
                    }, 
                    "2" : {
                        "items" : 2, 
                        "0" : "x", 
                        "1" : "y", 
                        "x" : 48.338, 
                        "y" : 48.944, 
                        "z" : 1.6
                    }, 
                    "type" : "triangle", 
                    "id" : "637066073900437376"
                }, 
                "2" : {
                    "items" : 4, 
                    "0" : "x", 
                    "1" : "y", 
                    "2" : "l", 
                    "3" : "w", 
                    "x" : 61.238, 
                    "y" : 17.75, 
                    "z" : 1.6, 
                    "l" : 3.895, 
                    "w" : 4.906, 
                    "type" : "square", 
                    "id" : "637066085621469824"
                }, 
                "3" : {
                    "items" : 3, 
                    "0" : {
                        "items" : 2, 
                        "0" : "x", 
                        "1" : "y", 
                        "x" : 19.696, 
                        "y" : 77.873, 
                        "z" : 1.6
                    }, 
                    "1" : {
                        "items" : 2, 
                        "0" : "x", 
                        "1" : "y", 
                        "x" : 21.127, 
                        "y" : 75.744, 
                        "z" : 1.6
                    }, 
                    "2" : {
                        "items" : 2, 
                        "0" : "x", 
                        "1" : "y", 
                        "x" : 19.691, 
                        "y" : 72.376, 
                        "z" : 1.6
                    }, 
                    "type" : "triangle", 
                    "id" : "637066087621597952"
                }, 
                "4" : {
                    "items" : 4, 
                    "0" : "x", 
                    "1" : "y", 
                    "2" : "l", 
                    "3" : "w", 
                    "x" : 9.727, 
                    "y" : 61.019, 
                    "z" : 1.6, 
                    "l" : 0.841, 
                    "w" : 0.893, 
                    "type" : "square", 
                    "id" : "637066091139328640"
                }, 
                "5" : {
                    "items" : 4, 
                    "0" : "x", 
                    "1" : "y", 
                    "2" : "l", 
                    "3" : "w", 
                    "x" : 14.781, 
                    "y" : 19.398, 
                    "z" : 1.6, 
                    "l" : 4.002, 
                    "w" : 4.559, 
                    "type" : "square", 
                    "id" : "637066099901343744"
                }, 
                "6" : {
                    "items" : 4, 
                    "0" : "x", 
                    "1" : "y", 
                    "2" : "l", 
                    "3" : "w", 
                    "x" : 30.547, 
                    "y" : 62.737, 
                    "z" : 1.6, 
                    "l" : 3.012, 
                    "w" : 2.4, 
                    "type" : "square", 
                    "id" : "637066114867798784"
                }
            }
        }, 
        "substrate" : {
            "items" : 4, 
            "0" : "l", 
            "1" : "w", 
            "2" : "x", 
            "3" : "h", 
            "l" : 69.108, 
            "w" : 92.79199999999999, 
            "h" : 1.6, 
            "x" : -1.165, 
            "y" : -3.827, 
            "permitivitty" : 4.4, 
            "loss" : 0.02, 
            "name" : "FR4"
        }
    }, 
    "fitness" : {
        "items" : 2, 
        "0" : "desired", 
        "1" : "area", 
        "2" : "final", 
        "lower" : 0.0, 
        "desired" : 0.3796609989414738, 
        "upper" : 0.0, 
        "area" : 0.677060573398367, 
        "freq" : 0.2657626992590317, 
        "final" : 0.522660646024061, 
        "dir" : "C:\\Users\\project\\0. My Work\\1. Repositories\\1. Very Unfriendly Train\\Data\\Simulations\\637066071483141504_Primary\\637066114867908608_3\\3.out"
    }, 
    "antenna" : {
        "parameters" : {
            "items" : 6, 
            "0" : "directory", 
            "1" : "feed", 
            "2" : "ground plane", 
            "3" : "radiating plane", 
            "4" : "substrate", 
            "5" : "fitness", 
            "directory" : "", 
            "feed" : {
                "items" : 2, 
                "0" : "center", 
                "1" : "width", 
                "center" : 0.0, 
                "width" : 0.0
            }, 
            "ground plane" : {
                "items" : 5, 
                "0" : "l", 
                "1" : "w", 
                "2" : "x", 
                "3" : "y", 
                "4" : "slots", 
                "l" : 0.0, 
                "w" : 0.0, 
                "x" : 0.0, 
                "h" : 0.0, 
                "slots" : {
                    "items" : 0
                }
            }, 
            "radiating plane" : {
                "items" : 5, 
                "0" : "l", 
                "1" : "w", 
                "2" : "x", 
                "3" : "y", 
                "4" : "slots", 
                "l" : 0.0, 
                "w" : 0.0, 
                "x" : 0.0, 
                "y" : 0.0, 
                "slots" : {
                    "items" : 0
                }
            }, 
            "substrate" : {
                "items" : 8, 
                "0" : "l", 
                "1" : "w", 
                "2" : "h", 
                "3" : "x", 
                "4" : "y", 
                "5" : "permitivitty", 
                "6" : "loss", 
                "7" : "name", 
                "l" : 0.0, 
                "w" : 0.0, 
                "h" : 0.0, 
                "x" : 0.0, 
                "y" : 0.0, 
                "permitivitty" : 0.0, 
                "loss" : 0.0, 
                "name" : ""
            }, 
            "fitness" : {
                "items" : 0
            }
        }, 
        "scalars" : {
            "items" : 4, 
            "0" : "feed", 
            "1" : "ground plane", 
            "2" : "radiating plane", 
            "3" : "substrate", 
            "feed" : {
                "items" : 2, 
                "0" : "center", 
                "1" : "width", 
                "center" : {
                    "region" : 0.0, 
                    "range" : 1.0
                }, 
                "width" : {
                    "region" : 0.9, 
                    "range" : 0.05
                }
            }, 
            "ground plane" : {
                "items" : 5, 
                "0" : "l", 
                "1" : "w", 
                "2" : "x", 
                "3" : "y", 
                "4" : "slots", 
                "l" : {
                    "region" : 0.3, 
                    "range" : 4.0
                }, 
                "w" : {
                    "region" : 0.3, 
                    "range" : 4.0
                }, 
                "x" : {
                    "region" : 0.25, 
                    "range" : 0.4
                }, 
                "y" : {
                    "region" : 0.25, 
                    "range" : 0.4
                }, 
                "slots" : {
                    "items" : 4, 
                    "0" : "square", 
                    "1" : "ellipse", 
                    "2" : "triangle", 
                    "4" : "polygon", 
                    "square" : {
                        "items" : 4, 
                        "0" : "probability", 
                        "1" : "create slot", 
                        "2" : "remove slot", 
                        "3" : "change slot", 
                        "probability" : 0.1, 
                        "create slot" : {
                            "items" : 5, 
                            "0" : "probability", 
                            "1" : "x", 
                            "2" : "y", 
                            "3" : "l", 
                            "4" : "w", 
                            "probability" : 0.95, 
                            "x" : {
                                "region" : 0.5, 
                                "range" : 12.5
                            }, 
                            "y" : {
                                "region" : 0.5, 
                                "range" : 12.5
                            }, 
                            "l" : {
                                "region" : 1.0, 
                                "range" : 12.5
                            }, 
                            "w" : {
                                "region" : 1.0, 
                                "range" : 12.5
                            }
                        }, 
                        "remove slot" : {
                            "items" : 1, 
                            "0" : "probability", 
                            "probability" : 0.25
                        }, 
                        "change slot" : {
                            "items" : 5, 
                            "0" : "probability", 
                            "1" : "x", 
                            "2" : "y", 
                            "3" : "l", 
                            "4" : "w", 
                            "probability" : 0.95, 
                            "x" : {
                                "region" : 0.5, 
                                "range" : 4.256
                            }, 
                            "y" : {
                                "region" : 0.5, 
                                "range" : 4.256
                            }, 
                            "l" : {
                                "region" : 0.5, 
                                "range" : 4.256
                            }, 
                            "w" : {
                                "region" : 0.5, 
                                "range" : 4.256
                            }
                        }
                    }, 
                    "ellipse" : {
                        "items" : 4, 
                        "0" : "probability", 
                        "1" : "create slot", 
                        "2" : "remove slot", 
                        "3" : "change slot", 
                        "probability" : 0.0, 
                        "create slot" : {
                            "items" : 5, 
                            "0" : "probability", 
                            "1" : "x", 
                            "2" : "y", 
                            "3" : "l", 
                            "4" : "w", 
                            "probability" : 0.95, 
                            "x" : {
                                "region" : 0.5, 
                                "range" : 12.5
                            }, 
                            "y" : {
                                "region" : 0.55, 
                                "range" : 12.5
                            }, 
                            "l" : {
                                "region" : 1.0, 
                                "range" : 12.5
                            }, 
                            "w" : {
                                "region" : 1.0, 
                                "range" : 12.5
                            }
                        }, 
                        "remove slot" : {
                            "items" : 1, 
                            "0" : "probability", 
                            "probability" : 0.25
                        }, 
                        "change slot" : {
                            "items" : 5, 
                            "0" : "probability", 
                            "1" : "x", 
                            "2" : "y", 
                            "3" : "l", 
                            "4" : "w", 
                            "probability" : 0.95, 
                            "x" : {
                                "region" : 0.5, 
                                "range" : 4.256
                            }, 
                            "y" : {
                                "region" : 0.5, 
                                "range" : 4.256
                            }, 
                            "l" : {
                                "region" : 0.5, 
                                "range" : 4.256
                            }, 
                            "w" : {
                                "region" : 0.5, 
                                "range" : 4.256
                            }
                        }
                    }, 
                    "triangle" : {
                        "items" : 4, 
                        "0" : "probability", 
                        "1" : "create slot", 
                        "2" : "remove slot", 
                        "3" : "change slot", 
                        "probability" : 0.9, 
                        "create slot" : {
                            "items" : 3, 
                            "0" : "probability", 
                            "1" : "x", 
                            "2" : "y", 
                            "probability" : 0.95, 
                            "x" : {
                                "region" : 0.5, 
                                "range" : 12.5
                            }, 
                            "y" : {
                                "region" : 0.5, 
                                "range" : 12.5
                            }
                        }, 
                        "remove slot" : {
                            "items" : 1, 
                            "0" : "probability", 
                            "probability" : 0.25
                        }, 
                        "change slot" : {
                            "items" : 3, 
                            "0" : "probability", 
                            "1" : "x", 
                            "2" : "y", 
                            "probability" : 0.95, 
                            "x" : {
                                "region" : 0.5, 
                                "range" : 4.256
                            }, 
                            "y" : {
                                "region" : 0.5, 
                                "range" : 4.256
                            }
                        }
                    }, 
                    "polygon" : {
                        "items" : 4, 
                        "0" : "probability", 
                        "1" : "create point", 
                        "2" : "remove point", 
                        "3" : "change point", 
                        "probability" : 0.0, 
                        "create point" : {
                            "items" : 3, 
                            "0" : "probability", 
                            "1" : "x", 
                            "2" : "y", 
                            "probability" : 0.95, 
                            "x" : {
                                "region" : 0.5, 
                                "range" : 12.5
                            }, 
                            "y" : {
                                "region" : 0.5, 
                                "range" : 12.5
                            }
                        }, 
                        "remove point" : {
                            "items" : 1, 
                            "0" : "probability", 
                            "probability" : 0.25
                        }, 
                        "change point" : {
                            "items" : 3, 
                            "0" : "probability", 
                            "1" : "x", 
                            "2" : "y", 
                            "x" : {
                                "region" : 0.0, 
                                "range" : 4.256
                            }, 
                            "y" : {
                                "region" : 0.0, 
                                "range" : 4.256
                            }
                        }
                    }
                }
            }, 
            "radiating plane" : {
                "items" : 5, 
                "0" : "l", 
                "1" : "w", 
                "2" : "x", 
                "3" : "y", 
                "4" : "slots", 
                "l" : {
                    "region" : 0.3, 
                    "range" : 1.75
                }, 
                "w" : {
                    "region" : 0.3, 
                    "range" : 1.75
                }, 
                "x" : {
                    "region" : 0.3, 
                    "range" : 0.75
                }, 
                "y" : {
                    "region" : 0.3, 
                    "range" : 0.75
                }, 
                "slots" : {
                    "items" : 4, 
                    "0" : "square", 
                    "1" : "ellipse", 
                    "2" : "triangle", 
                    "4" : "polygon", 
                    "square" : {
                        "items" : 4, 
                        "0" : "probability", 
                        "1" : "create slot", 
                        "2" : "remove slot", 
                        "3" : "change slot", 
                        "probability" : 0.25, 
                        "create slot" : {
                            "items" : 5, 
                            "0" : "probability", 
                            "1" : "x", 
                            "2" : "y", 
                            "3" : "l", 
                            "4" : "w", 
                            "probability" : 0.25, 
                            "x" : {
                                "region" : 0.5, 
                                "range" : 1.6
                            }, 
                            "y" : {
                                "region" : 0.5, 
                                "range" : 1.6
                            }, 
                            "l" : {
                                "region" : 1.0, 
                                "range" : 1.6
                            }, 
                            "w" : {
                                "region" : 1.0, 
                                "range" : 1.6
                            }
                        }, 
                        "remove slot" : {
                            "items" : 1, 
                            "0" : "probability", 
                            "probability" : 0.2
                        }, 
                        "change slot" : {
                            "items" : 5, 
                            "0" : "probability", 
                            "1" : "x", 
                            "2" : "y", 
                            "3" : "l", 
                            "4" : "w", 
                            "probability" : 0.95, 
                            "x" : {
                                "region" : 0.5, 
                                "range" : 1.6
                            }, 
                            "y" : {
                                "region" : 0.5, 
                                "range" : 1.6
                            }, 
                            "l" : {
                                "region" : 0.5, 
                                "range" : 1.6
                            }, 
                            "w" : {
                                "region" : 0.5, 
                                "range" : 1.6
                            }
                        }
                    }, 
                    "ellipse" : {
                        "items" : 4, 
                        "0" : "probability", 
                        "1" : "create slot", 
                        "2" : "remove slot", 
                        "3" : "change slot", 
                        "probability" : 0.0, 
                        "create slot" : {
                            "items" : 5, 
                            "0" : "probability", 
                            "1" : "x", 
                            "2" : "y", 
                            "3" : "l", 
                            "4" : "w", 
                            "probability" : 0.25, 
                            "x" : {
                                "region" : 0.5, 
                                "range" : 1.6
                            }, 
                            "y" : {
                                "region" : 0.5, 
                                "range" : 1.6
                            }, 
                            "l" : {
                                "region" : 1.0, 
                                "range" : 1.6
                            }, 
                            "w" : {
                                "region" : 1.0, 
                                "range" : 1.6
                            }
                        }, 
                        "remove slot" : {
                            "items" : 1, 
                            "0" : "probability", 
                            "probability" : 0.2
                        }, 
                        "change slot" : {
                            "items" : 5, 
                            "0" : "probability", 
                            "1" : "x", 
                            "2" : "y", 
                            "3" : "l", 
                            "4" : "w", 
                            "probability" : 0.95, 
                            "x" : {
                                "region" : 0.5, 
                                "range" : 1.6
                            }, 
                            "y" : {
                                "region" : 0.5, 
                                "range" : 1.6
                            }, 
                            "l" : {
                                "region" : 0.5, 
                                "range" : 1.6
                            }, 
                            "w" : {
                                "region" : 0.5, 
                                "range" : 1.6
                            }
                        }
                    }, 
                    "triangle" : {
                        "items" : 4, 
                        "0" : "probability", 
                        "1" : "create slot", 
                        "2" : "remove slot", 
                        "3" : "change slot", 
                        "probability" : 0.25, 
                        "create slot" : {
                            "items" : 3, 
                            "0" : "probability", 
                            "1" : "x", 
                            "2" : "y", 
                            "probability" : 0.25, 
                            "x" : {
                                "region" : 0.5, 
                                "range" : 1.6
                            }, 
                            "y" : {
                                "region" : 0.5, 
                                "range" : 1.6
                            }
                        }, 
                        "remove slot" : {
                            "items" : 1, 
                            "0" : "probability", 
                            "probability" : 0.2
                        }, 
                        "change slot" : {
                            "items" : 3, 
                            "0" : "probability", 
                            "1" : "x", 
                            "2" : "y", 
                            "probability" : 0.95, 
                            "x" : {
                                "region" : 0.5, 
                                "range" : 1.6
                            }, 
                            "y" : {
                                "region" : 0.5, 
                                "range" : 1.6
                            }
                        }
                    }, 
                    "polygon" : {
                        "items" : 4, 
                        "0" : "probability", 
                        "1" : "create point", 
                        "2" : "remove point", 
                        "3" : "change point", 
                        "probability" : 0.0, 
                        "create point" : {
                            "items" : 3, 
                            "0" : "probability", 
                            "1" : "x", 
                            "2" : "y", 
                            "probability" : 0.25, 
                            "x" : {
                                "region" : 0.5, 
                                "range" : 1.6
                            }, 
                            "y" : {
                                "region" : 0.5, 
                                "range" : 1.6
                            }
                        }, 
                        "remove point" : {
                            "items" : 1, 
                            "0" : "probability", 
                            "probability" : 0.22
                        }, 
                        "change point" : {
                            "items" : 3, 
                            "0" : "probability", 
                            "1" : "x", 
                            "2" : "y", 
                            "x" : {
                                "region" : 0.5, 
                                "range" : 1.6
                            }, 
                            "y" : {
                                "region" : 0.5, 
                                "range" : 1.6
                            }
                        }
                    }
                }
            }, 
            "substrate" : {
                "items" : 6, 
                "0" : "l", 
                "1" : "w", 
                "2" : "h", 
                "3" : "x", 
                "4" : "y", 
                "6" : "change substrate", 
                "l" : {
                    "region" : 0.0, 
                    "range" : 0.05
                }, 
                "w" : {
                    "region" : 0.0, 
                    "range" : 0.05
                }, 
                "h" : {
                    "region" : 0.0, 
                    "range" : 0.0
                }, 
                "x" : {
                    "region" : 0.0, 
                    "range" : 0.0
                }, 
                "y" : {
                    "region" : 0.0, 
                    "range" : 0.0
                }, 
                "change substrate" : {
                    "region" : 1.0, 
                    "range" : 0.0
                }
            }
        }, 
        "menus" : {
            "items" : 0
        }, 
        "help" : {
            "items" : 0
        }
    }, 
    "natalie" : {
        "parameters" : {
            "items" : 6, 
            "0" : "show output", 
            "1" : "frequency", 
            "2" : "mesh", 
            "3" : "runt", 
            "4" : "trust region", 
            "5" : "nelder mead", 
            "show output" : true, 
            "frequency" : {
                "items" : 4, 
                "0" : "lower frequency offset", 
                "1" : "upper frequency offset", 
                "2" : "samples", 
                "3" : "accuracy check samples", 
                "lower frequency offset" : 5000000.0, 
                "upper frequency offset" : 5000000.0, 
                "samples" : 3, 
                "accuracy check samples" : 3
            }, 
            "mesh" : {
                "items" : 2, 
                "0" : "wire radius", 
                "1" : "size", 
                "wire radius" : 0.001, 
                "size" : "Coarse"
            }, 
            "runt" : {
                "items" : 3, 
                "0" : "parallel", 
                "1" : "run", 
                "2" : "interactive", 
                "parallel" : true, 
                "run" : true, 
                "interactive" : false
            }, 
            "trust region" : {
                "items" : 6, 
                "0" : "primary iterations", 
                "1" : "secondary iterations", 
                "2" : "candidates", 
                "3" : "algorithm region", 
                "4" : "surrogate region", 
                "5" : "retension fall off", 
                "primary iterations" : 25, 
                "secondary iterations" : 75, 
                "candidates" : 7, 
                "algorithm region" : 5, 
                "surrogate region" : 5, 
                "retension fall off" : 2
            }, 
            "nelder mead" : {
                "items" : 0, 
                "0" : "primary iterations", 
                "1" : "secondary iterations", 
                "2" : "time"
            }
        }, 
        "scalars" : {
            "items" : 0
        }, 
        "menus" : {
            "items" : 0
        }, 
        "help" : {
            "items" : 0
        }
    }
}