{
    "geometry" : {
        "items" : 3, 
        "0" : "feed", 
        "1" : "ground plane", 
        "2" : "radiating plane", 
        "3" : "substrate", 
        "feed" : {
            "items" : 2, 
            "0" : "center", 
            "1" : "width", 
            "center" : 47.677, 
            "width" : 1.983
        }, 
        "ground plane" : {
            "items" : 5, 
            "0" : "l", 
            "1" : "w", 
            "2" : "x", 
            "3" : "y", 
            "4" : "slots", 
            "l" : 80.246, 
            "w" : 65.823, 
            "x" : -2.744, 
            "y" : -3.202, 
            "slots" : {
                "items" : 6, 
                "0" : {
                    "items" : 3, 
                    "0" : {
                        "items" : 2, 
                        "0" : "x", 
                        "1" : "y", 
                        "x" : 19.937, 
                        "y" : 81.653, 
                        "z" : 0.0
                    }, 
                    "1" : {
                        "items" : 2, 
                        "0" : "x", 
                        "1" : "y", 
                        "x" : 17.766, 
                        "y" : 108.875, 
                        "z" : 0.0
                    }, 
                    "2" : {
                        "items" : 2, 
                        "0" : "x", 
                        "1" : "y", 
                        "x" : 11.229, 
                        "y" : 86.35, 
                        "z" : 0.0
                    }, 
                    "type" : "triangle", 
                    "id" : "637062453459442304"
                }, 
                "1" : {
                    "items" : 3, 
                    "0" : {
                        "items" : 2, 
                        "0" : "x", 
                        "1" : "y", 
                        "x" : 26.251, 
                        "y" : 26.837, 
                        "z" : 0.0
                    }, 
                    "1" : {
                        "items" : 2, 
                        "0" : "x", 
                        "1" : "y", 
                        "x" : 53.967, 
                        "y" : 25.801, 
                        "z" : 0.0
                    }, 
                    "2" : {
                        "items" : 2, 
                        "0" : "x", 
                        "1" : "y", 
                        "x" : 43.329, 
                        "y" : 42.002, 
                        "z" : 0.0
                    }, 
                    "type" : "triangle", 
                    "id" : "637062456684939904"
                }, 
                "2" : {
                    "items" : 3, 
                    "0" : {
                        "items" : 2, 
                        "0" : "x", 
                        "1" : "y", 
                        "x" : 40.928, 
                        "y" : 86.787, 
                        "z" : 0.0
                    }, 
                    "1" : {
                        "items" : 2, 
                        "0" : "x", 
                        "1" : "y", 
                        "x" : 50.581, 
                        "y" : 99.448, 
                        "z" : 0.0
                    }, 
                    "2" : {
                        "items" : 2, 
                        "0" : "x", 
                        "1" : "y", 
                        "x" : 39.967, 
                        "y" : 71.427, 
                        "z" : 0.0
                    }, 
                    "type" : "triangle", 
                    "id" : "637062459142664576"
                }, 
                "3" : {
                    "items" : 4, 
                    "0" : "x", 
                    "1" : "y", 
                    "2" : "l", 
                    "3" : "w", 
                    "x" : 16.117, 
                    "y" : 73.912, 
                    "z" : 0.0, 
                    "l" : 4.197, 
                    "w" : 13.231, 
                    "type" : "square", 
                    "id" : "637062467277775488"
                }, 
                "4" : {
                    "items" : 3, 
                    "0" : {
                        "items" : 2, 
                        "0" : "x", 
                        "1" : "y", 
                        "x" : 87.771, 
                        "y" : 26.085, 
                        "z" : 0.0
                    }, 
                    "1" : {
                        "items" : 2, 
                        "0" : "x", 
                        "1" : "y", 
                        "x" : 65.742, 
                        "y" : 41.238, 
                        "z" : 0.0
                    }, 
                    "2" : {
                        "items" : 2, 
                        "0" : "x", 
                        "1" : "y", 
                        "x" : 64.905, 
                        "y" : 2.054, 
                        "z" : 0.0
                    }, 
                    "type" : "triangle", 
                    "id" : "637062468491619456"
                }, 
                "5" : {
                    "items" : 3, 
                    "0" : {
                        "items" : 2, 
                        "0" : "x", 
                        "1" : "y", 
                        "x" : 71.21, 
                        "y" : 21.653, 
                        "z" : 0.0
                    }, 
                    "1" : {
                        "items" : 2, 
                        "0" : "x", 
                        "1" : "y", 
                        "x" : 61.651, 
                        "y" : 27.435, 
                        "z" : 0.0
                    }, 
                    "2" : {
                        "items" : 2, 
                        "0" : "x", 
                        "1" : "y", 
                        "x" : 76.747, 
                        "y" : 19.418, 
                        "z" : 0.0
                    }, 
                    "type" : "triangle", 
                    "id" : "637062477173422208"
                }
            }
        }, 
        "radiating plane" : {
            "items" : 5, 
            "0" : "l", 
            "1" : "w", 
            "2" : "x", 
            "3" : "y", 
            "4" : "slots", 
            "l" : 73.617, 
            "w" : 77.827, 
            "x" : -3.812, 
            "y" : -2.899, 
            "slots" : {
                "items" : 5, 
                "0" : {
                    "items" : 4, 
                    "0" : "x", 
                    "1" : "y", 
                    "2" : "l", 
                    "3" : "w", 
                    "x" : 57.614, 
                    "y" : 67.375, 
                    "z" : 1.6, 
                    "l" : 3.807, 
                    "w" : 7.687, 
                    "type" : "square", 
                    "id" : "637062453459452288"
                }, 
                "1" : {
                    "items" : 4, 
                    "0" : "x", 
                    "1" : "y", 
                    "2" : "l", 
                    "3" : "w", 
                    "x" : 36.942, 
                    "y" : 57.679, 
                    "z" : 1.6, 
                    "l" : 2.102, 
                    "w" : 5.021, 
                    "type" : "square", 
                    "id" : "637062455159834880"
                }, 
                "2" : {
                    "items" : 3, 
                    "0" : {
                        "items" : 2, 
                        "0" : "x", 
                        "1" : "y", 
                        "x" : 35.444, 
                        "y" : -1.08, 
                        "z" : 1.6
                    }, 
                    "1" : {
                        "items" : 2, 
                        "0" : "x", 
                        "1" : "y", 
                        "x" : 38.318, 
                        "y" : 10.413, 
                        "z" : 1.6
                    }, 
                    "2" : {
                        "items" : 2, 
                        "0" : "x", 
                        "1" : "y", 
                        "x" : 38.949, 
                        "y" : 5.589, 
                        "z" : 1.6
                    }, 
                    "type" : "triangle", 
                    "id" : "637062460361991296"
                }, 
                "3" : {
                    "items" : 4, 
                    "0" : "x", 
                    "1" : "y", 
                    "2" : "l", 
                    "3" : "w", 
                    "x" : 58.962, 
                    "y" : 10.722, 
                    "z" : 1.6, 
                    "l" : 5.505, 
                    "w" : 9.214, 
                    "type" : "square", 
                    "id" : "637062467277795456"
                }, 
                "4" : {
                    "items" : 4, 
                    "0" : "x", 
                    "1" : "y", 
                    "2" : "l", 
                    "3" : "w", 
                    "x" : 18.783, 
                    "y" : 48.946, 
                    "z" : 1.6, 
                    "l" : 3.26, 
                    "w" : 0.764, 
                    "type" : "square", 
                    "id" : "637062477173452032"
                }
            }
        }, 
        "substrate" : {
            "items" : 4, 
            "0" : "l", 
            "1" : "w", 
            "2" : "x", 
            "3" : "h", 
            "l" : 81.314, 
            "w" : 78.17999999999999, 
            "h" : 1.6, 
            "x" : -3.812, 
            "y" : -3.202, 
            "permitivitty" : 4.4, 
            "loss" : 0.02, 
            "name" : "FR4"
        }
    }, 
    "fitness" : {
        "items" : 2, 
        "0" : "desired", 
        "1" : "final", 
        "2" : "area", 
        "lower" : 0.0, 
        "desired" : 0.23876092733334403, 
        "upper" : 0.0, 
        "area" : 0.6711964583166558, 
        "freq" : 0.1671326491333408, 
        "final" : 0.4002182971793198, 
        "dir" : "C:\\Users\\project\\0. My Work\\1. Repositories\\1. Very Unfriendly Train\\Data\\Simulations\\637062450493776000_Primary\\637062477173531904_5\\5.out", 
        "freq percent" : 0.5442196010945335
    }, 
    "antenna" : {
        "parameters" : {
            "items" : 6, 
            "0" : "directory", 
            "1" : "feed", 
            "2" : "ground plane", 
            "3" : "radiating plane", 
            "4" : "substrate", 
            "5" : "fitness", 
            "directory" : "", 
            "feed" : {
                "items" : 2, 
                "0" : "center", 
                "1" : "width", 
                "center" : 0.0, 
                "width" : 0.0
            }, 
            "ground plane" : {
                "items" : 5, 
                "0" : "l", 
                "1" : "w", 
                "2" : "x", 
                "3" : "y", 
                "4" : "slots", 
                "l" : 0.0, 
                "w" : 0.0, 
                "x" : 0.0, 
                "h" : 0.0, 
                "slots" : {
                    "items" : 0
                }
            }, 
            "radiating plane" : {
                "items" : 5, 
                "0" : "l", 
                "1" : "w", 
                "2" : "x", 
                "3" : "y", 
                "4" : "slots", 
                "l" : 0.0, 
                "w" : 0.0, 
                "x" : 0.0, 
                "y" : 0.0, 
                "slots" : {
                    "items" : 0
                }
            }, 
            "substrate" : {
                "items" : 8, 
                "0" : "l", 
                "1" : "w", 
                "2" : "h", 
                "3" : "x", 
                "4" : "y", 
                "5" : "permitivitty", 
                "6" : "loss", 
                "7" : "name", 
                "l" : 0.0, 
                "w" : 0.0, 
                "h" : 0.0, 
                "x" : 0.0, 
                "y" : 0.0, 
                "permitivitty" : 0.0, 
                "loss" : 0.0, 
                "name" : ""
            }, 
            "fitness" : {
                "items" : 0
            }
        }, 
        "scalars" : {
            "items" : 4, 
            "0" : "feed", 
            "1" : "ground plane", 
            "2" : "radiating plane", 
            "3" : "substrate", 
            "feed" : {
                "items" : 2, 
                "0" : "center", 
                "1" : "width", 
                "center" : {
                    "region" : 0.0, 
                    "range" : 1.0
                }, 
                "width" : {
                    "region" : 0.9, 
                    "range" : 0.05
                }
            }, 
            "ground plane" : {
                "items" : 5, 
                "0" : "l", 
                "1" : "w", 
                "2" : "x", 
                "3" : "y", 
                "4" : "slots", 
                "l" : {
                    "region" : 0.3, 
                    "range" : 4.0
                }, 
                "w" : {
                    "region" : 0.3, 
                    "range" : 4.0
                }, 
                "x" : {
                    "region" : 0.25, 
                    "range" : 0.4
                }, 
                "y" : {
                    "region" : 0.25, 
                    "range" : 0.4
                }, 
                "slots" : {
                    "items" : 4, 
                    "0" : "square", 
                    "1" : "ellipse", 
                    "2" : "triangle", 
                    "4" : "polygon", 
                    "square" : {
                        "items" : 4, 
                        "0" : "probability", 
                        "1" : "create slot", 
                        "2" : "remove slot", 
                        "3" : "change slot", 
                        "probability" : 0.12, 
                        "create slot" : {
                            "items" : 5, 
                            "0" : "probability", 
                            "1" : "x", 
                            "2" : "y", 
                            "3" : "l", 
                            "4" : "w", 
                            "probability" : 0.95, 
                            "x" : {
                                "region" : 0.5, 
                                "range" : 12.5
                            }, 
                            "y" : {
                                "region" : 0.5, 
                                "range" : 12.5
                            }, 
                            "l" : {
                                "region" : 1.0, 
                                "range" : 12.5
                            }, 
                            "w" : {
                                "region" : 1.0, 
                                "range" : 12.5
                            }
                        }, 
                        "remove slot" : {
                            "items" : 1, 
                            "0" : "probability", 
                            "probability" : 0.25
                        }, 
                        "change slot" : {
                            "items" : 5, 
                            "0" : "probability", 
                            "1" : "x", 
                            "2" : "y", 
                            "3" : "l", 
                            "4" : "w", 
                            "probability" : 0.95, 
                            "x" : {
                                "region" : 0.5, 
                                "range" : 4.256
                            }, 
                            "y" : {
                                "region" : 0.5, 
                                "range" : 4.256
                            }, 
                            "l" : {
                                "region" : 0.5, 
                                "range" : 4.256
                            }, 
                            "w" : {
                                "region" : 0.5, 
                                "range" : 4.256
                            }
                        }
                    }, 
                    "ellipse" : {
                        "items" : 4, 
                        "0" : "probability", 
                        "1" : "create slot", 
                        "2" : "remove slot", 
                        "3" : "change slot", 
                        "probability" : 0.0, 
                        "create slot" : {
                            "items" : 5, 
                            "0" : "probability", 
                            "1" : "x", 
                            "2" : "y", 
                            "3" : "l", 
                            "4" : "w", 
                            "probability" : 0.95, 
                            "x" : {
                                "region" : 0.5, 
                                "range" : 12.5
                            }, 
                            "y" : {
                                "region" : 0.55, 
                                "range" : 12.5
                            }, 
                            "l" : {
                                "region" : 1.0, 
                                "range" : 12.5
                            }, 
                            "w" : {
                                "region" : 1.0, 
                                "range" : 12.5
                            }
                        }, 
                        "remove slot" : {
                            "items" : 1, 
                            "0" : "probability", 
                            "probability" : 0.25
                        }, 
                        "change slot" : {
                            "items" : 5, 
                            "0" : "probability", 
                            "1" : "x", 
                            "2" : "y", 
                            "3" : "l", 
                            "4" : "w", 
                            "probability" : 0.95, 
                            "x" : {
                                "region" : 0.5, 
                                "range" : 4.256
                            }, 
                            "y" : {
                                "region" : 0.5, 
                                "range" : 4.256
                            }, 
                            "l" : {
                                "region" : 0.5, 
                                "range" : 4.256
                            }, 
                            "w" : {
                                "region" : 0.5, 
                                "range" : 4.256
                            }
                        }
                    }, 
                    "triangle" : {
                        "items" : 4, 
                        "0" : "probability", 
                        "1" : "create slot", 
                        "2" : "remove slot", 
                        "3" : "change slot", 
                        "probability" : 0.88, 
                        "create slot" : {
                            "items" : 3, 
                            "0" : "probability", 
                            "1" : "x", 
                            "2" : "y", 
                            "probability" : 0.95, 
                            "x" : {
                                "region" : 0.5, 
                                "range" : 12.5
                            }, 
                            "y" : {
                                "region" : 0.5, 
                                "range" : 12.5
                            }
                        }, 
                        "remove slot" : {
                            "items" : 1, 
                            "0" : "probability", 
                            "probability" : 0.25
                        }, 
                        "change slot" : {
                            "items" : 3, 
                            "0" : "probability", 
                            "1" : "x", 
                            "2" : "y", 
                            "probability" : 0.95, 
                            "x" : {
                                "region" : 0.5, 
                                "range" : 4.256
                            }, 
                            "y" : {
                                "region" : 0.5, 
                                "range" : 4.256
                            }
                        }
                    }, 
                    "polygon" : {
                        "items" : 4, 
                        "0" : "probability", 
                        "1" : "create point", 
                        "2" : "remove point", 
                        "3" : "change point", 
                        "probability" : 0.0, 
                        "create point" : {
                            "items" : 3, 
                            "0" : "probability", 
                            "1" : "x", 
                            "2" : "y", 
                            "probability" : 0.95, 
                            "x" : {
                                "region" : 0.5, 
                                "range" : 12.5
                            }, 
                            "y" : {
                                "region" : 0.5, 
                                "range" : 12.5
                            }
                        }, 
                        "remove point" : {
                            "items" : 1, 
                            "0" : "probability", 
                            "probability" : 0.25
                        }, 
                        "change point" : {
                            "items" : 3, 
                            "0" : "probability", 
                            "1" : "x", 
                            "2" : "y", 
                            "x" : {
                                "region" : 0.0, 
                                "range" : 4.256
                            }, 
                            "y" : {
                                "region" : 0.0, 
                                "range" : 4.256
                            }
                        }
                    }
                }
            }, 
            "radiating plane" : {
                "items" : 5, 
                "0" : "l", 
                "1" : "w", 
                "2" : "x", 
                "3" : "y", 
                "4" : "slots", 
                "l" : {
                    "region" : 0.3, 
                    "range" : 1.75
                }, 
                "w" : {
                    "region" : 0.3, 
                    "range" : 1.75
                }, 
                "x" : {
                    "region" : 0.3, 
                    "range" : 0.75
                }, 
                "y" : {
                    "region" : 0.3, 
                    "range" : 0.75
                }, 
                "slots" : {
                    "items" : 4, 
                    "0" : "square", 
                    "1" : "ellipse", 
                    "2" : "triangle", 
                    "4" : "polygon", 
                    "square" : {
                        "items" : 4, 
                        "0" : "probability", 
                        "1" : "create slot", 
                        "2" : "remove slot", 
                        "3" : "change slot", 
                        "probability" : 0.25, 
                        "create slot" : {
                            "items" : 5, 
                            "0" : "probability", 
                            "1" : "x", 
                            "2" : "y", 
                            "3" : "l", 
                            "4" : "w", 
                            "probability" : 0.25, 
                            "x" : {
                                "region" : 0.5, 
                                "range" : 1.6
                            }, 
                            "y" : {
                                "region" : 0.5, 
                                "range" : 1.6
                            }, 
                            "l" : {
                                "region" : 1.0, 
                                "range" : 1.6
                            }, 
                            "w" : {
                                "region" : 1.0, 
                                "range" : 1.6
                            }
                        }, 
                        "remove slot" : {
                            "items" : 1, 
                            "0" : "probability", 
                            "probability" : 0.2
                        }, 
                        "change slot" : {
                            "items" : 5, 
                            "0" : "probability", 
                            "1" : "x", 
                            "2" : "y", 
                            "3" : "l", 
                            "4" : "w", 
                            "probability" : 0.95, 
                            "x" : {
                                "region" : 0.5, 
                                "range" : 1.6
                            }, 
                            "y" : {
                                "region" : 0.5, 
                                "range" : 1.6
                            }, 
                            "l" : {
                                "region" : 0.5, 
                                "range" : 1.6
                            }, 
                            "w" : {
                                "region" : 0.5, 
                                "range" : 1.6
                            }
                        }
                    }, 
                    "ellipse" : {
                        "items" : 4, 
                        "0" : "probability", 
                        "1" : "create slot", 
                        "2" : "remove slot", 
                        "3" : "change slot", 
                        "probability" : 0.0, 
                        "create slot" : {
                            "items" : 5, 
                            "0" : "probability", 
                            "1" : "x", 
                            "2" : "y", 
                            "3" : "l", 
                            "4" : "w", 
                            "probability" : 0.25, 
                            "x" : {
                                "region" : 0.5, 
                                "range" : 1.6
                            }, 
                            "y" : {
                                "region" : 0.5, 
                                "range" : 1.6
                            }, 
                            "l" : {
                                "region" : 1.0, 
                                "range" : 1.6
                            }, 
                            "w" : {
                                "region" : 1.0, 
                                "range" : 1.6
                            }
                        }, 
                        "remove slot" : {
                            "items" : 1, 
                            "0" : "probability", 
                            "probability" : 0.2
                        }, 
                        "change slot" : {
                            "items" : 5, 
                            "0" : "probability", 
                            "1" : "x", 
                            "2" : "y", 
                            "3" : "l", 
                            "4" : "w", 
                            "probability" : 0.95, 
                            "x" : {
                                "region" : 0.5, 
                                "range" : 1.6
                            }, 
                            "y" : {
                                "region" : 0.5, 
                                "range" : 1.6
                            }, 
                            "l" : {
                                "region" : 0.5, 
                                "range" : 1.6
                            }, 
                            "w" : {
                                "region" : 0.5, 
                                "range" : 1.6
                            }
                        }
                    }, 
                    "triangle" : {
                        "items" : 4, 
                        "0" : "probability", 
                        "1" : "create slot", 
                        "2" : "remove slot", 
                        "3" : "change slot", 
                        "probability" : 0.25, 
                        "create slot" : {
                            "items" : 3, 
                            "0" : "probability", 
                            "1" : "x", 
                            "2" : "y", 
                            "probability" : 0.25, 
                            "x" : {
                                "region" : 0.5, 
                                "range" : 1.6
                            }, 
                            "y" : {
                                "region" : 0.5, 
                                "range" : 1.6
                            }
                        }, 
                        "remove slot" : {
                            "items" : 1, 
                            "0" : "probability", 
                            "probability" : 0.2
                        }, 
                        "change slot" : {
                            "items" : 3, 
                            "0" : "probability", 
                            "1" : "x", 
                            "2" : "y", 
                            "probability" : 0.95, 
                            "x" : {
                                "region" : 0.5, 
                                "range" : 1.6
                            }, 
                            "y" : {
                                "region" : 0.5, 
                                "range" : 1.6
                            }
                        }
                    }, 
                    "polygon" : {
                        "items" : 4, 
                        "0" : "probability", 
                        "1" : "create point", 
                        "2" : "remove point", 
                        "3" : "change point", 
                        "probability" : 0.0, 
                        "create point" : {
                            "items" : 3, 
                            "0" : "probability", 
                            "1" : "x", 
                            "2" : "y", 
                            "probability" : 0.25, 
                            "x" : {
                                "region" : 0.5, 
                                "range" : 1.6
                            }, 
                            "y" : {
                                "region" : 0.5, 
                                "range" : 1.6
                            }
                        }, 
                        "remove point" : {
                            "items" : 1, 
                            "0" : "probability", 
                            "probability" : 0.22
                        }, 
                        "change point" : {
                            "items" : 3, 
                            "0" : "probability", 
                            "1" : "x", 
                            "2" : "y", 
                            "x" : {
                                "region" : 0.5, 
                                "range" : 1.6
                            }, 
                            "y" : {
                                "region" : 0.5, 
                                "range" : 1.6
                            }
                        }
                    }
                }
            }, 
            "substrate" : {
                "items" : 6, 
                "0" : "l", 
                "1" : "w", 
                "2" : "h", 
                "3" : "x", 
                "4" : "y", 
                "6" : "change substrate", 
                "l" : {
                    "region" : 0.0, 
                    "range" : 0.05
                }, 
                "w" : {
                    "region" : 0.0, 
                    "range" : 0.05
                }, 
                "h" : {
                    "region" : 0.0, 
                    "range" : 0.0
                }, 
                "x" : {
                    "region" : 0.0, 
                    "range" : 0.0
                }, 
                "y" : {
                    "region" : 0.0, 
                    "range" : 0.0
                }, 
                "change substrate" : {
                    "region" : 1.0, 
                    "range" : 0.0
                }
            }
        }, 
        "menus" : {
            "items" : 0
        }, 
        "help" : {
            "items" : 0
        }
    }, 
    "natalie" : {
        "parameters" : {
            "items" : 6, 
            "0" : "show output", 
            "1" : "frequency", 
            "2" : "mesh", 
            "3" : "runt", 
            "4" : "trust region", 
            "5" : "nelder mead", 
            "show output" : true, 
            "frequency" : {
                "items" : 4, 
                "0" : "lower frequency offset", 
                "1" : "upper frequency offset", 
                "2" : "samples", 
                "3" : "accuracy check samples", 
                "lower frequency offset" : 10000000.0, 
                "upper frequency offset" : 10000000.0, 
                "samples" : 2, 
                "accuracy check samples" : 3
            }, 
            "mesh" : {
                "items" : 2, 
                "0" : "wire radius", 
                "1" : "size", 
                "wire radius" : 0.001, 
                "size" : "Coarse"
            }, 
            "runt" : {
                "items" : 3, 
                "0" : "parallel", 
                "1" : "run", 
                "2" : "interactive", 
                "parallel" : true, 
                "run" : true, 
                "interactive" : false
            }, 
            "trust region" : {
                "items" : 6, 
                "0" : "primary iterations", 
                "1" : "secondary iterations", 
                "2" : "candidates", 
                "3" : "algorithm region", 
                "4" : "surrogate region", 
                "5" : "retension fall off", 
                "primary iterations" : 75, 
                "secondary iterations" : 75, 
                "candidates" : 7, 
                "algorithm region" : 5, 
                "surrogate region" : 5, 
                "retension fall off" : 2
            }, 
            "nelder mead" : {
                "items" : 0, 
                "0" : "primary iterations", 
                "1" : "secondary iterations", 
                "2" : "time"
            }
        }, 
        "scalars" : {
            "items" : 0
        }, 
        "menus" : {
            "items" : 0
        }, 
        "help" : {
            "items" : 0
        }
    }
}