{
    "geometry" : {
        "items" : 3, 
        "0" : "feed", 
        "1" : "ground plane", 
        "2" : "radiating plane", 
        "3" : "substrate", 
        "feed" : {
            "items" : 2, 
            "0" : "center", 
            "1" : "width", 
            "center" : 48.963, 
            "width" : 1.598
        }, 
        "ground plane" : {
            "items" : 5, 
            "0" : "l", 
            "1" : "w", 
            "2" : "x", 
            "3" : "y", 
            "4" : "slots", 
            "l" : 80.98100000000001, 
            "w" : 88.252, 
            "x" : -0.803, 
            "y" : -0.217, 
            "slots" : {
                "items" : 3, 
                "0" : {
                    "items" : 3, 
                    "0" : {
                        "items" : 2, 
                        "0" : "x", 
                        "1" : "y", 
                        "x" : 3.273, 
                        "y" : 79.348, 
                        "z" : 0.0
                    }, 
                    "1" : {
                        "items" : 2, 
                        "0" : "x", 
                        "1" : "y", 
                        "x" : -10.944, 
                        "y" : 105.06, 
                        "z" : 0.0
                    }, 
                    "2" : {
                        "items" : 2, 
                        "0" : "x", 
                        "1" : "y", 
                        "x" : 8.7, 
                        "y" : 75.438, 
                        "z" : 0.0
                    }, 
                    "type" : "triangle", 
                    "id" : "637062453459442304"
                }, 
                "1" : {
                    "items" : 3, 
                    "0" : {
                        "items" : 2, 
                        "0" : "x", 
                        "1" : "y", 
                        "x" : 36.766, 
                        "y" : 60.426, 
                        "z" : 0.0
                    }, 
                    "1" : {
                        "items" : 2, 
                        "0" : "x", 
                        "1" : "y", 
                        "x" : 55.902, 
                        "y" : 68.014, 
                        "z" : 0.0
                    }, 
                    "2" : {
                        "items" : 2, 
                        "0" : "x", 
                        "1" : "y", 
                        "x" : 49.674, 
                        "y" : 61.578, 
                        "z" : 0.0
                    }, 
                    "type" : "triangle", 
                    "id" : "637062455159824768"
                }, 
                "2" : {
                    "items" : 3, 
                    "0" : {
                        "items" : 2, 
                        "0" : "x", 
                        "1" : "y", 
                        "x" : 14.645, 
                        "y" : 40.048, 
                        "z" : 0.0
                    }, 
                    "1" : {
                        "items" : 2, 
                        "0" : "x", 
                        "1" : "y", 
                        "x" : 47.374, 
                        "y" : 27.704, 
                        "z" : 0.0
                    }, 
                    "2" : {
                        "items" : 2, 
                        "0" : "x", 
                        "1" : "y", 
                        "x" : 29.819, 
                        "y" : 44.284, 
                        "z" : 0.0
                    }, 
                    "type" : "triangle", 
                    "id" : "637062456684939904"
                }
            }
        }, 
        "radiating plane" : {
            "items" : 5, 
            "0" : "l", 
            "1" : "w", 
            "2" : "x", 
            "3" : "y", 
            "4" : "slots", 
            "l" : 76.436, 
            "w" : 93.286, 
            "x" : 3.692, 
            "y" : 1.116, 
            "slots" : {
                "items" : 2, 
                "0" : {
                    "items" : 4, 
                    "0" : "x", 
                    "1" : "y", 
                    "2" : "l", 
                    "3" : "w", 
                    "x" : 60.225, 
                    "y" : 67.878, 
                    "z" : 1.6, 
                    "l" : 1.676, 
                    "w" : 0.521, 
                    "type" : "square", 
                    "id" : "637062453459452288"
                }, 
                "1" : {
                    "items" : 4, 
                    "0" : "x", 
                    "1" : "y", 
                    "2" : "l", 
                    "3" : "w", 
                    "x" : 43.32, 
                    "y" : 61.82, 
                    "z" : 1.6, 
                    "l" : 2.377, 
                    "w" : 2.279, 
                    "type" : "square", 
                    "id" : "637062455159834880"
                }
            }
        }, 
        "substrate" : {
            "items" : 4, 
            "0" : "l", 
            "1" : "w", 
            "2" : "x", 
            "3" : "h", 
            "l" : 80.98100000000001, 
            "w" : 94.669, 
            "h" : 1.6, 
            "x" : -0.803, 
            "y" : -0.217, 
            "permitivitty" : 4.4, 
            "loss" : 0.02, 
            "name" : "FR4"
        }
    }, 
    "fitness" : {
        "items" : 2, 
        "0" : "desired", 
        "1" : "final", 
        "2" : "area", 
        "lower" : 0.0, 
        "desired" : 0.4655791743419175, 
        "upper" : 0.0, 
        "area" : 0.8094305461752728, 
        "freq" : 0.3259054220393422, 
        "final" : 0.8317038725867864, 
        "dir" : "C:\\Users\\project\\0. My Work\\1. Repositories\\1. Very Unfriendly Train\\Data\\Simulations\\637062450493776000_Primary\\637062456685149312_1\\1.out", 
        "freq percent" : 1.0612176597242398
    }, 
    "antenna" : {
        "parameters" : {
            "items" : 6, 
            "0" : "directory", 
            "1" : "feed", 
            "2" : "ground plane", 
            "3" : "radiating plane", 
            "4" : "substrate", 
            "5" : "fitness", 
            "directory" : "", 
            "feed" : {
                "items" : 2, 
                "0" : "center", 
                "1" : "width", 
                "center" : 0.0, 
                "width" : 0.0
            }, 
            "ground plane" : {
                "items" : 5, 
                "0" : "l", 
                "1" : "w", 
                "2" : "x", 
                "3" : "y", 
                "4" : "slots", 
                "l" : 0.0, 
                "w" : 0.0, 
                "x" : 0.0, 
                "h" : 0.0, 
                "slots" : {
                    "items" : 0
                }
            }, 
            "radiating plane" : {
                "items" : 5, 
                "0" : "l", 
                "1" : "w", 
                "2" : "x", 
                "3" : "y", 
                "4" : "slots", 
                "l" : 0.0, 
                "w" : 0.0, 
                "x" : 0.0, 
                "y" : 0.0, 
                "slots" : {
                    "items" : 0
                }
            }, 
            "substrate" : {
                "items" : 8, 
                "0" : "l", 
                "1" : "w", 
                "2" : "h", 
                "3" : "x", 
                "4" : "y", 
                "5" : "permitivitty", 
                "6" : "loss", 
                "7" : "name", 
                "l" : 0.0, 
                "w" : 0.0, 
                "h" : 0.0, 
                "x" : 0.0, 
                "y" : 0.0, 
                "permitivitty" : 0.0, 
                "loss" : 0.0, 
                "name" : ""
            }, 
            "fitness" : {
                "items" : 0
            }
        }, 
        "scalars" : {
            "items" : 4, 
            "0" : "feed", 
            "1" : "ground plane", 
            "2" : "radiating plane", 
            "3" : "substrate", 
            "feed" : {
                "items" : 2, 
                "0" : "center", 
                "1" : "width", 
                "center" : {
                    "region" : 0.0, 
                    "range" : 1.0
                }, 
                "width" : {
                    "region" : 0.9, 
                    "range" : 0.05
                }
            }, 
            "ground plane" : {
                "items" : 5, 
                "0" : "l", 
                "1" : "w", 
                "2" : "x", 
                "3" : "y", 
                "4" : "slots", 
                "l" : {
                    "region" : 0.3, 
                    "range" : 4.0
                }, 
                "w" : {
                    "region" : 0.3, 
                    "range" : 4.0
                }, 
                "x" : {
                    "region" : 0.25, 
                    "range" : 0.4
                }, 
                "y" : {
                    "region" : 0.25, 
                    "range" : 0.4
                }, 
                "slots" : {
                    "items" : 4, 
                    "0" : "square", 
                    "1" : "ellipse", 
                    "2" : "triangle", 
                    "4" : "polygon", 
                    "square" : {
                        "items" : 4, 
                        "0" : "probability", 
                        "1" : "create slot", 
                        "2" : "remove slot", 
                        "3" : "change slot", 
                        "probability" : 0.12, 
                        "create slot" : {
                            "items" : 5, 
                            "0" : "probability", 
                            "1" : "x", 
                            "2" : "y", 
                            "3" : "l", 
                            "4" : "w", 
                            "probability" : 0.95, 
                            "x" : {
                                "region" : 0.5, 
                                "range" : 12.5
                            }, 
                            "y" : {
                                "region" : 0.5, 
                                "range" : 12.5
                            }, 
                            "l" : {
                                "region" : 1.0, 
                                "range" : 12.5
                            }, 
                            "w" : {
                                "region" : 1.0, 
                                "range" : 12.5
                            }
                        }, 
                        "remove slot" : {
                            "items" : 1, 
                            "0" : "probability", 
                            "probability" : 0.25
                        }, 
                        "change slot" : {
                            "items" : 5, 
                            "0" : "probability", 
                            "1" : "x", 
                            "2" : "y", 
                            "3" : "l", 
                            "4" : "w", 
                            "probability" : 0.95, 
                            "x" : {
                                "region" : 0.5, 
                                "range" : 4.256
                            }, 
                            "y" : {
                                "region" : 0.5, 
                                "range" : 4.256
                            }, 
                            "l" : {
                                "region" : 0.5, 
                                "range" : 4.256
                            }, 
                            "w" : {
                                "region" : 0.5, 
                                "range" : 4.256
                            }
                        }
                    }, 
                    "ellipse" : {
                        "items" : 4, 
                        "0" : "probability", 
                        "1" : "create slot", 
                        "2" : "remove slot", 
                        "3" : "change slot", 
                        "probability" : 0.0, 
                        "create slot" : {
                            "items" : 5, 
                            "0" : "probability", 
                            "1" : "x", 
                            "2" : "y", 
                            "3" : "l", 
                            "4" : "w", 
                            "probability" : 0.95, 
                            "x" : {
                                "region" : 0.5, 
                                "range" : 12.5
                            }, 
                            "y" : {
                                "region" : 0.55, 
                                "range" : 12.5
                            }, 
                            "l" : {
                                "region" : 1.0, 
                                "range" : 12.5
                            }, 
                            "w" : {
                                "region" : 1.0, 
                                "range" : 12.5
                            }
                        }, 
                        "remove slot" : {
                            "items" : 1, 
                            "0" : "probability", 
                            "probability" : 0.25
                        }, 
                        "change slot" : {
                            "items" : 5, 
                            "0" : "probability", 
                            "1" : "x", 
                            "2" : "y", 
                            "3" : "l", 
                            "4" : "w", 
                            "probability" : 0.95, 
                            "x" : {
                                "region" : 0.5, 
                                "range" : 4.256
                            }, 
                            "y" : {
                                "region" : 0.5, 
                                "range" : 4.256
                            }, 
                            "l" : {
                                "region" : 0.5, 
                                "range" : 4.256
                            }, 
                            "w" : {
                                "region" : 0.5, 
                                "range" : 4.256
                            }
                        }
                    }, 
                    "triangle" : {
                        "items" : 4, 
                        "0" : "probability", 
                        "1" : "create slot", 
                        "2" : "remove slot", 
                        "3" : "change slot", 
                        "probability" : 0.88, 
                        "create slot" : {
                            "items" : 3, 
                            "0" : "probability", 
                            "1" : "x", 
                            "2" : "y", 
                            "probability" : 0.95, 
                            "x" : {
                                "region" : 0.5, 
                                "range" : 12.5
                            }, 
                            "y" : {
                                "region" : 0.5, 
                                "range" : 12.5
                            }
                        }, 
                        "remove slot" : {
                            "items" : 1, 
                            "0" : "probability", 
                            "probability" : 0.25
                        }, 
                        "change slot" : {
                            "items" : 3, 
                            "0" : "probability", 
                            "1" : "x", 
                            "2" : "y", 
                            "probability" : 0.95, 
                            "x" : {
                                "region" : 0.5, 
                                "range" : 4.256
                            }, 
                            "y" : {
                                "region" : 0.5, 
                                "range" : 4.256
                            }
                        }
                    }, 
                    "polygon" : {
                        "items" : 4, 
                        "0" : "probability", 
                        "1" : "create point", 
                        "2" : "remove point", 
                        "3" : "change point", 
                        "probability" : 0.0, 
                        "create point" : {
                            "items" : 3, 
                            "0" : "probability", 
                            "1" : "x", 
                            "2" : "y", 
                            "probability" : 0.95, 
                            "x" : {
                                "region" : 0.5, 
                                "range" : 12.5
                            }, 
                            "y" : {
                                "region" : 0.5, 
                                "range" : 12.5
                            }
                        }, 
                        "remove point" : {
                            "items" : 1, 
                            "0" : "probability", 
                            "probability" : 0.25
                        }, 
                        "change point" : {
                            "items" : 3, 
                            "0" : "probability", 
                            "1" : "x", 
                            "2" : "y", 
                            "x" : {
                                "region" : 0.0, 
                                "range" : 4.256
                            }, 
                            "y" : {
                                "region" : 0.0, 
                                "range" : 4.256
                            }
                        }
                    }
                }
            }, 
            "radiating plane" : {
                "items" : 5, 
                "0" : "l", 
                "1" : "w", 
                "2" : "x", 
                "3" : "y", 
                "4" : "slots", 
                "l" : {
                    "region" : 0.3, 
                    "range" : 1.75
                }, 
                "w" : {
                    "region" : 0.3, 
                    "range" : 1.75
                }, 
                "x" : {
                    "region" : 0.3, 
                    "range" : 0.75
                }, 
                "y" : {
                    "region" : 0.3, 
                    "range" : 0.75
                }, 
                "slots" : {
                    "items" : 4, 
                    "0" : "square", 
                    "1" : "ellipse", 
                    "2" : "triangle", 
                    "4" : "polygon", 
                    "square" : {
                        "items" : 4, 
                        "0" : "probability", 
                        "1" : "create slot", 
                        "2" : "remove slot", 
                        "3" : "change slot", 
                        "probability" : 0.25, 
                        "create slot" : {
                            "items" : 5, 
                            "0" : "probability", 
                            "1" : "x", 
                            "2" : "y", 
                            "3" : "l", 
                            "4" : "w", 
                            "probability" : 0.25, 
                            "x" : {
                                "region" : 0.5, 
                                "range" : 1.6
                            }, 
                            "y" : {
                                "region" : 0.5, 
                                "range" : 1.6
                            }, 
                            "l" : {
                                "region" : 1.0, 
                                "range" : 1.6
                            }, 
                            "w" : {
                                "region" : 1.0, 
                                "range" : 1.6
                            }
                        }, 
                        "remove slot" : {
                            "items" : 1, 
                            "0" : "probability", 
                            "probability" : 0.2
                        }, 
                        "change slot" : {
                            "items" : 5, 
                            "0" : "probability", 
                            "1" : "x", 
                            "2" : "y", 
                            "3" : "l", 
                            "4" : "w", 
                            "probability" : 0.95, 
                            "x" : {
                                "region" : 0.5, 
                                "range" : 1.6
                            }, 
                            "y" : {
                                "region" : 0.5, 
                                "range" : 1.6
                            }, 
                            "l" : {
                                "region" : 0.5, 
                                "range" : 1.6
                            }, 
                            "w" : {
                                "region" : 0.5, 
                                "range" : 1.6
                            }
                        }
                    }, 
                    "ellipse" : {
                        "items" : 4, 
                        "0" : "probability", 
                        "1" : "create slot", 
                        "2" : "remove slot", 
                        "3" : "change slot", 
                        "probability" : 0.0, 
                        "create slot" : {
                            "items" : 5, 
                            "0" : "probability", 
                            "1" : "x", 
                            "2" : "y", 
                            "3" : "l", 
                            "4" : "w", 
                            "probability" : 0.25, 
                            "x" : {
                                "region" : 0.5, 
                                "range" : 1.6
                            }, 
                            "y" : {
                                "region" : 0.5, 
                                "range" : 1.6
                            }, 
                            "l" : {
                                "region" : 1.0, 
                                "range" : 1.6
                            }, 
                            "w" : {
                                "region" : 1.0, 
                                "range" : 1.6
                            }
                        }, 
                        "remove slot" : {
                            "items" : 1, 
                            "0" : "probability", 
                            "probability" : 0.2
                        }, 
                        "change slot" : {
                            "items" : 5, 
                            "0" : "probability", 
                            "1" : "x", 
                            "2" : "y", 
                            "3" : "l", 
                            "4" : "w", 
                            "probability" : 0.95, 
                            "x" : {
                                "region" : 0.5, 
                                "range" : 1.6
                            }, 
                            "y" : {
                                "region" : 0.5, 
                                "range" : 1.6
                            }, 
                            "l" : {
                                "region" : 0.5, 
                                "range" : 1.6
                            }, 
                            "w" : {
                                "region" : 0.5, 
                                "range" : 1.6
                            }
                        }
                    }, 
                    "triangle" : {
                        "items" : 4, 
                        "0" : "probability", 
                        "1" : "create slot", 
                        "2" : "remove slot", 
                        "3" : "change slot", 
                        "probability" : 0.25, 
                        "create slot" : {
                            "items" : 3, 
                            "0" : "probability", 
                            "1" : "x", 
                            "2" : "y", 
                            "probability" : 0.25, 
                            "x" : {
                                "region" : 0.5, 
                                "range" : 1.6
                            }, 
                            "y" : {
                                "region" : 0.5, 
                                "range" : 1.6
                            }
                        }, 
                        "remove slot" : {
                            "items" : 1, 
                            "0" : "probability", 
                            "probability" : 0.2
                        }, 
                        "change slot" : {
                            "items" : 3, 
                            "0" : "probability", 
                            "1" : "x", 
                            "2" : "y", 
                            "probability" : 0.95, 
                            "x" : {
                                "region" : 0.5, 
                                "range" : 1.6
                            }, 
                            "y" : {
                                "region" : 0.5, 
                                "range" : 1.6
                            }
                        }
                    }, 
                    "polygon" : {
                        "items" : 4, 
                        "0" : "probability", 
                        "1" : "create point", 
                        "2" : "remove point", 
                        "3" : "change point", 
                        "probability" : 0.0, 
                        "create point" : {
                            "items" : 3, 
                            "0" : "probability", 
                            "1" : "x", 
                            "2" : "y", 
                            "probability" : 0.25, 
                            "x" : {
                                "region" : 0.5, 
                                "range" : 1.6
                            }, 
                            "y" : {
                                "region" : 0.5, 
                                "range" : 1.6
                            }
                        }, 
                        "remove point" : {
                            "items" : 1, 
                            "0" : "probability", 
                            "probability" : 0.22
                        }, 
                        "change point" : {
                            "items" : 3, 
                            "0" : "probability", 
                            "1" : "x", 
                            "2" : "y", 
                            "x" : {
                                "region" : 0.5, 
                                "range" : 1.6
                            }, 
                            "y" : {
                                "region" : 0.5, 
                                "range" : 1.6
                            }
                        }
                    }
                }
            }, 
            "substrate" : {
                "items" : 6, 
                "0" : "l", 
                "1" : "w", 
                "2" : "h", 
                "3" : "x", 
                "4" : "y", 
                "6" : "change substrate", 
                "l" : {
                    "region" : 0.0, 
                    "range" : 0.05
                }, 
                "w" : {
                    "region" : 0.0, 
                    "range" : 0.05
                }, 
                "h" : {
                    "region" : 0.0, 
                    "range" : 0.0
                }, 
                "x" : {
                    "region" : 0.0, 
                    "range" : 0.0
                }, 
                "y" : {
                    "region" : 0.0, 
                    "range" : 0.0
                }, 
                "change substrate" : {
                    "region" : 1.0, 
                    "range" : 0.0
                }
            }
        }, 
        "menus" : {
            "items" : 0
        }, 
        "help" : {
            "items" : 0
        }
    }, 
    "natalie" : {
        "parameters" : {
            "items" : 6, 
            "0" : "show output", 
            "1" : "frequency", 
            "2" : "mesh", 
            "3" : "runt", 
            "4" : "trust region", 
            "5" : "nelder mead", 
            "show output" : true, 
            "frequency" : {
                "items" : 4, 
                "0" : "lower frequency offset", 
                "1" : "upper frequency offset", 
                "2" : "samples", 
                "3" : "accuracy check samples", 
                "lower frequency offset" : 10000000.0, 
                "upper frequency offset" : 10000000.0, 
                "samples" : 2, 
                "accuracy check samples" : 3
            }, 
            "mesh" : {
                "items" : 2, 
                "0" : "wire radius", 
                "1" : "size", 
                "wire radius" : 0.001, 
                "size" : "Coarse"
            }, 
            "runt" : {
                "items" : 3, 
                "0" : "parallel", 
                "1" : "run", 
                "2" : "interactive", 
                "parallel" : true, 
                "run" : true, 
                "interactive" : false
            }, 
            "trust region" : {
                "items" : 6, 
                "0" : "primary iterations", 
                "1" : "secondary iterations", 
                "2" : "candidates", 
                "3" : "algorithm region", 
                "4" : "surrogate region", 
                "5" : "retension fall off", 
                "primary iterations" : 75, 
                "secondary iterations" : 75, 
                "candidates" : 7, 
                "algorithm region" : 5, 
                "surrogate region" : 5, 
                "retension fall off" : 2
            }, 
            "nelder mead" : {
                "items" : 0, 
                "0" : "primary iterations", 
                "1" : "secondary iterations", 
                "2" : "time"
            }
        }, 
        "scalars" : {
            "items" : 0
        }, 
        "menus" : {
            "items" : 0
        }, 
        "help" : {
            "items" : 0
        }
    }
}