{
    "geometry" : {
        "items" : 3, 
        "0" : "feed", 
        "1" : "ground plane", 
        "2" : "radiating plane", 
        "3" : "substrate", 
        "feed" : {
            "items" : 2, 
            "0" : "center", 
            "1" : "width", 
            "center" : 51.534, 
            "width" : 1.972
        }, 
        "ground plane" : {
            "items" : 5, 
            "0" : "l", 
            "1" : "w", 
            "2" : "x", 
            "3" : "y", 
            "4" : "slots", 
            "l" : 73.04, 
            "w" : 81.553, 
            "x" : -1.114, 
            "y" : -0.814, 
            "slots" : {
                "items" : 4, 
                "0" : "elliptical", 
                "1" : "rectangular", 
                "2" : "triangular", 
                "3" : "polygonal", 
                "elliptical" : {
                    "items" : 0
                }, 
                "rectangular" : {
                    "items" : 0
                }, 
                "triangular" : {
                    "items" : 9, 
                    "0" : {
                        "items" : 3, 
                        "0" : {
                            "items" : 2, 
                            "0" : "x", 
                            "1" : "y", 
                            "x" : 37.694, 
                            "y" : 32.077, 
                            "z" : 0.0
                        }, 
                        "1" : {
                            "items" : 2, 
                            "0" : "x", 
                            "1" : "y", 
                            "x" : -0.232, 
                            "y" : 12.177, 
                            "z" : 0.0
                        }, 
                        "2" : {
                            "items" : 2, 
                            "0" : "x", 
                            "1" : "y", 
                            "x" : -7.815, 
                            "y" : 20.707, 
                            "z" : 0.0
                        }, 
                        "type" : "triangular", 
                        "id" : "637067115872048000"
                    }, 
                    "-1" : {
                        "items" : 3, 
                        "0" : {
                            "items" : 2, 
                            "0" : "x", 
                            "1" : "y", 
                            "x" : 96.457, 
                            "y" : 37.281, 
                            "z" : 0.0
                        }, 
                        "1" : {
                            "items" : 2, 
                            "0" : "x", 
                            "1" : "y", 
                            "x" : 80.585, 
                            "y" : 52.772, 
                            "z" : 0.0
                        }, 
                        "2" : {
                            "items" : 2, 
                            "0" : "x", 
                            "1" : "y", 
                            "x" : 72.023, 
                            "y" : 68.97, 
                            "z" : 0.0
                        }, 
                        "type" : "triangular", 
                        "id" : "637067113469532032"
                    }, 
                    "1" : {
                        "items" : 3, 
                        "0" : {
                            "items" : 2, 
                            "0" : "x", 
                            "1" : "y", 
                            "x" : 18.449, 
                            "y" : 43.723, 
                            "z" : 0.0
                        }, 
                        "1" : {
                            "items" : 2, 
                            "0" : "x", 
                            "1" : "y", 
                            "x" : 46.962, 
                            "y" : 52.662, 
                            "z" : 0.0
                        }, 
                        "2" : {
                            "items" : 2, 
                            "0" : "x", 
                            "1" : "y", 
                            "x" : 45.426, 
                            "y" : 48.292, 
                            "z" : 0.0
                        }, 
                        "type" : "triangular", 
                        "id" : "637067117119113344"
                    }, 
                    "2" : {
                        "items" : 3, 
                        "0" : {
                            "items" : 2, 
                            "0" : "x", 
                            "1" : "y", 
                            "x" : 75.554, 
                            "y" : 44.176, 
                            "z" : 0.0
                        }, 
                        "1" : {
                            "items" : 2, 
                            "0" : "x", 
                            "1" : "y", 
                            "x" : 106.623, 
                            "y" : 22.684, 
                            "z" : 0.0
                        }, 
                        "2" : {
                            "items" : 2, 
                            "0" : "x", 
                            "1" : "y", 
                            "x" : 89.938, 
                            "y" : 33.026, 
                            "z" : 0.0
                        }, 
                        "type" : "triangular", 
                        "id" : "637067119493519232"
                    }, 
                    "3" : {
                        "items" : 3, 
                        "0" : {
                            "items" : 2, 
                            "0" : "x", 
                            "1" : "y", 
                            "x" : -19.026, 
                            "y" : 57.596, 
                            "z" : 0.0
                        }, 
                        "1" : {
                            "items" : 2, 
                            "0" : "x", 
                            "1" : "y", 
                            "x" : 27.176, 
                            "y" : 80.718, 
                            "z" : 0.0
                        }, 
                        "2" : {
                            "items" : 2, 
                            "0" : "x", 
                            "1" : "y", 
                            "x" : 21.422, 
                            "y" : 55.103, 
                            "z" : 0.0
                        }, 
                        "type" : "triangular", 
                        "id" : "637067120747184640"
                    }, 
                    "4" : {
                        "items" : 3, 
                        "0" : {
                            "items" : 2, 
                            "0" : "x", 
                            "1" : "y", 
                            "x" : 35.857, 
                            "y" : 1.183, 
                            "z" : 0.0
                        }, 
                        "1" : {
                            "items" : 2, 
                            "0" : "x", 
                            "1" : "y", 
                            "x" : 34.89, 
                            "y" : 11.964, 
                            "z" : 0.0
                        }, 
                        "2" : {
                            "items" : 2, 
                            "0" : "x", 
                            "1" : "y", 
                            "x" : 76.29, 
                            "y" : 32.392, 
                            "z" : 0.0
                        }, 
                        "type" : "triangular", 
                        "id" : "637067123643154176"
                    }, 
                    "5" : {
                        "items" : 3, 
                        "0" : {
                            "items" : 2, 
                            "0" : "x", 
                            "1" : "y", 
                            "x" : 47.463, 
                            "y" : 63.403, 
                            "z" : 0.0
                        }, 
                        "1" : {
                            "items" : 2, 
                            "0" : "x", 
                            "1" : "y", 
                            "x" : 28.904, 
                            "y" : 59.933, 
                            "z" : 0.0
                        }, 
                        "2" : {
                            "items" : 2, 
                            "0" : "x", 
                            "1" : "y", 
                            "x" : 9.734, 
                            "y" : 43.127, 
                            "z" : 0.0
                        }, 
                        "type" : "triangular", 
                        "id" : "637067131581291776"
                    }, 
                    "6" : {
                        "items" : 3, 
                        "0" : {
                            "items" : 2, 
                            "0" : "x", 
                            "1" : "y", 
                            "x" : 7.617, 
                            "y" : 32.243, 
                            "z" : 0.0
                        }, 
                        "1" : {
                            "items" : 2, 
                            "0" : "x", 
                            "1" : "y", 
                            "x" : 0.687, 
                            "y" : 19.512, 
                            "z" : 0.0
                        }, 
                        "2" : {
                            "items" : 2, 
                            "0" : "x", 
                            "1" : "y", 
                            "x" : 4.374, 
                            "y" : 38.729, 
                            "z" : 0.0
                        }, 
                        "type" : "triangular", 
                        "id" : "637067134778238848"
                    }, 
                    "7" : {
                        "items" : 3, 
                        "0" : {
                            "items" : 2, 
                            "0" : "x", 
                            "1" : "y", 
                            "x" : 38.628, 
                            "y" : 39.431, 
                            "z" : 0.0
                        }, 
                        "1" : {
                            "items" : 2, 
                            "0" : "x", 
                            "1" : "y", 
                            "x" : 19.827, 
                            "y" : 44.913, 
                            "z" : 0.0
                        }, 
                        "2" : {
                            "items" : 2, 
                            "0" : "x", 
                            "1" : "y", 
                            "x" : 23.389, 
                            "y" : 33.928, 
                            "z" : 0.0
                        }, 
                        "type" : "triangular", 
                        "id" : "637067138325533824"
                    }, 
                    "8" : {
                        "items" : 3, 
                        "0" : {
                            "items" : 2, 
                            "0" : "x", 
                            "1" : "y", 
                            "x" : 55.47, 
                            "y" : 45.515, 
                            "z" : 0.0
                        }, 
                        "1" : {
                            "items" : 2, 
                            "0" : "x", 
                            "1" : "y", 
                            "x" : 66.721, 
                            "y" : 54.068, 
                            "z" : 0.0
                        }, 
                        "2" : {
                            "items" : 2, 
                            "0" : "x", 
                            "1" : "y", 
                            "x" : 57.813, 
                            "y" : 36.656, 
                            "z" : 0.0
                        }, 
                        "type" : "triangular", 
                        "id" : "637067145231227392"
                    }
                }, 
                "polygonal" : {
                    "items" : 0
                }
            }
        }, 
        "radiating plane" : {
            "items" : 5, 
            "0" : "l", 
            "1" : "w", 
            "2" : "x", 
            "3" : "y", 
            "4" : "slots", 
            "l" : 68.388, 
            "w" : 80.886, 
            "x" : 1.486, 
            "y" : 2.293, 
            "slots" : {
                "items" : 4, 
                "0" : "elliptical", 
                "1" : "rectangular", 
                "2" : "triangular", 
                "3" : "polygonal", 
                "elliptical" : {
                    "items" : 0
                }, 
                "rectangular" : {
                    "items" : 3, 
                    "0" : {
                        "items" : 4, 
                        "0" : "x", 
                        "1" : "y", 
                        "2" : "l", 
                        "3" : "w", 
                        "x" : 6.45, 
                        "y" : 1.131, 
                        "z" : 1.6, 
                        "l" : 7.577, 
                        "w" : 0.089, 
                        "type" : "rectangular", 
                        "id" : "637067120747184640"
                    }, 
                    "1" : {
                        "items" : 4, 
                        "0" : "x", 
                        "1" : "y", 
                        "2" : "l", 
                        "3" : "w", 
                        "x" : 51.926, 
                        "y" : 5.619, 
                        "z" : 1.6, 
                        "l" : 7.345, 
                        "w" : 0.453, 
                        "type" : "rectangular", 
                        "id" : "637067123643154176"
                    }, 
                    "2" : {
                        "items" : 4, 
                        "0" : "x", 
                        "1" : "y", 
                        "2" : "l", 
                        "3" : "w", 
                        "x" : 8.657, 
                        "y" : 37.684, 
                        "z" : 1.6, 
                        "l" : 4.063, 
                        "w" : 4.027, 
                        "type" : "rectangular", 
                        "id" : "637067131581291776"
                    }
                }, 
                "triangular" : {
                    "items" : 1, 
                    "0" : {
                        "items" : 3, 
                        "0" : {
                            "items" : 2, 
                            "0" : "x", 
                            "1" : "y", 
                            "x" : 34.969, 
                            "y" : 37.519, 
                            "z" : 1.6
                        }, 
                        "1" : {
                            "items" : 2, 
                            "0" : "x", 
                            "1" : "y", 
                            "x" : 34.574, 
                            "y" : 35.575, 
                            "z" : 1.6
                        }, 
                        "2" : {
                            "items" : 2, 
                            "0" : "x", 
                            "1" : "y", 
                            "x" : 35.388, 
                            "y" : 35.644, 
                            "z" : 1.6
                        }, 
                        "type" : "triangular", 
                        "id" : "637067145231227392"
                    }
                }, 
                "polygonal" : {
                    "items" : 0
                }
            }
        }, 
        "substrate" : {
            "items" : 4, 
            "0" : "l", 
            "1" : "w", 
            "2" : "x", 
            "3" : "h", 
            "l" : 73.04, 
            "w" : 84.04299999999999, 
            "h" : 1.6, 
            "x" : -1.114, 
            "y" : -0.814, 
            "permitivitty" : 4.4, 
            "loss" : 0.02, 
            "name" : "FR4"
        }
    }, 
    "fitness" : {
        "items" : 1, 
        "0" : "final", 
        "1" : "freq", 
        "lower" : 0.0, 
        "desired" : 0.14355367492650994, 
        "upper" : 0.0, 
        "area" : 0.6481133627668489, 
        "freq" : 0.10048757244855695, 
        "final" : 0.295304023667728, 
        "dir" : "C:\\Users\\project\\0. My Work\\1. Repositories\\1. Very Unfriendly Train\\Data\\Simulations\\637067113301306496_Primary\\637067145231227392_7\\7.out", 
        "h0" : 0.0025703659214663297, 
        "h1" : 0.2845369839315536
    }, 
    "antenna" : {
        "parameters" : {
            "items" : 6, 
            "0" : "directory", 
            "1" : "feed", 
            "2" : "ground plane", 
            "3" : "radiating plane", 
            "4" : "substrate", 
            "5" : "fitness", 
            "directory" : "", 
            "feed" : {
                "items" : 2, 
                "0" : "center", 
                "1" : "width", 
                "center" : 0.0, 
                "width" : 0.0
            }, 
            "ground plane" : {
                "items" : 5, 
                "0" : "l", 
                "1" : "w", 
                "2" : "x", 
                "3" : "y", 
                "4" : "slots", 
                "l" : 0.0, 
                "w" : 0.0, 
                "x" : 0.0, 
                "h" : 0.0, 
                "slots" : {
                    "items" : 0
                }
            }, 
            "radiating plane" : {
                "items" : 5, 
                "0" : "l", 
                "1" : "w", 
                "2" : "x", 
                "3" : "y", 
                "4" : "slots", 
                "l" : 0.0, 
                "w" : 0.0, 
                "x" : 0.0, 
                "y" : 0.0, 
                "slots" : {
                    "items" : 0
                }
            }, 
            "substrate" : {
                "items" : 8, 
                "0" : "l", 
                "1" : "w", 
                "2" : "h", 
                "3" : "x", 
                "4" : "y", 
                "5" : "permitivitty", 
                "6" : "loss", 
                "7" : "name", 
                "l" : 0.0, 
                "w" : 0.0, 
                "h" : 0.0, 
                "x" : 0.0, 
                "y" : 0.0, 
                "permitivitty" : 0.0, 
                "loss" : 0.0, 
                "name" : ""
            }, 
            "fitness" : {
                "items" : 0
            }
        }, 
        "scalars" : {
            "items" : 4, 
            "0" : "feed", 
            "1" : "ground plane", 
            "2" : "radiating plane", 
            "3" : "substrate", 
            "feed" : {
                "items" : 2, 
                "0" : "center", 
                "1" : "width", 
                "center" : {
                    "region" : 0.0, 
                    "range" : 1.0
                }, 
                "width" : {
                    "region" : 0.9, 
                    "range" : 0.05
                }
            }, 
            "ground plane" : {
                "items" : 5, 
                "0" : "l", 
                "1" : "w", 
                "2" : "x", 
                "3" : "y", 
                "4" : "slots", 
                "l" : {
                    "region" : 0.3, 
                    "range" : 4.0
                }, 
                "w" : {
                    "region" : 0.3, 
                    "range" : 4.0
                }, 
                "x" : {
                    "region" : 0.25, 
                    "range" : 0.4
                }, 
                "y" : {
                    "region" : 0.25, 
                    "range" : 0.4
                }, 
                "slots" : {
                    "items" : 4, 
                    "0" : "square", 
                    "1" : "ellipse", 
                    "2" : "triangle", 
                    "4" : "polygon", 
                    "square" : {
                        "items" : 4, 
                        "0" : "probability", 
                        "1" : "create slot", 
                        "2" : "remove slot", 
                        "3" : "change slot", 
                        "probability" : 0.1, 
                        "create slot" : {
                            "items" : 5, 
                            "0" : "probability", 
                            "1" : "x", 
                            "2" : "y", 
                            "3" : "l", 
                            "4" : "w", 
                            "probability" : 0.95, 
                            "x" : {
                                "region" : 0.5, 
                                "range" : 12.5
                            }, 
                            "y" : {
                                "region" : 0.5, 
                                "range" : 12.5
                            }, 
                            "l" : {
                                "region" : 1.0, 
                                "range" : 12.5
                            }, 
                            "w" : {
                                "region" : 1.0, 
                                "range" : 12.5
                            }
                        }, 
                        "remove slot" : {
                            "items" : 1, 
                            "0" : "probability", 
                            "probability" : 0.25
                        }, 
                        "change slot" : {
                            "items" : 5, 
                            "0" : "probability", 
                            "1" : "x", 
                            "2" : "y", 
                            "3" : "l", 
                            "4" : "w", 
                            "probability" : 0.95, 
                            "x" : {
                                "region" : 0.5, 
                                "range" : 4.256
                            }, 
                            "y" : {
                                "region" : 0.5, 
                                "range" : 4.256
                            }, 
                            "l" : {
                                "region" : 0.5, 
                                "range" : 4.256
                            }, 
                            "w" : {
                                "region" : 0.5, 
                                "range" : 4.256
                            }
                        }
                    }, 
                    "ellipse" : {
                        "items" : 4, 
                        "0" : "probability", 
                        "1" : "create slot", 
                        "2" : "remove slot", 
                        "3" : "change slot", 
                        "probability" : 0.0, 
                        "create slot" : {
                            "items" : 5, 
                            "0" : "probability", 
                            "1" : "x", 
                            "2" : "y", 
                            "3" : "l", 
                            "4" : "w", 
                            "probability" : 0.95, 
                            "x" : {
                                "region" : 0.5, 
                                "range" : 12.5
                            }, 
                            "y" : {
                                "region" : 0.55, 
                                "range" : 12.5
                            }, 
                            "l" : {
                                "region" : 1.0, 
                                "range" : 12.5
                            }, 
                            "w" : {
                                "region" : 1.0, 
                                "range" : 12.5
                            }
                        }, 
                        "remove slot" : {
                            "items" : 1, 
                            "0" : "probability", 
                            "probability" : 0.25
                        }, 
                        "change slot" : {
                            "items" : 5, 
                            "0" : "probability", 
                            "1" : "x", 
                            "2" : "y", 
                            "3" : "l", 
                            "4" : "w", 
                            "probability" : 0.95, 
                            "x" : {
                                "region" : 0.5, 
                                "range" : 4.256
                            }, 
                            "y" : {
                                "region" : 0.5, 
                                "range" : 4.256
                            }, 
                            "l" : {
                                "region" : 0.5, 
                                "range" : 4.256
                            }, 
                            "w" : {
                                "region" : 0.5, 
                                "range" : 4.256
                            }
                        }
                    }, 
                    "triangle" : {
                        "items" : 4, 
                        "0" : "probability", 
                        "1" : "create slot", 
                        "2" : "remove slot", 
                        "3" : "change slot", 
                        "probability" : 0.9, 
                        "create slot" : {
                            "items" : 3, 
                            "0" : "probability", 
                            "1" : "x", 
                            "2" : "y", 
                            "probability" : 0.95, 
                            "x" : {
                                "region" : 0.5, 
                                "range" : 12.5
                            }, 
                            "y" : {
                                "region" : 0.5, 
                                "range" : 12.5
                            }
                        }, 
                        "remove slot" : {
                            "items" : 1, 
                            "0" : "probability", 
                            "probability" : 0.25
                        }, 
                        "change slot" : {
                            "items" : 3, 
                            "0" : "probability", 
                            "1" : "x", 
                            "2" : "y", 
                            "probability" : 0.95, 
                            "x" : {
                                "region" : 0.5, 
                                "range" : 4.256
                            }, 
                            "y" : {
                                "region" : 0.5, 
                                "range" : 4.256
                            }
                        }
                    }, 
                    "polygon" : {
                        "items" : 4, 
                        "0" : "probability", 
                        "1" : "create point", 
                        "2" : "remove point", 
                        "3" : "change point", 
                        "probability" : 0.0, 
                        "create point" : {
                            "items" : 3, 
                            "0" : "probability", 
                            "1" : "x", 
                            "2" : "y", 
                            "probability" : 0.95, 
                            "x" : {
                                "region" : 0.5, 
                                "range" : 12.5
                            }, 
                            "y" : {
                                "region" : 0.5, 
                                "range" : 12.5
                            }
                        }, 
                        "remove point" : {
                            "items" : 1, 
                            "0" : "probability", 
                            "probability" : 0.25
                        }, 
                        "change point" : {
                            "items" : 3, 
                            "0" : "probability", 
                            "1" : "x", 
                            "2" : "y", 
                            "x" : {
                                "region" : 0.0, 
                                "range" : 4.256
                            }, 
                            "y" : {
                                "region" : 0.0, 
                                "range" : 4.256
                            }
                        }
                    }
                }
            }, 
            "radiating plane" : {
                "items" : 5, 
                "0" : "l", 
                "1" : "w", 
                "2" : "x", 
                "3" : "y", 
                "4" : "slots", 
                "l" : {
                    "region" : 0.3, 
                    "range" : 1.75
                }, 
                "w" : {
                    "region" : 0.3, 
                    "range" : 1.75
                }, 
                "x" : {
                    "region" : 0.3, 
                    "range" : 0.75
                }, 
                "y" : {
                    "region" : 0.3, 
                    "range" : 0.75
                }, 
                "slots" : {
                    "items" : 4, 
                    "0" : "square", 
                    "1" : "ellipse", 
                    "2" : "triangle", 
                    "4" : "polygon", 
                    "square" : {
                        "items" : 4, 
                        "0" : "probability", 
                        "1" : "create slot", 
                        "2" : "remove slot", 
                        "3" : "change slot", 
                        "probability" : 0.25, 
                        "create slot" : {
                            "items" : 5, 
                            "0" : "probability", 
                            "1" : "x", 
                            "2" : "y", 
                            "3" : "l", 
                            "4" : "w", 
                            "probability" : 0.25, 
                            "x" : {
                                "region" : 0.5, 
                                "range" : 1.6
                            }, 
                            "y" : {
                                "region" : 0.5, 
                                "range" : 1.6
                            }, 
                            "l" : {
                                "region" : 1.0, 
                                "range" : 1.6
                            }, 
                            "w" : {
                                "region" : 1.0, 
                                "range" : 1.6
                            }
                        }, 
                        "remove slot" : {
                            "items" : 1, 
                            "0" : "probability", 
                            "probability" : 0.2
                        }, 
                        "change slot" : {
                            "items" : 5, 
                            "0" : "probability", 
                            "1" : "x", 
                            "2" : "y", 
                            "3" : "l", 
                            "4" : "w", 
                            "probability" : 0.95, 
                            "x" : {
                                "region" : 0.5, 
                                "range" : 1.6
                            }, 
                            "y" : {
                                "region" : 0.5, 
                                "range" : 1.6
                            }, 
                            "l" : {
                                "region" : 0.5, 
                                "range" : 1.6
                            }, 
                            "w" : {
                                "region" : 0.5, 
                                "range" : 1.6
                            }
                        }
                    }, 
                    "ellipse" : {
                        "items" : 4, 
                        "0" : "probability", 
                        "1" : "create slot", 
                        "2" : "remove slot", 
                        "3" : "change slot", 
                        "probability" : 0.0, 
                        "create slot" : {
                            "items" : 5, 
                            "0" : "probability", 
                            "1" : "x", 
                            "2" : "y", 
                            "3" : "l", 
                            "4" : "w", 
                            "probability" : 0.25, 
                            "x" : {
                                "region" : 0.5, 
                                "range" : 1.6
                            }, 
                            "y" : {
                                "region" : 0.5, 
                                "range" : 1.6
                            }, 
                            "l" : {
                                "region" : 1.0, 
                                "range" : 1.6
                            }, 
                            "w" : {
                                "region" : 1.0, 
                                "range" : 1.6
                            }
                        }, 
                        "remove slot" : {
                            "items" : 1, 
                            "0" : "probability", 
                            "probability" : 0.2
                        }, 
                        "change slot" : {
                            "items" : 5, 
                            "0" : "probability", 
                            "1" : "x", 
                            "2" : "y", 
                            "3" : "l", 
                            "4" : "w", 
                            "probability" : 0.95, 
                            "x" : {
                                "region" : 0.5, 
                                "range" : 1.6
                            }, 
                            "y" : {
                                "region" : 0.5, 
                                "range" : 1.6
                            }, 
                            "l" : {
                                "region" : 0.5, 
                                "range" : 1.6
                            }, 
                            "w" : {
                                "region" : 0.5, 
                                "range" : 1.6
                            }
                        }
                    }, 
                    "triangle" : {
                        "items" : 4, 
                        "0" : "probability", 
                        "1" : "create slot", 
                        "2" : "remove slot", 
                        "3" : "change slot", 
                        "probability" : 0.25, 
                        "create slot" : {
                            "items" : 3, 
                            "0" : "probability", 
                            "1" : "x", 
                            "2" : "y", 
                            "probability" : 0.25, 
                            "x" : {
                                "region" : 0.5, 
                                "range" : 1.6
                            }, 
                            "y" : {
                                "region" : 0.5, 
                                "range" : 1.6
                            }
                        }, 
                        "remove slot" : {
                            "items" : 1, 
                            "0" : "probability", 
                            "probability" : 0.2
                        }, 
                        "change slot" : {
                            "items" : 3, 
                            "0" : "probability", 
                            "1" : "x", 
                            "2" : "y", 
                            "probability" : 0.95, 
                            "x" : {
                                "region" : 0.5, 
                                "range" : 1.6
                            }, 
                            "y" : {
                                "region" : 0.5, 
                                "range" : 1.6
                            }
                        }
                    }, 
                    "polygon" : {
                        "items" : 4, 
                        "0" : "probability", 
                        "1" : "create point", 
                        "2" : "remove point", 
                        "3" : "change point", 
                        "probability" : 0.0, 
                        "create point" : {
                            "items" : 3, 
                            "0" : "probability", 
                            "1" : "x", 
                            "2" : "y", 
                            "probability" : 0.25, 
                            "x" : {
                                "region" : 0.5, 
                                "range" : 1.6
                            }, 
                            "y" : {
                                "region" : 0.5, 
                                "range" : 1.6
                            }
                        }, 
                        "remove point" : {
                            "items" : 1, 
                            "0" : "probability", 
                            "probability" : 0.22
                        }, 
                        "change point" : {
                            "items" : 3, 
                            "0" : "probability", 
                            "1" : "x", 
                            "2" : "y", 
                            "x" : {
                                "region" : 0.5, 
                                "range" : 1.6
                            }, 
                            "y" : {
                                "region" : 0.5, 
                                "range" : 1.6
                            }
                        }
                    }
                }
            }, 
            "substrate" : {
                "items" : 6, 
                "0" : "l", 
                "1" : "w", 
                "2" : "h", 
                "3" : "x", 
                "4" : "y", 
                "6" : "change substrate", 
                "l" : {
                    "region" : 0.0, 
                    "range" : 0.05
                }, 
                "w" : {
                    "region" : 0.0, 
                    "range" : 0.05
                }, 
                "h" : {
                    "region" : 0.0, 
                    "range" : 0.0
                }, 
                "x" : {
                    "region" : 0.0, 
                    "range" : 0.0
                }, 
                "y" : {
                    "region" : 0.0, 
                    "range" : 0.0
                }, 
                "change substrate" : {
                    "region" : 1.0, 
                    "range" : 0.0
                }
            }
        }, 
        "menus" : {
            "items" : 0
        }, 
        "help" : {
            "items" : 0
        }
    }, 
    "natalie" : {
        "parameters" : {
            "items" : 6, 
            "0" : "show output", 
            "1" : "frequency", 
            "2" : "mesh", 
            "3" : "runt", 
            "4" : "trust region", 
            "5" : "nelder mead", 
            "show output" : true, 
            "frequency" : {
                "items" : 4, 
                "0" : "lower frequency offset", 
                "1" : "upper frequency offset", 
                "2" : "samples", 
                "3" : "accuracy check samples", 
                "lower frequency offset" : 6500000.0, 
                "upper frequency offset" : 6500000.0, 
                "samples" : 2, 
                "accuracy check samples" : 2
            }, 
            "mesh" : {
                "items" : 2, 
                "0" : "wire radius", 
                "1" : "size", 
                "wire radius" : 0.001, 
                "size" : "Coarse"
            }, 
            "runt" : {
                "items" : 3, 
                "0" : "parallel", 
                "1" : "run", 
                "2" : "interactive", 
                "parallel" : true, 
                "run" : true, 
                "interactive" : false
            }, 
            "trust region" : {
                "items" : 6, 
                "0" : "primary iterations", 
                "1" : "secondary iterations", 
                "2" : "candidates", 
                "3" : "algorithm region", 
                "4" : "surrogate region", 
                "5" : "retension fall off", 
                "primary iterations" : 75, 
                "secondary iterations" : 75, 
                "candidates" : 10, 
                "algorithm region" : 5, 
                "surrogate region" : 5, 
                "retension fall off" : 2
            }, 
            "nelder mead" : {
                "items" : 0, 
                "0" : "primary iterations", 
                "1" : "secondary iterations", 
                "2" : "time"
            }
        }, 
        "scalars" : {
            "items" : 0
        }, 
        "menus" : {
            "items" : 0
        }, 
        "help" : {
            "items" : 0
        }
    }
}