{
    "geometry" : {
        "items" : 3, 
        "0" : "feed", 
        "1" : "ground plane", 
        "2" : "radiating plane", 
        "feed" : {
            "items" : 2, 
            "0" : "center", 
            "1" : "width", 
            "center" : 53.174, 
            "width" : 1.665
        }, 
        "ground plane" : {
            "items" : 5, 
            "0" : "l", 
            "1" : "w", 
            "2" : "x", 
            "3" : "y", 
            "4" : "slots", 
            "l" : 85.637, 
            "w" : 107.288, 
            "x" : -0.143, 
            "y" : -0.475, 
            "slots" : {
                "items" : 4, 
                "0" : "elliptical", 
                "1" : "rectangular", 
                "2" : "triangular", 
                "3" : "polygonal", 
                "elliptical" : {
                    "items" : 0
                }, 
                "rectangular" : {
                    "items" : 1, 
                    "0" : {
                        "items" : 4, 
                        "0" : "x", 
                        "1" : "y", 
                        "2" : "l", 
                        "3" : "w", 
                        "x" : 55.279, 
                        "y" : 14.406, 
                        "z" : 0.0, 
                        "l" : 19.514, 
                        "w" : 14.71, 
                        "type" : "rectangular", 
                        "id" : "637069883625494656"
                    }
                }, 
                "triangular" : {
                    "items" : 0
                }, 
                "polygonal" : {
                    "items" : 0
                }
            }
        }, 
        "radiating plane" : {
            "items" : 5, 
            "0" : "l", 
            "1" : "w", 
            "2" : "x", 
            "3" : "y", 
            "4" : "slots", 
            "l" : 74.908, 
            "w" : 96.926, 
            "x" : 4.511, 
            "y" : 4.391, 
            "slots" : {
                "items" : 4, 
                "0" : "elliptical", 
                "1" : "rectangular", 
                "2" : "triangular", 
                "3" : "polygonal", 
                "elliptical" : {
                    "items" : 0
                }, 
                "rectangular" : {
                    "items" : 0
                }, 
                "triangular" : {
                    "items" : 0
                }, 
                "polygonal" : {
                    "items" : 0
                }
            }
        }, 
        "substrate" : {
            "items" : 4, 
            "0" : "l", 
            "1" : "w", 
            "2" : "x", 
            "3" : "h", 
            "l" : 85.637, 
            "w" : 107.288, 
            "h" : 1.6, 
            "x" : -0.143, 
            "y" : -0.475, 
            "permitivitty" : 4.4, 
            "loss" : 0.02, 
            "name" : "FR4"
        }
    }, 
    "fitness" : {
        "items" : 1, 
        "0" : "final", 
        "1" : "freq", 
        "lower" : 0.0, 
        "desired" : 1.270090356295304, 
        "upper" : 0.0, 
        "area" : 0.9700659460805486, 
        "freq" : 0.8890632494067128, 
        "final" : 1.6039802379665695, 
        "dir" : "C:\\Users\\project\\0. My Work\\1. Repositories\\1. Very Unfriendly Train\\Data\\Simulations\\637069883427423744_Primary\\637069883625494656_8\\8.out", 
        "f0" : 0.9884318797453678, 
        "g0" : 0.3498516061762601, 
        "f1" : 0.8799616093062593, 
        "g1" : 0.32193561736272075
    }
}