{
    "geometry" : {
        "items" : 3, 
        "0" : "feed", 
        "1" : "ground plane", 
        "2" : "radiating plane", 
        "feed" : {
            "items" : 2, 
            "0" : "center", 
            "1" : "width", 
            "center" : 50.033, 
            "width" : 1.805
        }, 
        "ground plane" : {
            "items" : 5, 
            "0" : "l", 
            "1" : "w", 
            "2" : "x", 
            "3" : "y", 
            "4" : "slots", 
            "l" : 81.147, 
            "w" : 81.995, 
            "x" : -1.055, 
            "y" : 0.269, 
            "slots" : {
                "items" : 4, 
                "0" : "elliptical", 
                "1" : "rectangular", 
                "2" : "triangular", 
                "3" : "polygonal", 
                "elliptical" : {
                    "items" : 0
                }, 
                "rectangular" : {
                    "items" : 2, 
                    "0" : {
                        "items" : 4, 
                        "0" : "x", 
                        "1" : "y", 
                        "2" : "l", 
                        "3" : "w", 
                        "x" : 5.377, 
                        "y" : 47.606, 
                        "z" : 0.0, 
                        "l" : 24.19, 
                        "w" : 19.86, 
                        "type" : "rectangular", 
                        "id" : "637069883625494656"
                    }, 
                    "1" : {
                        "items" : 4, 
                        "0" : "x", 
                        "1" : "y", 
                        "2" : "l", 
                        "3" : "w", 
                        "x" : 63.145, 
                        "y" : 50.404, 
                        "z" : 0.0, 
                        "l" : 1.707, 
                        "w" : 13.667, 
                        "type" : "rectangular", 
                        "id" : "637069887604147200"
                    }
                }, 
                "triangular" : {
                    "items" : 1, 
                    "0" : {
                        "items" : 3, 
                        "0" : {
                            "items" : 2, 
                            "0" : "x", 
                            "1" : "y", 
                            "x" : 36.574, 
                            "y" : 60.361, 
                            "z" : 0.0
                        }, 
                        "1" : {
                            "items" : 2, 
                            "0" : "x", 
                            "1" : "y", 
                            "x" : 46.072, 
                            "y" : 62.256, 
                            "z" : 0.0
                        }, 
                        "2" : {
                            "items" : 2, 
                            "0" : "x", 
                            "1" : "y", 
                            "x" : 27.264, 
                            "y" : 79.696, 
                            "z" : 0.0
                        }, 
                        "type" : "triangular", 
                        "id" : "637069889044476032"
                    }
                }, 
                "polygonal" : {
                    "items" : 0
                }
            }
        }, 
        "radiating plane" : {
            "items" : 5, 
            "0" : "l", 
            "1" : "w", 
            "2" : "x", 
            "3" : "y", 
            "4" : "slots", 
            "l" : 70.981, 
            "w" : 95.389, 
            "x" : 4.019, 
            "y" : 1.138, 
            "slots" : {
                "items" : 4, 
                "0" : "elliptical", 
                "1" : "rectangular", 
                "2" : "triangular", 
                "3" : "polygonal", 
                "elliptical" : {
                    "items" : 0
                }, 
                "rectangular" : {
                    "items" : 0
                }, 
                "triangular" : {
                    "items" : 2, 
                    "0" : {
                        "items" : 3, 
                        "0" : {
                            "items" : 2, 
                            "0" : "x", 
                            "1" : "y", 
                            "x" : 47.258, 
                            "y" : 10.974, 
                            "z" : 1.6
                        }, 
                        "1" : {
                            "items" : 2, 
                            "0" : "x", 
                            "1" : "y", 
                            "x" : 46.511, 
                            "y" : 10.491, 
                            "z" : 1.6
                        }, 
                        "2" : {
                            "items" : 2, 
                            "0" : "x", 
                            "1" : "y", 
                            "x" : 50.619, 
                            "y" : 4.389, 
                            "z" : 1.6
                        }, 
                        "type" : "triangular", 
                        "id" : "637069884857928192"
                    }, 
                    "1" : {
                        "items" : 3, 
                        "0" : {
                            "items" : 2, 
                            "0" : "x", 
                            "1" : "y", 
                            "x" : 30.989, 
                            "y" : 66.21, 
                            "z" : 1.6
                        }, 
                        "1" : {
                            "items" : 2, 
                            "0" : "x", 
                            "1" : "y", 
                            "x" : 31.367, 
                            "y" : 64.603, 
                            "z" : 1.6
                        }, 
                        "2" : {
                            "items" : 2, 
                            "0" : "x", 
                            "1" : "y", 
                            "x" : 31.772, 
                            "y" : 67.554, 
                            "z" : 1.6
                        }, 
                        "type" : "triangular", 
                        "id" : "637069889044476032"
                    }
                }, 
                "polygonal" : {
                    "items" : 0
                }
            }
        }, 
        "substrate" : {
            "items" : 4, 
            "0" : "l", 
            "1" : "w", 
            "2" : "x", 
            "3" : "h", 
            "l" : 81.147, 
            "w" : 96.30799999999999, 
            "h" : 1.6, 
            "x" : -1.055, 
            "y" : 0.269, 
            "permitivitty" : 4.4, 
            "loss" : 0.02, 
            "name" : "FR4"
        }
    }, 
    "fitness" : {
        "items" : 1, 
        "0" : "final", 
        "1" : "freq", 
        "lower" : 0.0, 
        "desired" : 1.2926574826496178, 
        "upper" : 0.0, 
        "area" : 0.8251321278341893, 
        "freq" : 0.9048602378547324, 
        "final" : 1.3113089562459013, 
        "dir" : "C:\\Users\\project\\0. My Work\\1. Repositories\\1. Very Unfriendly Train\\Data\\Simulations\\637069883427423744_Primary\\637069889044476032_4\\4.out", 
        "f0" : 0.9883998198841747, 
        "g0" : 0.3779207393370865, 
        "f1" : 0.8789935099561386, 
        "g1" : 0.3400008961218358
    }
}