{
    "geometry" : {
        "items" : 3, 
        "0" : "feed", 
        "1" : "ground plane", 
        "2" : "radiating plane", 
        "feed" : {
            "items" : 2, 
            "0" : "center", 
            "1" : "width", 
            "center" : 48.465, 
            "width" : 1.981
        }, 
        "ground plane" : {
            "items" : 5, 
            "0" : "l", 
            "1" : "w", 
            "2" : "x", 
            "3" : "y", 
            "4" : "slots", 
            "l" : 78.04299999999999, 
            "w" : 83.423, 
            "x" : -3.026, 
            "y" : 0.041, 
            "slots" : {
                "items" : 4, 
                "0" : "elliptical", 
                "1" : "rectangular", 
                "2" : "triangular", 
                "3" : "polygonal", 
                "elliptical" : {
                    "items" : 0
                }, 
                "rectangular" : {
                    "items" : 4, 
                    "0" : {
                        "items" : 4, 
                        "0" : "x", 
                        "1" : "y", 
                        "2" : "l", 
                        "3" : "w", 
                        "x" : 10.698, 
                        "y" : 52.279, 
                        "z" : 0.0, 
                        "l" : 16.32, 
                        "w" : 24.951, 
                        "type" : "rectangular", 
                        "id" : "637069883625494656"
                    }, 
                    "1" : {
                        "items" : 4, 
                        "0" : "x", 
                        "1" : "y", 
                        "2" : "l", 
                        "3" : "w", 
                        "x" : -11.212, 
                        "y" : 62.657, 
                        "z" : 0.0, 
                        "l" : 3.075, 
                        "w" : 14.834, 
                        "type" : "rectangular", 
                        "id" : "637069893125156992"
                    }, 
                    "2" : {
                        "items" : 4, 
                        "0" : "x", 
                        "1" : "y", 
                        "2" : "l", 
                        "3" : "w", 
                        "x" : 83.082, 
                        "y" : 20.632, 
                        "z" : 0.0, 
                        "l" : 2.915, 
                        "w" : 5.022, 
                        "type" : "rectangular", 
                        "id" : "637069896005827584"
                    }, 
                    "3" : {
                        "items" : 4, 
                        "0" : "x", 
                        "1" : "y", 
                        "2" : "l", 
                        "3" : "w", 
                        "x" : 26.634, 
                        "y" : 16.889, 
                        "z" : 0.0, 
                        "l" : 8.097, 
                        "w" : 23.919, 
                        "type" : "rectangular", 
                        "id" : "637069899058942848"
                    }
                }, 
                "triangular" : {
                    "items" : 1, 
                    "0" : {
                        "items" : 3, 
                        "0" : {
                            "items" : 2, 
                            "0" : "x", 
                            "1" : "y", 
                            "x" : 16.861, 
                            "y" : 42.053, 
                            "z" : 0.0
                        }, 
                        "1" : {
                            "items" : 2, 
                            "0" : "x", 
                            "1" : "y", 
                            "x" : 29.683, 
                            "y" : 57.693, 
                            "z" : 0.0
                        }, 
                        "2" : {
                            "items" : 2, 
                            "0" : "x", 
                            "1" : "y", 
                            "x" : 17.951, 
                            "y" : 65.302, 
                            "z" : 0.0
                        }, 
                        "type" : "triangular", 
                        "id" : "637069890396741120"
                    }
                }, 
                "polygonal" : {
                    "items" : 0
                }
            }
        }, 
        "radiating plane" : {
            "items" : 5, 
            "0" : "l", 
            "1" : "w", 
            "2" : "x", 
            "3" : "y", 
            "4" : "slots", 
            "l" : 67.761, 
            "w" : 92.278, 
            "x" : 7.206, 
            "y" : 0.248, 
            "slots" : {
                "items" : 4, 
                "0" : "elliptical", 
                "1" : "rectangular", 
                "2" : "triangular", 
                "3" : "polygonal", 
                "elliptical" : {
                    "items" : 0
                }, 
                "rectangular" : {
                    "items" : 1, 
                    "0" : {
                        "items" : 4, 
                        "0" : "x", 
                        "1" : "y", 
                        "2" : "l", 
                        "3" : "w", 
                        "x" : 56.829, 
                        "y" : 58.012, 
                        "z" : 1.6, 
                        "l" : 0.979, 
                        "w" : 3.441, 
                        "type" : "rectangular", 
                        "id" : "637069899058942848"
                    }
                }, 
                "triangular" : {
                    "items" : 1, 
                    "0" : {
                        "items" : 3, 
                        "0" : {
                            "items" : 2, 
                            "0" : "x", 
                            "1" : "y", 
                            "x" : 51.829, 
                            "y" : 12.546, 
                            "z" : 1.6
                        }, 
                        "1" : {
                            "items" : 2, 
                            "0" : "x", 
                            "1" : "y", 
                            "x" : 54.2, 
                            "y" : 14.711, 
                            "z" : 1.6
                        }, 
                        "2" : {
                            "items" : 2, 
                            "0" : "x", 
                            "1" : "y", 
                            "x" : 48.22, 
                            "y" : 3.739, 
                            "z" : 1.6
                        }, 
                        "type" : "triangular", 
                        "id" : "637069884857928192"
                    }
                }, 
                "polygonal" : {
                    "items" : 0
                }
            }
        }, 
        "substrate" : {
            "items" : 4, 
            "0" : "l", 
            "1" : "w", 
            "2" : "x", 
            "3" : "h", 
            "l" : 78.04299999999999, 
            "w" : 92.53500000000001, 
            "h" : 1.6, 
            "x" : -3.026, 
            "y" : 0.041, 
            "permitivitty" : 4.4, 
            "loss" : 0.02, 
            "name" : "FR4"
        }
    }, 
    "fitness" : {
        "items" : 1, 
        "0" : "final", 
        "1" : "freq", 
        "lower" : 0.0, 
        "desired" : 1.3979382879760194, 
        "upper" : 0.0, 
        "area" : 0.7624803387095122, 
        "freq" : 0.9785568015832135, 
        "final" : 1.1956063494314593, 
        "dir" : "C:\\Users\\project\\0. My Work\\1. Repositories\\1. Very Unfriendly Train\\Data\\Simulations\\637069883427423744_Primary\\637069899058942848_6\\6.out", 
        "f0" : 0.9804006837119044, 
        "g0" : 0.4190581389658283, 
        "f1" : 0.9923131933040019, 
        "g1" : 0.4041045599703042
    }
}