{
    "geometry" : {
        "items" : 3, 
        "0" : "feed", 
        "1" : "ground plane", 
        "2" : "radiating plane", 
        "feed" : {
            "items" : 2, 
            "0" : "center", 
            "1" : "width", 
            "center" : 39.441, 
            "width" : 2.129
        }, 
        "ground plane" : {
            "items" : 5, 
            "0" : "l", 
            "1" : "w", 
            "2" : "x", 
            "3" : "y", 
            "4" : "slots", 
            "l" : 75.339, 
            "w" : 77.791, 
            "x" : -4.278, 
            "y" : -0.949, 
            "slots" : {
                "items" : 4, 
                "0" : "elliptical", 
                "1" : "rectangular", 
                "2" : "triangular", 
                "3" : "polygonal", 
                "elliptical" : {
                    "items" : 0
                }, 
                "rectangular" : {
                    "items" : 7, 
                    "0" : {
                        "items" : 4, 
                        "0" : "x", 
                        "1" : "y", 
                        "2" : "l", 
                        "3" : "w", 
                        "x" : 4.295, 
                        "y" : 48.656, 
                        "z" : 0.0, 
                        "l" : 21.999, 
                        "w" : 23.155, 
                        "type" : "rectangular", 
                        "id" : "637069883625494656"
                    }, 
                    "1" : {
                        "items" : 4, 
                        "0" : "x", 
                        "1" : "y", 
                        "2" : "l", 
                        "3" : "w", 
                        "x" : 59.345, 
                        "y" : 54.864, 
                        "z" : 0.0, 
                        "l" : 7.529, 
                        "w" : 2.577, 
                        "type" : "rectangular", 
                        "id" : "637069887604147200"
                    }, 
                    "2" : {
                        "items" : 4, 
                        "0" : "x", 
                        "1" : "y", 
                        "2" : "l", 
                        "3" : "w", 
                        "x" : -13.358, 
                        "y" : 61.611, 
                        "z" : 0.0, 
                        "l" : 9.166, 
                        "w" : 14.653, 
                        "type" : "rectangular", 
                        "id" : "637069893125156992"
                    }, 
                    "3" : {
                        "items" : 4, 
                        "0" : "x", 
                        "1" : "y", 
                        "2" : "l", 
                        "3" : "w", 
                        "x" : 78.304, 
                        "y" : 8.653, 
                        "z" : 0.0, 
                        "l" : 4.069, 
                        "w" : 18.869, 
                        "type" : "rectangular", 
                        "id" : "637069896005827584"
                    }, 
                    "4" : {
                        "items" : 4, 
                        "0" : "x", 
                        "1" : "y", 
                        "2" : "l", 
                        "3" : "w", 
                        "x" : 59.23, 
                        "y" : 59.159, 
                        "z" : 0.0, 
                        "l" : 7.733, 
                        "w" : 13.452, 
                        "type" : "rectangular", 
                        "id" : "637069909225627776"
                    }, 
                    "5" : {
                        "items" : 4, 
                        "0" : "x", 
                        "1" : "y", 
                        "2" : "l", 
                        "3" : "w", 
                        "x" : 51.787, 
                        "y" : 39.02, 
                        "z" : 0.0, 
                        "l" : 14.974, 
                        "w" : 6.829, 
                        "type" : "rectangular", 
                        "id" : "637069919821755904"
                    }, 
                    "6" : {
                        "items" : 4, 
                        "0" : "x", 
                        "1" : "y", 
                        "2" : "l", 
                        "3" : "w", 
                        "x" : 46.043, 
                        "y" : -5.695, 
                        "z" : 0.0, 
                        "l" : 7.684, 
                        "w" : 20.024, 
                        "type" : "rectangular", 
                        "id" : "637069926419937920"
                    }
                }, 
                "triangular" : {
                    "items" : 5, 
                    "0" : {
                        "items" : 3, 
                        "0" : {
                            "items" : 2, 
                            "0" : "x", 
                            "1" : "y", 
                            "x" : 9.794, 
                            "y" : 57.857, 
                            "z" : 0.0
                        }, 
                        "1" : {
                            "items" : 2, 
                            "0" : "x", 
                            "1" : "y", 
                            "x" : 38.414, 
                            "y" : 53.007, 
                            "z" : 0.0
                        }, 
                        "2" : {
                            "items" : 2, 
                            "0" : "x", 
                            "1" : "y", 
                            "x" : 26.51, 
                            "y" : 57.324, 
                            "z" : 0.0
                        }, 
                        "type" : "triangular", 
                        "id" : "637069890396741120"
                    }, 
                    "1" : {
                        "items" : 3, 
                        "0" : {
                            "items" : 2, 
                            "0" : "x", 
                            "1" : "y", 
                            "x" : 12.747, 
                            "y" : 49.043, 
                            "z" : 0.0
                        }, 
                        "1" : {
                            "items" : 2, 
                            "0" : "x", 
                            "1" : "y", 
                            "x" : 15.707, 
                            "y" : 64.57, 
                            "z" : 0.0
                        }, 
                        "2" : {
                            "items" : 2, 
                            "0" : "x", 
                            "1" : "y", 
                            "x" : 32.063, 
                            "y" : 54.225, 
                            "z" : 0.0
                        }, 
                        "type" : "triangular", 
                        "id" : "637069899058942848"
                    }, 
                    "2" : {
                        "items" : 3, 
                        "0" : {
                            "items" : 2, 
                            "0" : "x", 
                            "1" : "y", 
                            "x" : 35.806, 
                            "y" : 29.635, 
                            "z" : 0.0
                        }, 
                        "1" : {
                            "items" : 2, 
                            "0" : "x", 
                            "1" : "y", 
                            "x" : 23.691, 
                            "y" : 15.722, 
                            "z" : 0.0
                        }, 
                        "2" : {
                            "items" : 2, 
                            "0" : "x", 
                            "1" : "y", 
                            "x" : 24.984, 
                            "y" : 40.743, 
                            "z" : 0.0
                        }, 
                        "type" : "triangular", 
                        "id" : "637069902228603136"
                    }, 
                    "3" : {
                        "items" : 3, 
                        "0" : {
                            "items" : 2, 
                            "0" : "x", 
                            "1" : "y", 
                            "x" : 12.639, 
                            "y" : 66.058, 
                            "z" : 0.0
                        }, 
                        "1" : {
                            "items" : 2, 
                            "0" : "x", 
                            "1" : "y", 
                            "x" : 38.145, 
                            "y" : 75.587, 
                            "z" : 0.0
                        }, 
                        "2" : {
                            "items" : 2, 
                            "0" : "x", 
                            "1" : "y", 
                            "x" : 36.406, 
                            "y" : 73.899, 
                            "z" : 0.0
                        }, 
                        "type" : "triangular", 
                        "id" : "637069910843271296"
                    }, 
                    "4" : {
                        "items" : 3, 
                        "0" : {
                            "items" : 2, 
                            "0" : "x", 
                            "1" : "y", 
                            "x" : 40.841, 
                            "y" : 22.981, 
                            "z" : 0.0
                        }, 
                        "1" : {
                            "items" : 2, 
                            "0" : "x", 
                            "1" : "y", 
                            "x" : 41.496, 
                            "y" : 6.842, 
                            "z" : 0.0
                        }, 
                        "2" : {
                            "items" : 2, 
                            "0" : "x", 
                            "1" : "y", 
                            "x" : 44.189, 
                            "y" : 28.729, 
                            "z" : 0.0
                        }, 
                        "type" : "triangular", 
                        "id" : "637069921598112000"
                    }
                }, 
                "polygonal" : {
                    "items" : 0
                }
            }
        }, 
        "radiating plane" : {
            "items" : 5, 
            "0" : "l", 
            "1" : "w", 
            "2" : "x", 
            "3" : "y", 
            "4" : "slots", 
            "l" : 66.016, 
            "w" : 81.554, 
            "x" : 3.576, 
            "y" : -3.837, 
            "slots" : {
                "items" : 4, 
                "0" : "elliptical", 
                "1" : "rectangular", 
                "2" : "triangular", 
                "3" : "polygonal", 
                "elliptical" : {
                    "items" : 0
                }, 
                "rectangular" : {
                    "items" : 2, 
                    "0" : {
                        "items" : 4, 
                        "0" : "x", 
                        "1" : "y", 
                        "2" : "l", 
                        "3" : "w", 
                        "x" : 35.071, 
                        "y" : 81.644, 
                        "z" : 1.6, 
                        "l" : 0.818, 
                        "w" : 2.644, 
                        "type" : "rectangular", 
                        "id" : "637069909225627776"
                    }, 
                    "1" : {
                        "items" : 4, 
                        "0" : "x", 
                        "1" : "y", 
                        "2" : "l", 
                        "3" : "w", 
                        "x" : 57.818, 
                        "y" : 4.014, 
                        "z" : 1.6, 
                        "l" : 2.832, 
                        "w" : 0.915, 
                        "type" : "rectangular", 
                        "id" : "637069910843271296"
                    }
                }, 
                "triangular" : {
                    "items" : 2, 
                    "0" : {
                        "items" : 3, 
                        "0" : {
                            "items" : 2, 
                            "0" : "x", 
                            "1" : "y", 
                            "x" : 53.01, 
                            "y" : 78.57, 
                            "z" : 1.6
                        }, 
                        "1" : {
                            "items" : 2, 
                            "0" : "x", 
                            "1" : "y", 
                            "x" : 51.099, 
                            "y" : 79.909, 
                            "z" : 1.6
                        }, 
                        "2" : {
                            "items" : 2, 
                            "0" : "x", 
                            "1" : "y", 
                            "x" : 55.152, 
                            "y" : 78.299, 
                            "z" : 1.6
                        }, 
                        "type" : "triangular", 
                        "id" : "637069919821755904"
                    }, 
                    "1" : {
                        "items" : 3, 
                        "0" : {
                            "items" : 2, 
                            "0" : "x", 
                            "1" : "y", 
                            "x" : 22.356, 
                            "y" : 10.939, 
                            "z" : 1.6
                        }, 
                        "1" : {
                            "items" : 2, 
                            "0" : "x", 
                            "1" : "y", 
                            "x" : 24.053, 
                            "y" : 9.39, 
                            "z" : 1.6
                        }, 
                        "2" : {
                            "items" : 2, 
                            "0" : "x", 
                            "1" : "y", 
                            "x" : 23.946, 
                            "y" : 10.261, 
                            "z" : 1.6
                        }, 
                        "type" : "triangular", 
                        "id" : "637069921598112000"
                    }
                }, 
                "polygonal" : {
                    "items" : 0
                }
            }
        }, 
        "substrate" : {
            "items" : 4, 
            "0" : "l", 
            "1" : "w", 
            "2" : "x", 
            "3" : "h", 
            "l" : 75.339, 
            "w" : 81.604, 
            "h" : 1.6, 
            "x" : -4.278, 
            "y" : -3.837, 
            "permitivitty" : 4.4, 
            "loss" : 0.02, 
            "name" : "FR4"
        }
    }, 
    "fitness" : {
        "items" : 1, 
        "0" : "final", 
        "1" : "freq", 
        "lower" : 0.0, 
        "desired" : 1.4999351593295838, 
        "upper" : 0.0, 
        "area" : 0.6491124862277229, 
        "freq" : 1.0499546115307086, 
        "final" : 0.9027584778657723, 
        "dir" : "C:\\Users\\project\\0. My Work\\1. Repositories\\1. Very Unfriendly Train\\Data\\Simulations\\637069883427423744_Primary\\637069926419937920_7\\7.out", 
        "f0" : 0.9901722282564998, 
        "g0" : 0.5181776009937449, 
        "f1" : 0.9931543091438665, 
        "g1" : 0.4983661802650564
    }
}