{
    "geometry" : {
        "items" : 3, 
        "0" : "feed", 
        "1" : "ground plane", 
        "2" : "radiating plane", 
        "feed" : {
            "items" : 2, 
            "0" : "center", 
            "1" : "width", 
            "center" : 42.234, 
            "width" : 2.083
        }, 
        "ground plane" : {
            "items" : 5, 
            "0" : "l", 
            "1" : "w", 
            "2" : "x", 
            "3" : "y", 
            "4" : "slots", 
            "l" : 76.018, 
            "w" : 80.092, 
            "x" : -3.603, 
            "y" : -0.013, 
            "slots" : {
                "items" : 4, 
                "0" : "elliptical", 
                "1" : "rectangular", 
                "2" : "triangular", 
                "3" : "polygonal", 
                "elliptical" : {
                    "items" : 0
                }, 
                "rectangular" : {
                    "items" : 6, 
                    "0" : {
                        "items" : 4, 
                        "0" : "x", 
                        "1" : "y", 
                        "2" : "l", 
                        "3" : "w", 
                        "x" : 11.053, 
                        "y" : 45.983, 
                        "z" : 0.0, 
                        "l" : 14.095, 
                        "w" : 23.191, 
                        "type" : "rectangular", 
                        "id" : "637069883625494656"
                    }, 
                    "1" : {
                        "items" : 4, 
                        "0" : "x", 
                        "1" : "y", 
                        "2" : "l", 
                        "3" : "w", 
                        "x" : 58.927, 
                        "y" : 52.828, 
                        "z" : 0.0, 
                        "l" : 6.816, 
                        "w" : 9.386, 
                        "type" : "rectangular", 
                        "id" : "637069887604147200"
                    }, 
                    "2" : {
                        "items" : 4, 
                        "0" : "x", 
                        "1" : "y", 
                        "2" : "l", 
                        "3" : "w", 
                        "x" : -16.621, 
                        "y" : 60.517, 
                        "z" : 0.0, 
                        "l" : 10.072, 
                        "w" : 5.588, 
                        "type" : "rectangular", 
                        "id" : "637069893125156992"
                    }, 
                    "3" : {
                        "items" : 4, 
                        "0" : "x", 
                        "1" : "y", 
                        "2" : "l", 
                        "3" : "w", 
                        "x" : 75.49, 
                        "y" : 6.228, 
                        "z" : 0.0, 
                        "l" : 0.126, 
                        "w" : 9.744, 
                        "type" : "rectangular", 
                        "id" : "637069896005827584"
                    }, 
                    "4" : {
                        "items" : 4, 
                        "0" : "x", 
                        "1" : "y", 
                        "2" : "l", 
                        "3" : "w", 
                        "x" : 68.494, 
                        "y" : 63.83, 
                        "z" : 0.0, 
                        "l" : 6.325, 
                        "w" : 25.518, 
                        "type" : "rectangular", 
                        "id" : "637069909225627776"
                    }, 
                    "5" : {
                        "items" : 4, 
                        "0" : "x", 
                        "1" : "y", 
                        "2" : "l", 
                        "3" : "w", 
                        "x" : 23.769, 
                        "y" : 57.156, 
                        "z" : 0.0, 
                        "l" : 19.703, 
                        "w" : 14.925, 
                        "type" : "rectangular", 
                        "id" : "637069916207980416"
                    }
                }, 
                "triangular" : {
                    "items" : 4, 
                    "0" : {
                        "items" : 3, 
                        "0" : {
                            "items" : 2, 
                            "0" : "x", 
                            "1" : "y", 
                            "x" : 6.804, 
                            "y" : 55.458, 
                            "z" : 0.0
                        }, 
                        "1" : {
                            "items" : 2, 
                            "0" : "x", 
                            "1" : "y", 
                            "x" : 36.715, 
                            "y" : 55.741, 
                            "z" : 0.0
                        }, 
                        "2" : {
                            "items" : 2, 
                            "0" : "x", 
                            "1" : "y", 
                            "x" : 26.116, 
                            "y" : 59.409, 
                            "z" : 0.0
                        }, 
                        "type" : "triangular", 
                        "id" : "637069890396741120"
                    }, 
                    "1" : {
                        "items" : 3, 
                        "0" : {
                            "items" : 2, 
                            "0" : "x", 
                            "1" : "y", 
                            "x" : 14.612, 
                            "y" : 46.356, 
                            "z" : 0.0
                        }, 
                        "1" : {
                            "items" : 2, 
                            "0" : "x", 
                            "1" : "y", 
                            "x" : 20.526, 
                            "y" : 67.451, 
                            "z" : 0.0
                        }, 
                        "2" : {
                            "items" : 2, 
                            "0" : "x", 
                            "1" : "y", 
                            "x" : 29.142, 
                            "y" : 50.133, 
                            "z" : 0.0
                        }, 
                        "type" : "triangular", 
                        "id" : "637069899058942848"
                    }, 
                    "2" : {
                        "items" : 3, 
                        "0" : {
                            "items" : 2, 
                            "0" : "x", 
                            "1" : "y", 
                            "x" : 37.842, 
                            "y" : 29.711, 
                            "z" : 0.0
                        }, 
                        "1" : {
                            "items" : 2, 
                            "0" : "x", 
                            "1" : "y", 
                            "x" : 22.325, 
                            "y" : 20.828, 
                            "z" : 0.0
                        }, 
                        "2" : {
                            "items" : 2, 
                            "0" : "x", 
                            "1" : "y", 
                            "x" : 19.592, 
                            "y" : 33.611, 
                            "z" : 0.0
                        }, 
                        "type" : "triangular", 
                        "id" : "637069902228603136"
                    }, 
                    "3" : {
                        "items" : 3, 
                        "0" : {
                            "items" : 2, 
                            "0" : "x", 
                            "1" : "y", 
                            "x" : 16.623, 
                            "y" : 60.979, 
                            "z" : 0.0
                        }, 
                        "1" : {
                            "items" : 2, 
                            "0" : "x", 
                            "1" : "y", 
                            "x" : 39.756, 
                            "y" : 74.165, 
                            "z" : 0.0
                        }, 
                        "2" : {
                            "items" : 2, 
                            "0" : "x", 
                            "1" : "y", 
                            "x" : 37.546, 
                            "y" : 75.832, 
                            "z" : 0.0
                        }, 
                        "type" : "triangular", 
                        "id" : "637069910843271296"
                    }
                }, 
                "polygonal" : {
                    "items" : 0
                }
            }
        }, 
        "radiating plane" : {
            "items" : 5, 
            "0" : "l", 
            "1" : "w", 
            "2" : "x", 
            "3" : "y", 
            "4" : "slots", 
            "l" : 65.083, 
            "w" : 86.919, 
            "x" : 4.272, 
            "y" : -3.678, 
            "slots" : {
                "items" : 4, 
                "0" : "elliptical", 
                "1" : "rectangular", 
                "2" : "triangular", 
                "3" : "polygonal", 
                "elliptical" : {
                    "items" : 0
                }, 
                "rectangular" : {
                    "items" : 2, 
                    "0" : {
                        "items" : 4, 
                        "0" : "x", 
                        "1" : "y", 
                        "2" : "l", 
                        "3" : "w", 
                        "x" : 36.893, 
                        "y" : 82.62, 
                        "z" : 1.6, 
                        "l" : 2.59, 
                        "w" : 3.134, 
                        "type" : "rectangular", 
                        "id" : "637069909225627776"
                    }, 
                    "1" : {
                        "items" : 4, 
                        "0" : "x", 
                        "1" : "y", 
                        "2" : "l", 
                        "3" : "w", 
                        "x" : 52.75, 
                        "y" : 4.092, 
                        "z" : 1.6, 
                        "l" : 2.784, 
                        "w" : 1.793, 
                        "type" : "rectangular", 
                        "id" : "637069910843271296"
                    }
                }, 
                "triangular" : {
                    "items" : 1, 
                    "0" : {
                        "items" : 3, 
                        "0" : {
                            "items" : 2, 
                            "0" : "x", 
                            "1" : "y", 
                            "x" : 27.241, 
                            "y" : 89.875, 
                            "z" : 1.6
                        }, 
                        "1" : {
                            "items" : 2, 
                            "0" : "x", 
                            "1" : "y", 
                            "x" : 24.185, 
                            "y" : 89.991, 
                            "z" : 1.6
                        }, 
                        "2" : {
                            "items" : 2, 
                            "0" : "x", 
                            "1" : "y", 
                            "x" : 25.799, 
                            "y" : 91.626, 
                            "z" : 1.6
                        }, 
                        "type" : "triangular", 
                        "id" : "637069916207980416"
                    }
                }, 
                "polygonal" : {
                    "items" : 0
                }
            }
        }, 
        "substrate" : {
            "items" : 4, 
            "0" : "l", 
            "1" : "w", 
            "2" : "x", 
            "3" : "h", 
            "l" : 76.018, 
            "w" : 86.969, 
            "h" : 1.6, 
            "x" : -3.603, 
            "y" : -3.678, 
            "permitivitty" : 4.4, 
            "loss" : 0.02, 
            "name" : "FR4"
        }
    }, 
    "fitness" : {
        "items" : 1, 
        "0" : "final", 
        "1" : "freq", 
        "lower" : 0.0, 
        "desired" : 0.924381730167567, 
        "upper" : 0.0, 
        "area" : 0.6980227548805374, 
        "freq" : 0.6470672111172968, 
        "final" : 0.7383817520205574, 
        "dir" : "C:\\Users\\project\\0. My Work\\1. Repositories\\1. Very Unfriendly Train\\Data\\Simulations\\637069883427423744_Primary\\637069916208136960_8\\8.out", 
        "f0" : 0.9756474958940382, 
        "g0" : 0.4450860372115468, 
        "f1" : 0.0051037308573381, 
        "g1" : 0.42292619637221085
    }
}