{
    "geometry" : {
        "items" : 3, 
        "0" : "feed", 
        "1" : "ground plane", 
        "2" : "radiating plane", 
        "feed" : {
            "items" : 2, 
            "0" : "center", 
            "1" : "width", 
            "center" : 48.952, 
            "width" : 1.894
        }, 
        "ground plane" : {
            "items" : 5, 
            "0" : "l", 
            "1" : "w", 
            "2" : "x", 
            "3" : "y", 
            "4" : "slots", 
            "l" : 88.142, 
            "w" : 87.017, 
            "x" : -1.004, 
            "y" : -0.284, 
            "slots" : {
                "items" : 4, 
                "0" : "elliptical", 
                "1" : "rectangular", 
                "2" : "triangular", 
                "3" : "polygonal", 
                "elliptical" : {
                    "items" : 0
                }, 
                "rectangular" : {
                    "items" : 2, 
                    "0" : {
                        "items" : 4, 
                        "0" : "x", 
                        "1" : "y", 
                        "2" : "l", 
                        "3" : "w", 
                        "x" : 64.278, 
                        "y" : 41.104, 
                        "z" : 0.0, 
                        "l" : 1.856, 
                        "w" : 12.769, 
                        "type" : "rectangular", 
                        "id" : "637069887604147200"
                    }, 
                    "1" : {
                        "items" : 4, 
                        "0" : "x", 
                        "1" : "y", 
                        "2" : "l", 
                        "3" : "w", 
                        "x" : 41.089, 
                        "y" : 58.293, 
                        "z" : 0.0, 
                        "l" : 32.322, 
                        "w" : 13.957, 
                        "type" : "rectangular", 
                        "id" : "637069890396741120"
                    }
                }, 
                "triangular" : {
                    "items" : 0
                }, 
                "polygonal" : {
                    "items" : 0
                }
            }
        }, 
        "radiating plane" : {
            "items" : 5, 
            "0" : "l", 
            "1" : "w", 
            "2" : "x", 
            "3" : "y", 
            "4" : "slots", 
            "l" : 73.751, 
            "w" : 95.916, 
            "x" : 5.103, 
            "y" : 1.344, 
            "slots" : {
                "items" : 4, 
                "0" : "elliptical", 
                "1" : "rectangular", 
                "2" : "triangular", 
                "3" : "polygonal", 
                "elliptical" : {
                    "items" : 0
                }, 
                "rectangular" : {
                    "items" : 1, 
                    "0" : {
                        "items" : 4, 
                        "0" : "x", 
                        "1" : "y", 
                        "2" : "l", 
                        "3" : "w", 
                        "x" : 24.625, 
                        "y" : 62.631, 
                        "z" : 1.6, 
                        "l" : 5.46, 
                        "w" : 5.042, 
                        "type" : "rectangular", 
                        "id" : "637069890396741120"
                    }
                }, 
                "triangular" : {
                    "items" : 0
                }, 
                "polygonal" : {
                    "items" : 0
                }
            }
        }, 
        "substrate" : {
            "items" : 4, 
            "0" : "l", 
            "1" : "w", 
            "2" : "x", 
            "3" : "h", 
            "l" : 88.142, 
            "w" : 97.594, 
            "h" : 1.6, 
            "x" : -1.004, 
            "y" : -0.284, 
            "permitivitty" : 4.4, 
            "loss" : 0.02, 
            "name" : "FR4"
        }
    }, 
    "fitness" : {
        "items" : 1, 
        "0" : "final", 
        "1" : "freq", 
        "lower" : 0.0, 
        "desired" : 0.8259081401929227, 
        "upper" : 0.0, 
        "area" : 0.9082275756092187, 
        "freq" : 0.5781356981350458, 
        "final" : 1.135777910695153, 
        "dir" : "C:\\Users\\project\\0. My Work\\1. Repositories\\1. Very Unfriendly Train\\Data\\Simulations\\637069883427423744_Primary\\637069890396741120_4\\4.out", 
        "f0" : 0.7986695994011425, 
        "g0" : 0.25946280934655563, 
        "f1" : 0.3682961475004239, 
        "g1" : 0.22538772413772348
    }
}