{
    "geometry" : {
        "items" : 3, 
        "0" : "feed", 
        "1" : "ground plane", 
        "2" : "radiating plane", 
        "feed" : {
            "items" : 2, 
            "0" : "center", 
            "1" : "width", 
            "center" : 50.616, 
            "width" : 1.818
        }, 
        "ground plane" : {
            "items" : 5, 
            "0" : "l", 
            "1" : "w", 
            "2" : "x", 
            "3" : "y", 
            "4" : "slots", 
            "l" : 81.962, 
            "w" : 90.202, 
            "x" : -1.556, 
            "y" : -0.377, 
            "slots" : {
                "items" : 4, 
                "0" : "elliptical", 
                "1" : "rectangular", 
                "2" : "triangular", 
                "3" : "polygonal", 
                "elliptical" : {
                    "items" : 0
                }, 
                "rectangular" : {
                    "items" : 2, 
                    "0" : {
                        "items" : 4, 
                        "0" : "x", 
                        "1" : "y", 
                        "2" : "l", 
                        "3" : "w", 
                        "x" : 10.383, 
                        "y" : 52.066, 
                        "z" : 0.0, 
                        "l" : 21.845, 
                        "w" : 13.891, 
                        "type" : "rectangular", 
                        "id" : "637069883625494656"
                    }, 
                    "1" : {
                        "items" : 4, 
                        "0" : "x", 
                        "1" : "y", 
                        "2" : "l", 
                        "3" : "w", 
                        "x" : 64.463, 
                        "y" : 49.314, 
                        "z" : 0.0, 
                        "l" : 12.413, 
                        "w" : 20.385, 
                        "type" : "rectangular", 
                        "id" : "637069887604147200"
                    }
                }, 
                "triangular" : {
                    "items" : 1, 
                    "0" : {
                        "items" : 3, 
                        "0" : {
                            "items" : 2, 
                            "0" : "x", 
                            "1" : "y", 
                            "x" : 52.513, 
                            "y" : 47.062, 
                            "z" : 0.0
                        }, 
                        "1" : {
                            "items" : 2, 
                            "0" : "x", 
                            "1" : "y", 
                            "x" : 51.046, 
                            "y" : 40.524, 
                            "z" : 0.0
                        }, 
                        "2" : {
                            "items" : 2, 
                            "0" : "x", 
                            "1" : "y", 
                            "x" : 54.287, 
                            "y" : 35.312, 
                            "z" : 0.0
                        }, 
                        "type" : "triangular", 
                        "id" : "637069890396741120"
                    }
                }, 
                "polygonal" : {
                    "items" : 0
                }
            }
        }, 
        "radiating plane" : {
            "items" : 5, 
            "0" : "l", 
            "1" : "w", 
            "2" : "x", 
            "3" : "y", 
            "4" : "slots", 
            "l" : 69.575, 
            "w" : 96.214, 
            "x" : 4.361, 
            "y" : 1.33, 
            "slots" : {
                "items" : 4, 
                "0" : "elliptical", 
                "1" : "rectangular", 
                "2" : "triangular", 
                "3" : "polygonal", 
                "elliptical" : {
                    "items" : 0
                }, 
                "rectangular" : {
                    "items" : 0
                }, 
                "triangular" : {
                    "items" : 1, 
                    "0" : {
                        "items" : 3, 
                        "0" : {
                            "items" : 2, 
                            "0" : "x", 
                            "1" : "y", 
                            "x" : 46.963, 
                            "y" : 11.727, 
                            "z" : 1.6
                        }, 
                        "1" : {
                            "items" : 2, 
                            "0" : "x", 
                            "1" : "y", 
                            "x" : 47.721, 
                            "y" : 12.027, 
                            "z" : 1.6
                        }, 
                        "2" : {
                            "items" : 2, 
                            "0" : "x", 
                            "1" : "y", 
                            "x" : 51.586, 
                            "y" : 5.476, 
                            "z" : 1.6
                        }, 
                        "type" : "triangular", 
                        "id" : "637069884857928192"
                    }
                }, 
                "polygonal" : {
                    "items" : 0
                }
            }
        }, 
        "substrate" : {
            "items" : 4, 
            "0" : "l", 
            "1" : "w", 
            "2" : "x", 
            "3" : "h", 
            "l" : 81.962, 
            "w" : 97.97099999999999, 
            "h" : 1.6, 
            "x" : -1.556, 
            "y" : -0.377, 
            "permitivitty" : 4.4, 
            "loss" : 0.02, 
            "name" : "FR4"
        }
    }, 
    "fitness" : {
        "items" : 1, 
        "0" : "final", 
        "1" : "freq", 
        "lower" : 0.0, 
        "desired" : 1.2809435291247073, 
        "upper" : 0.0, 
        "area" : 0.847810425878018, 
        "freq" : 0.896660470387295, 
        "final" : 1.363278687820376, 
        "dir" : "C:\\Users\\project\\0. My Work\\1. Repositories\\1. Very Unfriendly Train\\Data\\Simulations\\637069883427423744_Primary\\637069890396741120_1\\1.out", 
        "f0" : 0.9939957576839611, 
        "g0" : 0.3053724190908547, 
        "f1" : 0.9928082285229981, 
        "g1" : 0.2697106529516011
    }
}