{
    "geometry" : {
        "items" : 3, 
        "0" : "feed", 
        "1" : "ground plane", 
        "2" : "radiating plane", 
        "feed" : {
            "items" : 2, 
            "0" : "center", 
            "1" : "width", 
            "center" : 44.111, 
            "width" : 1.913
        }, 
        "ground plane" : {
            "items" : 5, 
            "0" : "l", 
            "1" : "w", 
            "2" : "x", 
            "3" : "y", 
            "4" : "slots", 
            "l" : 77.129, 
            "w" : 87.743, 
            "x" : -3.78, 
            "y" : 0.271, 
            "slots" : {
                "items" : 4, 
                "0" : "elliptical", 
                "1" : "rectangular", 
                "2" : "triangular", 
                "3" : "polygonal", 
                "elliptical" : {
                    "items" : 0
                }, 
                "rectangular" : {
                    "items" : 5, 
                    "0" : {
                        "items" : 4, 
                        "0" : "x", 
                        "1" : "y", 
                        "2" : "l", 
                        "3" : "w", 
                        "x" : 13.626, 
                        "y" : 51.119, 
                        "z" : 0.0, 
                        "l" : 20.608, 
                        "w" : 33.201, 
                        "type" : "rectangular", 
                        "id" : "637069883625494656"
                    }, 
                    "1" : {
                        "items" : 4, 
                        "0" : "x", 
                        "1" : "y", 
                        "2" : "l", 
                        "3" : "w", 
                        "x" : 59.966, 
                        "y" : 50.279, 
                        "z" : 0.0, 
                        "l" : 8.14, 
                        "w" : 11.233, 
                        "type" : "rectangular", 
                        "id" : "637069887604147200"
                    }, 
                    "2" : {
                        "items" : 4, 
                        "0" : "x", 
                        "1" : "y", 
                        "2" : "l", 
                        "3" : "w", 
                        "x" : -16.604, 
                        "y" : 54.655, 
                        "z" : 0.0, 
                        "l" : 6.024, 
                        "w" : 5.581, 
                        "type" : "rectangular", 
                        "id" : "637069893125156992"
                    }, 
                    "3" : {
                        "items" : 4, 
                        "0" : "x", 
                        "1" : "y", 
                        "2" : "l", 
                        "3" : "w", 
                        "x" : 78.779, 
                        "y" : 11.059, 
                        "z" : 0.0, 
                        "l" : 4.561, 
                        "w" : 7.058, 
                        "type" : "rectangular", 
                        "id" : "637069896005827584"
                    }, 
                    "4" : {
                        "items" : 4, 
                        "0" : "x", 
                        "1" : "y", 
                        "2" : "l", 
                        "3" : "w", 
                        "x" : 18.631, 
                        "y" : 21.398, 
                        "z" : 0.0, 
                        "l" : 0.344, 
                        "w" : 3.187, 
                        "type" : "rectangular", 
                        "id" : "637069909225627776"
                    }
                }, 
                "triangular" : {
                    "items" : 3, 
                    "0" : {
                        "items" : 3, 
                        "0" : {
                            "items" : 2, 
                            "0" : "x", 
                            "1" : "y", 
                            "x" : 7.924, 
                            "y" : 55.267, 
                            "z" : 0.0
                        }, 
                        "1" : {
                            "items" : 2, 
                            "0" : "x", 
                            "1" : "y", 
                            "x" : 36.048, 
                            "y" : 55.384, 
                            "z" : 0.0
                        }, 
                        "2" : {
                            "items" : 2, 
                            "0" : "x", 
                            "1" : "y", 
                            "x" : 20.054, 
                            "y" : 61.239, 
                            "z" : 0.0
                        }, 
                        "type" : "triangular", 
                        "id" : "637069890396741120"
                    }, 
                    "1" : {
                        "items" : 3, 
                        "0" : {
                            "items" : 2, 
                            "0" : "x", 
                            "1" : "y", 
                            "x" : 17.98, 
                            "y" : 51.472, 
                            "z" : 0.0
                        }, 
                        "1" : {
                            "items" : 2, 
                            "0" : "x", 
                            "1" : "y", 
                            "x" : 14.457, 
                            "y" : 60.017, 
                            "z" : 0.0
                        }, 
                        "2" : {
                            "items" : 2, 
                            "0" : "x", 
                            "1" : "y", 
                            "x" : 28.97, 
                            "y" : 50.994, 
                            "z" : 0.0
                        }, 
                        "type" : "triangular", 
                        "id" : "637069899058942848"
                    }, 
                    "2" : {
                        "items" : 3, 
                        "0" : {
                            "items" : 2, 
                            "0" : "x", 
                            "1" : "y", 
                            "x" : 33.116, 
                            "y" : 33.926, 
                            "z" : 0.0
                        }, 
                        "1" : {
                            "items" : 2, 
                            "0" : "x", 
                            "1" : "y", 
                            "x" : 18.581, 
                            "y" : 18.17, 
                            "z" : 0.0
                        }, 
                        "2" : {
                            "items" : 2, 
                            "0" : "x", 
                            "1" : "y", 
                            "x" : 21.108, 
                            "y" : 45.214, 
                            "z" : 0.0
                        }, 
                        "type" : "triangular", 
                        "id" : "637069902228603136"
                    }
                }, 
                "polygonal" : {
                    "items" : 0
                }
            }
        }, 
        "radiating plane" : {
            "items" : 5, 
            "0" : "l", 
            "1" : "w", 
            "2" : "x", 
            "3" : "y", 
            "4" : "slots", 
            "l" : 66.984, 
            "w" : 89.468, 
            "x" : 5.862, 
            "y" : -1.967, 
            "slots" : {
                "items" : 4, 
                "0" : "elliptical", 
                "1" : "rectangular", 
                "2" : "triangular", 
                "3" : "polygonal", 
                "elliptical" : {
                    "items" : 0
                }, 
                "rectangular" : {
                    "items" : 0
                }, 
                "triangular" : {
                    "items" : 0
                }, 
                "polygonal" : {
                    "items" : 0
                }
            }
        }, 
        "substrate" : {
            "items" : 4, 
            "0" : "l", 
            "1" : "w", 
            "2" : "x", 
            "3" : "h", 
            "l" : 77.129, 
            "w" : 89.981, 
            "h" : 1.6, 
            "x" : -3.78, 
            "y" : -1.967, 
            "permitivitty" : 4.4, 
            "loss" : 0.02, 
            "name" : "FR4"
        }
    }, 
    "fitness" : {
        "items" : 1, 
        "0" : "final", 
        "1" : "freq", 
        "lower" : 0.0, 
        "desired" : 1.5073944594900461, 
        "upper" : 0.0, 
        "area" : 0.7327522838085463, 
        "freq" : 1.0551761216430322, 
        "final" : 1.1662735057004305, 
        "dir" : "C:\\Users\\project\\0. My Work\\1. Repositories\\1. Very Unfriendly Train\\Data\\Simulations\\637069883427423744_Primary\\637069909225784192_2\\2.out", 
        "f0" : 0.9942079878004242, 
        "g0" : 0.5087318897931381, 
        "f1" : 0.9945314959235495, 
        "g1" : 0.5173175454629807
    }
}