{
    "geometry" : {
        "items" : 3, 
        "0" : "feed", 
        "1" : "ground plane", 
        "2" : "radiating plane", 
        "feed" : {
            "items" : 2, 
            "0" : "center", 
            "1" : "width", 
            "center" : 40.701, 
            "width" : 2.032
        }, 
        "ground plane" : {
            "items" : 5, 
            "0" : "l", 
            "1" : "w", 
            "2" : "x", 
            "3" : "y", 
            "4" : "slots", 
            "l" : 79.512, 
            "w" : 86.963, 
            "x" : -3.521, 
            "y" : 0.32, 
            "slots" : {
                "items" : 4, 
                "0" : "elliptical", 
                "1" : "rectangular", 
                "2" : "triangular", 
                "3" : "polygonal", 
                "elliptical" : {
                    "items" : 0
                }, 
                "rectangular" : {
                    "items" : 5, 
                    "0" : {
                        "items" : 4, 
                        "0" : "x", 
                        "1" : "y", 
                        "2" : "l", 
                        "3" : "w", 
                        "x" : 8.803, 
                        "y" : 45.298, 
                        "z" : 0.0, 
                        "l" : 20.758, 
                        "w" : 19.934, 
                        "type" : "rectangular", 
                        "id" : "637069883625494656"
                    }, 
                    "1" : {
                        "items" : 4, 
                        "0" : "x", 
                        "1" : "y", 
                        "2" : "l", 
                        "3" : "w", 
                        "x" : 60.465, 
                        "y" : 50.523, 
                        "z" : 0.0, 
                        "l" : 9.768, 
                        "w" : 4.132, 
                        "type" : "rectangular", 
                        "id" : "637069887604147200"
                    }, 
                    "2" : {
                        "items" : 4, 
                        "0" : "x", 
                        "1" : "y", 
                        "2" : "l", 
                        "3" : "w", 
                        "x" : -17.374, 
                        "y" : 59.659, 
                        "z" : 0.0, 
                        "l" : 12.098, 
                        "w" : 7.214, 
                        "type" : "rectangular", 
                        "id" : "637069893125156992"
                    }, 
                    "3" : {
                        "items" : 4, 
                        "0" : "x", 
                        "1" : "y", 
                        "2" : "l", 
                        "3" : "w", 
                        "x" : 71.537, 
                        "y" : 11.812, 
                        "z" : 0.0, 
                        "l" : 11.402, 
                        "w" : 10.213, 
                        "type" : "rectangular", 
                        "id" : "637069896005827584"
                    }, 
                    "4" : {
                        "items" : 4, 
                        "0" : "x", 
                        "1" : "y", 
                        "2" : "l", 
                        "3" : "w", 
                        "x" : 63.638, 
                        "y" : 58.238, 
                        "z" : 0.0, 
                        "l" : 4.065, 
                        "w" : 23.809, 
                        "type" : "rectangular", 
                        "id" : "637069909225627776"
                    }
                }, 
                "triangular" : {
                    "items" : 5, 
                    "0" : {
                        "items" : 3, 
                        "0" : {
                            "items" : 2, 
                            "0" : "x", 
                            "1" : "y", 
                            "x" : 2.934, 
                            "y" : 49.781, 
                            "z" : 0.0
                        }, 
                        "1" : {
                            "items" : 2, 
                            "0" : "x", 
                            "1" : "y", 
                            "x" : 32.136, 
                            "y" : 60.545, 
                            "z" : 0.0
                        }, 
                        "2" : {
                            "items" : 2, 
                            "0" : "x", 
                            "1" : "y", 
                            "x" : 26.466, 
                            "y" : 58.354, 
                            "z" : 0.0
                        }, 
                        "type" : "triangular", 
                        "id" : "637069890396741120"
                    }, 
                    "1" : {
                        "items" : 3, 
                        "0" : {
                            "items" : 2, 
                            "0" : "x", 
                            "1" : "y", 
                            "x" : 19.064, 
                            "y" : 46.366, 
                            "z" : 0.0
                        }, 
                        "1" : {
                            "items" : 2, 
                            "0" : "x", 
                            "1" : "y", 
                            "x" : 11.216, 
                            "y" : 68.209, 
                            "z" : 0.0
                        }, 
                        "2" : {
                            "items" : 2, 
                            "0" : "x", 
                            "1" : "y", 
                            "x" : 27.11, 
                            "y" : 54.656, 
                            "z" : 0.0
                        }, 
                        "type" : "triangular", 
                        "id" : "637069899058942848"
                    }, 
                    "2" : {
                        "items" : 3, 
                        "0" : {
                            "items" : 2, 
                            "0" : "x", 
                            "1" : "y", 
                            "x" : 39.789, 
                            "y" : 28.97, 
                            "z" : 0.0
                        }, 
                        "1" : {
                            "items" : 2, 
                            "0" : "x", 
                            "1" : "y", 
                            "x" : 18.657, 
                            "y" : 15.46, 
                            "z" : 0.0
                        }, 
                        "2" : {
                            "items" : 2, 
                            "0" : "x", 
                            "1" : "y", 
                            "x" : 11.721, 
                            "y" : 40.029, 
                            "z" : 0.0
                        }, 
                        "type" : "triangular", 
                        "id" : "637069902228603136"
                    }, 
                    "3" : {
                        "items" : 3, 
                        "0" : {
                            "items" : 2, 
                            "0" : "x", 
                            "1" : "y", 
                            "x" : 18.555, 
                            "y" : 67.519, 
                            "z" : 0.0
                        }, 
                        "1" : {
                            "items" : 2, 
                            "0" : "x", 
                            "1" : "y", 
                            "x" : 37.974, 
                            "y" : 80.508, 
                            "z" : 0.0
                        }, 
                        "2" : {
                            "items" : 2, 
                            "0" : "x", 
                            "1" : "y", 
                            "x" : 34.829, 
                            "y" : 75.859, 
                            "z" : 0.0
                        }, 
                        "type" : "triangular", 
                        "id" : "637069910843271296"
                    }, 
                    "4" : {
                        "items" : 3, 
                        "0" : {
                            "items" : 2, 
                            "0" : "x", 
                            "1" : "y", 
                            "x" : 64.935, 
                            "y" : 41.315, 
                            "z" : 0.0
                        }, 
                        "1" : {
                            "items" : 2, 
                            "0" : "x", 
                            "1" : "y", 
                            "x" : 77.975, 
                            "y" : 35.82, 
                            "z" : 0.0
                        }, 
                        "2" : {
                            "items" : 2, 
                            "0" : "x", 
                            "1" : "y", 
                            "x" : 65.027, 
                            "y" : 16.787, 
                            "z" : 0.0
                        }, 
                        "type" : "triangular", 
                        "id" : "637069912758819584"
                    }
                }, 
                "polygonal" : {
                    "items" : 0
                }
            }
        }, 
        "radiating plane" : {
            "items" : 5, 
            "0" : "l", 
            "1" : "w", 
            "2" : "x", 
            "3" : "y", 
            "4" : "slots", 
            "l" : 62.876, 
            "w" : 84.215, 
            "x" : 4.314, 
            "y" : -4.239, 
            "slots" : {
                "items" : 4, 
                "0" : "elliptical", 
                "1" : "rectangular", 
                "2" : "triangular", 
                "3" : "polygonal", 
                "elliptical" : {
                    "items" : 0
                }, 
                "rectangular" : {
                    "items" : 1, 
                    "0" : {
                        "items" : 4, 
                        "0" : "x", 
                        "1" : "y", 
                        "2" : "l", 
                        "3" : "w", 
                        "x" : 53.891, 
                        "y" : 2.513, 
                        "z" : 1.6, 
                        "l" : 3.071, 
                        "w" : 0.585, 
                        "type" : "rectangular", 
                        "id" : "637069910843271296"
                    }
                }, 
                "triangular" : {
                    "items" : 0
                }, 
                "polygonal" : {
                    "items" : 0
                }
            }
        }, 
        "substrate" : {
            "items" : 4, 
            "0" : "l", 
            "1" : "w", 
            "2" : "x", 
            "3" : "h", 
            "l" : 79.512, 
            "w" : 91.52199999999999, 
            "h" : 1.6, 
            "x" : -3.521, 
            "y" : -4.239, 
            "permitivitty" : 4.4, 
            "loss" : 0.02, 
            "name" : "FR4"
        }
    }, 
    "fitness" : {
        "items" : 1, 
        "0" : "final", 
        "1" : "freq", 
        "lower" : 0.0, 
        "desired" : 1.1843734942732898, 
        "upper" : 0.0, 
        "area" : 0.7683283254469465, 
        "freq" : 0.8290614459913028, 
        "final" : 1.0777197201505202, 
        "dir" : "C:\\Users\\project\\0. My Work\\1. Repositories\\1. Very Unfriendly Train\\Data\\Simulations\\637069883427423744_Primary\\637069912758975744_6\\6.out", 
        "f0" : 0.9866157234569215, 
        "g0" : 0.3454107353318759, 
        "f1" : 0.7269362168874105, 
        "g1" : 0.3097843128703717
    }
}