{
    "geometry" : {
        "items" : 3, 
        "0" : "feed", 
        "1" : "ground plane", 
        "2" : "radiating plane", 
        "feed" : {
            "items" : 2, 
            "0" : "center", 
            "1" : "width", 
            "center" : 41.59, 
            "width" : 2.055
        }, 
        "ground plane" : {
            "items" : 5, 
            "0" : "l", 
            "1" : "w", 
            "2" : "x", 
            "3" : "y", 
            "4" : "slots", 
            "l" : 79.138, 
            "w" : 78.689, 
            "x" : -4.065, 
            "y" : -0.231, 
            "slots" : {
                "items" : 4, 
                "0" : "elliptical", 
                "1" : "rectangular", 
                "2" : "triangular", 
                "3" : "polygonal", 
                "elliptical" : {
                    "items" : 0
                }, 
                "rectangular" : {
                    "items" : 6, 
                    "0" : {
                        "items" : 4, 
                        "0" : "x", 
                        "1" : "y", 
                        "2" : "l", 
                        "3" : "w", 
                        "x" : 8.289, 
                        "y" : 46.283, 
                        "z" : 0.0, 
                        "l" : 17.648, 
                        "w" : 26.35, 
                        "type" : "rectangular", 
                        "id" : "637069883625494656"
                    }, 
                    "1" : {
                        "items" : 4, 
                        "0" : "x", 
                        "1" : "y", 
                        "2" : "l", 
                        "3" : "w", 
                        "x" : 58.085, 
                        "y" : 52.953, 
                        "z" : 0.0, 
                        "l" : 10.79, 
                        "w" : 3.231, 
                        "type" : "rectangular", 
                        "id" : "637069887604147200"
                    }, 
                    "2" : {
                        "items" : 4, 
                        "0" : "x", 
                        "1" : "y", 
                        "2" : "l", 
                        "3" : "w", 
                        "x" : -13.138, 
                        "y" : 64.455, 
                        "z" : 0.0, 
                        "l" : 8.547, 
                        "w" : 9.15, 
                        "type" : "rectangular", 
                        "id" : "637069893125156992"
                    }, 
                    "3" : {
                        "items" : 4, 
                        "0" : "x", 
                        "1" : "y", 
                        "2" : "l", 
                        "3" : "w", 
                        "x" : 76.058, 
                        "y" : 9.75, 
                        "z" : 0.0, 
                        "l" : 3.818, 
                        "w" : 14.122, 
                        "type" : "rectangular", 
                        "id" : "637069896005827584"
                    }, 
                    "4" : {
                        "items" : 4, 
                        "0" : "x", 
                        "1" : "y", 
                        "2" : "l", 
                        "3" : "w", 
                        "x" : 61.943, 
                        "y" : 62.512, 
                        "z" : 0.0, 
                        "l" : 5.375, 
                        "w" : 17.827, 
                        "type" : "rectangular", 
                        "id" : "637069909225627776"
                    }, 
                    "5" : {
                        "items" : 4, 
                        "0" : "x", 
                        "1" : "y", 
                        "2" : "l", 
                        "3" : "w", 
                        "x" : 50.875, 
                        "y" : 38.841, 
                        "z" : 0.0, 
                        "l" : 14.87, 
                        "w" : 11.411, 
                        "type" : "rectangular", 
                        "id" : "637069919821755904"
                    }
                }, 
                "triangular" : {
                    "items" : 4, 
                    "0" : {
                        "items" : 3, 
                        "0" : {
                            "items" : 2, 
                            "0" : "x", 
                            "1" : "y", 
                            "x" : 5.114, 
                            "y" : 53.89, 
                            "z" : 0.0
                        }, 
                        "1" : {
                            "items" : 2, 
                            "0" : "x", 
                            "1" : "y", 
                            "x" : 38.384, 
                            "y" : 56.381, 
                            "z" : 0.0
                        }, 
                        "2" : {
                            "items" : 2, 
                            "0" : "x", 
                            "1" : "y", 
                            "x" : 26.825, 
                            "y" : 58.642, 
                            "z" : 0.0
                        }, 
                        "type" : "triangular", 
                        "id" : "637069890396741120"
                    }, 
                    "1" : {
                        "items" : 3, 
                        "0" : {
                            "items" : 2, 
                            "0" : "x", 
                            "1" : "y", 
                            "x" : 15.168, 
                            "y" : 47.532, 
                            "z" : 0.0
                        }, 
                        "1" : {
                            "items" : 2, 
                            "0" : "x", 
                            "1" : "y", 
                            "x" : 17.052, 
                            "y" : 63.936, 
                            "z" : 0.0
                        }, 
                        "2" : {
                            "items" : 2, 
                            "0" : "x", 
                            "1" : "y", 
                            "x" : 30.593, 
                            "y" : 51.085, 
                            "z" : 0.0
                        }, 
                        "type" : "triangular", 
                        "id" : "637069899058942848"
                    }, 
                    "2" : {
                        "items" : 3, 
                        "0" : {
                            "items" : 2, 
                            "0" : "x", 
                            "1" : "y", 
                            "x" : 36.784, 
                            "y" : 28.387, 
                            "z" : 0.0
                        }, 
                        "1" : {
                            "items" : 2, 
                            "0" : "x", 
                            "1" : "y", 
                            "x" : 20.81, 
                            "y" : 15.326, 
                            "z" : 0.0
                        }, 
                        "2" : {
                            "items" : 2, 
                            "0" : "x", 
                            "1" : "y", 
                            "x" : 17.887, 
                            "y" : 38.514, 
                            "z" : 0.0
                        }, 
                        "type" : "triangular", 
                        "id" : "637069902228603136"
                    }, 
                    "3" : {
                        "items" : 3, 
                        "0" : {
                            "items" : 2, 
                            "0" : "x", 
                            "1" : "y", 
                            "x" : 15.513, 
                            "y" : 62.682, 
                            "z" : 0.0
                        }, 
                        "1" : {
                            "items" : 2, 
                            "0" : "x", 
                            "1" : "y", 
                            "x" : 40.497, 
                            "y" : 72.895, 
                            "z" : 0.0
                        }, 
                        "2" : {
                            "items" : 2, 
                            "0" : "x", 
                            "1" : "y", 
                            "x" : 38.798, 
                            "y" : 75.452, 
                            "z" : 0.0
                        }, 
                        "type" : "triangular", 
                        "id" : "637069910843271296"
                    }
                }, 
                "polygonal" : {
                    "items" : 0
                }
            }
        }, 
        "radiating plane" : {
            "items" : 5, 
            "0" : "l", 
            "1" : "w", 
            "2" : "x", 
            "3" : "y", 
            "4" : "slots", 
            "l" : 65.221, 
            "w" : 84.385, 
            "x" : 4.26, 
            "y" : -3.997, 
            "slots" : {
                "items" : 4, 
                "0" : "elliptical", 
                "1" : "rectangular", 
                "2" : "triangular", 
                "3" : "polygonal", 
                "elliptical" : {
                    "items" : 0
                }, 
                "rectangular" : {
                    "items" : 2, 
                    "0" : {
                        "items" : 4, 
                        "0" : "x", 
                        "1" : "y", 
                        "2" : "l", 
                        "3" : "w", 
                        "x" : 36.852, 
                        "y" : 82.835, 
                        "z" : 1.6, 
                        "l" : 1.592, 
                        "w" : 4.062, 
                        "type" : "rectangular", 
                        "id" : "637069909225627776"
                    }, 
                    "1" : {
                        "items" : 4, 
                        "0" : "x", 
                        "1" : "y", 
                        "2" : "l", 
                        "3" : "w", 
                        "x" : 56.664, 
                        "y" : 3.906, 
                        "z" : 1.6, 
                        "l" : 3.718, 
                        "w" : 0.677, 
                        "type" : "rectangular", 
                        "id" : "637069910843271296"
                    }
                }, 
                "triangular" : {
                    "items" : 1, 
                    "0" : {
                        "items" : 3, 
                        "0" : {
                            "items" : 2, 
                            "0" : "x", 
                            "1" : "y", 
                            "x" : 53.888, 
                            "y" : 79.439, 
                            "z" : 1.6
                        }, 
                        "1" : {
                            "items" : 2, 
                            "0" : "x", 
                            "1" : "y", 
                            "x" : 53.245, 
                            "y" : 79.957, 
                            "z" : 1.6
                        }, 
                        "2" : {
                            "items" : 2, 
                            "0" : "x", 
                            "1" : "y", 
                            "x" : 54.858, 
                            "y" : 80.26, 
                            "z" : 1.6
                        }, 
                        "type" : "triangular", 
                        "id" : "637069919821755904"
                    }
                }, 
                "polygonal" : {
                    "items" : 0
                }
            }
        }, 
        "substrate" : {
            "items" : 4, 
            "0" : "l", 
            "1" : "w", 
            "2" : "x", 
            "3" : "h", 
            "l" : 79.138, 
            "w" : 84.435, 
            "h" : 1.6, 
            "x" : -4.065, 
            "y" : -3.997, 
            "permitivitty" : 4.4, 
            "loss" : 0.02, 
            "name" : "FR4"
        }
    }, 
    "fitness" : {
        "items" : 1, 
        "0" : "final", 
        "1" : "freq", 
        "lower" : 0.0, 
        "desired" : 0.7859867287610334, 
        "upper" : 0.0, 
        "area" : 0.7054987406401498, 
        "freq" : 0.5501907101327234, 
        "final" : 0.6801146944296026, 
        "dir" : "C:\\Users\\project\\0. My Work\\1. Repositories\\1. Very Unfriendly Train\\Data\\Simulations\\637069883427423744_Primary\\637069919821755904_7\\7.out", 
        "f0" : 0.0008714037708032795, 
        "g0" : 0.3128664528126026, 
        "f1" : 0.9692808053520603, 
        "g1" : 0.2889547955866006
    }
}