{
    "geometry" : {
        "items" : 3, 
        "0" : "feed", 
        "1" : "ground plane", 
        "2" : "radiating plane", 
        "feed" : {
            "items" : 2, 
            "0" : "center", 
            "1" : "width", 
            "center" : 51.912, 
            "width" : 1.742
        }, 
        "ground plane" : {
            "items" : 5, 
            "0" : "l", 
            "1" : "w", 
            "2" : "x", 
            "3" : "y", 
            "4" : "slots", 
            "l" : 81.752, 
            "w" : 101.637, 
            "x" : -0.807, 
            "y" : -0.715, 
            "slots" : {
                "items" : 4, 
                "0" : "elliptical", 
                "1" : "rectangular", 
                "2" : "triangular", 
                "3" : "polygonal", 
                "elliptical" : {
                    "items" : 0
                }, 
                "rectangular" : {
                    "items" : 2, 
                    "0" : {
                        "items" : 4, 
                        "0" : "x", 
                        "1" : "y", 
                        "2" : "l", 
                        "3" : "w", 
                        "x" : 19.08, 
                        "y" : 49.985, 
                        "z" : 0.0, 
                        "l" : 26.773, 
                        "w" : 16.928, 
                        "type" : "rectangular", 
                        "id" : "637069883625494656"
                    }, 
                    "1" : {
                        "items" : 4, 
                        "0" : "x", 
                        "1" : "y", 
                        "2" : "l", 
                        "3" : "w", 
                        "x" : 29.532, 
                        "y" : 53.417, 
                        "z" : 0.0, 
                        "l" : 3.067, 
                        "w" : 24.856, 
                        "type" : "rectangular", 
                        "id" : "637069886146151808"
                    }
                }, 
                "triangular" : {
                    "items" : 0
                }, 
                "polygonal" : {
                    "items" : 0
                }
            }
        }, 
        "radiating plane" : {
            "items" : 5, 
            "0" : "l", 
            "1" : "w", 
            "2" : "x", 
            "3" : "y", 
            "4" : "slots", 
            "l" : 75.148, 
            "w" : 95.812, 
            "x" : 4.349, 
            "y" : 3.784, 
            "slots" : {
                "items" : 4, 
                "0" : "elliptical", 
                "1" : "rectangular", 
                "2" : "triangular", 
                "3" : "polygonal", 
                "elliptical" : {
                    "items" : 0
                }, 
                "rectangular" : {
                    "items" : 1, 
                    "0" : {
                        "items" : 4, 
                        "0" : "x", 
                        "1" : "y", 
                        "2" : "l", 
                        "3" : "w", 
                        "x" : 37.955, 
                        "y" : 16.257, 
                        "z" : 1.6, 
                        "l" : 4.597, 
                        "w" : 1.141, 
                        "type" : "rectangular", 
                        "id" : "637069886146151808"
                    }
                }, 
                "triangular" : {
                    "items" : 1, 
                    "0" : {
                        "items" : 3, 
                        "0" : {
                            "items" : 2, 
                            "0" : "x", 
                            "1" : "y", 
                            "x" : 50.042, 
                            "y" : 7.205, 
                            "z" : 1.6
                        }, 
                        "1" : {
                            "items" : 2, 
                            "0" : "x", 
                            "1" : "y", 
                            "x" : 48.375, 
                            "y" : 7.586, 
                            "z" : 1.6
                        }, 
                        "2" : {
                            "items" : 2, 
                            "0" : "x", 
                            "1" : "y", 
                            "x" : 47.371, 
                            "y" : 4.289, 
                            "z" : 1.6
                        }, 
                        "type" : "triangular", 
                        "id" : "637069884857928192"
                    }
                }, 
                "polygonal" : {
                    "items" : 0
                }
            }
        }, 
        "substrate" : {
            "items" : 4, 
            "0" : "l", 
            "1" : "w", 
            "2" : "x", 
            "3" : "h", 
            "l" : 81.752, 
            "w" : 101.637, 
            "h" : 1.6, 
            "x" : -0.807, 
            "y" : -0.715, 
            "permitivitty" : 4.4, 
            "loss" : 0.02, 
            "name" : "FR4"
        }
    }, 
    "fitness" : {
        "items" : 1, 
        "0" : "final", 
        "1" : "freq", 
        "lower" : 0.0, 
        "desired" : 1.4696475021804822, 
        "upper" : 0.0, 
        "area" : 0.8772813329504058, 
        "freq" : 1.0287532515263376, 
        "final" : 1.5823162555099763, 
        "dir" : "C:\\Users\\project\\0. My Work\\1. Repositories\\1. Very Unfriendly Train\\Data\\Simulations\\637069883427423744_Primary\\637069886146151808_8\\8.out", 
        "f0" : 0.9921622382136714, 
        "g0" : 0.4807138161860844, 
        "f1" : 0.9937749749629571, 
        "g1" : 0.47264397499825167
    }
}