{
    "geometry" : {
        "items" : 3, 
        "0" : "feed", 
        "1" : "ground plane", 
        "2" : "radiating plane", 
        "feed" : {
            "items" : 2, 
            "0" : "center", 
            "1" : "width", 
            "center" : 47.015, 
            "width" : 1.987
        }, 
        "ground plane" : {
            "items" : 5, 
            "0" : "l", 
            "1" : "w", 
            "2" : "x", 
            "3" : "y", 
            "4" : "slots", 
            "l" : 81.50800000000001, 
            "w" : 83.68, 
            "x" : -3.194, 
            "y" : -0.57, 
            "slots" : {
                "items" : 4, 
                "0" : "elliptical", 
                "1" : "rectangular", 
                "2" : "triangular", 
                "3" : "polygonal", 
                "elliptical" : {
                    "items" : 0
                }, 
                "rectangular" : {
                    "items" : 4, 
                    "0" : {
                        "items" : 4, 
                        "0" : "x", 
                        "1" : "y", 
                        "2" : "l", 
                        "3" : "w", 
                        "x" : 7.833, 
                        "y" : 48.734, 
                        "z" : 0.0, 
                        "l" : 18.714, 
                        "w" : 22.589, 
                        "type" : "rectangular", 
                        "id" : "637069883625494656"
                    }, 
                    "1" : {
                        "items" : 4, 
                        "0" : "x", 
                        "1" : "y", 
                        "2" : "l", 
                        "3" : "w", 
                        "x" : -12.174, 
                        "y" : 61.82, 
                        "z" : 0.0, 
                        "l" : 1.444, 
                        "w" : 19.246, 
                        "type" : "rectangular", 
                        "id" : "637069893125156992"
                    }, 
                    "2" : {
                        "items" : 4, 
                        "0" : "x", 
                        "1" : "y", 
                        "2" : "l", 
                        "3" : "w", 
                        "x" : 68.512, 
                        "y" : 17.068, 
                        "z" : 0.0, 
                        "l" : 11.748, 
                        "w" : 3.299, 
                        "type" : "rectangular", 
                        "id" : "637069896005827584"
                    }, 
                    "3" : {
                        "items" : 4, 
                        "0" : "x", 
                        "1" : "y", 
                        "2" : "l", 
                        "3" : "w", 
                        "x" : 45.394, 
                        "y" : 0.432, 
                        "z" : 0.0, 
                        "l" : 20.921, 
                        "w" : 18.989, 
                        "type" : "rectangular", 
                        "id" : "637069897583020288"
                    }
                }, 
                "triangular" : {
                    "items" : 1, 
                    "0" : {
                        "items" : 3, 
                        "0" : {
                            "items" : 2, 
                            "0" : "x", 
                            "1" : "y", 
                            "x" : 14.016, 
                            "y" : 42.014, 
                            "z" : 0.0
                        }, 
                        "1" : {
                            "items" : 2, 
                            "0" : "x", 
                            "1" : "y", 
                            "x" : 31.345, 
                            "y" : 60.839, 
                            "z" : 0.0
                        }, 
                        "2" : {
                            "items" : 2, 
                            "0" : "x", 
                            "1" : "y", 
                            "x" : 23.184, 
                            "y" : 63.254, 
                            "z" : 0.0
                        }, 
                        "type" : "triangular", 
                        "id" : "637069890396741120"
                    }
                }, 
                "polygonal" : {
                    "items" : 0
                }
            }
        }, 
        "radiating plane" : {
            "items" : 5, 
            "0" : "l", 
            "1" : "w", 
            "2" : "x", 
            "3" : "y", 
            "4" : "slots", 
            "l" : 72.474, 
            "w" : 90.6, 
            "x" : 5.79, 
            "y" : 0.595, 
            "slots" : {
                "items" : 4, 
                "0" : "elliptical", 
                "1" : "rectangular", 
                "2" : "triangular", 
                "3" : "polygonal", 
                "elliptical" : {
                    "items" : 0
                }, 
                "rectangular" : {
                    "items" : 0
                }, 
                "triangular" : {
                    "items" : 0
                }, 
                "polygonal" : {
                    "items" : 0
                }
            }
        }, 
        "substrate" : {
            "items" : 4, 
            "0" : "l", 
            "1" : "w", 
            "2" : "x", 
            "3" : "h", 
            "l" : 81.50800000000001, 
            "w" : 91.81499999999998, 
            "h" : 1.6, 
            "x" : -3.194, 
            "y" : -0.57, 
            "permitivitty" : 4.4, 
            "loss" : 0.02, 
            "name" : "FR4"
        }
    }, 
    "fitness" : {
        "items" : 1, 
        "0" : "final", 
        "1" : "freq", 
        "lower" : 0.0, 
        "desired" : 1.482283794651927, 
        "upper" : 0.0, 
        "area" : 0.7901372563536875, 
        "freq" : 1.0375986562563488, 
        "final" : 1.3382383017112303, 
        "dir" : "C:\\Users\\project\\0. My Work\\1. Repositories\\1. Very Unfriendly Train\\Data\\Simulations\\637069883427423744_Primary\\637069897583020288_6\\6.out", 
        "f0" : 0.9837210044844021, 
        "g0" : 0.47475064725334293, 
        "f1" : 0.992592299956215, 
        "g1" : 0.5135036376098938
    }
}