{
    "geometry" : {
        "items" : 3, 
        "0" : "feed", 
        "1" : "ground plane", 
        "2" : "radiating plane", 
        "3" : "substrate", 
        "feed" : {
            "items" : 2, 
            "0" : "center", 
            "1" : "width", 
            "center" : 38.388, 
            "width" : 2.141
        }, 
        "ground plane" : {
            "items" : 5, 
            "0" : "l", 
            "1" : "w", 
            "2" : "x", 
            "3" : "y", 
            "4" : "slots", 
            "l" : 68.379, 
            "w" : 81.286, 
            "x" : -2.249, 
            "y" : -0.473, 
            "slots" : {
                "items" : 4, 
                "0" : "elliptical", 
                "1" : "rectangular", 
                "2" : "triangular", 
                "3" : "polygonal", 
                "elliptical" : {
                    "items" : 0
                }, 
                "rectangular" : {
                    "items" : 10, 
                    "0" : {
                        "items" : 4, 
                        "0" : "x", 
                        "1" : "y", 
                        "2" : "l", 
                        "3" : "w", 
                        "x" : 10.245, 
                        "y" : 60.9, 
                        "z" : 0.0, 
                        "l" : 33.408, 
                        "w" : 20.649, 
                        "type" : "rectangular", 
                        "id" : "637068874172445184"
                    }, 
                    "1" : {
                        "items" : 4, 
                        "0" : "x", 
                        "1" : "y", 
                        "2" : "l", 
                        "3" : "w", 
                        "x" : 51.283, 
                        "y" : 18.983, 
                        "z" : 0.0, 
                        "l" : 8.241, 
                        "w" : 9.99, 
                        "type" : "rectangular", 
                        "id" : "637068876938909056"
                    }, 
                    "2" : {
                        "items" : 4, 
                        "0" : "x", 
                        "1" : "y", 
                        "2" : "l", 
                        "3" : "w", 
                        "x" : 74.447, 
                        "y" : 48.408, 
                        "z" : 0.0, 
                        "l" : 47.76, 
                        "w" : 2.531, 
                        "type" : "rectangular", 
                        "id" : "637068882493427456"
                    }, 
                    "3" : {
                        "items" : 4, 
                        "0" : "x", 
                        "1" : "y", 
                        "2" : "l", 
                        "3" : "w", 
                        "x" : 60.386, 
                        "y" : 17.209, 
                        "z" : 0.0, 
                        "l" : 10.426, 
                        "w" : 13.537, 
                        "type" : "rectangular", 
                        "id" : "637068886052572288"
                    }, 
                    "4" : {
                        "items" : 4, 
                        "0" : "x", 
                        "1" : "y", 
                        "2" : "l", 
                        "3" : "w", 
                        "x" : 10.29, 
                        "y" : 72.204, 
                        "z" : 0.0, 
                        "l" : 11.896, 
                        "w" : 44.329, 
                        "type" : "rectangular", 
                        "id" : "637068887898742784"
                    }, 
                    "5" : {
                        "items" : 4, 
                        "0" : "x", 
                        "1" : "y", 
                        "2" : "l", 
                        "3" : "w", 
                        "x" : 63.792, 
                        "y" : 4.809, 
                        "z" : 0.0, 
                        "l" : 5.319, 
                        "w" : 12.585, 
                        "type" : "rectangular", 
                        "id" : "637068891569197440"
                    }, 
                    "6" : {
                        "items" : 4, 
                        "0" : "x", 
                        "1" : "y", 
                        "2" : "l", 
                        "3" : "w", 
                        "x" : 31.812, 
                        "y" : 1.142, 
                        "z" : 0.0, 
                        "l" : 14.875, 
                        "w" : 20.204, 
                        "type" : "rectangular", 
                        "id" : "637068893694527872"
                    }, 
                    "7" : {
                        "items" : 4, 
                        "0" : "x", 
                        "1" : "y", 
                        "2" : "l", 
                        "3" : "w", 
                        "x" : 22.459, 
                        "y" : -7.836, 
                        "z" : 0.0, 
                        "l" : 18.022, 
                        "w" : 13.577, 
                        "type" : "rectangular", 
                        "id" : "637068895894764672"
                    }, 
                    "8" : {
                        "items" : 4, 
                        "0" : "x", 
                        "1" : "y", 
                        "2" : "l", 
                        "3" : "w", 
                        "x" : 0.144, 
                        "y" : 33.737, 
                        "z" : 0.0, 
                        "l" : 22.702, 
                        "w" : 20.784, 
                        "type" : "rectangular", 
                        "id" : "637068898084345472"
                    }, 
                    "9" : {
                        "items" : 4, 
                        "0" : "x", 
                        "1" : "y", 
                        "2" : "l", 
                        "3" : "w", 
                        "x" : 63.269, 
                        "y" : 65.108, 
                        "z" : 0.0, 
                        "l" : 15.747, 
                        "w" : 12.576, 
                        "type" : "rectangular", 
                        "id" : "637068904586150784"
                    }
                }, 
                "triangular" : {
                    "items" : 2, 
                    "0" : {
                        "items" : 3, 
                        "0" : {
                            "items" : 2, 
                            "0" : "x", 
                            "1" : "y", 
                            "x" : 44.346, 
                            "y" : 94.801, 
                            "z" : 0.0
                        }, 
                        "1" : {
                            "items" : 2, 
                            "0" : "x", 
                            "1" : "y", 
                            "x" : 75.215, 
                            "y" : 92.348, 
                            "z" : 0.0
                        }, 
                        "2" : {
                            "items" : 2, 
                            "0" : "x", 
                            "1" : "y", 
                            "x" : 82.435, 
                            "y" : 92.253, 
                            "z" : 0.0
                        }, 
                        "type" : "triangular", 
                        "id" : "637068875609729152"
                    }, 
                    "1" : {
                        "items" : 3, 
                        "0" : {
                            "items" : 2, 
                            "0" : "x", 
                            "1" : "y", 
                            "x" : 30.805, 
                            "y" : 86.619, 
                            "z" : 0.0
                        }, 
                        "1" : {
                            "items" : 2, 
                            "0" : "x", 
                            "1" : "y", 
                            "x" : 14.78, 
                            "y" : 78.284, 
                            "z" : 0.0
                        }, 
                        "2" : {
                            "items" : 2, 
                            "0" : "x", 
                            "1" : "y", 
                            "x" : 58.365, 
                            "y" : 103.619, 
                            "z" : 0.0
                        }, 
                        "type" : "triangular", 
                        "id" : "637068889727997696"
                    }
                }, 
                "polygonal" : {
                    "items" : 0
                }
            }
        }, 
        "radiating plane" : {
            "items" : 5, 
            "0" : "l", 
            "1" : "w", 
            "2" : "x", 
            "3" : "y", 
            "4" : "slots", 
            "l" : 61.485, 
            "w" : 76.358, 
            "x" : 2.794, 
            "y" : 2.533, 
            "slots" : {
                "items" : 4, 
                "0" : "elliptical", 
                "1" : "rectangular", 
                "2" : "triangular", 
                "3" : "polygonal", 
                "elliptical" : {
                    "items" : 0
                }, 
                "rectangular" : {
                    "items" : 1, 
                    "0" : {
                        "items" : 4, 
                        "0" : "x", 
                        "1" : "y", 
                        "2" : "l", 
                        "3" : "w", 
                        "x" : 57.256, 
                        "y" : 9.76, 
                        "z" : 1.6, 
                        "l" : 12.09, 
                        "w" : 2.053, 
                        "type" : "rectangular", 
                        "id" : "637068875609729152"
                    }
                }, 
                "triangular" : {
                    "items" : 2, 
                    "0" : {
                        "items" : 3, 
                        "0" : {
                            "items" : 2, 
                            "0" : "x", 
                            "1" : "y", 
                            "x" : 31.462, 
                            "y" : -2.123, 
                            "z" : 1.6
                        }, 
                        "1" : {
                            "items" : 2, 
                            "0" : "x", 
                            "1" : "y", 
                            "x" : 36.174, 
                            "y" : 2.711, 
                            "z" : 1.6
                        }, 
                        "2" : {
                            "items" : 2, 
                            "0" : "x", 
                            "1" : "y", 
                            "x" : 34.577, 
                            "y" : 1.586, 
                            "z" : 1.6
                        }, 
                        "type" : "triangular", 
                        "id" : "637068876938909056"
                    }, 
                    "1" : {
                        "items" : 3, 
                        "0" : {
                            "items" : 2, 
                            "0" : "x", 
                            "1" : "y", 
                            "x" : 60.879, 
                            "y" : 58.804, 
                            "z" : 1.6
                        }, 
                        "1" : {
                            "items" : 2, 
                            "0" : "x", 
                            "1" : "y", 
                            "x" : 63.338, 
                            "y" : 71.526, 
                            "z" : 1.6
                        }, 
                        "2" : {
                            "items" : 2, 
                            "0" : "x", 
                            "1" : "y", 
                            "x" : 67.772, 
                            "y" : 69.494, 
                            "z" : 1.6
                        }, 
                        "type" : "triangular", 
                        "id" : "637068882493427456"
                    }
                }, 
                "polygonal" : {
                    "items" : 0
                }
            }
        }, 
        "substrate" : {
            "items" : 4, 
            "0" : "l", 
            "1" : "w", 
            "2" : "x", 
            "3" : "h", 
            "l" : 68.379, 
            "w" : 81.286, 
            "h" : 1.6, 
            "x" : -2.249, 
            "y" : -0.473, 
            "permitivitty" : 4.4, 
            "loss" : 0.02, 
            "name" : "FR4"
        }
    }, 
    "fitness" : {
        "items" : 1, 
        "0" : "final", 
        "1" : "freq", 
        "lower" : 0.0, 
        "desired" : 1.4940883573321262, 
        "upper" : 0.0, 
        "area" : 0.5868500728175067, 
        "freq" : 1.0458618501324883, 
        "final" : 0.7170996019826146, 
        "dir" : "C:\\Users\\project\\0. My Work\\1. Repositories\\1. Very Unfriendly Train\\Data\\Simulations\\637068868628158208_Primary\\637068904586220672_3\\3.out", 
        "h0" : 0.9934361990937567, 
        "g0" : 0.5014367330457044, 
        "h1" : 0.9940795219023664, 
        "g1" : 0.49922426062242475
    }
}