{
    "geometry" : {
        "items" : 3, 
        "0" : "feed", 
        "1" : "ground plane", 
        "2" : "radiating plane", 
        "3" : "substrate", 
        "feed" : {
            "items" : 2, 
            "0" : "center", 
            "1" : "width", 
            "center" : 39.167, 
            "width" : 1.968
        }, 
        "ground plane" : {
            "items" : 5, 
            "0" : "l", 
            "1" : "w", 
            "2" : "x", 
            "3" : "y", 
            "4" : "slots", 
            "l" : 73.595, 
            "w" : 94.505, 
            "x" : -1.92, 
            "y" : -0.326, 
            "slots" : {
                "items" : 4, 
                "0" : "elliptical", 
                "1" : "rectangular", 
                "2" : "triangular", 
                "3" : "polygonal", 
                "elliptical" : {
                    "items" : 0
                }, 
                "rectangular" : {
                    "items" : 6, 
                    "0" : {
                        "items" : 4, 
                        "0" : "x", 
                        "1" : "y", 
                        "2" : "l", 
                        "3" : "w", 
                        "x" : 34.615, 
                        "y" : 49.042, 
                        "z" : 0.0, 
                        "l" : 38.658, 
                        "w" : 11.313, 
                        "type" : "rectangular", 
                        "id" : "637068874172445184"
                    }, 
                    "1" : {
                        "items" : 4, 
                        "0" : "x", 
                        "1" : "y", 
                        "2" : "l", 
                        "3" : "w", 
                        "x" : 48.481, 
                        "y" : 26.279, 
                        "z" : 0.0, 
                        "l" : 5.031, 
                        "w" : 0.892, 
                        "type" : "rectangular", 
                        "id" : "637068876938909056"
                    }, 
                    "2" : {
                        "items" : 4, 
                        "0" : "x", 
                        "1" : "y", 
                        "2" : "l", 
                        "3" : "w", 
                        "x" : 42.371, 
                        "y" : 24.636, 
                        "z" : 0.0, 
                        "l" : 27.477, 
                        "w" : 9.712, 
                        "type" : "rectangular", 
                        "id" : "637068878516779008"
                    }, 
                    "3" : {
                        "items" : 4, 
                        "0" : "x", 
                        "1" : "y", 
                        "2" : "l", 
                        "3" : "w", 
                        "x" : 84.279, 
                        "y" : 67.39, 
                        "z" : 0.0, 
                        "l" : 36.215, 
                        "w" : 14.98, 
                        "type" : "rectangular", 
                        "id" : "637068882493427456"
                    }, 
                    "4" : {
                        "items" : 4, 
                        "0" : "x", 
                        "1" : "y", 
                        "2" : "l", 
                        "3" : "w", 
                        "x" : 24.33, 
                        "y" : 85.898, 
                        "z" : 0.0, 
                        "l" : 30.843, 
                        "w" : 37.577, 
                        "type" : "rectangular", 
                        "id" : "637068887898742784"
                    }, 
                    "5" : {
                        "items" : 4, 
                        "0" : "x", 
                        "1" : "y", 
                        "2" : "l", 
                        "3" : "w", 
                        "x" : 76.828, 
                        "y" : 75.007, 
                        "z" : 0.0, 
                        "l" : 28.693, 
                        "w" : 2.957, 
                        "type" : "rectangular", 
                        "id" : "637068889728037760"
                    }
                }, 
                "triangular" : {
                    "items" : 1, 
                    "0" : {
                        "items" : 3, 
                        "0" : {
                            "items" : 2, 
                            "0" : "x", 
                            "1" : "y", 
                            "x" : 47.185, 
                            "y" : 92.472, 
                            "z" : 0.0
                        }, 
                        "1" : {
                            "items" : 2, 
                            "0" : "x", 
                            "1" : "y", 
                            "x" : 51.535, 
                            "y" : 95.221, 
                            "z" : 0.0
                        }, 
                        "2" : {
                            "items" : 2, 
                            "0" : "x", 
                            "1" : "y", 
                            "x" : 54.07, 
                            "y" : 93.954, 
                            "z" : 0.0
                        }, 
                        "type" : "triangular", 
                        "id" : "637068875609729152"
                    }
                }, 
                "polygonal" : {
                    "items" : 0
                }
            }
        }, 
        "radiating plane" : {
            "items" : 5, 
            "0" : "l", 
            "1" : "w", 
            "2" : "x", 
            "3" : "y", 
            "4" : "slots", 
            "l" : 72.249, 
            "w" : 84.974, 
            "x" : -0.914, 
            "y" : 0.698, 
            "slots" : {
                "items" : 4, 
                "0" : "elliptical", 
                "1" : "rectangular", 
                "2" : "triangular", 
                "3" : "polygonal", 
                "elliptical" : {
                    "items" : 0
                }, 
                "rectangular" : {
                    "items" : 2, 
                    "0" : {
                        "items" : 4, 
                        "0" : "x", 
                        "1" : "y", 
                        "2" : "l", 
                        "3" : "w", 
                        "x" : 57.87, 
                        "y" : 8.292, 
                        "z" : 1.6, 
                        "l" : 3.963, 
                        "w" : 0.352, 
                        "type" : "rectangular", 
                        "id" : "637068875609729152"
                    }, 
                    "1" : {
                        "items" : 4, 
                        "0" : "x", 
                        "1" : "y", 
                        "2" : "l", 
                        "3" : "w", 
                        "x" : 65.61, 
                        "y" : 58.942, 
                        "z" : 1.6, 
                        "l" : 1.315, 
                        "w" : 1.754, 
                        "type" : "rectangular", 
                        "id" : "637068886052572288"
                    }
                }, 
                "triangular" : {
                    "items" : 3, 
                    "0" : {
                        "items" : 3, 
                        "0" : {
                            "items" : 2, 
                            "0" : "x", 
                            "1" : "y", 
                            "x" : 41.004, 
                            "y" : -0.417, 
                            "z" : 1.6
                        }, 
                        "1" : {
                            "items" : 2, 
                            "0" : "x", 
                            "1" : "y", 
                            "x" : 37.257, 
                            "y" : -2.918, 
                            "z" : 1.6
                        }, 
                        "2" : {
                            "items" : 2, 
                            "0" : "x", 
                            "1" : "y", 
                            "x" : 43.769, 
                            "y" : -4.204, 
                            "z" : 1.6
                        }, 
                        "type" : "triangular", 
                        "id" : "637068876938909056"
                    }, 
                    "1" : {
                        "items" : 3, 
                        "0" : {
                            "items" : 2, 
                            "0" : "x", 
                            "1" : "y", 
                            "x" : 65.053, 
                            "y" : 64.576, 
                            "z" : 1.6
                        }, 
                        "1" : {
                            "items" : 2, 
                            "0" : "x", 
                            "1" : "y", 
                            "x" : 67.578, 
                            "y" : 66.722, 
                            "z" : 1.6
                        }, 
                        "2" : {
                            "items" : 2, 
                            "0" : "x", 
                            "1" : "y", 
                            "x" : 62.268, 
                            "y" : 66.896, 
                            "z" : 1.6
                        }, 
                        "type" : "triangular", 
                        "id" : "637068882493427456"
                    }, 
                    "2" : {
                        "items" : 3, 
                        "0" : {
                            "items" : 2, 
                            "0" : "x", 
                            "1" : "y", 
                            "x" : 73.777, 
                            "y" : 19.826, 
                            "z" : 1.6
                        }, 
                        "1" : {
                            "items" : 2, 
                            "0" : "x", 
                            "1" : "y", 
                            "x" : 72.884, 
                            "y" : 19.675, 
                            "z" : 1.6
                        }, 
                        "2" : {
                            "items" : 2, 
                            "0" : "x", 
                            "1" : "y", 
                            "x" : 72.398, 
                            "y" : 20.738, 
                            "z" : 1.6
                        }, 
                        "type" : "triangular", 
                        "id" : "637068889728037760"
                    }
                }, 
                "polygonal" : {
                    "items" : 0
                }
            }
        }, 
        "substrate" : {
            "items" : 4, 
            "0" : "l", 
            "1" : "w", 
            "2" : "x", 
            "3" : "h", 
            "l" : 73.595, 
            "w" : 94.505, 
            "h" : 1.6, 
            "x" : -1.92, 
            "y" : -0.326, 
            "permitivitty" : 4.4, 
            "loss" : 0.02, 
            "name" : "FR4"
        }
    }, 
    "fitness" : {
        "items" : 1, 
        "0" : "final", 
        "1" : "freq", 
        "lower" : 0.0, 
        "desired" : 1.5672789931632218, 
        "upper" : 0.0, 
        "area" : 0.7343308280440739, 
        "freq" : 1.0970952952142552, 
        "final" : 1.1794163779589772, 
        "dir" : "C:\\Users\\project\\0. My Work\\1. Repositories\\1. Very Unfriendly Train\\Data\\Simulations\\637068868628158208_Primary\\637068889728075136_6\\6.out", 
        "h0" : 0.9932787242491151, 
        "g0" : 0.5906687419900363, 
        "h1" : 0.9915770232822444, 
        "g1" : 0.5590334968050478
    }
}