{
    "geometry" : {
        "items" : 3, 
        "0" : "feed", 
        "1" : "ground plane", 
        "2" : "radiating plane", 
        "3" : "substrate", 
        "feed" : {
            "items" : 2, 
            "0" : "center", 
            "1" : "width", 
            "center" : 51.869, 
            "width" : 1.601
        }, 
        "ground plane" : {
            "items" : 5, 
            "0" : "l", 
            "1" : "w", 
            "2" : "x", 
            "3" : "y", 
            "4" : "slots", 
            "l" : 85.512, 
            "w" : 106.662, 
            "x" : -0.128, 
            "y" : -0.546, 
            "slots" : {
                "items" : 4, 
                "0" : "elliptical", 
                "1" : "rectangular", 
                "2" : "triangular", 
                "3" : "polygonal", 
                "elliptical" : {
                    "items" : 0
                }, 
                "rectangular" : {
                    "items" : 2, 
                    "0" : {
                        "items" : 4, 
                        "0" : "x", 
                        "1" : "y", 
                        "2" : "l", 
                        "3" : "w", 
                        "x" : 2.658, 
                        "y" : 11.051, 
                        "z" : 0.0, 
                        "l" : 16.58, 
                        "w" : 6.057, 
                        "type" : "rectangular", 
                        "id" : "637068861480568576"
                    }, 
                    "1" : {
                        "items" : 4, 
                        "0" : "x", 
                        "1" : "y", 
                        "2" : "l", 
                        "3" : "w", 
                        "x" : 99.465, 
                        "y" : 52.443, 
                        "z" : 0.0, 
                        "l" : 29.015, 
                        "w" : 1.224, 
                        "type" : "rectangular", 
                        "id" : "637068863019080064"
                    }
                }, 
                "triangular" : {
                    "items" : 0
                }, 
                "polygonal" : {
                    "items" : 0
                }
            }
        }, 
        "radiating plane" : {
            "items" : 5, 
            "0" : "l", 
            "1" : "w", 
            "2" : "x", 
            "3" : "y", 
            "4" : "slots", 
            "l" : 79.698, 
            "w" : 100.032, 
            "x" : 4.446, 
            "y" : 5.07, 
            "slots" : {
                "items" : 4, 
                "0" : "elliptical", 
                "1" : "rectangular", 
                "2" : "triangular", 
                "3" : "polygonal", 
                "elliptical" : {
                    "items" : 0
                }, 
                "rectangular" : {
                    "items" : 1, 
                    "0" : {
                        "items" : 4, 
                        "0" : "x", 
                        "1" : "y", 
                        "2" : "l", 
                        "3" : "w", 
                        "x" : 25.146, 
                        "y" : 62.215, 
                        "z" : 1.6, 
                        "l" : 6.672, 
                        "w" : 8.058, 
                        "type" : "rectangular", 
                        "id" : "637068863019080064"
                    }
                }, 
                "triangular" : {
                    "items" : 1, 
                    "0" : {
                        "items" : 3, 
                        "0" : {
                            "items" : 2, 
                            "0" : "x", 
                            "1" : "y", 
                            "x" : 31.342, 
                            "y" : 49.881, 
                            "z" : 1.6
                        }, 
                        "1" : {
                            "items" : 2, 
                            "0" : "x", 
                            "1" : "y", 
                            "x" : 29.155, 
                            "y" : 54.088, 
                            "z" : 1.6
                        }, 
                        "2" : {
                            "items" : 2, 
                            "0" : "x", 
                            "1" : "y", 
                            "x" : 27.396, 
                            "y" : 53.43, 
                            "z" : 1.6
                        }, 
                        "type" : "triangular", 
                        "id" : "637068861480568576"
                    }
                }, 
                "polygonal" : {
                    "items" : 0
                }
            }
        }, 
        "substrate" : {
            "items" : 4, 
            "0" : "l", 
            "1" : "w", 
            "2" : "x", 
            "3" : "h", 
            "l" : 85.512, 
            "w" : 106.662, 
            "h" : 1.6, 
            "x" : -0.128, 
            "y" : -0.546, 
            "permitivitty" : 4.4, 
            "loss" : 0.02, 
            "name" : "FR4"
        }
    }, 
    "fitness" : {
        "items" : 1, 
        "0" : "final", 
        "1" : "freq", 
        "lower" : 0.0, 
        "desired" : 1.3498251389954432, 
        "upper" : 0.0, 
        "area" : 0.9629981472107593, 
        "freq" : 0.9448775972968102, 
        "final" : 1.779489450447761, 
        "dir" : "C:\\Users\\project\\0. My Work\\1. Repositories\\1. Very Unfriendly Train\\Data\\Simulations\\637068861293046016_Primary\\637068863019100288_4\\4.out", 
        "h0" : 0.8124384856657375, 
        "g0" : 0.454107748429331, 
        "h1" : 0.9880223945070539, 
        "g1" : 0.4450816493887639
    }
}