{
    "geometry" : {
        "items" : 3, 
        "0" : "feed", 
        "1" : "ground plane", 
        "2" : "radiating plane", 
        "3" : "substrate", 
        "feed" : {
            "items" : 2, 
            "0" : "center", 
            "1" : "width", 
            "center" : 53.532, 
            "width" : 1.694
        }, 
        "ground plane" : {
            "items" : 5, 
            "0" : "l", 
            "1" : "w", 
            "2" : "x", 
            "3" : "y", 
            "4" : "slots", 
            "l" : 88.521, 
            "w" : 106.151, 
            "x" : -0.418, 
            "y" : -0.128, 
            "slots" : {
                "items" : 4, 
                "0" : "elliptical", 
                "1" : "rectangular", 
                "2" : "triangular", 
                "3" : "polygonal", 
                "elliptical" : {
                    "items" : 0
                }, 
                "rectangular" : {
                    "items" : 1, 
                    "0" : {
                        "items" : 4, 
                        "0" : "x", 
                        "1" : "y", 
                        "2" : "l", 
                        "3" : "w", 
                        "x" : 72.086, 
                        "y" : 68.298, 
                        "z" : 0.0, 
                        "l" : 21.996, 
                        "w" : 0.357, 
                        "type" : "rectangular", 
                        "id" : "637068861480558592"
                    }
                }, 
                "triangular" : {
                    "items" : 0
                }, 
                "polygonal" : {
                    "items" : 0
                }
            }
        }, 
        "radiating plane" : {
            "items" : 5, 
            "0" : "l", 
            "1" : "w", 
            "2" : "x", 
            "3" : "y", 
            "4" : "slots", 
            "l" : 77.473, 
            "w" : 98.748, 
            "x" : 4.833, 
            "y" : 4.483, 
            "slots" : {
                "items" : 4, 
                "0" : "elliptical", 
                "1" : "rectangular", 
                "2" : "triangular", 
                "3" : "polygonal", 
                "elliptical" : {
                    "items" : 0
                }, 
                "rectangular" : {
                    "items" : 1, 
                    "0" : {
                        "items" : 4, 
                        "0" : "x", 
                        "1" : "y", 
                        "2" : "l", 
                        "3" : "w", 
                        "x" : 25.256, 
                        "y" : 48.455, 
                        "z" : 1.6, 
                        "l" : 2.843, 
                        "w" : 3.41, 
                        "type" : "rectangular", 
                        "id" : "637068861480568576"
                    }
                }, 
                "triangular" : {
                    "items" : 0
                }, 
                "polygonal" : {
                    "items" : 0
                }
            }
        }, 
        "substrate" : {
            "items" : 4, 
            "0" : "l", 
            "1" : "w", 
            "2" : "x", 
            "3" : "h", 
            "l" : 88.521, 
            "w" : 106.151, 
            "h" : 1.6, 
            "x" : -0.418, 
            "y" : -0.128, 
            "permitivitty" : 4.4, 
            "loss" : 0.02, 
            "name" : "FR4"
        }
    }, 
    "fitness" : {
        "items" : 1, 
        "0" : "final", 
        "1" : "freq", 
        "lower" : 0.0, 
        "desired" : 1.0001483808828273, 
        "upper" : 0.0, 
        "area" : 0.9921082610139593, 
        "freq" : 0.7001038666179791, 
        "final" : 1.4863523937372527, 
        "dir" : "C:\\Users\\project\\0. My Work\\1. Repositories\\1. Very Unfriendly Train\\Data\\Simulations\\637068861293046016_Primary\\637068861480568576_7\\7.out", 
        "h0" : 0.43341452886771764, 
        "g0" : 0.34618495744241984, 
        "h1" : 0.893829302422292, 
        "g1" : 0.32686797303322546
    }
}