{
    "geometry" : {
        "items" : 2, 
        "0" : "ground plane", 
        "1" : "radiating plane", 
        "feed" : {
            "items" : 2, 
            "0" : "center", 
            "1" : "width", 
            "center" : 51.575, 
            "width" : 1.825
        }, 
        "ground plane" : {
            "items" : 5, 
            "0" : "l", 
            "1" : "w", 
            "2" : "x", 
            "3" : "y", 
            "4" : "slots", 
            "l" : 85.415, 
            "w" : 103.917, 
            "x" : 0.238, 
            "y" : -2.077, 
            "slots" : {
                "items" : 4, 
                "0" : "elliptical", 
                "1" : "rectangular", 
                "2" : "triangular", 
                "3" : "polygonal", 
                "elliptical" : {
                    "items" : 0
                }, 
                "rectangular" : {
                    "items" : 3, 
                    "0" : {
                        "items" : 4, 
                        "0" : "x", 
                        "1" : "y", 
                        "2" : "l", 
                        "3" : "w", 
                        "x" : 49.018, 
                        "y" : -8.589, 
                        "z" : 0.0, 
                        "l" : 24.796, 
                        "w" : 7.684, 
                        "type" : "rectangular", 
                        "id" : "637068932456874880"
                    }, 
                    "1" : {
                        "items" : 4, 
                        "0" : "x", 
                        "1" : "y", 
                        "2" : "l", 
                        "3" : "w", 
                        "x" : 50.667, 
                        "y" : 2.735, 
                        "z" : 0.0, 
                        "l" : 21.552, 
                        "w" : 16.98, 
                        "type" : "rectangular", 
                        "id" : "637068933618610176"
                    }, 
                    "2" : {
                        "items" : 4, 
                        "0" : "x", 
                        "1" : "y", 
                        "2" : "l", 
                        "3" : "w", 
                        "x" : 20.365, 
                        "y" : 117.853, 
                        "z" : 0.0, 
                        "l" : 14.347, 
                        "w" : 1.923, 
                        "type" : "rectangular", 
                        "id" : "637068935012390912"
                    }
                }, 
                "triangular" : {
                    "items" : 1, 
                    "0" : {
                        "items" : 3, 
                        "0" : {
                            "items" : 2, 
                            "0" : "x", 
                            "1" : "y", 
                            "x" : 51.349, 
                            "y" : 46.695, 
                            "z" : 0.0
                        }, 
                        "1" : {
                            "items" : 2, 
                            "0" : "x", 
                            "1" : "y", 
                            "x" : 55.821, 
                            "y" : 42.618, 
                            "z" : 0.0
                        }, 
                        "2" : {
                            "items" : 2, 
                            "0" : "x", 
                            "1" : "y", 
                            "x" : 50.231, 
                            "y" : 35.78, 
                            "z" : 0.0
                        }, 
                        "type" : "triangular", 
                        "id" : "637068939373559936"
                    }
                }, 
                "polygonal" : {
                    "items" : 0
                }
            }
        }, 
        "radiating plane" : {
            "items" : 5, 
            "0" : "l", 
            "1" : "w", 
            "2" : "x", 
            "3" : "y", 
            "4" : "slots", 
            "l" : 70.049, 
            "w" : 97.559, 
            "x" : 3.18, 
            "y" : 3.98, 
            "slots" : {
                "items" : 4, 
                "0" : "elliptical", 
                "1" : "rectangular", 
                "2" : "triangular", 
                "3" : "polygonal", 
                "elliptical" : {
                    "items" : 0
                }, 
                "rectangular" : {
                    "items" : 1, 
                    "0" : {
                        "items" : 4, 
                        "0" : "x", 
                        "1" : "y", 
                        "2" : "l", 
                        "3" : "w", 
                        "x" : 39.477, 
                        "y" : 69.137, 
                        "z" : 1.6, 
                        "l" : 1.686, 
                        "w" : 6.058, 
                        "type" : "rectangular", 
                        "id" : "637068939373559936"
                    }
                }, 
                "triangular" : {
                    "items" : 0
                }, 
                "polygonal" : {
                    "items" : 0
                }
            }
        }, 
        "substrate" : {
            "items" : 4, 
            "0" : "l", 
            "1" : "w", 
            "2" : "x", 
            "3" : "h", 
            "l" : 85.415, 
            "w" : 103.917, 
            "h" : 1.6, 
            "x" : 0.238, 
            "y" : -2.077, 
            "permitivitty" : 4.4, 
            "loss" : 0.02, 
            "name" : "FR4"
        }
    }, 
    "fitness" : {
        "items" : 1, 
        "0" : "final", 
        "1" : "freq", 
        "lower" : 0.0, 
        "desired" : 1.2931605973307123, 
        "upper" : 0.0, 
        "area" : 0.9371506493130886, 
        "freq" : 0.9052124181314986, 
        "final" : 1.6599711702578754, 
        "dir" : "C:\\Users\\project\\0. My Work\\1. Repositories\\1. Very Unfriendly Train\\Data\\Simulations\\637068932174074496_Primary\\637068939373559936_0\\0.out", 
        "f0" : 0.9936865110834673, 
        "g0" : 0.323539048323048, 
        "f1" : 0.9918686737025353, 
        "g1" : 0.2772269615523739
    }
}