{
    "geometry" : {
        "items" : 3, 
        "0" : "feed", 
        "1" : "ground plane", 
        "2" : "radiating plane", 
        "3" : "substrate", 
        "feed" : {
            "items" : 2, 
            "0" : "center", 
            "1" : "width", 
            "center" : 48.717, 
            "width" : 1.79
        }, 
        "ground plane" : {
            "items" : 5, 
            "0" : "l", 
            "1" : "w", 
            "2" : "x", 
            "3" : "y", 
            "4" : "slots", 
            "l" : 79.855, 
            "w" : 102.592, 
            "x" : -0.436, 
            "y" : 0.155, 
            "slots" : {
                "items" : 4, 
                "0" : "elliptical", 
                "1" : "rectangular", 
                "2" : "triangular", 
                "3" : "polygonal", 
                "elliptical" : {
                    "items" : 0
                }, 
                "rectangular" : {
                    "items" : 1, 
                    "0" : {
                        "items" : 4, 
                        "0" : "x", 
                        "1" : "y", 
                        "2" : "l", 
                        "3" : "w", 
                        "x" : 53.533, 
                        "y" : 21.17, 
                        "z" : 0.0, 
                        "l" : 14.659, 
                        "w" : 11.224, 
                        "type" : "rectangular", 
                        "id" : "637068853923049216"
                    }
                }, 
                "triangular" : {
                    "items" : 2, 
                    "0" : {
                        "items" : 3, 
                        "0" : {
                            "items" : 2, 
                            "0" : "x", 
                            "1" : "y", 
                            "x" : 57.855, 
                            "y" : 102.367, 
                            "z" : 0.0
                        }, 
                        "1" : {
                            "items" : 2, 
                            "0" : "x", 
                            "1" : "y", 
                            "x" : 63.857, 
                            "y" : 99.563, 
                            "z" : 0.0
                        }, 
                        "2" : {
                            "items" : 2, 
                            "0" : "x", 
                            "1" : "y", 
                            "x" : 31.547, 
                            "y" : 99.369, 
                            "z" : 0.0
                        }, 
                        "type" : "triangular", 
                        "id" : "637068851341263104"
                    }, 
                    "1" : {
                        "items" : 3, 
                        "0" : {
                            "items" : 2, 
                            "0" : "x", 
                            "1" : "y", 
                            "x" : -9.5, 
                            "y" : 64.113, 
                            "z" : 0.0
                        }, 
                        "1" : {
                            "items" : 2, 
                            "0" : "x", 
                            "1" : "y", 
                            "x" : 0.532, 
                            "y" : 54.568, 
                            "z" : 0.0
                        }, 
                        "2" : {
                            "items" : 2, 
                            "0" : "x", 
                            "1" : "y", 
                            "x" : 13.65, 
                            "y" : 47.092, 
                            "z" : 0.0
                        }, 
                        "type" : "triangular", 
                        "id" : "637068852564010368"
                    }
                }, 
                "polygonal" : {
                    "items" : 0
                }
            }
        }, 
        "radiating plane" : {
            "items" : 5, 
            "0" : "l", 
            "1" : "w", 
            "2" : "x", 
            "3" : "y", 
            "4" : "slots", 
            "l" : 78.15, 
            "w" : 97.444, 
            "x" : 1.219, 
            "y" : 5.432, 
            "slots" : {
                "items" : 4, 
                "0" : "elliptical", 
                "1" : "rectangular", 
                "2" : "triangular", 
                "3" : "polygonal", 
                "elliptical" : {
                    "items" : 0
                }, 
                "rectangular" : {
                    "items" : 1, 
                    "0" : {
                        "items" : 4, 
                        "0" : "x", 
                        "1" : "y", 
                        "2" : "l", 
                        "3" : "w", 
                        "x" : 28.692, 
                        "y" : 0.282, 
                        "z" : 1.6, 
                        "l" : 2.83, 
                        "w" : 3.636, 
                        "type" : "rectangular", 
                        "id" : "637068852564010368"
                    }
                }, 
                "triangular" : {
                    "items" : 0
                }, 
                "polygonal" : {
                    "items" : 0
                }
            }
        }, 
        "substrate" : {
            "items" : 4, 
            "0" : "l", 
            "1" : "w", 
            "2" : "x", 
            "3" : "h", 
            "l" : 79.855, 
            "w" : 102.771, 
            "h" : 1.6, 
            "x" : -0.436, 
            "y" : 0.155, 
            "permitivitty" : 4.4, 
            "loss" : 0.02, 
            "name" : "FR4"
        }
    }, 
    "fitness" : {
        "items" : 1, 
        "0" : "final", 
        "1" : "freq", 
        "lower" : 0.0, 
        "desired" : 1.0860993621632333, 
        "upper" : 0.0, 
        "area" : 0.8664856228809296, 
        "freq" : 0.7602695535142633, 
        "final" : 1.3560704395359668, 
        "dir" : "C:\\Users\\project\\0. My Work\\1. Repositories\\1. Very Unfriendly Train\\Data\\Simulations\\637068851159820800_Primary\\637068853923099264_0\\0.out", 
        "h0" : 0.1620120055220752, 
        "g0" : 0.5358617410802511, 
        "h1" : 0.9442124253701905, 
        "g1" : 0.5301125523539502
    }
}