{
    "geometry" : {
        "items" : 3, 
        "0" : "feed", 
        "1" : "ground plane", 
        "2" : "radiating plane", 
        "3" : "substrate", 
        "feed" : {
            "items" : 2, 
            "0" : "center", 
            "1" : "width", 
            "center" : 37.825, 
            "width" : 1.995
        }, 
        "ground plane" : {
            "items" : 5, 
            "0" : "l", 
            "1" : "w", 
            "2" : "x", 
            "3" : "y", 
            "4" : "slots", 
            "l" : 75.823, 
            "w" : 87.206, 
            "x" : -1.382, 
            "y" : -0.453, 
            "slots" : {
                "items" : 4, 
                "0" : "elliptical", 
                "1" : "rectangular", 
                "2" : "triangular", 
                "3" : "polygonal", 
                "elliptical" : {
                    "items" : 0
                }, 
                "rectangular" : {
                    "items" : 6, 
                    "0" : {
                        "items" : 4, 
                        "0" : "x", 
                        "1" : "y", 
                        "2" : "l", 
                        "3" : "w", 
                        "x" : 31.912, 
                        "y" : 52.636, 
                        "z" : 0.0, 
                        "l" : 34.082, 
                        "w" : 18.528, 
                        "type" : "rectangular", 
                        "id" : "637068874172445184"
                    }, 
                    "1" : {
                        "items" : 4, 
                        "0" : "x", 
                        "1" : "y", 
                        "2" : "l", 
                        "3" : "w", 
                        "x" : 48.349, 
                        "y" : 36.174, 
                        "z" : 0.0, 
                        "l" : 3.997, 
                        "w" : 4.944, 
                        "type" : "rectangular", 
                        "id" : "637068876938909056"
                    }, 
                    "2" : {
                        "items" : 4, 
                        "0" : "x", 
                        "1" : "y", 
                        "2" : "l", 
                        "3" : "w", 
                        "x" : 43.577, 
                        "y" : 22.43, 
                        "z" : 0.0, 
                        "l" : 20.774, 
                        "w" : 9.897, 
                        "type" : "rectangular", 
                        "id" : "637068878516779008"
                    }, 
                    "3" : {
                        "items" : 4, 
                        "0" : "x", 
                        "1" : "y", 
                        "2" : "l", 
                        "3" : "w", 
                        "x" : 84.943, 
                        "y" : 59.641, 
                        "z" : 0.0, 
                        "l" : 30.78, 
                        "w" : 11.077, 
                        "type" : "rectangular", 
                        "id" : "637068882493427456"
                    }, 
                    "4" : {
                        "items" : 4, 
                        "0" : "x", 
                        "1" : "y", 
                        "2" : "l", 
                        "3" : "w", 
                        "x" : 21.387, 
                        "y" : 77.809, 
                        "z" : 0.0, 
                        "l" : 23.617, 
                        "w" : 41.754, 
                        "type" : "rectangular", 
                        "id" : "637068887898742784"
                    }, 
                    "5" : {
                        "items" : 4, 
                        "0" : "x", 
                        "1" : "y", 
                        "2" : "l", 
                        "3" : "w", 
                        "x" : 77.181, 
                        "y" : 55.815, 
                        "z" : 0.0, 
                        "l" : 20.321, 
                        "w" : 28.846, 
                        "type" : "rectangular", 
                        "id" : "637068889728027648"
                    }
                }, 
                "triangular" : {
                    "items" : 1, 
                    "0" : {
                        "items" : 3, 
                        "0" : {
                            "items" : 2, 
                            "0" : "x", 
                            "1" : "y", 
                            "x" : 51.085, 
                            "y" : 79.298, 
                            "z" : 0.0
                        }, 
                        "1" : {
                            "items" : 2, 
                            "0" : "x", 
                            "1" : "y", 
                            "x" : 47.56, 
                            "y" : 92.391, 
                            "z" : 0.0
                        }, 
                        "2" : {
                            "items" : 2, 
                            "0" : "x", 
                            "1" : "y", 
                            "x" : 52.129, 
                            "y" : 98.954, 
                            "z" : 0.0
                        }, 
                        "type" : "triangular", 
                        "id" : "637068875609729152"
                    }
                }, 
                "polygonal" : {
                    "items" : 0
                }
            }
        }, 
        "radiating plane" : {
            "items" : 5, 
            "0" : "l", 
            "1" : "w", 
            "2" : "x", 
            "3" : "y", 
            "4" : "slots", 
            "l" : 73.472, 
            "w" : 84.122, 
            "x" : 0.919, 
            "y" : 0.763, 
            "slots" : {
                "items" : 4, 
                "0" : "elliptical", 
                "1" : "rectangular", 
                "2" : "triangular", 
                "3" : "polygonal", 
                "elliptical" : {
                    "items" : 0
                }, 
                "rectangular" : {
                    "items" : 2, 
                    "0" : {
                        "items" : 4, 
                        "0" : "x", 
                        "1" : "y", 
                        "2" : "l", 
                        "3" : "w", 
                        "x" : 59.762, 
                        "y" : 5.965, 
                        "z" : 1.6, 
                        "l" : 8.915, 
                        "w" : 1.92, 
                        "type" : "rectangular", 
                        "id" : "637068875609729152"
                    }, 
                    "1" : {
                        "items" : 4, 
                        "0" : "x", 
                        "1" : "y", 
                        "2" : "l", 
                        "3" : "w", 
                        "x" : 62.995, 
                        "y" : 61.127, 
                        "z" : 1.6, 
                        "l" : 2.984, 
                        "w" : 2.141, 
                        "type" : "rectangular", 
                        "id" : "637068886052572288"
                    }
                }, 
                "triangular" : {
                    "items" : 2, 
                    "0" : {
                        "items" : 3, 
                        "0" : {
                            "items" : 2, 
                            "0" : "x", 
                            "1" : "y", 
                            "x" : 39.051, 
                            "y" : 0.967, 
                            "z" : 1.6
                        }, 
                        "1" : {
                            "items" : 2, 
                            "0" : "x", 
                            "1" : "y", 
                            "x" : 36.17, 
                            "y" : -2.172, 
                            "z" : 1.6
                        }, 
                        "2" : {
                            "items" : 2, 
                            "0" : "x", 
                            "1" : "y", 
                            "x" : 40.46, 
                            "y" : -2.056, 
                            "z" : 1.6
                        }, 
                        "type" : "triangular", 
                        "id" : "637068876938909056"
                    }, 
                    "1" : {
                        "items" : 3, 
                        "0" : {
                            "items" : 2, 
                            "0" : "x", 
                            "1" : "y", 
                            "x" : 66.856, 
                            "y" : 62.228, 
                            "z" : 1.6
                        }, 
                        "1" : {
                            "items" : 2, 
                            "0" : "x", 
                            "1" : "y", 
                            "x" : 67.333, 
                            "y" : 67.618, 
                            "z" : 1.6
                        }, 
                        "2" : {
                            "items" : 2, 
                            "0" : "x", 
                            "1" : "y", 
                            "x" : 65.127, 
                            "y" : 69.654, 
                            "z" : 1.6
                        }, 
                        "type" : "triangular", 
                        "id" : "637068882493427456"
                    }
                }, 
                "polygonal" : {
                    "items" : 0
                }
            }
        }, 
        "substrate" : {
            "items" : 4, 
            "0" : "l", 
            "1" : "w", 
            "2" : "x", 
            "3" : "h", 
            "l" : 75.823, 
            "w" : 87.206, 
            "h" : 1.6, 
            "x" : -1.382, 
            "y" : -0.453, 
            "permitivitty" : 4.4, 
            "loss" : 0.02, 
            "name" : "FR4"
        }
    }, 
    "fitness" : {
        "items" : 1, 
        "0" : "final", 
        "1" : "freq", 
        "lower" : 0.0, 
        "desired" : 1.5620216606393167, 
        "upper" : 0.0, 
        "area" : 0.6981295081185888, 
        "freq" : 1.0934151624475217, 
        "final" : 1.0562045545418883, 
        "dir" : "C:\\Users\\project\\0. My Work\\1. Repositories\\1. Very Unfriendly Train\\Data\\Simulations\\637068868628158208_Primary\\637068889728075136_5\\5.out", 
        "h0" : 0.991620343007667, 
        "g0" : 0.5702452639417306, 
        "h1" : 0.9931147629421623, 
        "g1" : 0.5690629513870739
    }
}