{
    "geometry" : {
        "items" : 2, 
        "0" : "ground plane", 
        "1" : "radiating plane", 
        "feed" : {
            "items" : 2, 
            "0" : "center", 
            "1" : "width", 
            "center" : 47.657, 
            "width" : 1.896
        }, 
        "ground plane" : {
            "items" : 5, 
            "0" : "l", 
            "1" : "w", 
            "2" : "x", 
            "3" : "y", 
            "4" : "slots", 
            "l" : 80.706, 
            "w" : 93.219, 
            "x" : -1.441, 
            "y" : -2.593, 
            "slots" : {
                "items" : 4, 
                "0" : "elliptical", 
                "1" : "rectangular", 
                "2" : "triangular", 
                "3" : "polygonal", 
                "elliptical" : {
                    "items" : 0
                }, 
                "rectangular" : {
                    "items" : 6, 
                    "0" : {
                        "items" : 4, 
                        "0" : "x", 
                        "1" : "y", 
                        "2" : "l", 
                        "3" : "w", 
                        "x" : 50.311, 
                        "y" : -16.98, 
                        "z" : 0.0, 
                        "l" : 16.917, 
                        "w" : 13.676, 
                        "type" : "rectangular", 
                        "id" : "637068932456874880"
                    }, 
                    "1" : {
                        "items" : 4, 
                        "0" : "x", 
                        "1" : "y", 
                        "2" : "l", 
                        "3" : "w", 
                        "x" : 42.114, 
                        "y" : -0.317, 
                        "z" : 0.0, 
                        "l" : 10.201, 
                        "w" : 19.589, 
                        "type" : "rectangular", 
                        "id" : "637068933618610176"
                    }, 
                    "2" : {
                        "items" : 4, 
                        "0" : "x", 
                        "1" : "y", 
                        "2" : "l", 
                        "3" : "w", 
                        "x" : 35.048, 
                        "y" : 117.982, 
                        "z" : 0.0, 
                        "l" : 24.537, 
                        "w" : 8.157, 
                        "type" : "rectangular", 
                        "id" : "637068935012390912"
                    }, 
                    "3" : {
                        "items" : 4, 
                        "0" : "x", 
                        "1" : "y", 
                        "2" : "l", 
                        "3" : "w", 
                        "x" : 3.991, 
                        "y" : 62.499, 
                        "z" : 0.0, 
                        "l" : 8.113, 
                        "w" : 19.198, 
                        "type" : "rectangular", 
                        "id" : "637068936556791168"
                    }, 
                    "4" : {
                        "items" : 4, 
                        "0" : "x", 
                        "1" : "y", 
                        "2" : "l", 
                        "3" : "w", 
                        "x" : 78.027, 
                        "y" : 53.746, 
                        "z" : 0.0, 
                        "l" : 8.835, 
                        "w" : 9.268, 
                        "type" : "rectangular", 
                        "id" : "637068939598618368"
                    }, 
                    "5" : {
                        "items" : 4, 
                        "0" : "x", 
                        "1" : "y", 
                        "2" : "l", 
                        "3" : "w", 
                        "x" : 33.222, 
                        "y" : 52.593, 
                        "z" : 0.0, 
                        "l" : 25.911, 
                        "w" : 2.405, 
                        "type" : "rectangular", 
                        "id" : "637068941101050368"
                    }
                }, 
                "triangular" : {
                    "items" : 1, 
                    "0" : {
                        "items" : 3, 
                        "0" : {
                            "items" : 2, 
                            "0" : "x", 
                            "1" : "y", 
                            "x" : 33.865, 
                            "y" : 102.187, 
                            "z" : 0.0
                        }, 
                        "1" : {
                            "items" : 2, 
                            "0" : "x", 
                            "1" : "y", 
                            "x" : 13.637, 
                            "y" : 81.089, 
                            "z" : 0.0
                        }, 
                        "2" : {
                            "items" : 2, 
                            "0" : "x", 
                            "1" : "y", 
                            "x" : 31.869, 
                            "y" : 104.962, 
                            "z" : 0.0
                        }, 
                        "type" : "triangular", 
                        "id" : "637068942735741824"
                    }
                }, 
                "polygonal" : {
                    "items" : 0
                }
            }
        }, 
        "radiating plane" : {
            "items" : 5, 
            "0" : "l", 
            "1" : "w", 
            "2" : "x", 
            "3" : "y", 
            "4" : "slots", 
            "l" : 72.573, 
            "w" : 96.154, 
            "x" : 2.128, 
            "y" : 2.022, 
            "slots" : {
                "items" : 4, 
                "0" : "elliptical", 
                "1" : "rectangular", 
                "2" : "triangular", 
                "3" : "polygonal", 
                "elliptical" : {
                    "items" : 0
                }, 
                "rectangular" : {
                    "items" : 1, 
                    "0" : {
                        "items" : 4, 
                        "0" : "x", 
                        "1" : "y", 
                        "2" : "l", 
                        "3" : "w", 
                        "x" : 53.535, 
                        "y" : 33.73, 
                        "z" : 1.6, 
                        "l" : 2.073, 
                        "w" : 1.746, 
                        "type" : "rectangular", 
                        "id" : "637068941101050368"
                    }
                }, 
                "triangular" : {
                    "items" : 0
                }, 
                "polygonal" : {
                    "items" : 0
                }
            }
        }, 
        "substrate" : {
            "items" : 4, 
            "0" : "l", 
            "1" : "w", 
            "2" : "x", 
            "3" : "h", 
            "l" : 80.706, 
            "w" : 100.819, 
            "h" : 1.6, 
            "x" : -1.441, 
            "y" : -2.593, 
            "permitivitty" : 4.4, 
            "loss" : 0.02, 
            "name" : "FR4"
        }
    }, 
    "fitness" : {
        "items" : 1, 
        "0" : "final", 
        "1" : "freq", 
        "lower" : 0.0, 
        "desired" : 0.9831019986490264, 
        "upper" : 0.0, 
        "area" : 0.8590864580520167, 
        "freq" : 0.6881713990543185, 
        "final" : 1.235435746724392, 
        "dir" : "C:\\Users\\project\\0. My Work\\1. Repositories\\1. Very Unfriendly Train\\Data\\Simulations\\637068932174074496_Primary\\637068942735751936_8\\8.out", 
        "f0" : 0.2208706228534892, 
        "g0" : 0.3947937510493488, 
        "f1" : 0.9818636338942128, 
        "g1" : 0.36867598950100183
    }
}