{
    "geometry" : {
        "items" : 3, 
        "0" : "feed", 
        "1" : "ground plane", 
        "2" : "radiating plane", 
        "3" : "substrate", 
        "feed" : {
            "items" : 2, 
            "0" : "center", 
            "1" : "width", 
            "center" : 36.824, 
            "width" : 2.041
        }, 
        "ground plane" : {
            "items" : 5, 
            "0" : "l", 
            "1" : "w", 
            "2" : "x", 
            "3" : "y", 
            "4" : "slots", 
            "l" : 76.88, 
            "w" : 72.129, 
            "x" : -0.954, 
            "y" : -1.117, 
            "slots" : {
                "items" : 4, 
                "0" : "elliptical", 
                "1" : "rectangular", 
                "2" : "triangular", 
                "3" : "polygonal", 
                "elliptical" : {
                    "items" : 0
                }, 
                "rectangular" : {
                    "items" : 8, 
                    "0" : {
                        "items" : 4, 
                        "0" : "x", 
                        "1" : "y", 
                        "2" : "l", 
                        "3" : "w", 
                        "x" : 15.658, 
                        "y" : 49.072, 
                        "z" : 0.0, 
                        "l" : 40.922, 
                        "w" : 21.118, 
                        "type" : "rectangular", 
                        "id" : "637068874172445184"
                    }, 
                    "1" : {
                        "items" : 4, 
                        "0" : "x", 
                        "1" : "y", 
                        "2" : "l", 
                        "3" : "w", 
                        "x" : 45.156, 
                        "y" : 36.403, 
                        "z" : 0.0, 
                        "l" : 3.119, 
                        "w" : 3.887, 
                        "type" : "rectangular", 
                        "id" : "637068876938909056"
                    }, 
                    "2" : {
                        "items" : 4, 
                        "0" : "x", 
                        "1" : "y", 
                        "2" : "l", 
                        "3" : "w", 
                        "x" : 77.254, 
                        "y" : 62.304, 
                        "z" : 0.0, 
                        "l" : 44.427, 
                        "w" : 4.18, 
                        "type" : "rectangular", 
                        "id" : "637068882493427456"
                    }, 
                    "3" : {
                        "items" : 4, 
                        "0" : "x", 
                        "1" : "y", 
                        "2" : "l", 
                        "3" : "w", 
                        "x" : 78.062, 
                        "y" : 14.539, 
                        "z" : 0.0, 
                        "l" : 5.223, 
                        "w" : 19.54, 
                        "type" : "rectangular", 
                        "id" : "637068886052572288"
                    }, 
                    "4" : {
                        "items" : 4, 
                        "0" : "x", 
                        "1" : "y", 
                        "2" : "l", 
                        "3" : "w", 
                        "x" : 19.58, 
                        "y" : 67.215, 
                        "z" : 0.0, 
                        "l" : 21.239, 
                        "w" : 52.89, 
                        "type" : "rectangular", 
                        "id" : "637068887898742784"
                    }, 
                    "5" : {
                        "items" : 4, 
                        "0" : "x", 
                        "1" : "y", 
                        "2" : "l", 
                        "3" : "w", 
                        "x" : 66.102, 
                        "y" : 20.625, 
                        "z" : 0.0, 
                        "l" : 7.173, 
                        "w" : 28.94, 
                        "type" : "rectangular", 
                        "id" : "637068891569197440"
                    }, 
                    "6" : {
                        "items" : 4, 
                        "0" : "x", 
                        "1" : "y", 
                        "2" : "l", 
                        "3" : "w", 
                        "x" : 35.87, 
                        "y" : -1.2, 
                        "z" : 0.0, 
                        "l" : 25.811, 
                        "w" : 16.031, 
                        "type" : "rectangular", 
                        "id" : "637068893694527872"
                    }, 
                    "7" : {
                        "items" : 4, 
                        "0" : "x", 
                        "1" : "y", 
                        "2" : "l", 
                        "3" : "w", 
                        "x" : 44.455, 
                        "y" : 54.384, 
                        "z" : 0.0, 
                        "l" : 12.427, 
                        "w" : 9.184, 
                        "type" : "rectangular", 
                        "id" : "637068895894694912"
                    }
                }, 
                "triangular" : {
                    "items" : 2, 
                    "0" : {
                        "items" : 3, 
                        "0" : {
                            "items" : 2, 
                            "0" : "x", 
                            "1" : "y", 
                            "x" : 43.294, 
                            "y" : 91.105, 
                            "z" : 0.0
                        }, 
                        "1" : {
                            "items" : 2, 
                            "0" : "x", 
                            "1" : "y", 
                            "x" : 54.297, 
                            "y" : 100.071, 
                            "z" : 0.0
                        }, 
                        "2" : {
                            "items" : 2, 
                            "0" : "x", 
                            "1" : "y", 
                            "x" : 75.65, 
                            "y" : 94.907, 
                            "z" : 0.0
                        }, 
                        "type" : "triangular", 
                        "id" : "637068875609729152"
                    }, 
                    "1" : {
                        "items" : 3, 
                        "0" : {
                            "items" : 2, 
                            "0" : "x", 
                            "1" : "y", 
                            "x" : 12.406, 
                            "y" : 86.916, 
                            "z" : 0.0
                        }, 
                        "1" : {
                            "items" : 2, 
                            "0" : "x", 
                            "1" : "y", 
                            "x" : 4.165, 
                            "y" : 71.253, 
                            "z" : 0.0
                        }, 
                        "2" : {
                            "items" : 2, 
                            "0" : "x", 
                            "1" : "y", 
                            "x" : 56.815, 
                            "y" : 100.649, 
                            "z" : 0.0
                        }, 
                        "type" : "triangular", 
                        "id" : "637068889727997696"
                    }
                }, 
                "polygonal" : {
                    "items" : 0
                }
            }
        }, 
        "radiating plane" : {
            "items" : 5, 
            "0" : "l", 
            "1" : "w", 
            "2" : "x", 
            "3" : "y", 
            "4" : "slots", 
            "l" : 67.916, 
            "w" : 86.002, 
            "x" : 1.989, 
            "y" : 1.564, 
            "slots" : {
                "items" : 4, 
                "0" : "elliptical", 
                "1" : "rectangular", 
                "2" : "triangular", 
                "3" : "polygonal", 
                "elliptical" : {
                    "items" : 0
                }, 
                "rectangular" : {
                    "items" : 2, 
                    "0" : {
                        "items" : 4, 
                        "0" : "x", 
                        "1" : "y", 
                        "2" : "l", 
                        "3" : "w", 
                        "x" : 55.642, 
                        "y" : 10.046, 
                        "z" : 1.6, 
                        "l" : 8.934, 
                        "w" : 3.555, 
                        "type" : "rectangular", 
                        "id" : "637068875609729152"
                    }, 
                    "1" : {
                        "items" : 4, 
                        "0" : "x", 
                        "1" : "y", 
                        "2" : "l", 
                        "3" : "w", 
                        "x" : 60.585, 
                        "y" : 54.353, 
                        "z" : 1.6, 
                        "l" : 3.98, 
                        "w" : 0.034, 
                        "type" : "rectangular", 
                        "id" : "637068886052572288"
                    }
                }, 
                "triangular" : {
                    "items" : 2, 
                    "0" : {
                        "items" : 3, 
                        "0" : {
                            "items" : 2, 
                            "0" : "x", 
                            "1" : "y", 
                            "x" : 38.637, 
                            "y" : -2.288, 
                            "z" : 1.6
                        }, 
                        "1" : {
                            "items" : 2, 
                            "0" : "x", 
                            "1" : "y", 
                            "x" : 35.671, 
                            "y" : -0.332, 
                            "z" : 1.6
                        }, 
                        "2" : {
                            "items" : 2, 
                            "0" : "x", 
                            "1" : "y", 
                            "x" : 41.102, 
                            "y" : -2.6, 
                            "z" : 1.6
                        }, 
                        "type" : "triangular", 
                        "id" : "637068876938909056"
                    }, 
                    "1" : {
                        "items" : 3, 
                        "0" : {
                            "items" : 2, 
                            "0" : "x", 
                            "1" : "y", 
                            "x" : 69.459, 
                            "y" : 63.48, 
                            "z" : 1.6
                        }, 
                        "1" : {
                            "items" : 2, 
                            "0" : "x", 
                            "1" : "y", 
                            "x" : 67.987, 
                            "y" : 69.035, 
                            "z" : 1.6
                        }, 
                        "2" : {
                            "items" : 2, 
                            "0" : "x", 
                            "1" : "y", 
                            "x" : 68.804, 
                            "y" : 70.753, 
                            "z" : 1.6
                        }, 
                        "type" : "triangular", 
                        "id" : "637068882493427456"
                    }
                }, 
                "polygonal" : {
                    "items" : 0
                }
            }
        }, 
        "substrate" : {
            "items" : 4, 
            "0" : "l", 
            "1" : "w", 
            "2" : "x", 
            "3" : "h", 
            "l" : 76.88, 
            "w" : 88.733, 
            "h" : 1.6, 
            "x" : -0.954, 
            "y" : -1.117, 
            "permitivitty" : 4.4, 
            "loss" : 0.02, 
            "name" : "FR4"
        }
    }, 
    "fitness" : {
        "items" : 1, 
        "0" : "final", 
        "1" : "freq", 
        "lower" : 0.0, 
        "desired" : 1.5195541536754522, 
        "upper" : 0.0, 
        "area" : 0.7202565298801309, 
        "freq" : 1.0636879075728165, 
        "final" : 1.105631344995707, 
        "dir" : "C:\\Users\\project\\0. My Work\\1. Repositories\\1. Very Unfriendly Train\\Data\\Simulations\\637068868628158208_Primary\\637068895894804608_0\\0.out", 
        "h0" : 0.9945877674399817, 
        "g0" : 0.5186329519166729, 
        "h1" : 0.9947035080199055, 
        "g1" : 0.5311840799743441
    }
}