{
    "geometry" : {
        "items" : 2, 
        "0" : "ground plane", 
        "1" : "radiating plane", 
        "feed" : {
            "items" : 2, 
            "0" : "center", 
            "1" : "width", 
            "center" : 49.249, 
            "width" : 1.816
        }, 
        "ground plane" : {
            "items" : 5, 
            "0" : "l", 
            "1" : "w", 
            "2" : "x", 
            "3" : "y", 
            "4" : "slots", 
            "l" : 79.729, 
            "w" : 107.327, 
            "x" : -0.469, 
            "y" : -1.568, 
            "slots" : {
                "items" : 4, 
                "0" : "elliptical", 
                "1" : "rectangular", 
                "2" : "triangular", 
                "3" : "polygonal", 
                "elliptical" : {
                    "items" : 0
                }, 
                "rectangular" : {
                    "items" : 4, 
                    "0" : {
                        "items" : 4, 
                        "0" : "x", 
                        "1" : "y", 
                        "2" : "l", 
                        "3" : "w", 
                        "x" : 44.24, 
                        "y" : -8.458, 
                        "z" : 0.0, 
                        "l" : 22.918, 
                        "w" : 7.785, 
                        "type" : "rectangular", 
                        "id" : "637068932456874880"
                    }, 
                    "1" : {
                        "items" : 4, 
                        "0" : "x", 
                        "1" : "y", 
                        "2" : "l", 
                        "3" : "w", 
                        "x" : 53.002, 
                        "y" : -0.133, 
                        "z" : 0.0, 
                        "l" : 22.764, 
                        "w" : 16.883, 
                        "type" : "rectangular", 
                        "id" : "637068933618610176"
                    }, 
                    "2" : {
                        "items" : 4, 
                        "0" : "x", 
                        "1" : "y", 
                        "2" : "l", 
                        "3" : "w", 
                        "x" : 24.467, 
                        "y" : 115.031, 
                        "z" : 0.0, 
                        "l" : 24.15, 
                        "w" : 6.104, 
                        "type" : "rectangular", 
                        "id" : "637068935012390912"
                    }, 
                    "3" : {
                        "items" : 4, 
                        "0" : "x", 
                        "1" : "y", 
                        "2" : "l", 
                        "3" : "w", 
                        "x" : -2.439, 
                        "y" : 66.583, 
                        "z" : 0.0, 
                        "l" : 18.084, 
                        "w" : 2.717, 
                        "type" : "rectangular", 
                        "id" : "637068936556791168"
                    }
                }, 
                "triangular" : {
                    "items" : 0
                }, 
                "polygonal" : {
                    "items" : 0
                }
            }
        }, 
        "radiating plane" : {
            "items" : 5, 
            "0" : "l", 
            "1" : "w", 
            "2" : "x", 
            "3" : "y", 
            "4" : "slots", 
            "l" : 71.43, 
            "w" : 94.831, 
            "x" : 3.363, 
            "y" : 3.541, 
            "slots" : {
                "items" : 4, 
                "0" : "elliptical", 
                "1" : "rectangular", 
                "2" : "triangular", 
                "3" : "polygonal", 
                "elliptical" : {
                    "items" : 0
                }, 
                "rectangular" : {
                    "items" : 1, 
                    "0" : {
                        "items" : 4, 
                        "0" : "x", 
                        "1" : "y", 
                        "2" : "l", 
                        "3" : "w", 
                        "x" : 21.013, 
                        "y" : 80.009, 
                        "z" : 1.6, 
                        "l" : 3.06, 
                        "w" : 2.391, 
                        "type" : "rectangular", 
                        "id" : "637068937882734464"
                    }
                }, 
                "triangular" : {
                    "items" : 0
                }, 
                "polygonal" : {
                    "items" : 0
                }
            }
        }, 
        "substrate" : {
            "items" : 4, 
            "0" : "l", 
            "1" : "w", 
            "2" : "x", 
            "3" : "h", 
            "l" : 79.729, 
            "w" : 107.327, 
            "h" : 1.6, 
            "x" : -0.469, 
            "y" : -1.568, 
            "permitivitty" : 4.4, 
            "loss" : 0.02, 
            "name" : "FR4"
        }
    }, 
    "fitness" : {
        "items" : 1, 
        "0" : "final", 
        "1" : "freq", 
        "lower" : 0.0, 
        "desired" : 1.3891605671152831, 
        "upper" : 0.0, 
        "area" : 0.903470490073053, 
        "freq" : 0.9724123969806981, 
        "final" : 1.678042041938107, 
        "dir" : "C:\\Users\\project\\0. My Work\\1. Repositories\\1. Very Unfriendly Train\\Data\\Simulations\\637068932174074496_Primary\\637068937882744832_6\\6.out", 
        "f0" : 0.9938410236227947, 
        "g0" : 0.40897891476842757, 
        "f1" : 0.9923390841881952, 
        "g1" : 0.38316211165114855
    }
}