{
    "geometry" : {
        "items" : 3, 
        "0" : "feed", 
        "1" : "ground plane", 
        "2" : "radiating plane", 
        "3" : "substrate", 
        "feed" : {
            "items" : 2, 
            "0" : "center", 
            "1" : "width", 
            "center" : 33.92, 
            "width" : 2.153
        }, 
        "ground plane" : {
            "items" : 5, 
            "0" : "l", 
            "1" : "w", 
            "2" : "x", 
            "3" : "y", 
            "4" : "slots", 
            "l" : 73.9, 
            "w" : 85.943, 
            "x" : -1.376, 
            "y" : -2.113, 
            "slots" : {
                "items" : 4, 
                "0" : "elliptical", 
                "1" : "rectangular", 
                "2" : "triangular", 
                "3" : "polygonal", 
                "elliptical" : {
                    "items" : 0
                }, 
                "rectangular" : {
                    "items" : 7, 
                    "0" : {
                        "items" : 4, 
                        "0" : "x", 
                        "1" : "y", 
                        "2" : "l", 
                        "3" : "w", 
                        "x" : 15.277, 
                        "y" : 58.032, 
                        "z" : 0.0, 
                        "l" : 37.58, 
                        "w" : 4.421, 
                        "type" : "rectangular", 
                        "id" : "637068874172445184"
                    }, 
                    "1" : {
                        "items" : 4, 
                        "0" : "x", 
                        "1" : "y", 
                        "2" : "l", 
                        "3" : "w", 
                        "x" : 45.615, 
                        "y" : 20.941, 
                        "z" : 0.0, 
                        "l" : 15.7, 
                        "w" : 0.814, 
                        "type" : "rectangular", 
                        "id" : "637068876938909056"
                    }, 
                    "2" : {
                        "items" : 4, 
                        "0" : "x", 
                        "1" : "y", 
                        "2" : "l", 
                        "3" : "w", 
                        "x" : 93.428, 
                        "y" : 50.061, 
                        "z" : 0.0, 
                        "l" : 33.816, 
                        "w" : 21.317, 
                        "type" : "rectangular", 
                        "id" : "637068882493427456"
                    }, 
                    "3" : {
                        "items" : 4, 
                        "0" : "x", 
                        "1" : "y", 
                        "2" : "l", 
                        "3" : "w", 
                        "x" : 81.069, 
                        "y" : 19.748, 
                        "z" : 0.0, 
                        "l" : 2.318, 
                        "w" : 32.083, 
                        "type" : "rectangular", 
                        "id" : "637068886052572288"
                    }, 
                    "4" : {
                        "items" : 4, 
                        "0" : "x", 
                        "1" : "y", 
                        "2" : "l", 
                        "3" : "w", 
                        "x" : 8.636, 
                        "y" : 70.223, 
                        "z" : 0.0, 
                        "l" : 17.103, 
                        "w" : 42.343, 
                        "type" : "rectangular", 
                        "id" : "637068887898742784"
                    }, 
                    "5" : {
                        "items" : 4, 
                        "0" : "x", 
                        "1" : "y", 
                        "2" : "l", 
                        "3" : "w", 
                        "x" : 60.844, 
                        "y" : 19.543, 
                        "z" : 0.0, 
                        "l" : 3.344, 
                        "w" : 11.678, 
                        "type" : "rectangular", 
                        "id" : "637068891569197440"
                    }, 
                    "6" : {
                        "items" : 4, 
                        "0" : "x", 
                        "1" : "y", 
                        "2" : "l", 
                        "3" : "w", 
                        "x" : 41.999, 
                        "y" : 58.476, 
                        "z" : 0.0, 
                        "l" : 8.806, 
                        "w" : 2.453, 
                        "type" : "rectangular", 
                        "id" : "637068893694567936"
                    }
                }, 
                "triangular" : {
                    "items" : 2, 
                    "0" : {
                        "items" : 3, 
                        "0" : {
                            "items" : 2, 
                            "0" : "x", 
                            "1" : "y", 
                            "x" : 52.842, 
                            "y" : 93.761, 
                            "z" : 0.0
                        }, 
                        "1" : {
                            "items" : 2, 
                            "0" : "x", 
                            "1" : "y", 
                            "x" : 52.372, 
                            "y" : 94.133, 
                            "z" : 0.0
                        }, 
                        "2" : {
                            "items" : 2, 
                            "0" : "x", 
                            "1" : "y", 
                            "x" : 61.734, 
                            "y" : 92.409, 
                            "z" : 0.0
                        }, 
                        "type" : "triangular", 
                        "id" : "637068875609729152"
                    }, 
                    "1" : {
                        "items" : 3, 
                        "0" : {
                            "items" : 2, 
                            "0" : "x", 
                            "1" : "y", 
                            "x" : 10.334, 
                            "y" : 87.26, 
                            "z" : 0.0
                        }, 
                        "1" : {
                            "items" : 2, 
                            "0" : "x", 
                            "1" : "y", 
                            "x" : 12.652, 
                            "y" : 78.091, 
                            "z" : 0.0
                        }, 
                        "2" : {
                            "items" : 2, 
                            "0" : "x", 
                            "1" : "y", 
                            "x" : 55.327, 
                            "y" : 99.926, 
                            "z" : 0.0
                        }, 
                        "type" : "triangular", 
                        "id" : "637068889727997696"
                    }
                }, 
                "polygonal" : {
                    "items" : 0
                }
            }
        }, 
        "radiating plane" : {
            "items" : 5, 
            "0" : "l", 
            "1" : "w", 
            "2" : "x", 
            "3" : "y", 
            "4" : "slots", 
            "l" : 72.018, 
            "w" : 83.163, 
            "x" : 0.456, 
            "y" : 0.86, 
            "slots" : {
                "items" : 4, 
                "0" : "elliptical", 
                "1" : "rectangular", 
                "2" : "triangular", 
                "3" : "polygonal", 
                "elliptical" : {
                    "items" : 0
                }, 
                "rectangular" : {
                    "items" : 3, 
                    "0" : {
                        "items" : 4, 
                        "0" : "x", 
                        "1" : "y", 
                        "2" : "l", 
                        "3" : "w", 
                        "x" : 56.047, 
                        "y" : 8.848, 
                        "z" : 1.6, 
                        "l" : 8.708, 
                        "w" : 1.223, 
                        "type" : "rectangular", 
                        "id" : "637068875609729152"
                    }, 
                    "1" : {
                        "items" : 4, 
                        "0" : "x", 
                        "1" : "y", 
                        "2" : "l", 
                        "3" : "w", 
                        "x" : 61.598, 
                        "y" : 61.154, 
                        "z" : 1.6, 
                        "l" : 1.655, 
                        "w" : 1.438, 
                        "type" : "rectangular", 
                        "id" : "637068886052572288"
                    }, 
                    "2" : {
                        "items" : 4, 
                        "0" : "x", 
                        "1" : "y", 
                        "2" : "l", 
                        "3" : "w", 
                        "x" : 6.815, 
                        "y" : 51.771, 
                        "z" : 1.6, 
                        "l" : 1.107, 
                        "w" : 5.346, 
                        "type" : "rectangular", 
                        "id" : "637068893694577792"
                    }
                }, 
                "triangular" : {
                    "items" : 2, 
                    "0" : {
                        "items" : 3, 
                        "0" : {
                            "items" : 2, 
                            "0" : "x", 
                            "1" : "y", 
                            "x" : 36.218, 
                            "y" : 4.362, 
                            "z" : 1.6
                        }, 
                        "1" : {
                            "items" : 2, 
                            "0" : "x", 
                            "1" : "y", 
                            "x" : 38.853, 
                            "y" : -0.254, 
                            "z" : 1.6
                        }, 
                        "2" : {
                            "items" : 2, 
                            "0" : "x", 
                            "1" : "y", 
                            "x" : 42.413, 
                            "y" : -4.193, 
                            "z" : 1.6
                        }, 
                        "type" : "triangular", 
                        "id" : "637068876938909056"
                    }, 
                    "1" : {
                        "items" : 3, 
                        "0" : {
                            "items" : 2, 
                            "0" : "x", 
                            "1" : "y", 
                            "x" : 64.828, 
                            "y" : 68.74, 
                            "z" : 1.6
                        }, 
                        "1" : {
                            "items" : 2, 
                            "0" : "x", 
                            "1" : "y", 
                            "x" : 66.865, 
                            "y" : 71.227, 
                            "z" : 1.6
                        }, 
                        "2" : {
                            "items" : 2, 
                            "0" : "x", 
                            "1" : "y", 
                            "x" : 67.545, 
                            "y" : 70.215, 
                            "z" : 1.6
                        }, 
                        "type" : "triangular", 
                        "id" : "637068882493427456"
                    }
                }, 
                "polygonal" : {
                    "items" : 0
                }
            }
        }, 
        "substrate" : {
            "items" : 4, 
            "0" : "l", 
            "1" : "w", 
            "2" : "x", 
            "3" : "h", 
            "l" : 73.9, 
            "w" : 86.18599999999999, 
            "h" : 1.6, 
            "x" : -1.376, 
            "y" : -2.113, 
            "permitivitty" : 4.4, 
            "loss" : 0.02, 
            "name" : "FR4"
        }
    }, 
    "fitness" : {
        "items" : 1, 
        "0" : "final", 
        "1" : "freq", 
        "lower" : 0.0, 
        "desired" : 1.4443123557051192, 
        "upper" : 0.0, 
        "area" : 0.6724652209774453, 
        "freq" : 1.0110186489935833, 
        "final" : 0.9172590281684192, 
        "dir" : "C:\\Users\\project\\0. My Work\\1. Repositories\\1. Very Unfriendly Train\\Data\\Simulations\\637068868628158208_Primary\\637068893694587776_8\\8.out", 
        "h0" : 0.9877785589135415, 
        "g0" : 0.5372932933203789, 
        "h1" : 0.8373988213206868, 
        "g1" : 0.5261540378556313
    }
}