{
    "geometry" : {
        "items" : 3, 
        "0" : "feed", 
        "1" : "ground plane", 
        "2" : "radiating plane", 
        "3" : "substrate", 
        "feed" : {
            "items" : 2, 
            "0" : "center", 
            "1" : "width", 
            "center" : 35.939, 
            "width" : 2.162
        }, 
        "ground plane" : {
            "items" : 5, 
            "0" : "l", 
            "1" : "w", 
            "2" : "x", 
            "3" : "y", 
            "4" : "slots", 
            "l" : 72.625, 
            "w" : 85.999, 
            "x" : -1.68, 
            "y" : -1.097, 
            "slots" : {
                "items" : 4, 
                "0" : "elliptical", 
                "1" : "rectangular", 
                "2" : "triangular", 
                "3" : "polygonal", 
                "elliptical" : {
                    "items" : 0
                }, 
                "rectangular" : {
                    "items" : 9, 
                    "0" : {
                        "items" : 4, 
                        "0" : "x", 
                        "1" : "y", 
                        "2" : "l", 
                        "3" : "w", 
                        "x" : 8.919, 
                        "y" : 53.283, 
                        "z" : 0.0, 
                        "l" : 36.202, 
                        "w" : 8.532, 
                        "type" : "rectangular", 
                        "id" : "637068874172445184"
                    }, 
                    "1" : {
                        "items" : 4, 
                        "0" : "x", 
                        "1" : "y", 
                        "2" : "l", 
                        "3" : "w", 
                        "x" : 37.414, 
                        "y" : 21.066, 
                        "z" : 0.0, 
                        "l" : 15.118, 
                        "w" : 1.179, 
                        "type" : "rectangular", 
                        "id" : "637068876938909056"
                    }, 
                    "2" : {
                        "items" : 4, 
                        "0" : "x", 
                        "1" : "y", 
                        "2" : "l", 
                        "3" : "w", 
                        "x" : 86.946, 
                        "y" : 56.088, 
                        "z" : 0.0, 
                        "l" : 45.182, 
                        "w" : 8.31, 
                        "type" : "rectangular", 
                        "id" : "637068882493427456"
                    }, 
                    "3" : {
                        "items" : 4, 
                        "0" : "x", 
                        "1" : "y", 
                        "2" : "l", 
                        "3" : "w", 
                        "x" : 65.005, 
                        "y" : 8.946, 
                        "z" : 0.0, 
                        "l" : 6.13, 
                        "w" : 21.126, 
                        "type" : "rectangular", 
                        "id" : "637068886052572288"
                    }, 
                    "4" : {
                        "items" : 4, 
                        "0" : "x", 
                        "1" : "y", 
                        "2" : "l", 
                        "3" : "w", 
                        "x" : 16.074, 
                        "y" : 94.683, 
                        "z" : 0.0, 
                        "l" : 19.907, 
                        "w" : 47.057, 
                        "type" : "rectangular", 
                        "id" : "637068887898742784"
                    }, 
                    "5" : {
                        "items" : 4, 
                        "0" : "x", 
                        "1" : "y", 
                        "2" : "l", 
                        "3" : "w", 
                        "x" : 67.629, 
                        "y" : 11.114, 
                        "z" : 0.0, 
                        "l" : 2.131, 
                        "w" : 5.777, 
                        "type" : "rectangular", 
                        "id" : "637068891569197440"
                    }, 
                    "6" : {
                        "items" : 4, 
                        "0" : "x", 
                        "1" : "y", 
                        "2" : "l", 
                        "3" : "w", 
                        "x" : 37.653, 
                        "y" : -5.455, 
                        "z" : 0.0, 
                        "l" : 21.589, 
                        "w" : 12.308, 
                        "type" : "rectangular", 
                        "id" : "637068893694527872"
                    }, 
                    "7" : {
                        "items" : 4, 
                        "0" : "x", 
                        "1" : "y", 
                        "2" : "l", 
                        "3" : "w", 
                        "x" : 42.778, 
                        "y" : -3.315, 
                        "z" : 0.0, 
                        "l" : 21.094, 
                        "w" : 24.13, 
                        "type" : "rectangular", 
                        "id" : "637068895894764672"
                    }, 
                    "8" : {
                        "items" : 4, 
                        "0" : "x", 
                        "1" : "y", 
                        "2" : "l", 
                        "3" : "w", 
                        "x" : 69.143, 
                        "y" : 32.946, 
                        "z" : 0.0, 
                        "l" : 4.184, 
                        "w" : 13.874, 
                        "type" : "rectangular", 
                        "id" : "637068898084355456"
                    }
                }, 
                "triangular" : {
                    "items" : 2, 
                    "0" : {
                        "items" : 3, 
                        "0" : {
                            "items" : 2, 
                            "0" : "x", 
                            "1" : "y", 
                            "x" : 42.006, 
                            "y" : 84.282, 
                            "z" : 0.0
                        }, 
                        "1" : {
                            "items" : 2, 
                            "0" : "x", 
                            "1" : "y", 
                            "x" : 54.697, 
                            "y" : 99.751, 
                            "z" : 0.0
                        }, 
                        "2" : {
                            "items" : 2, 
                            "0" : "x", 
                            "1" : "y", 
                            "x" : 80.093, 
                            "y" : 90.511, 
                            "z" : 0.0
                        }, 
                        "type" : "triangular", 
                        "id" : "637068875609729152"
                    }, 
                    "1" : {
                        "items" : 3, 
                        "0" : {
                            "items" : 2, 
                            "0" : "x", 
                            "1" : "y", 
                            "x" : 19.795, 
                            "y" : 85.528, 
                            "z" : 0.0
                        }, 
                        "1" : {
                            "items" : 2, 
                            "0" : "x", 
                            "1" : "y", 
                            "x" : 16.536, 
                            "y" : 80.637, 
                            "z" : 0.0
                        }, 
                        "2" : {
                            "items" : 2, 
                            "0" : "x", 
                            "1" : "y", 
                            "x" : 40.182, 
                            "y" : 95.688, 
                            "z" : 0.0
                        }, 
                        "type" : "triangular", 
                        "id" : "637068889727997696"
                    }
                }, 
                "polygonal" : {
                    "items" : 0
                }
            }
        }, 
        "radiating plane" : {
            "items" : 5, 
            "0" : "l", 
            "1" : "w", 
            "2" : "x", 
            "3" : "y", 
            "4" : "slots", 
            "l" : 65.614, 
            "w" : 80.39, 
            "x" : 0.353, 
            "y" : 2.611, 
            "slots" : {
                "items" : 4, 
                "0" : "elliptical", 
                "1" : "rectangular", 
                "2" : "triangular", 
                "3" : "polygonal", 
                "elliptical" : {
                    "items" : 0
                }, 
                "rectangular" : {
                    "items" : 3, 
                    "0" : {
                        "items" : 4, 
                        "0" : "x", 
                        "1" : "y", 
                        "2" : "l", 
                        "3" : "w", 
                        "x" : 56.859, 
                        "y" : 6.589, 
                        "z" : 1.6, 
                        "l" : 10.605, 
                        "w" : 5.697, 
                        "type" : "rectangular", 
                        "id" : "637068875609729152"
                    }, 
                    "1" : {
                        "items" : 4, 
                        "0" : "x", 
                        "1" : "y", 
                        "2" : "l", 
                        "3" : "w", 
                        "x" : 59.78, 
                        "y" : 52.571, 
                        "z" : 1.6, 
                        "l" : 1.077, 
                        "w" : 2.484, 
                        "type" : "rectangular", 
                        "id" : "637068886052572288"
                    }, 
                    "2" : {
                        "items" : 4, 
                        "0" : "x", 
                        "1" : "y", 
                        "2" : "l", 
                        "3" : "w", 
                        "x" : 31.751, 
                        "y" : 65.703, 
                        "z" : 1.6, 
                        "l" : 7.654, 
                        "w" : 4.617, 
                        "type" : "rectangular", 
                        "id" : "637068898084365440"
                    }
                }, 
                "triangular" : {
                    "items" : 2, 
                    "0" : {
                        "items" : 3, 
                        "0" : {
                            "items" : 2, 
                            "0" : "x", 
                            "1" : "y", 
                            "x" : 37.683, 
                            "y" : -2.225, 
                            "z" : 1.6
                        }, 
                        "1" : {
                            "items" : 2, 
                            "0" : "x", 
                            "1" : "y", 
                            "x" : 33.777, 
                            "y" : 0.478, 
                            "z" : 1.6
                        }, 
                        "2" : {
                            "items" : 2, 
                            "0" : "x", 
                            "1" : "y", 
                            "x" : 40.272, 
                            "y" : -3.383, 
                            "z" : 1.6
                        }, 
                        "type" : "triangular", 
                        "id" : "637068876938909056"
                    }, 
                    "1" : {
                        "items" : 3, 
                        "0" : {
                            "items" : 2, 
                            "0" : "x", 
                            "1" : "y", 
                            "x" : 61.388, 
                            "y" : 62.048, 
                            "z" : 1.6
                        }, 
                        "1" : {
                            "items" : 2, 
                            "0" : "x", 
                            "1" : "y", 
                            "x" : 72.751, 
                            "y" : 71.266, 
                            "z" : 1.6
                        }, 
                        "2" : {
                            "items" : 2, 
                            "0" : "x", 
                            "1" : "y", 
                            "x" : 64.63, 
                            "y" : 65.688, 
                            "z" : 1.6
                        }, 
                        "type" : "triangular", 
                        "id" : "637068882493427456"
                    }
                }, 
                "polygonal" : {
                    "items" : 0
                }
            }
        }, 
        "substrate" : {
            "items" : 4, 
            "0" : "l", 
            "1" : "w", 
            "2" : "x", 
            "3" : "h", 
            "l" : 72.625, 
            "w" : 85.999, 
            "h" : 1.6, 
            "x" : -1.68, 
            "y" : -1.097, 
            "permitivitty" : 4.4, 
            "loss" : 0.02, 
            "name" : "FR4"
        }
    }, 
    "fitness" : {
        "items" : 1, 
        "0" : "final", 
        "1" : "freq", 
        "lower" : 0.0, 
        "desired" : 1.5886514456733514, 
        "upper" : 0.0, 
        "area" : 0.6594292565739205, 
        "freq" : 1.1120560119713458, 
        "final" : 0.9480146960447896, 
        "dir" : "C:\\Users\\project\\0. My Work\\1. Repositories\\1. Very Unfriendly Train\\Data\\Simulations\\637068868628158208_Primary\\637068898084365440_9\\9.out", 
        "h0" : 0.995192377259902, 
        "g0" : 0.5867579609877724, 
        "h1" : 0.9951917392831795, 
        "g1" : 0.6001608138158491
    }
}