{
    "geometry" : {
        "items" : 3, 
        "0" : "feed", 
        "1" : "ground plane", 
        "2" : "radiating plane", 
        "3" : "substrate", 
        "feed" : {
            "items" : 2, 
            "0" : "center", 
            "1" : "width", 
            "center" : 44.277, 
            "width" : 1.877
        }, 
        "ground plane" : {
            "items" : 5, 
            "0" : "l", 
            "1" : "w", 
            "2" : "x", 
            "3" : "y", 
            "4" : "slots", 
            "l" : 80.585, 
            "w" : 91.968, 
            "x" : -1.503, 
            "y" : -1.548, 
            "slots" : {
                "items" : 4, 
                "0" : "elliptical", 
                "1" : "rectangular", 
                "2" : "triangular", 
                "3" : "polygonal", 
                "elliptical" : {
                    "items" : 0
                }, 
                "rectangular" : {
                    "items" : 4, 
                    "0" : {
                        "items" : 4, 
                        "0" : "x", 
                        "1" : "y", 
                        "2" : "l", 
                        "3" : "w", 
                        "x" : 22.406, 
                        "y" : 64.742, 
                        "z" : 0.0, 
                        "l" : 12.699, 
                        "w" : 5.45, 
                        "type" : "rectangular", 
                        "id" : "637068874172445184"
                    }, 
                    "1" : {
                        "items" : 4, 
                        "0" : "x", 
                        "1" : "y", 
                        "2" : "l", 
                        "3" : "w", 
                        "x" : 40.2, 
                        "y" : 30.199, 
                        "z" : 0.0, 
                        "l" : 9.824, 
                        "w" : 3.644, 
                        "type" : "rectangular", 
                        "id" : "637068876938909056"
                    }, 
                    "2" : {
                        "items" : 4, 
                        "0" : "x", 
                        "1" : "y", 
                        "2" : "l", 
                        "3" : "w", 
                        "x" : 39.736, 
                        "y" : 33.176, 
                        "z" : 0.0, 
                        "l" : 15.36, 
                        "w" : 15.441, 
                        "type" : "rectangular", 
                        "id" : "637068878516779008"
                    }, 
                    "3" : {
                        "items" : 4, 
                        "0" : "x", 
                        "1" : "y", 
                        "2" : "l", 
                        "3" : "w", 
                        "x" : 54.724, 
                        "y" : 77.177, 
                        "z" : 0.0, 
                        "l" : 10.298, 
                        "w" : 13.858, 
                        "type" : "rectangular", 
                        "id" : "637068880552396032"
                    }
                }, 
                "triangular" : {
                    "items" : 1, 
                    "0" : {
                        "items" : 3, 
                        "0" : {
                            "items" : 2, 
                            "0" : "x", 
                            "1" : "y", 
                            "x" : 54.667, 
                            "y" : 86.0, 
                            "z" : 0.0
                        }, 
                        "1" : {
                            "items" : 2, 
                            "0" : "x", 
                            "1" : "y", 
                            "x" : 53.887, 
                            "y" : 94.563, 
                            "z" : 0.0
                        }, 
                        "2" : {
                            "items" : 2, 
                            "0" : "x", 
                            "1" : "y", 
                            "x" : 58.023, 
                            "y" : 93.334, 
                            "z" : 0.0
                        }, 
                        "type" : "triangular", 
                        "id" : "637068875609729152"
                    }
                }, 
                "polygonal" : {
                    "items" : 0
                }
            }
        }, 
        "radiating plane" : {
            "items" : 5, 
            "0" : "l", 
            "1" : "w", 
            "2" : "x", 
            "3" : "y", 
            "4" : "slots", 
            "l" : 69.291, 
            "w" : 90.797, 
            "x" : 2.689, 
            "y" : 2.701, 
            "slots" : {
                "items" : 4, 
                "0" : "elliptical", 
                "1" : "rectangular", 
                "2" : "triangular", 
                "3" : "polygonal", 
                "elliptical" : {
                    "items" : 0
                }, 
                "rectangular" : {
                    "items" : 0
                }, 
                "triangular" : {
                    "items" : 2, 
                    "0" : {
                        "items" : 3, 
                        "0" : {
                            "items" : 2, 
                            "0" : "x", 
                            "1" : "y", 
                            "x" : 36.172, 
                            "y" : 2.781, 
                            "z" : 1.6
                        }, 
                        "1" : {
                            "items" : 2, 
                            "0" : "x", 
                            "1" : "y", 
                            "x" : 36.107, 
                            "y" : -1.622, 
                            "z" : 1.6
                        }, 
                        "2" : {
                            "items" : 2, 
                            "0" : "x", 
                            "1" : "y", 
                            "x" : 39.931, 
                            "y" : -0.695, 
                            "z" : 1.6
                        }, 
                        "type" : "triangular", 
                        "id" : "637068876938909056"
                    }, 
                    "1" : {
                        "items" : 3, 
                        "0" : {
                            "items" : 2, 
                            "0" : "x", 
                            "1" : "y", 
                            "x" : 23.952, 
                            "y" : 22.297, 
                            "z" : 1.6
                        }, 
                        "1" : {
                            "items" : 2, 
                            "0" : "x", 
                            "1" : "y", 
                            "x" : 22.899, 
                            "y" : 22.516, 
                            "z" : 1.6
                        }, 
                        "2" : {
                            "items" : 2, 
                            "0" : "x", 
                            "1" : "y", 
                            "x" : 21.016, 
                            "y" : 21.682, 
                            "z" : 1.6
                        }, 
                        "type" : "triangular", 
                        "id" : "637068880552406144"
                    }
                }, 
                "polygonal" : {
                    "items" : 0
                }
            }
        }, 
        "substrate" : {
            "items" : 4, 
            "0" : "l", 
            "1" : "w", 
            "2" : "x", 
            "3" : "h", 
            "l" : 80.585, 
            "w" : 95.09599999999999, 
            "h" : 1.6, 
            "x" : -1.503, 
            "y" : -1.548, 
            "permitivitty" : 4.4, 
            "loss" : 0.02, 
            "name" : "FR4"
        }
    }, 
    "fitness" : {
        "items" : 1, 
        "0" : "final", 
        "1" : "freq", 
        "lower" : 0.0, 
        "desired" : 1.198631210202263, 
        "upper" : 0.0, 
        "area" : 0.80910544649025, 
        "freq" : 0.839041847141584, 
        "final" : 1.1801958316905075, 
        "dir" : "C:\\Users\\project\\0. My Work\\1. Repositories\\1. Very Unfriendly Train\\Data\\Simulations\\637068868628158208_Primary\\637068880552475648_0\\0.out", 
        "h0" : 0.9843359658261938, 
        "g0" : 0.3499166094576452, 
        "h1" : 0.7498601698160923, 
        "g1" : 0.3131496753045947
    }
}