{
    "geometry" : {
        "items" : 3, 
        "0" : "feed", 
        "1" : "ground plane", 
        "2" : "radiating plane", 
        "3" : "substrate", 
        "feed" : {
            "items" : 2, 
            "0" : "center", 
            "1" : "width", 
            "center" : 35.91, 
            "width" : 2.278
        }, 
        "ground plane" : {
            "items" : 5, 
            "0" : "l", 
            "1" : "w", 
            "2" : "x", 
            "3" : "y", 
            "4" : "slots", 
            "l" : 69.483, 
            "w" : 78.47, 
            "x" : -1.96, 
            "y" : -0.692, 
            "slots" : {
                "items" : 4, 
                "0" : "elliptical", 
                "1" : "rectangular", 
                "2" : "triangular", 
                "3" : "polygonal", 
                "elliptical" : {
                    "items" : 0
                }, 
                "rectangular" : {
                    "items" : 10, 
                    "0" : {
                        "items" : 4, 
                        "0" : "x", 
                        "1" : "y", 
                        "2" : "l", 
                        "3" : "w", 
                        "x" : 11.861, 
                        "y" : 62.954, 
                        "z" : 0.0, 
                        "l" : 29.037, 
                        "w" : 10.224, 
                        "type" : "rectangular", 
                        "id" : "637068874172445184"
                    }, 
                    "1" : {
                        "items" : 4, 
                        "0" : "x", 
                        "1" : "y", 
                        "2" : "l", 
                        "3" : "w", 
                        "x" : 49.74, 
                        "y" : 16.395, 
                        "z" : 0.0, 
                        "l" : 4.356, 
                        "w" : 15.287, 
                        "type" : "rectangular", 
                        "id" : "637068876938909056"
                    }, 
                    "2" : {
                        "items" : 4, 
                        "0" : "x", 
                        "1" : "y", 
                        "2" : "l", 
                        "3" : "w", 
                        "x" : 80.443, 
                        "y" : 59.465, 
                        "z" : 0.0, 
                        "l" : 43.489, 
                        "w" : 5.009, 
                        "type" : "rectangular", 
                        "id" : "637068882493427456"
                    }, 
                    "3" : {
                        "items" : 4, 
                        "0" : "x", 
                        "1" : "y", 
                        "2" : "l", 
                        "3" : "w", 
                        "x" : 64.622, 
                        "y" : 15.064, 
                        "z" : 0.0, 
                        "l" : 13.747, 
                        "w" : 22.075, 
                        "type" : "rectangular", 
                        "id" : "637068886052572288"
                    }, 
                    "4" : {
                        "items" : 4, 
                        "0" : "x", 
                        "1" : "y", 
                        "2" : "l", 
                        "3" : "w", 
                        "x" : 21.42, 
                        "y" : 75.612, 
                        "z" : 0.0, 
                        "l" : 11.319, 
                        "w" : 39.683, 
                        "type" : "rectangular", 
                        "id" : "637068887898742784"
                    }, 
                    "5" : {
                        "items" : 4, 
                        "0" : "x", 
                        "1" : "y", 
                        "2" : "l", 
                        "3" : "w", 
                        "x" : 72.904, 
                        "y" : 1.701, 
                        "z" : 0.0, 
                        "l" : 2.395, 
                        "w" : 15.829, 
                        "type" : "rectangular", 
                        "id" : "637068891569197440"
                    }, 
                    "6" : {
                        "items" : 4, 
                        "0" : "x", 
                        "1" : "y", 
                        "2" : "l", 
                        "3" : "w", 
                        "x" : 32.972, 
                        "y" : 5.067, 
                        "z" : 0.0, 
                        "l" : 16.414, 
                        "w" : 20.77, 
                        "type" : "rectangular", 
                        "id" : "637068893694527872"
                    }, 
                    "7" : {
                        "items" : 4, 
                        "0" : "x", 
                        "1" : "y", 
                        "2" : "l", 
                        "3" : "w", 
                        "x" : 28.069, 
                        "y" : 2.288, 
                        "z" : 0.0, 
                        "l" : 9.952, 
                        "w" : 19.375, 
                        "type" : "rectangular", 
                        "id" : "637068895894764672"
                    }, 
                    "8" : {
                        "items" : 4, 
                        "0" : "x", 
                        "1" : "y", 
                        "2" : "l", 
                        "3" : "w", 
                        "x" : 0.032, 
                        "y" : 36.961, 
                        "z" : 0.0, 
                        "l" : 20.694, 
                        "w" : 20.486, 
                        "type" : "rectangular", 
                        "id" : "637068898084345472"
                    }, 
                    "9" : {
                        "items" : 4, 
                        "0" : "x", 
                        "1" : "y", 
                        "2" : "l", 
                        "3" : "w", 
                        "x" : 35.187, 
                        "y" : 46.225, 
                        "z" : 0.0, 
                        "l" : 23.367, 
                        "w" : 18.899, 
                        "type" : "rectangular", 
                        "id" : "637068911842489984"
                    }
                }, 
                "triangular" : {
                    "items" : 2, 
                    "0" : {
                        "items" : 3, 
                        "0" : {
                            "items" : 2, 
                            "0" : "x", 
                            "1" : "y", 
                            "x" : 36.927, 
                            "y" : 90.243, 
                            "z" : 0.0
                        }, 
                        "1" : {
                            "items" : 2, 
                            "0" : "x", 
                            "1" : "y", 
                            "x" : 62.023, 
                            "y" : 95.243, 
                            "z" : 0.0
                        }, 
                        "2" : {
                            "items" : 2, 
                            "0" : "x", 
                            "1" : "y", 
                            "x" : 85.963, 
                            "y" : 96.713, 
                            "z" : 0.0
                        }, 
                        "type" : "triangular", 
                        "id" : "637068875609729152"
                    }, 
                    "1" : {
                        "items" : 3, 
                        "0" : {
                            "items" : 2, 
                            "0" : "x", 
                            "1" : "y", 
                            "x" : 17.53, 
                            "y" : 90.564, 
                            "z" : 0.0
                        }, 
                        "1" : {
                            "items" : 2, 
                            "0" : "x", 
                            "1" : "y", 
                            "x" : 4.798, 
                            "y" : 68.845, 
                            "z" : 0.0
                        }, 
                        "2" : {
                            "items" : 2, 
                            "0" : "x", 
                            "1" : "y", 
                            "x" : 54.588, 
                            "y" : 99.118, 
                            "z" : 0.0
                        }, 
                        "type" : "triangular", 
                        "id" : "637068889727997696"
                    }
                }, 
                "polygonal" : {
                    "items" : 0
                }
            }
        }, 
        "radiating plane" : {
            "items" : 5, 
            "0" : "l", 
            "1" : "w", 
            "2" : "x", 
            "3" : "y", 
            "4" : "slots", 
            "l" : 62.744, 
            "w" : 80.336, 
            "x" : 2.818, 
            "y" : 2.865, 
            "slots" : {
                "items" : 4, 
                "0" : "elliptical", 
                "1" : "rectangular", 
                "2" : "triangular", 
                "3" : "polygonal", 
                "elliptical" : {
                    "items" : 0
                }, 
                "rectangular" : {
                    "items" : 1, 
                    "0" : {
                        "items" : 4, 
                        "0" : "x", 
                        "1" : "y", 
                        "2" : "l", 
                        "3" : "w", 
                        "x" : 55.428, 
                        "y" : 8.896, 
                        "z" : 1.6, 
                        "l" : 14.454, 
                        "w" : 1.06, 
                        "type" : "rectangular", 
                        "id" : "637068875609729152"
                    }
                }, 
                "triangular" : {
                    "items" : 2, 
                    "0" : {
                        "items" : 3, 
                        "0" : {
                            "items" : 2, 
                            "0" : "x", 
                            "1" : "y", 
                            "x" : 62.604, 
                            "y" : 62.038, 
                            "z" : 1.6
                        }, 
                        "1" : {
                            "items" : 2, 
                            "0" : "x", 
                            "1" : "y", 
                            "x" : 65.882, 
                            "y" : 67.463, 
                            "z" : 1.6
                        }, 
                        "2" : {
                            "items" : 2, 
                            "0" : "x", 
                            "1" : "y", 
                            "x" : 67.807, 
                            "y" : 69.065, 
                            "z" : 1.6
                        }, 
                        "type" : "triangular", 
                        "id" : "637068882493427456"
                    }, 
                    "1" : {
                        "items" : 3, 
                        "0" : {
                            "items" : 2, 
                            "0" : "x", 
                            "1" : "y", 
                            "x" : 35.521, 
                            "y" : 7.805, 
                            "z" : 1.6
                        }, 
                        "1" : {
                            "items" : 2, 
                            "0" : "x", 
                            "1" : "y", 
                            "x" : 34.631, 
                            "y" : 8.232, 
                            "z" : 1.6
                        }, 
                        "2" : {
                            "items" : 2, 
                            "0" : "x", 
                            "1" : "y", 
                            "x" : 34.79, 
                            "y" : 6.421, 
                            "z" : 1.6
                        }, 
                        "type" : "triangular", 
                        "id" : "637068911842489984"
                    }, 
                    "-1" : {
                        "items" : 3, 
                        "0" : {
                            "items" : 2, 
                            "0" : "x", 
                            "1" : "y", 
                            "x" : 31.251, 
                            "y" : -2.879, 
                            "z" : 1.6
                        }, 
                        "1" : {
                            "items" : 2, 
                            "0" : "x", 
                            "1" : "y", 
                            "x" : 37.909, 
                            "y" : 2.305, 
                            "z" : 1.6
                        }, 
                        "2" : {
                            "items" : 2, 
                            "0" : "x", 
                            "1" : "y", 
                            "x" : 35.311, 
                            "y" : 1.606, 
                            "z" : 1.6
                        }, 
                        "type" : "triangular", 
                        "id" : "637068876938909056"
                    }
                }, 
                "polygonal" : {
                    "items" : 0
                }
            }
        }, 
        "substrate" : {
            "items" : 4, 
            "0" : "l", 
            "1" : "w", 
            "2" : "x", 
            "3" : "h", 
            "l" : 69.483, 
            "w" : 83.94299999999998, 
            "h" : 1.6, 
            "x" : -1.96, 
            "y" : -0.692, 
            "permitivitty" : 4.4, 
            "loss" : 0.02, 
            "name" : "FR4"
        }
    }, 
    "fitness" : {
        "items" : 1, 
        "0" : "final", 
        "1" : "freq", 
        "lower" : 0.0, 
        "desired" : 1.6167289085374599, 
        "upper" : 0.0, 
        "area" : 0.6158170545732347, 
        "freq" : 1.131710235976222, 
        "final" : 0.8372430519011531, 
        "dir" : "C:\\Users\\project\\0. My Work\\1. Repositories\\1. Very Unfriendly Train\\Data\\Simulations\\637068868628158208_Primary\\637068911842599936_0\\0.out", 
        "h0" : 0.9951901439727509, 
        "g0" : 0.610258546178285, 
        "h1" : 0.995186632435435, 
        "g1" : 0.6328224944884489
    }
}