{
    "geometry" : {
        "items" : 2, 
        "0" : "ground plane", 
        "1" : "radiating plane", 
        "feed" : {
            "items" : 2, 
            "0" : "center", 
            "1" : "width", 
            "center" : 47.876, 
            "width" : 1.802
        }, 
        "ground plane" : {
            "items" : 5, 
            "0" : "l", 
            "1" : "w", 
            "2" : "x", 
            "3" : "y", 
            "4" : "slots", 
            "l" : 76.985, 
            "w" : 97.159, 
            "x" : -1.807, 
            "y" : -2.703, 
            "slots" : {
                "items" : 4, 
                "0" : "elliptical", 
                "1" : "rectangular", 
                "2" : "triangular", 
                "3" : "polygonal", 
                "elliptical" : {
                    "items" : 0
                }, 
                "rectangular" : {
                    "items" : 6, 
                    "0" : {
                        "items" : 4, 
                        "0" : "x", 
                        "1" : "y", 
                        "2" : "l", 
                        "3" : "w", 
                        "x" : 57.431, 
                        "y" : -11.613, 
                        "z" : 0.0, 
                        "l" : 22.34, 
                        "w" : 2.755, 
                        "type" : "rectangular", 
                        "id" : "637068932456874880"
                    }, 
                    "1" : {
                        "items" : 4, 
                        "0" : "x", 
                        "1" : "y", 
                        "2" : "l", 
                        "3" : "w", 
                        "x" : 43.14, 
                        "y" : -9.633, 
                        "z" : 0.0, 
                        "l" : 14.837, 
                        "w" : 20.076, 
                        "type" : "rectangular", 
                        "id" : "637068933618610176"
                    }, 
                    "2" : {
                        "items" : 4, 
                        "0" : "x", 
                        "1" : "y", 
                        "2" : "l", 
                        "3" : "w", 
                        "x" : 28.025, 
                        "y" : 123.996, 
                        "z" : 0.0, 
                        "l" : 21.811, 
                        "w" : 3.053, 
                        "type" : "rectangular", 
                        "id" : "637068935012390912"
                    }, 
                    "3" : {
                        "items" : 4, 
                        "0" : "x", 
                        "1" : "y", 
                        "2" : "l", 
                        "3" : "w", 
                        "x" : -0.507, 
                        "y" : 57.162, 
                        "z" : 0.0, 
                        "l" : 13.678, 
                        "w" : 14.901, 
                        "type" : "rectangular", 
                        "id" : "637068936556791168"
                    }, 
                    "4" : {
                        "items" : 4, 
                        "0" : "x", 
                        "1" : "y", 
                        "2" : "l", 
                        "3" : "w", 
                        "x" : 86.117, 
                        "y" : 47.593, 
                        "z" : 0.0, 
                        "l" : 11.886, 
                        "w" : 1.529, 
                        "type" : "rectangular", 
                        "id" : "637068939598618368"
                    }, 
                    "5" : {
                        "items" : 4, 
                        "0" : "x", 
                        "1" : "y", 
                        "2" : "l", 
                        "3" : "w", 
                        "x" : 37.569, 
                        "y" : 49.549, 
                        "z" : 0.0, 
                        "l" : 27.149, 
                        "w" : 0.478, 
                        "type" : "rectangular", 
                        "id" : "637068941101050368"
                    }
                }, 
                "triangular" : {
                    "items" : 1, 
                    "0" : {
                        "items" : 3, 
                        "0" : {
                            "items" : 2, 
                            "0" : "x", 
                            "1" : "y", 
                            "x" : 15.948, 
                            "y" : 58.453, 
                            "z" : 0.0
                        }, 
                        "1" : {
                            "items" : 2, 
                            "0" : "x", 
                            "1" : "y", 
                            "x" : -4.839, 
                            "y" : 55.042, 
                            "z" : 0.0
                        }, 
                        "2" : {
                            "items" : 2, 
                            "0" : "x", 
                            "1" : "y", 
                            "x" : 3.091, 
                            "y" : 47.303, 
                            "z" : 0.0
                        }, 
                        "type" : "triangular", 
                        "id" : "637068942735731840"
                    }
                }, 
                "polygonal" : {
                    "items" : 0
                }
            }
        }, 
        "radiating plane" : {
            "items" : 5, 
            "0" : "l", 
            "1" : "w", 
            "2" : "x", 
            "3" : "y", 
            "4" : "slots", 
            "l" : 71.805, 
            "w" : 92.282, 
            "x" : 3.323, 
            "y" : 2.196, 
            "slots" : {
                "items" : 4, 
                "0" : "elliptical", 
                "1" : "rectangular", 
                "2" : "triangular", 
                "3" : "polygonal", 
                "elliptical" : {
                    "items" : 0
                }, 
                "rectangular" : {
                    "items" : 1, 
                    "0" : {
                        "items" : 4, 
                        "0" : "x", 
                        "1" : "y", 
                        "2" : "l", 
                        "3" : "w", 
                        "x" : 51.723, 
                        "y" : 23.992, 
                        "z" : 1.6, 
                        "l" : 1.024, 
                        "w" : 1.337, 
                        "type" : "rectangular", 
                        "id" : "637068942735731840"
                    }
                }, 
                "triangular" : {
                    "items" : 0
                }, 
                "polygonal" : {
                    "items" : 0
                }
            }
        }, 
        "substrate" : {
            "items" : 4, 
            "0" : "l", 
            "1" : "w", 
            "2" : "x", 
            "3" : "h", 
            "l" : 76.985, 
            "w" : 97.231, 
            "h" : 1.6, 
            "x" : -1.807, 
            "y" : -2.703, 
            "permitivitty" : 4.4, 
            "loss" : 0.02, 
            "name" : "FR4"
        }
    }, 
    "fitness" : {
        "items" : 1, 
        "0" : "final", 
        "1" : "freq", 
        "lower" : 0.0, 
        "desired" : 1.4301444105013386, 
        "upper" : 0.0, 
        "area" : 0.7903137377547624, 
        "freq" : 1.001101087350937, 
        "final" : 1.4040588763647945, 
        "dir" : "C:\\Users\\project\\0. My Work\\1. Repositories\\1. Very Unfriendly Train\\Data\\Simulations\\637068932174074496_Primary\\637068942735751936_6\\6.out", 
        "f0" : 0.9923759931802957, 
        "g0" : 0.4525519403784129, 
        "f1" : 0.9836289358579339, 
        "g1" : 0.43173195158603467
    }
}