{
    "geometry" : {
        "items" : 3, 
        "0" : "feed", 
        "1" : "ground plane", 
        "2" : "radiating plane", 
        "3" : "substrate", 
        "feed" : {
            "items" : 2, 
            "0" : "center", 
            "1" : "width", 
            "center" : 48.418, 
            "width" : 1.851
        }, 
        "ground plane" : {
            "items" : 5, 
            "0" : "l", 
            "1" : "w", 
            "2" : "x", 
            "3" : "y", 
            "4" : "slots", 
            "l" : 90.729, 
            "w" : 100.247, 
            "x" : -0.681, 
            "y" : -0.647, 
            "slots" : {
                "items" : 4, 
                "0" : "elliptical", 
                "1" : "rectangular", 
                "2" : "triangular", 
                "3" : "polygonal", 
                "elliptical" : {
                    "items" : 0
                }, 
                "rectangular" : {
                    "items" : 2, 
                    "0" : {
                        "items" : 4, 
                        "0" : "x", 
                        "1" : "y", 
                        "2" : "l", 
                        "3" : "w", 
                        "x" : 23.181, 
                        "y" : 24.217, 
                        "z" : 0.0, 
                        "l" : 14.709, 
                        "w" : 11.765, 
                        "type" : "rectangular", 
                        "id" : "637068861480568576"
                    }, 
                    "1" : {
                        "items" : 4, 
                        "0" : "x", 
                        "1" : "y", 
                        "2" : "l", 
                        "3" : "w", 
                        "x" : 45.202, 
                        "y" : 41.639, 
                        "z" : 0.0, 
                        "l" : 24.833, 
                        "w" : 12.773, 
                        "type" : "rectangular", 
                        "id" : "637068864392545920"
                    }
                }, 
                "triangular" : {
                    "items" : 1, 
                    "0" : {
                        "items" : 3, 
                        "0" : {
                            "items" : 2, 
                            "0" : "x", 
                            "1" : "y", 
                            "x" : 25.14, 
                            "y" : 57.762, 
                            "z" : 0.0
                        }, 
                        "1" : {
                            "items" : 2, 
                            "0" : "x", 
                            "1" : "y", 
                            "x" : 0.483, 
                            "y" : 93.926, 
                            "z" : 0.0
                        }, 
                        "2" : {
                            "items" : 2, 
                            "0" : "x", 
                            "1" : "y", 
                            "x" : 16.405, 
                            "y" : 68.407, 
                            "z" : 0.0
                        }, 
                        "type" : "triangular", 
                        "id" : "637068863019090048"
                    }
                }, 
                "polygonal" : {
                    "items" : 0
                }
            }
        }, 
        "radiating plane" : {
            "items" : 5, 
            "0" : "l", 
            "1" : "w", 
            "2" : "x", 
            "3" : "y", 
            "4" : "slots", 
            "l" : 76.527, 
            "w" : 98.085, 
            "x" : 6.254, 
            "y" : 3.992, 
            "slots" : {
                "items" : 4, 
                "0" : "elliptical", 
                "1" : "rectangular", 
                "2" : "triangular", 
                "3" : "polygonal", 
                "elliptical" : {
                    "items" : 0
                }, 
                "rectangular" : {
                    "items" : 0
                }, 
                "triangular" : {
                    "items" : 1, 
                    "0" : {
                        "items" : 3, 
                        "0" : {
                            "items" : 2, 
                            "0" : "x", 
                            "1" : "y", 
                            "x" : 7.04, 
                            "y" : 56.639, 
                            "z" : 1.6
                        }, 
                        "1" : {
                            "items" : 2, 
                            "0" : "x", 
                            "1" : "y", 
                            "x" : 11.343, 
                            "y" : 58.425, 
                            "z" : 1.6
                        }, 
                        "2" : {
                            "items" : 2, 
                            "0" : "x", 
                            "1" : "y", 
                            "x" : 11.817, 
                            "y" : 62.648, 
                            "z" : 1.6
                        }, 
                        "type" : "triangular", 
                        "id" : "637068863019090048"
                    }
                }, 
                "polygonal" : {
                    "items" : 0
                }
            }
        }, 
        "substrate" : {
            "items" : 4, 
            "0" : "l", 
            "1" : "w", 
            "2" : "x", 
            "3" : "h", 
            "l" : 90.729, 
            "w" : 102.774, 
            "h" : 1.6, 
            "x" : -0.681, 
            "y" : -0.647, 
            "permitivitty" : 4.4, 
            "loss" : 0.02, 
            "name" : "FR4"
        }
    }, 
    "fitness" : {
        "items" : 1, 
        "0" : "final", 
        "1" : "freq", 
        "lower" : 0.0, 
        "desired" : 1.262937904020212, 
        "upper" : 0.0, 
        "area" : 0.9845052776748908, 
        "freq" : 0.8840565328141483, 
        "final" : 1.7289365944330692, 
        "dir" : "C:\\Users\\project\\0. My Work\\1. Repositories\\1. Very Unfriendly Train\\Data\\Simulations\\637068861293046016_Primary\\637068864392596096_0\\0.out", 
        "h0" : 0.9870616066195037, 
        "g0" : 0.28264247985648705, 
        "h1" : 0.9922810905490967, 
        "g1" : 0.26389063101533655
    }
}