{
    "geometry" : {
        "items" : 2, 
        "0" : "ground plane", 
        "1" : "radiating plane", 
        "feed" : {
            "items" : 2, 
            "0" : "center", 
            "1" : "width", 
            "center" : 50.024, 
            "width" : 1.76
        }, 
        "ground plane" : {
            "items" : 5, 
            "0" : "l", 
            "1" : "w", 
            "2" : "x", 
            "3" : "y", 
            "4" : "slots", 
            "l" : 76.52, 
            "w" : 99.953, 
            "x" : -1.1, 
            "y" : -3.312, 
            "slots" : {
                "items" : 4, 
                "0" : "elliptical", 
                "1" : "rectangular", 
                "2" : "triangular", 
                "3" : "polygonal", 
                "elliptical" : {
                    "items" : 0
                }, 
                "rectangular" : {
                    "items" : 6, 
                    "0" : {
                        "items" : 4, 
                        "0" : "x", 
                        "1" : "y", 
                        "2" : "l", 
                        "3" : "w", 
                        "x" : 36.231, 
                        "y" : -5.823, 
                        "z" : 0.0, 
                        "l" : 12.039, 
                        "w" : 15.272, 
                        "type" : "rectangular", 
                        "id" : "637068933618610176"
                    }, 
                    "1" : {
                        "items" : 4, 
                        "0" : "x", 
                        "1" : "y", 
                        "2" : "l", 
                        "3" : "w", 
                        "x" : 28.783, 
                        "y" : 118.445, 
                        "z" : 0.0, 
                        "l" : 26.087, 
                        "w" : 1.16, 
                        "type" : "rectangular", 
                        "id" : "637068935012390912"
                    }, 
                    "2" : {
                        "items" : 4, 
                        "0" : "x", 
                        "1" : "y", 
                        "2" : "l", 
                        "3" : "w", 
                        "x" : 2.117, 
                        "y" : 64.641, 
                        "z" : 0.0, 
                        "l" : 9.419, 
                        "w" : 13.808, 
                        "type" : "rectangular", 
                        "id" : "637068936556791168"
                    }, 
                    "3" : {
                        "items" : 4, 
                        "0" : "x", 
                        "1" : "y", 
                        "2" : "l", 
                        "3" : "w", 
                        "x" : 86.067, 
                        "y" : 44.289, 
                        "z" : 0.0, 
                        "l" : 6.432, 
                        "w" : 9.65, 
                        "type" : "rectangular", 
                        "id" : "637068939598618368"
                    }, 
                    "4" : {
                        "items" : 4, 
                        "0" : "x", 
                        "1" : "y", 
                        "2" : "l", 
                        "3" : "w", 
                        "x" : 37.242, 
                        "y" : 44.976, 
                        "z" : 0.0, 
                        "l" : 23.841, 
                        "w" : 9.9, 
                        "type" : "rectangular", 
                        "id" : "637068941101050368"
                    }, 
                    "5" : {
                        "items" : 4, 
                        "0" : "x", 
                        "1" : "y", 
                        "2" : "l", 
                        "3" : "w", 
                        "x" : 35.458, 
                        "y" : 64.816, 
                        "z" : 0.0, 
                        "l" : 22.506, 
                        "w" : 0.864, 
                        "type" : "rectangular", 
                        "id" : "637068942735721984"
                    }
                }, 
                "triangular" : {
                    "items" : 0
                }, 
                "polygonal" : {
                    "items" : 0
                }
            }
        }, 
        "radiating plane" : {
            "items" : 5, 
            "0" : "l", 
            "1" : "w", 
            "2" : "x", 
            "3" : "y", 
            "4" : "slots", 
            "l" : 70.558, 
            "w" : 91.702, 
            "x" : 2.776, 
            "y" : 1.564, 
            "slots" : {
                "items" : 4, 
                "0" : "elliptical", 
                "1" : "rectangular", 
                "2" : "triangular", 
                "3" : "polygonal", 
                "elliptical" : {
                    "items" : 0
                }, 
                "rectangular" : {
                    "items" : 1, 
                    "0" : {
                        "items" : 4, 
                        "0" : "x", 
                        "1" : "y", 
                        "2" : "l", 
                        "3" : "w", 
                        "x" : 53.458, 
                        "y" : 33.364, 
                        "z" : 1.6, 
                        "l" : 5.724, 
                        "w" : 4.05, 
                        "type" : "rectangular", 
                        "id" : "637068941101050368"
                    }
                }, 
                "triangular" : {
                    "items" : 0
                }, 
                "polygonal" : {
                    "items" : 0
                }
            }
        }, 
        "substrate" : {
            "items" : 4, 
            "0" : "l", 
            "1" : "w", 
            "2" : "x", 
            "3" : "h", 
            "l" : 76.52, 
            "w" : 99.953, 
            "h" : 1.6, 
            "x" : -1.1, 
            "y" : -3.312, 
            "permitivitty" : 4.4, 
            "loss" : 0.02, 
            "name" : "FR4"
        }
    }, 
    "fitness" : {
        "items" : 1, 
        "0" : "final", 
        "1" : "freq", 
        "lower" : 0.0, 
        "desired" : 1.2964206530282745, 
        "upper" : 0.0, 
        "area" : 0.8075314766876069, 
        "freq" : 0.907494457119792, 
        "final" : 1.355265390674928, 
        "dir" : "C:\\Users\\project\\0. My Work\\1. Repositories\\1. Very Unfriendly Train\\Data\\Simulations\\637068932174074496_Primary\\637068942735751936_5\\5.out", 
        "f0" : 0.9866368352353954, 
        "g0" : 0.41959625658792704, 
        "f1" : 0.7952174095907636, 
        "g1" : 0.39139080464246323
    }
}