{
    "geometry" : {
        "items" : 2, 
        "0" : "ground plane", 
        "1" : "radiating plane", 
        "feed" : {
            "items" : 2, 
            "0" : "center", 
            "1" : "width", 
            "center" : 50.327, 
            "width" : 1.752
        }, 
        "ground plane" : {
            "items" : 5, 
            "0" : "l", 
            "1" : "w", 
            "2" : "x", 
            "3" : "y", 
            "4" : "slots", 
            "l" : 83.512, 
            "w" : 100.503, 
            "x" : 0.191, 
            "y" : -0.585, 
            "slots" : {
                "items" : 4, 
                "0" : "elliptical", 
                "1" : "rectangular", 
                "2" : "triangular", 
                "3" : "polygonal", 
                "elliptical" : {
                    "items" : 0
                }, 
                "rectangular" : {
                    "items" : 4, 
                    "0" : {
                        "items" : 4, 
                        "0" : "x", 
                        "1" : "y", 
                        "2" : "l", 
                        "3" : "w", 
                        "x" : 40.58, 
                        "y" : -4.375, 
                        "z" : 0.0, 
                        "l" : 21.317, 
                        "w" : 11.512, 
                        "type" : "rectangular", 
                        "id" : "637068932456874880"
                    }, 
                    "1" : {
                        "items" : 4, 
                        "0" : "x", 
                        "1" : "y", 
                        "2" : "l", 
                        "3" : "w", 
                        "x" : 47.315, 
                        "y" : 4.458, 
                        "z" : 0.0, 
                        "l" : 18.783, 
                        "w" : 11.613, 
                        "type" : "rectangular", 
                        "id" : "637068933618610176"
                    }, 
                    "2" : {
                        "items" : 4, 
                        "0" : "x", 
                        "1" : "y", 
                        "2" : "l", 
                        "3" : "w", 
                        "x" : 16.202, 
                        "y" : 118.848, 
                        "z" : 0.0, 
                        "l" : 15.963, 
                        "w" : 1.413, 
                        "type" : "rectangular", 
                        "id" : "637068935012390912"
                    }, 
                    "3" : {
                        "items" : 4, 
                        "0" : "x", 
                        "1" : "y", 
                        "2" : "l", 
                        "3" : "w", 
                        "x" : 24.156, 
                        "y" : 57.054, 
                        "z" : 0.0, 
                        "l" : 11.694, 
                        "w" : 1.874, 
                        "type" : "rectangular", 
                        "id" : "637068936556771328"
                    }
                }, 
                "triangular" : {
                    "items" : 0
                }, 
                "polygonal" : {
                    "items" : 0
                }
            }
        }, 
        "radiating plane" : {
            "items" : 5, 
            "0" : "l", 
            "1" : "w", 
            "2" : "x", 
            "3" : "y", 
            "4" : "slots", 
            "l" : 77.098, 
            "w" : 96.526, 
            "x" : 5.12, 
            "y" : 4.342, 
            "slots" : {
                "items" : 4, 
                "0" : "elliptical", 
                "1" : "rectangular", 
                "2" : "triangular", 
                "3" : "polygonal", 
                "elliptical" : {
                    "items" : 0
                }, 
                "rectangular" : {
                    "items" : 1, 
                    "0" : {
                        "items" : 4, 
                        "0" : "x", 
                        "1" : "y", 
                        "2" : "l", 
                        "3" : "w", 
                        "x" : 14.706, 
                        "y" : 62.315, 
                        "z" : 1.6, 
                        "l" : 1.635, 
                        "w" : 3.299, 
                        "type" : "rectangular", 
                        "id" : "637068936556781184"
                    }
                }, 
                "triangular" : {
                    "items" : 0
                }, 
                "polygonal" : {
                    "items" : 0
                }
            }
        }, 
        "substrate" : {
            "items" : 4, 
            "0" : "l", 
            "1" : "w", 
            "2" : "x", 
            "3" : "h", 
            "l" : 83.512, 
            "w" : 101.50299999999999, 
            "h" : 1.6, 
            "x" : 0.191, 
            "y" : -0.585, 
            "permitivitty" : 4.4, 
            "loss" : 0.02, 
            "name" : "FR4"
        }
    }, 
    "fitness" : {
        "items" : 1, 
        "0" : "final", 
        "1" : "freq", 
        "lower" : 0.0, 
        "desired" : 1.3047308874973218, 
        "upper" : 0.0, 
        "area" : 0.8949863828630519, 
        "freq" : 0.9133116212481251, 
        "final" : 1.5859267090950786, 
        "dir" : "C:\\Users\\project\\0. My Work\\1. Repositories\\1. Very Unfriendly Train\\Data\\Simulations\\637068932174074496_Primary\\637068936556801280_2\\2.out", 
        "f0" : 0.9874557174754287, 
        "g0" : 0.3308489310019639, 
        "f1" : 0.9925996491614646, 
        "g1" : 0.2985574773557864
    }
}