{
    "geometry" : {
        "items" : 2, 
        "0" : "ground plane", 
        "1" : "radiating plane", 
        "feed" : {
            "items" : 2, 
            "0" : "center", 
            "1" : "width", 
            "center" : 52.209, 
            "width" : 1.638
        }, 
        "ground plane" : {
            "items" : 5, 
            "0" : "l", 
            "1" : "w", 
            "2" : "x", 
            "3" : "y", 
            "4" : "slots", 
            "l" : 81.217, 
            "w" : 103.774, 
            "x" : -0.373, 
            "y" : -0.484, 
            "slots" : {
                "items" : 4, 
                "0" : "elliptical", 
                "1" : "rectangular", 
                "2" : "triangular", 
                "3" : "polygonal", 
                "elliptical" : {
                    "items" : 0
                }, 
                "rectangular" : {
                    "items" : 2, 
                    "0" : {
                        "items" : 4, 
                        "0" : "x", 
                        "1" : "y", 
                        "2" : "l", 
                        "3" : "w", 
                        "x" : 35.411, 
                        "y" : -7.302, 
                        "z" : 0.0, 
                        "l" : 22.68, 
                        "w" : 8.532, 
                        "type" : "rectangular", 
                        "id" : "637068932456874880"
                    }, 
                    "1" : {
                        "items" : 4, 
                        "0" : "x", 
                        "1" : "y", 
                        "2" : "l", 
                        "3" : "w", 
                        "x" : 76.43, 
                        "y" : 55.753, 
                        "z" : 0.0, 
                        "l" : 25.419, 
                        "w" : 17.5, 
                        "type" : "rectangular", 
                        "id" : "637068933618620160"
                    }
                }, 
                "triangular" : {
                    "items" : 0
                }, 
                "polygonal" : {
                    "items" : 0
                }
            }
        }, 
        "radiating plane" : {
            "items" : 5, 
            "0" : "l", 
            "1" : "w", 
            "2" : "x", 
            "3" : "y", 
            "4" : "slots", 
            "l" : 77.206, 
            "w" : 97.691, 
            "x" : 3.588, 
            "y" : 4.535, 
            "slots" : {
                "items" : 4, 
                "0" : "elliptical", 
                "1" : "rectangular", 
                "2" : "triangular", 
                "3" : "polygonal", 
                "elliptical" : {
                    "items" : 0
                }, 
                "rectangular" : {
                    "items" : 1, 
                    "0" : {
                        "items" : 4, 
                        "0" : "x", 
                        "1" : "y", 
                        "2" : "l", 
                        "3" : "w", 
                        "x" : 55.088, 
                        "y" : 39.188, 
                        "z" : 1.6, 
                        "l" : 2.652, 
                        "w" : 3.003, 
                        "type" : "rectangular", 
                        "id" : "637068933618620160"
                    }
                }, 
                "triangular" : {
                    "items" : 0
                }, 
                "polygonal" : {
                    "items" : 0
                }
            }
        }, 
        "substrate" : {
            "items" : 4, 
            "0" : "l", 
            "1" : "w", 
            "2" : "x", 
            "3" : "h", 
            "l" : 81.217, 
            "w" : 103.774, 
            "h" : 1.6, 
            "x" : -0.373, 
            "y" : -0.484, 
            "permitivitty" : 4.4, 
            "loss" : 0.02, 
            "name" : "FR4"
        }
    }, 
    "fitness" : {
        "items" : 1, 
        "0" : "final", 
        "1" : "freq", 
        "lower" : 0.0, 
        "desired" : 1.0372047056855018, 
        "upper" : 0.0, 
        "area" : 0.8898650813100354, 
        "freq" : 0.7260432939798512, 
        "final" : 1.3444266882378015, 
        "dir" : "C:\\Users\\project\\0. My Work\\1. Repositories\\1. Very Unfriendly Train\\Data\\Simulations\\637068932174074496_Primary\\637068933618640256_3\\3.out", 
        "f0" : 0.9830800973705321, 
        "g0" : 0.4796408650189066, 
        "f1" : 0.140839678143438, 
        "g1" : 0.47084877083812693
    }
}