{
    "geometry" : {
        "items" : 2, 
        "0" : "ground plane", 
        "1" : "radiating plane", 
        "feed" : {
            "items" : 2, 
            "0" : "center", 
            "1" : "width", 
            "center" : 50.009, 
            "width" : 1.824
        }, 
        "ground plane" : {
            "items" : 5, 
            "0" : "l", 
            "1" : "w", 
            "2" : "x", 
            "3" : "y", 
            "4" : "slots", 
            "l" : 86.16, 
            "w" : 100.842, 
            "x" : -0.814, 
            "y" : -1.996, 
            "slots" : {
                "items" : 4, 
                "0" : "elliptical", 
                "1" : "rectangular", 
                "2" : "triangular", 
                "3" : "polygonal", 
                "elliptical" : {
                    "items" : 0
                }, 
                "rectangular" : {
                    "items" : 4, 
                    "0" : {
                        "items" : 4, 
                        "0" : "x", 
                        "1" : "y", 
                        "2" : "l", 
                        "3" : "w", 
                        "x" : 49.49, 
                        "y" : 6.799, 
                        "z" : 0.0, 
                        "l" : 17.124, 
                        "w" : 24.714, 
                        "type" : "rectangular", 
                        "id" : "637068933618610176"
                    }, 
                    "1" : {
                        "items" : 4, 
                        "0" : "x", 
                        "1" : "y", 
                        "2" : "l", 
                        "3" : "w", 
                        "x" : 23.199, 
                        "y" : 114.157, 
                        "z" : 0.0, 
                        "l" : 15.508, 
                        "w" : 3.735, 
                        "type" : "rectangular", 
                        "id" : "637068935012390912"
                    }, 
                    "2" : {
                        "items" : 4, 
                        "0" : "x", 
                        "1" : "y", 
                        "2" : "l", 
                        "3" : "w", 
                        "x" : -0.81, 
                        "y" : 73.234, 
                        "z" : 0.0, 
                        "l" : 15.299, 
                        "w" : 4.903, 
                        "type" : "rectangular", 
                        "id" : "637068936556791168"
                    }, 
                    "3" : {
                        "items" : 4, 
                        "0" : "x", 
                        "1" : "y", 
                        "2" : "l", 
                        "3" : "w", 
                        "x" : 70.517, 
                        "y" : 79.069, 
                        "z" : 0.0, 
                        "l" : 13.174, 
                        "w" : 17.463, 
                        "type" : "rectangular", 
                        "id" : "637068939598608384"
                    }
                }, 
                "triangular" : {
                    "items" : 0
                }, 
                "polygonal" : {
                    "items" : 0
                }
            }
        }, 
        "radiating plane" : {
            "items" : 5, 
            "0" : "l", 
            "1" : "w", 
            "2" : "x", 
            "3" : "y", 
            "4" : "slots", 
            "l" : 71.642, 
            "w" : 96.427, 
            "x" : 4.79, 
            "y" : 3.335, 
            "slots" : {
                "items" : 4, 
                "0" : "elliptical", 
                "1" : "rectangular", 
                "2" : "triangular", 
                "3" : "polygonal", 
                "elliptical" : {
                    "items" : 0
                }, 
                "rectangular" : {
                    "items" : 0
                }, 
                "triangular" : {
                    "items" : 0
                }, 
                "polygonal" : {
                    "items" : 0
                }
            }
        }, 
        "substrate" : {
            "items" : 4, 
            "0" : "l", 
            "1" : "w", 
            "2" : "x", 
            "3" : "h", 
            "l" : 86.16, 
            "w" : 101.80799999999999, 
            "h" : 1.6, 
            "x" : -0.814, 
            "y" : -1.996, 
            "permitivitty" : 4.4, 
            "loss" : 0.02, 
            "name" : "FR4"
        }
    }, 
    "fitness" : {
        "items" : 1, 
        "0" : "final", 
        "1" : "freq", 
        "lower" : 0.0, 
        "desired" : 0.781524559760181, 
        "upper" : 0.0, 
        "area" : 0.9261391876781668, 
        "freq" : 0.5470671918321266, 
        "final" : 1.1816700291490163, 
        "dir" : "C:\\Users\\project\\0. My Work\\1. Repositories\\1. Very Unfriendly Train\\Data\\Simulations\\637068932174074496_Primary\\637068939598638336_3\\3.out", 
        "f0" : 0.005519133420212235, 
        "g0" : 0.3213533978758036, 
        "f1" : 0.9430708195695883, 
        "g1" : 0.29310576865475807
    }
}