{
    "geometry" : {
        "items" : 3, 
        "0" : "feed", 
        "1" : "ground plane", 
        "2" : "radiating plane", 
        "3" : "substrate", 
        "feed" : {
            "items" : 2, 
            "0" : "center", 
            "1" : "width", 
            "center" : 50.975, 
            "width" : 1.811
        }, 
        "ground plane" : {
            "items" : 5, 
            "0" : "l", 
            "1" : "w", 
            "2" : "x", 
            "3" : "y", 
            "4" : "slots", 
            "l" : 89.532, 
            "w" : 102.838, 
            "x" : -0.514, 
            "y" : 0.375, 
            "slots" : {
                "items" : 4, 
                "0" : "elliptical", 
                "1" : "rectangular", 
                "2" : "triangular", 
                "3" : "polygonal", 
                "elliptical" : {
                    "items" : 0
                }, 
                "rectangular" : {
                    "items" : 1, 
                    "0" : {
                        "items" : 4, 
                        "0" : "x", 
                        "1" : "y", 
                        "2" : "l", 
                        "3" : "w", 
                        "x" : -0.186, 
                        "y" : 19.903, 
                        "z" : 0.0, 
                        "l" : 17.715, 
                        "w" : 10.513, 
                        "type" : "rectangular", 
                        "id" : "637068861480568576"
                    }
                }, 
                "triangular" : {
                    "items" : 2, 
                    "0" : {
                        "items" : 3, 
                        "0" : {
                            "items" : 2, 
                            "0" : "x", 
                            "1" : "y", 
                            "x" : 24.024, 
                            "y" : 67.32, 
                            "z" : 0.0
                        }, 
                        "1" : {
                            "items" : 2, 
                            "0" : "x", 
                            "1" : "y", 
                            "x" : 10.825, 
                            "y" : 97.467, 
                            "z" : 0.0
                        }, 
                        "2" : {
                            "items" : 2, 
                            "0" : "x", 
                            "1" : "y", 
                            "x" : 11.03, 
                            "y" : 75.314, 
                            "z" : 0.0
                        }, 
                        "type" : "triangular", 
                        "id" : "637068863019090048"
                    }, 
                    "1" : {
                        "items" : 3, 
                        "0" : {
                            "items" : 2, 
                            "0" : "x", 
                            "1" : "y", 
                            "x" : 38.627, 
                            "y" : 16.584, 
                            "z" : 0.0
                        }, 
                        "1" : {
                            "items" : 2, 
                            "0" : "x", 
                            "1" : "y", 
                            "x" : 17.478, 
                            "y" : 4.932, 
                            "z" : 0.0
                        }, 
                        "2" : {
                            "items" : 2, 
                            "0" : "x", 
                            "1" : "y", 
                            "x" : 18.785, 
                            "y" : 7.668, 
                            "z" : 0.0
                        }, 
                        "type" : "triangular", 
                        "id" : "637068864392565888"
                    }
                }, 
                "polygonal" : {
                    "items" : 0
                }
            }
        }, 
        "radiating plane" : {
            "items" : 5, 
            "0" : "l", 
            "1" : "w", 
            "2" : "x", 
            "3" : "y", 
            "4" : "slots", 
            "l" : 73.263, 
            "w" : 99.942, 
            "x" : 5.847, 
            "y" : 4.607, 
            "slots" : {
                "items" : 4, 
                "0" : "elliptical", 
                "1" : "rectangular", 
                "2" : "triangular", 
                "3" : "polygonal", 
                "elliptical" : {
                    "items" : 0
                }, 
                "rectangular" : {
                    "items" : 1, 
                    "0" : {
                        "items" : 4, 
                        "0" : "x", 
                        "1" : "y", 
                        "2" : "l", 
                        "3" : "w", 
                        "x" : 57.126, 
                        "y" : 87.383, 
                        "z" : 1.6, 
                        "l" : 3.229, 
                        "w" : 3.71, 
                        "type" : "rectangular", 
                        "id" : "637068864392575872"
                    }
                }, 
                "triangular" : {
                    "items" : 1, 
                    "0" : {
                        "items" : 3, 
                        "0" : {
                            "items" : 2, 
                            "0" : "x", 
                            "1" : "y", 
                            "x" : 9.477, 
                            "y" : 58.166, 
                            "z" : 1.6
                        }, 
                        "1" : {
                            "items" : 2, 
                            "0" : "x", 
                            "1" : "y", 
                            "x" : 8.072, 
                            "y" : 52.367, 
                            "z" : 1.6
                        }, 
                        "2" : {
                            "items" : 2, 
                            "0" : "x", 
                            "1" : "y", 
                            "x" : 8.192, 
                            "y" : 55.804, 
                            "z" : 1.6
                        }, 
                        "type" : "triangular", 
                        "id" : "637068863019090048"
                    }
                }, 
                "polygonal" : {
                    "items" : 0
                }
            }
        }, 
        "substrate" : {
            "items" : 4, 
            "0" : "l", 
            "1" : "w", 
            "2" : "x", 
            "3" : "h", 
            "l" : 89.532, 
            "w" : 104.22399999999999, 
            "h" : 1.6, 
            "x" : -0.514, 
            "y" : 0.375, 
            "permitivitty" : 4.4, 
            "loss" : 0.02, 
            "name" : "FR4"
        }
    }, 
    "fitness" : {
        "items" : 1, 
        "0" : "final", 
        "1" : "freq", 
        "lower" : 0.0, 
        "desired" : 1.0991486119360454, 
        "upper" : 0.0, 
        "area" : 0.9852233306048144, 
        "freq" : 0.7694040283552317, 
        "final" : 1.5730930272196795, 
        "dir" : "C:\\Users\\project\\0. My Work\\1. Repositories\\1. Very Unfriendly Train\\Data\\Simulations\\637068861293046016_Primary\\637068864392596096_5\\5.out", 
        "h0" : 0.9889272466994877, 
        "g0" : 0.22382304569514477, 
        "h1" : 0.7963982238063152, 
        "g1" : 0.18914870767114325
    }
}