{
    "geometry" : {
        "items" : 2, 
        "0" : "ground plane", 
        "1" : "radiating plane", 
        "feed" : {
            "items" : 2, 
            "0" : "center", 
            "1" : "width", 
            "center" : 46.687, 
            "width" : 1.854
        }, 
        "ground plane" : {
            "items" : 5, 
            "0" : "l", 
            "1" : "w", 
            "2" : "x", 
            "3" : "y", 
            "4" : "slots", 
            "l" : 79.06400000000001, 
            "w" : 101.432, 
            "x" : -1.364, 
            "y" : -2.025, 
            "slots" : {
                "items" : 4, 
                "0" : "elliptical", 
                "1" : "rectangular", 
                "2" : "triangular", 
                "3" : "polygonal", 
                "elliptical" : {
                    "items" : 0
                }, 
                "rectangular" : {
                    "items" : 6, 
                    "0" : {
                        "items" : 4, 
                        "0" : "x", 
                        "1" : "y", 
                        "2" : "l", 
                        "3" : "w", 
                        "x" : 51.844, 
                        "y" : -8.841, 
                        "z" : 0.0, 
                        "l" : 23.808, 
                        "w" : 16.761, 
                        "type" : "rectangular", 
                        "id" : "637068932456874880"
                    }, 
                    "1" : {
                        "items" : 4, 
                        "0" : "x", 
                        "1" : "y", 
                        "2" : "l", 
                        "3" : "w", 
                        "x" : 50.645, 
                        "y" : 0.213, 
                        "z" : 0.0, 
                        "l" : 10.072, 
                        "w" : 14.754, 
                        "type" : "rectangular", 
                        "id" : "637068933618610176"
                    }, 
                    "2" : {
                        "items" : 4, 
                        "0" : "x", 
                        "1" : "y", 
                        "2" : "l", 
                        "3" : "w", 
                        "x" : 27.394, 
                        "y" : 121.163, 
                        "z" : 0.0, 
                        "l" : 20.819, 
                        "w" : 2.105, 
                        "type" : "rectangular", 
                        "id" : "637068935012390912"
                    }, 
                    "3" : {
                        "items" : 4, 
                        "0" : "x", 
                        "1" : "y", 
                        "2" : "l", 
                        "3" : "w", 
                        "x" : -4.334, 
                        "y" : 69.343, 
                        "z" : 0.0, 
                        "l" : 13.035, 
                        "w" : 6.963, 
                        "type" : "rectangular", 
                        "id" : "637068936556791168"
                    }, 
                    "4" : {
                        "items" : 4, 
                        "0" : "x", 
                        "1" : "y", 
                        "2" : "l", 
                        "3" : "w", 
                        "x" : 88.471, 
                        "y" : 42.475, 
                        "z" : 0.0, 
                        "l" : 15.078, 
                        "w" : 0.838, 
                        "type" : "rectangular", 
                        "id" : "637068939598618368"
                    }, 
                    "5" : {
                        "items" : 4, 
                        "0" : "x", 
                        "1" : "y", 
                        "2" : "l", 
                        "3" : "w", 
                        "x" : 22.099, 
                        "y" : 78.772, 
                        "z" : 0.0, 
                        "l" : 29.986, 
                        "w" : 22.753, 
                        "type" : "rectangular", 
                        "id" : "637068941101050368"
                    }
                }, 
                "triangular" : {
                    "items" : 0
                }, 
                "polygonal" : {
                    "items" : 0
                }
            }
        }, 
        "radiating plane" : {
            "items" : 5, 
            "0" : "l", 
            "1" : "w", 
            "2" : "x", 
            "3" : "y", 
            "4" : "slots", 
            "l" : 73.873, 
            "w" : 92.412, 
            "x" : 3.777, 
            "y" : 2.415, 
            "slots" : {
                "items" : 4, 
                "0" : "elliptical", 
                "1" : "rectangular", 
                "2" : "triangular", 
                "3" : "polygonal", 
                "elliptical" : {
                    "items" : 0
                }, 
                "rectangular" : {
                    "items" : 0
                }, 
                "triangular" : {
                    "items" : 0
                }, 
                "polygonal" : {
                    "items" : 0
                }
            }
        }, 
        "substrate" : {
            "items" : 4, 
            "0" : "l", 
            "1" : "w", 
            "2" : "x", 
            "3" : "h", 
            "l" : 79.06400000000001, 
            "w" : 101.432, 
            "h" : 1.6, 
            "x" : -1.364, 
            "y" : -2.025, 
            "permitivitty" : 4.4, 
            "loss" : 0.02, 
            "name" : "FR4"
        }
    }, 
    "fitness" : {
        "items" : 1, 
        "0" : "final", 
        "1" : "freq", 
        "lower" : 0.0, 
        "desired" : 1.4843981204265342, 
        "upper" : 0.0, 
        "area" : 0.8467251036139609, 
        "freq" : 1.039078684298574, 
        "final" : 1.6152536045645314, 
        "dir" : "C:\\Users\\project\\0. My Work\\1. Repositories\\1. Very Unfriendly Train\\Data\\Simulations\\637068932174074496_Primary\\637068941101080576_3\\3.out", 
        "f0" : 0.9932286919905071, 
        "g0" : 0.4879063639344819, 
        "f1" : 0.9938442873195921, 
        "g1" : 0.49381689760848724
    }
}