{
    "geometry" : {
        "items" : 2, 
        "0" : "ground plane", 
        "1" : "radiating plane", 
        "feed" : {
            "items" : 2, 
            "0" : "center", 
            "1" : "width", 
            "center" : 51.495, 
            "width" : 1.721
        }, 
        "ground plane" : {
            "items" : 5, 
            "0" : "l", 
            "1" : "w", 
            "2" : "x", 
            "3" : "y", 
            "4" : "slots", 
            "l" : 86.556, 
            "w" : 101.859, 
            "x" : -0.223, 
            "y" : -0.435, 
            "slots" : {
                "items" : 4, 
                "0" : "elliptical", 
                "1" : "rectangular", 
                "2" : "triangular", 
                "3" : "polygonal", 
                "elliptical" : {
                    "items" : 0
                }, 
                "rectangular" : {
                    "items" : 2, 
                    "0" : {
                        "items" : 4, 
                        "0" : "x", 
                        "1" : "y", 
                        "2" : "l", 
                        "3" : "w", 
                        "x" : 50.079, 
                        "y" : 11.98, 
                        "z" : 0.0, 
                        "l" : 14.364, 
                        "w" : 11.734, 
                        "type" : "rectangular", 
                        "id" : "637068933618610176"
                    }, 
                    "1" : {
                        "items" : 4, 
                        "0" : "x", 
                        "1" : "y", 
                        "2" : "l", 
                        "3" : "w", 
                        "x" : 18.609, 
                        "y" : 84.243, 
                        "z" : 0.0, 
                        "l" : 27.235, 
                        "w" : 1.272, 
                        "type" : "rectangular", 
                        "id" : "637068935012390912"
                    }
                }, 
                "triangular" : {
                    "items" : 0
                }, 
                "polygonal" : {
                    "items" : 0
                }
            }
        }, 
        "radiating plane" : {
            "items" : 5, 
            "0" : "l", 
            "1" : "w", 
            "2" : "x", 
            "3" : "y", 
            "4" : "slots", 
            "l" : 72.979, 
            "w" : 96.756, 
            "x" : 3.643, 
            "y" : 3.119, 
            "slots" : {
                "items" : 4, 
                "0" : "elliptical", 
                "1" : "rectangular", 
                "2" : "triangular", 
                "3" : "polygonal", 
                "elliptical" : {
                    "items" : 0
                }, 
                "rectangular" : {
                    "items" : 1, 
                    "0" : {
                        "items" : 4, 
                        "0" : "x", 
                        "1" : "y", 
                        "2" : "l", 
                        "3" : "w", 
                        "x" : 36.902, 
                        "y" : 8.406, 
                        "z" : 1.6, 
                        "l" : 0.126, 
                        "w" : 2.842, 
                        "type" : "rectangular", 
                        "id" : "637068935012390912"
                    }
                }, 
                "triangular" : {
                    "items" : 0
                }, 
                "polygonal" : {
                    "items" : 0
                }
            }
        }, 
        "substrate" : {
            "items" : 4, 
            "0" : "l", 
            "1" : "w", 
            "2" : "x", 
            "3" : "h", 
            "l" : 86.556, 
            "w" : 101.859, 
            "h" : 1.6, 
            "x" : -0.223, 
            "y" : -0.435, 
            "permitivitty" : 4.4, 
            "loss" : 0.02, 
            "name" : "FR4"
        }
    }, 
    "fitness" : {
        "items" : 1, 
        "0" : "final", 
        "1" : "freq", 
        "lower" : 0.0, 
        "desired" : 1.275585929558685, 
        "upper" : 0.0, 
        "area" : 0.9308618914828332, 
        "freq" : 0.8929101506910795, 
        "final" : 1.6326731435015325, 
        "dir" : "C:\\Users\\project\\0. My Work\\1. Repositories\\1. Very Unfriendly Train\\Data\\Simulations\\637068932174074496_Primary\\637068935012410880_2\\2.out", 
        "f0" : 0.9912801918991503, 
        "g0" : 0.31493374656278617, 
        "f1" : 0.9657427740432385, 
        "g1" : 0.27921514661219515
    }
}