{
    "geometry" : {
        "items" : 2, 
        "0" : "ground plane", 
        "1" : "radiating plane", 
        "feed" : {
            "items" : 2, 
            "0" : "center", 
            "1" : "width", 
            "center" : 47.349, 
            "width" : 1.852
        }, 
        "ground plane" : {
            "items" : 5, 
            "0" : "l", 
            "1" : "w", 
            "2" : "x", 
            "3" : "y", 
            "4" : "slots", 
            "l" : 84.171, 
            "w" : 103.921, 
            "x" : 0.193, 
            "y" : -1.502, 
            "slots" : {
                "items" : 4, 
                "0" : "elliptical", 
                "1" : "rectangular", 
                "2" : "triangular", 
                "3" : "polygonal", 
                "elliptical" : {
                    "items" : 0
                }, 
                "rectangular" : {
                    "items" : 3, 
                    "0" : {
                        "items" : 4, 
                        "0" : "x", 
                        "1" : "y", 
                        "2" : "l", 
                        "3" : "w", 
                        "x" : 51.838, 
                        "y" : 9.495, 
                        "z" : 0.0, 
                        "l" : 14.865, 
                        "w" : 16.324, 
                        "type" : "rectangular", 
                        "id" : "637068933618610176"
                    }, 
                    "1" : {
                        "items" : 4, 
                        "0" : "x", 
                        "1" : "y", 
                        "2" : "l", 
                        "3" : "w", 
                        "x" : 24.408, 
                        "y" : 116.581, 
                        "z" : 0.0, 
                        "l" : 13.242, 
                        "w" : 2.053, 
                        "type" : "rectangular", 
                        "id" : "637068935012390912"
                    }, 
                    "2" : {
                        "items" : 4, 
                        "0" : "x", 
                        "1" : "y", 
                        "2" : "l", 
                        "3" : "w", 
                        "x" : -9.034, 
                        "y" : 71.834, 
                        "z" : 0.0, 
                        "l" : 17.158, 
                        "w" : 6.719, 
                        "type" : "rectangular", 
                        "id" : "637068936556791168"
                    }
                }, 
                "triangular" : {
                    "items" : 1, 
                    "0" : {
                        "items" : 3, 
                        "0" : {
                            "items" : 2, 
                            "0" : "x", 
                            "1" : "y", 
                            "x" : 22.849, 
                            "y" : -3.558, 
                            "z" : 0.0
                        }, 
                        "1" : {
                            "items" : 2, 
                            "0" : "x", 
                            "1" : "y", 
                            "x" : 10.231, 
                            "y" : 3.435, 
                            "z" : 0.0
                        }, 
                        "2" : {
                            "items" : 2, 
                            "0" : "x", 
                            "1" : "y", 
                            "x" : 6.176, 
                            "y" : 8.175, 
                            "z" : 0.0
                        }, 
                        "type" : "triangular", 
                        "id" : "637068939598618368"
                    }
                }, 
                "polygonal" : {
                    "items" : 0
                }
            }
        }, 
        "radiating plane" : {
            "items" : 5, 
            "0" : "l", 
            "1" : "w", 
            "2" : "x", 
            "3" : "y", 
            "4" : "slots", 
            "l" : 71.44, 
            "w" : 96.839, 
            "x" : 4.17, 
            "y" : 3.61, 
            "slots" : {
                "items" : 4, 
                "0" : "elliptical", 
                "1" : "rectangular", 
                "2" : "triangular", 
                "3" : "polygonal", 
                "elliptical" : {
                    "items" : 0
                }, 
                "rectangular" : {
                    "items" : 0
                }, 
                "triangular" : {
                    "items" : 0
                }, 
                "polygonal" : {
                    "items" : 0
                }
            }
        }, 
        "substrate" : {
            "items" : 4, 
            "0" : "l", 
            "1" : "w", 
            "2" : "x", 
            "3" : "h", 
            "l" : 84.171, 
            "w" : 103.921, 
            "h" : 1.6, 
            "x" : 0.193, 
            "y" : -1.502, 
            "permitivitty" : 4.4, 
            "loss" : 0.02, 
            "name" : "FR4"
        }
    }, 
    "fitness" : {
        "items" : 1, 
        "0" : "final", 
        "1" : "freq", 
        "lower" : 0.0, 
        "desired" : 1.3094672438906505, 
        "upper" : 0.0, 
        "area" : 0.9235373600373057, 
        "freq" : 0.9166270707234553, 
        "final" : 1.6491856399636875, 
        "dir" : "C:\\Users\\project\\0. My Work\\1. Repositories\\1. Very Unfriendly Train\\Data\\Simulations\\637068932174074496_Primary\\637068939598638336_6\\6.out", 
        "f0" : 0.9923466826727118, 
        "g0" : 0.3398587044469772, 
        "f1" : 0.9849932299689084, 
        "g1" : 0.30173587069270397
    }
}