{
    "geometry" : {
        "items" : 3, 
        "0" : "feed", 
        "1" : "ground plane", 
        "2" : "radiating plane", 
        "3" : "substrate", 
        "feed" : {
            "items" : 2, 
            "0" : "center", 
            "1" : "width", 
            "center" : 51.588, 
            "width" : 1.707
        }, 
        "ground plane" : {
            "items" : 5, 
            "0" : "l", 
            "1" : "w", 
            "2" : "x", 
            "3" : "y", 
            "4" : "slots", 
            "l" : 83.977, 
            "w" : 108.077, 
            "x" : -0.116, 
            "y" : -0.437, 
            "slots" : {
                "items" : 4, 
                "0" : "elliptical", 
                "1" : "rectangular", 
                "2" : "triangular", 
                "3" : "polygonal", 
                "elliptical" : {
                    "items" : 0
                }, 
                "rectangular" : {
                    "items" : 1, 
                    "0" : {
                        "items" : 4, 
                        "0" : "x", 
                        "1" : "y", 
                        "2" : "l", 
                        "3" : "w", 
                        "x" : -5.873, 
                        "y" : 83.105, 
                        "z" : 0.0, 
                        "l" : 23.193, 
                        "w" : 14.718, 
                        "type" : "rectangular", 
                        "id" : "637068861480558592"
                    }
                }, 
                "triangular" : {
                    "items" : 0
                }, 
                "polygonal" : {
                    "items" : 0
                }
            }
        }, 
        "radiating plane" : {
            "items" : 5, 
            "0" : "l", 
            "1" : "w", 
            "2" : "x", 
            "3" : "y", 
            "4" : "slots", 
            "l" : 76.894, 
            "w" : 100.778, 
            "x" : 4.801, 
            "y" : 4.949, 
            "slots" : {
                "items" : 4, 
                "0" : "elliptical", 
                "1" : "rectangular", 
                "2" : "triangular", 
                "3" : "polygonal", 
                "elliptical" : {
                    "items" : 0
                }, 
                "rectangular" : {
                    "items" : 1, 
                    "0" : {
                        "items" : 4, 
                        "0" : "x", 
                        "1" : "y", 
                        "2" : "l", 
                        "3" : "w", 
                        "x" : 9.172, 
                        "y" : 70.376, 
                        "z" : 1.6, 
                        "l" : 3.382, 
                        "w" : 2.344, 
                        "type" : "rectangular", 
                        "id" : "637068861480558592"
                    }
                }, 
                "triangular" : {
                    "items" : 0
                }, 
                "polygonal" : {
                    "items" : 0
                }
            }
        }, 
        "substrate" : {
            "items" : 4, 
            "0" : "l", 
            "1" : "w", 
            "2" : "x", 
            "3" : "h", 
            "l" : 83.977, 
            "w" : 108.077, 
            "h" : 1.6, 
            "x" : -0.116, 
            "y" : -0.437, 
            "permitivitty" : 4.4, 
            "loss" : 0.02, 
            "name" : "FR4"
        }
    }, 
    "fitness" : {
        "items" : 1, 
        "0" : "final", 
        "1" : "freq", 
        "lower" : 0.0, 
        "desired" : 0.9209477796206504, 
        "upper" : 0.0, 
        "area" : 0.9582576643974642, 
        "freq" : 0.6446634457344552, 
        "final" : 1.369155895815093, 
        "dir" : "C:\\Users\\project\\0. My Work\\1. Repositories\\1. Very Unfriendly Train\\Data\\Simulations\\637068861293046016_Primary\\637068861480568576_5\\5.out", 
        "h0" : 0.9772015416598956, 
        "g0" : 0.43492468622392927, 
        "h1" : 0.008324441906954414, 
        "g1" : 0.42144488945052166
    }
}