{
    "geometry" : {
        "items" : 2, 
        "0" : "ground plane", 
        "1" : "radiating plane", 
        "feed" : {
            "items" : 2, 
            "0" : "center", 
            "1" : "width", 
            "center" : 49.803, 
            "width" : 1.822
        }, 
        "ground plane" : {
            "items" : 5, 
            "0" : "l", 
            "1" : "w", 
            "2" : "x", 
            "3" : "y", 
            "4" : "slots", 
            "l" : 81.422, 
            "w" : 102.037, 
            "x" : -0.632, 
            "y" : -1.556, 
            "slots" : {
                "items" : 4, 
                "0" : "elliptical", 
                "1" : "rectangular", 
                "2" : "triangular", 
                "3" : "polygonal", 
                "elliptical" : {
                    "items" : 0
                }, 
                "rectangular" : {
                    "items" : 4, 
                    "0" : {
                        "items" : 4, 
                        "0" : "x", 
                        "1" : "y", 
                        "2" : "l", 
                        "3" : "w", 
                        "x" : 48.55, 
                        "y" : -5.294, 
                        "z" : 0.0, 
                        "l" : 17.084, 
                        "w" : 15.42, 
                        "type" : "rectangular", 
                        "id" : "637068932456874880"
                    }, 
                    "1" : {
                        "items" : 4, 
                        "0" : "x", 
                        "1" : "y", 
                        "2" : "l", 
                        "3" : "w", 
                        "x" : 40.033, 
                        "y" : 6.762, 
                        "z" : 0.0, 
                        "l" : 18.639, 
                        "w" : 13.439, 
                        "type" : "rectangular", 
                        "id" : "637068933618610176"
                    }, 
                    "2" : {
                        "items" : 4, 
                        "0" : "x", 
                        "1" : "y", 
                        "2" : "l", 
                        "3" : "w", 
                        "x" : 20.543, 
                        "y" : 120.542, 
                        "z" : 0.0, 
                        "l" : 15.763, 
                        "w" : 8.423, 
                        "type" : "rectangular", 
                        "id" : "637068935012390912"
                    }, 
                    "3" : {
                        "items" : 4, 
                        "0" : "x", 
                        "1" : "y", 
                        "2" : "l", 
                        "3" : "w", 
                        "x" : -5.346, 
                        "y" : 68.658, 
                        "z" : 0.0, 
                        "l" : 21.561, 
                        "w" : 3.474, 
                        "type" : "rectangular", 
                        "id" : "637068936556791168"
                    }
                }, 
                "triangular" : {
                    "items" : 1, 
                    "0" : {
                        "items" : 3, 
                        "0" : {
                            "items" : 2, 
                            "0" : "x", 
                            "1" : "y", 
                            "x" : 57.564, 
                            "y" : 93.79, 
                            "z" : 0.0
                        }, 
                        "1" : {
                            "items" : 2, 
                            "0" : "x", 
                            "1" : "y", 
                            "x" : 68.744, 
                            "y" : 88.218, 
                            "z" : 0.0
                        }, 
                        "2" : {
                            "items" : 2, 
                            "0" : "x", 
                            "1" : "y", 
                            "x" : 77.004, 
                            "y" : 66.102, 
                            "z" : 0.0
                        }, 
                        "type" : "triangular", 
                        "id" : "637068939598628352"
                    }
                }, 
                "polygonal" : {
                    "items" : 0
                }
            }
        }, 
        "radiating plane" : {
            "items" : 5, 
            "0" : "l", 
            "1" : "w", 
            "2" : "x", 
            "3" : "y", 
            "4" : "slots", 
            "l" : 70.788, 
            "w" : 96.532, 
            "x" : 4.451, 
            "y" : 3.155, 
            "slots" : {
                "items" : 4, 
                "0" : "elliptical", 
                "1" : "rectangular", 
                "2" : "triangular", 
                "3" : "polygonal", 
                "elliptical" : {
                    "items" : 0
                }, 
                "rectangular" : {
                    "items" : 0
                }, 
                "triangular" : {
                    "items" : 1, 
                    "0" : {
                        "items" : 3, 
                        "0" : {
                            "items" : 2, 
                            "0" : "x", 
                            "1" : "y", 
                            "x" : 24.67, 
                            "y" : 80.47, 
                            "z" : 1.6
                        }, 
                        "1" : {
                            "items" : 2, 
                            "0" : "x", 
                            "1" : "y", 
                            "x" : 23.377, 
                            "y" : 79.455, 
                            "z" : 1.6
                        }, 
                        "2" : {
                            "items" : 2, 
                            "0" : "x", 
                            "1" : "y", 
                            "x" : 22.536, 
                            "y" : 79.441, 
                            "z" : 1.6
                        }, 
                        "type" : "triangular", 
                        "id" : "637068939598628352"
                    }
                }, 
                "polygonal" : {
                    "items" : 0
                }
            }
        }, 
        "substrate" : {
            "items" : 4, 
            "0" : "l", 
            "1" : "w", 
            "2" : "x", 
            "3" : "h", 
            "l" : 81.422, 
            "w" : 102.037, 
            "h" : 1.6, 
            "x" : -0.632, 
            "y" : -1.556, 
            "permitivitty" : 4.4, 
            "loss" : 0.02, 
            "name" : "FR4"
        }
    }, 
    "fitness" : {
        "items" : 1, 
        "0" : "final", 
        "1" : "freq", 
        "lower" : 0.0, 
        "desired" : 1.2275150367087995, 
        "upper" : 0.0, 
        "area" : 0.8771787698278386, 
        "freq" : 0.8592605256961596, 
        "final" : 1.4799343428224567, 
        "dir" : "C:\\Users\\project\\0. My Work\\1. Repositories\\1. Very Unfriendly Train\\Data\\Simulations\\637068932174074496_Primary\\637068939598638336_8\\8.out", 
        "f0" : 0.9125572609291713, 
        "g0" : 0.2927478198167429, 
        "f1" : 0.9874507617398139, 
        "g1" : 0.26227423093187063
    }
}