{
    "geometry" : {
        "items" : 2, 
        "0" : "ground plane", 
        "1" : "radiating plane", 
        "feed" : {
            "items" : 2, 
            "0" : "center", 
            "1" : "width", 
            "center" : 45.907, 
            "width" : 1.946
        }, 
        "ground plane" : {
            "items" : 5, 
            "0" : "l", 
            "1" : "w", 
            "2" : "x", 
            "3" : "y", 
            "4" : "slots", 
            "l" : 79.753, 
            "w" : 98.458, 
            "x" : -1.459, 
            "y" : -2.321, 
            "slots" : {
                "items" : 4, 
                "0" : "elliptical", 
                "1" : "rectangular", 
                "2" : "triangular", 
                "3" : "polygonal", 
                "elliptical" : {
                    "items" : 0
                }, 
                "rectangular" : {
                    "items" : 7, 
                    "0" : {
                        "items" : 4, 
                        "0" : "x", 
                        "1" : "y", 
                        "2" : "l", 
                        "3" : "w", 
                        "x" : 57.869, 
                        "y" : -26.369, 
                        "z" : 0.0, 
                        "l" : 18.4, 
                        "w" : 12.247, 
                        "type" : "rectangular", 
                        "id" : "637068932456874880"
                    }, 
                    "1" : {
                        "items" : 4, 
                        "0" : "x", 
                        "1" : "y", 
                        "2" : "l", 
                        "3" : "w", 
                        "x" : 44.139, 
                        "y" : -1.337, 
                        "z" : 0.0, 
                        "l" : 13.026, 
                        "w" : 21.663, 
                        "type" : "rectangular", 
                        "id" : "637068933618610176"
                    }, 
                    "2" : {
                        "items" : 4, 
                        "0" : "x", 
                        "1" : "y", 
                        "2" : "l", 
                        "3" : "w", 
                        "x" : 38.272, 
                        "y" : 118.049, 
                        "z" : 0.0, 
                        "l" : 15.527, 
                        "w" : 9.745, 
                        "type" : "rectangular", 
                        "id" : "637068935012390912"
                    }, 
                    "3" : {
                        "items" : 4, 
                        "0" : "x", 
                        "1" : "y", 
                        "2" : "l", 
                        "3" : "w", 
                        "x" : -6.559, 
                        "y" : 56.726, 
                        "z" : 0.0, 
                        "l" : 14.147, 
                        "w" : 16.265, 
                        "type" : "rectangular", 
                        "id" : "637068936556791168"
                    }, 
                    "4" : {
                        "items" : 4, 
                        "0" : "x", 
                        "1" : "y", 
                        "2" : "l", 
                        "3" : "w", 
                        "x" : 75.954, 
                        "y" : 42.08, 
                        "z" : 0.0, 
                        "l" : 7.205, 
                        "w" : 5.59, 
                        "type" : "rectangular", 
                        "id" : "637068939598618368"
                    }, 
                    "5" : {
                        "items" : 4, 
                        "0" : "x", 
                        "1" : "y", 
                        "2" : "l", 
                        "3" : "w", 
                        "x" : 39.993, 
                        "y" : 53.276, 
                        "z" : 0.0, 
                        "l" : 17.518, 
                        "w" : 7.257, 
                        "type" : "rectangular", 
                        "id" : "637068941101050368"
                    }, 
                    "6" : {
                        "items" : 4, 
                        "0" : "x", 
                        "1" : "y", 
                        "2" : "l", 
                        "3" : "w", 
                        "x" : 18.688, 
                        "y" : 86.676, 
                        "z" : 0.0, 
                        "l" : 30.108, 
                        "w" : 25.687, 
                        "type" : "rectangular", 
                        "id" : "637068942735702016"
                    }
                }, 
                "triangular" : {
                    "items" : 0
                }, 
                "polygonal" : {
                    "items" : 0
                }
            }
        }, 
        "radiating plane" : {
            "items" : 5, 
            "0" : "l", 
            "1" : "w", 
            "2" : "x", 
            "3" : "y", 
            "4" : "slots", 
            "l" : 72.012, 
            "w" : 88.873, 
            "x" : 4.203, 
            "y" : 2.774, 
            "slots" : {
                "items" : 4, 
                "0" : "elliptical", 
                "1" : "rectangular", 
                "2" : "triangular", 
                "3" : "polygonal", 
                "elliptical" : {
                    "items" : 0
                }, 
                "rectangular" : {
                    "items" : 0
                }, 
                "triangular" : {
                    "items" : 1, 
                    "0" : {
                        "items" : 3, 
                        "0" : {
                            "items" : 2, 
                            "0" : "x", 
                            "1" : "y", 
                            "x" : 35.342, 
                            "y" : 55.141, 
                            "z" : 1.6
                        }, 
                        "1" : {
                            "items" : 2, 
                            "0" : "x", 
                            "1" : "y", 
                            "x" : 36.355, 
                            "y" : 56.129, 
                            "z" : 1.6
                        }, 
                        "2" : {
                            "items" : 2, 
                            "0" : "x", 
                            "1" : "y", 
                            "x" : 39.161, 
                            "y" : 55.811, 
                            "z" : 1.6
                        }, 
                        "type" : "triangular", 
                        "id" : "637068942735702016"
                    }
                }, 
                "polygonal" : {
                    "items" : 0
                }
            }
        }, 
        "substrate" : {
            "items" : 4, 
            "0" : "l", 
            "1" : "w", 
            "2" : "x", 
            "3" : "h", 
            "l" : 79.753, 
            "w" : 98.458, 
            "h" : 1.6, 
            "x" : -1.459, 
            "y" : -2.321, 
            "permitivitty" : 4.4, 
            "loss" : 0.02, 
            "name" : "FR4"
        }
    }, 
    "fitness" : {
        "items" : 1, 
        "0" : "final", 
        "1" : "freq", 
        "lower" : 0.0, 
        "desired" : 1.2134111136416448, 
        "upper" : 0.0, 
        "area" : 0.8290614140666684, 
        "freq" : 0.8493877795491513, 
        "final" : 1.3499878923333908, 
        "dir" : "C:\\Users\\project\\0. My Work\\1. Repositories\\1. Very Unfriendly Train\\Data\\Simulations\\637068932174074496_Primary\\637068942735751936_2\\2.out", 
        "f0" : 0.9951907821601218, 
        "g0" : 0.2083580709858655, 
        "f1" : 0.9951920582820714, 
        "g1" : 0.22808131585523064
    }
}