{
    "geometry" : {
        "items" : 3, 
        "0" : "feed", 
        "1" : "ground plane", 
        "2" : "radiating plane", 
        "3" : "substrate", 
        "feed" : {
            "items" : 2, 
            "0" : "center", 
            "1" : "width", 
            "center" : 48.98, 
            "width" : 1.69
        }, 
        "ground plane" : {
            "items" : 5, 
            "0" : "l", 
            "1" : "w", 
            "2" : "x", 
            "3" : "y", 
            "4" : "slots", 
            "l" : 80.453, 
            "w" : 100.738, 
            "x" : 0.122, 
            "y" : -0.551, 
            "slots" : {
                "items" : 4, 
                "0" : "elliptical", 
                "1" : "rectangular", 
                "2" : "triangular", 
                "3" : "polygonal", 
                "elliptical" : {
                    "items" : 0
                }, 
                "rectangular" : {
                    "items" : 1, 
                    "0" : {
                        "items" : 4, 
                        "0" : "x", 
                        "1" : "y", 
                        "2" : "l", 
                        "3" : "w", 
                        "x" : 84.169, 
                        "y" : 74.527, 
                        "z" : 0.0, 
                        "l" : 4.721, 
                        "w" : 9.341, 
                        "type" : "rectangular", 
                        "id" : "637068855454887552"
                    }
                }, 
                "triangular" : {
                    "items" : 2, 
                    "0" : {
                        "items" : 3, 
                        "0" : {
                            "items" : 2, 
                            "0" : "x", 
                            "1" : "y", 
                            "x" : 53.857, 
                            "y" : 114.919, 
                            "z" : 0.0
                        }, 
                        "1" : {
                            "items" : 2, 
                            "0" : "x", 
                            "1" : "y", 
                            "x" : 62.263, 
                            "y" : 88.797, 
                            "z" : 0.0
                        }, 
                        "2" : {
                            "items" : 2, 
                            "0" : "x", 
                            "1" : "y", 
                            "x" : 33.364, 
                            "y" : 95.799, 
                            "z" : 0.0
                        }, 
                        "type" : "triangular", 
                        "id" : "637068851341263104"
                    }, 
                    "1" : {
                        "items" : 3, 
                        "0" : {
                            "items" : 2, 
                            "0" : "x", 
                            "1" : "y", 
                            "x" : 0.284, 
                            "y" : 59.775, 
                            "z" : 0.0
                        }, 
                        "1" : {
                            "items" : 2, 
                            "0" : "x", 
                            "1" : "y", 
                            "x" : 5.363, 
                            "y" : 61.326, 
                            "z" : 0.0
                        }, 
                        "2" : {
                            "items" : 2, 
                            "0" : "x", 
                            "1" : "y", 
                            "x" : 3.492, 
                            "y" : 50.07, 
                            "z" : 0.0
                        }, 
                        "type" : "triangular", 
                        "id" : "637068852564010368"
                    }
                }, 
                "polygonal" : {
                    "items" : 0
                }
            }
        }, 
        "radiating plane" : {
            "items" : 5, 
            "0" : "l", 
            "1" : "w", 
            "2" : "x", 
            "3" : "y", 
            "4" : "slots", 
            "l" : 73.311, 
            "w" : 94.846, 
            "x" : 2.466, 
            "y" : 6.592, 
            "slots" : {
                "items" : 4, 
                "0" : "elliptical", 
                "1" : "rectangular", 
                "2" : "triangular", 
                "3" : "polygonal", 
                "elliptical" : {
                    "items" : 0
                }, 
                "rectangular" : {
                    "items" : 2, 
                    "0" : {
                        "items" : 4, 
                        "0" : "x", 
                        "1" : "y", 
                        "2" : "l", 
                        "3" : "w", 
                        "x" : 28.482, 
                        "y" : 4.8, 
                        "z" : 1.6, 
                        "l" : 4.007, 
                        "w" : 0.165, 
                        "type" : "rectangular", 
                        "id" : "637068852564010368"
                    }, 
                    "1" : {
                        "items" : 4, 
                        "0" : "x", 
                        "1" : "y", 
                        "2" : "l", 
                        "3" : "w", 
                        "x" : 23.569, 
                        "y" : 87.413, 
                        "z" : 1.6, 
                        "l" : 1.477, 
                        "w" : 2.773, 
                        "type" : "rectangular", 
                        "id" : "637068855454887552"
                    }
                }, 
                "triangular" : {
                    "items" : 0
                }, 
                "polygonal" : {
                    "items" : 0
                }
            }
        }, 
        "substrate" : {
            "items" : 4, 
            "0" : "l", 
            "1" : "w", 
            "2" : "x", 
            "3" : "h", 
            "l" : 80.453, 
            "w" : 102.039, 
            "h" : 1.6, 
            "x" : 0.122, 
            "y" : -0.551, 
            "permitivitty" : 4.4, 
            "loss" : 0.02, 
            "name" : "FR4"
        }
    }, 
    "fitness" : {
        "items" : 1, 
        "0" : "final", 
        "1" : "freq", 
        "lower" : 0.0, 
        "desired" : 0.8823878057919397, 
        "upper" : 0.0, 
        "area" : 0.8667564887290761, 
        "freq" : 0.6176714640543577, 
        "final" : 1.1829979440518006, 
        "dir" : "C:\\Users\\project\\0. My Work\\1. Repositories\\1. Very Unfriendly Train\\Data\\Simulations\\637068851159820800_Primary\\637068855454937344_0\\0.out", 
        "h0" : 0.958937607452971, 
        "g0" : 0.40792574632110123, 
        "h1" : 0.014479063425723398, 
        "g1" : 0.3834331943840838
    }
}