{
    "geometry" : {
        "items" : 3, 
        "0" : "feed", 
        "1" : "ground plane", 
        "2" : "radiating plane", 
        "3" : "substrate", 
        "feed" : {
            "items" : 2, 
            "0" : "center", 
            "1" : "width", 
            "center" : 51.569, 
            "width" : 1.821
        }, 
        "ground plane" : {
            "items" : 5, 
            "0" : "l", 
            "1" : "w", 
            "2" : "x", 
            "3" : "y", 
            "4" : "slots", 
            "l" : 92.58, 
            "w" : 103.752, 
            "x" : -0.21, 
            "y" : 0.168, 
            "slots" : {
                "items" : 4, 
                "0" : "elliptical", 
                "1" : "rectangular", 
                "2" : "triangular", 
                "3" : "polygonal", 
                "elliptical" : {
                    "items" : 0
                }, 
                "rectangular" : {
                    "items" : 1, 
                    "0" : {
                        "items" : 4, 
                        "0" : "x", 
                        "1" : "y", 
                        "2" : "l", 
                        "3" : "w", 
                        "x" : 11.688, 
                        "y" : 21.633, 
                        "z" : 0.0, 
                        "l" : 14.534, 
                        "w" : 6.902, 
                        "type" : "rectangular", 
                        "id" : "637068861480568576"
                    }
                }, 
                "triangular" : {
                    "items" : 1, 
                    "0" : {
                        "items" : 3, 
                        "0" : {
                            "items" : 2, 
                            "0" : "x", 
                            "1" : "y", 
                            "x" : 22.384, 
                            "y" : 64.822, 
                            "z" : 0.0
                        }, 
                        "1" : {
                            "items" : 2, 
                            "0" : "x", 
                            "1" : "y", 
                            "x" : 1.155, 
                            "y" : 89.202, 
                            "z" : 0.0
                        }, 
                        "2" : {
                            "items" : 2, 
                            "0" : "x", 
                            "1" : "y", 
                            "x" : 19.805, 
                            "y" : 78.826, 
                            "z" : 0.0
                        }, 
                        "type" : "triangular", 
                        "id" : "637068863019090048"
                    }
                }, 
                "polygonal" : {
                    "items" : 0
                }
            }
        }, 
        "radiating plane" : {
            "items" : 5, 
            "0" : "l", 
            "1" : "w", 
            "2" : "x", 
            "3" : "y", 
            "4" : "slots", 
            "l" : 77.834, 
            "w" : 100.219, 
            "x" : 5.515, 
            "y" : 4.834, 
            "slots" : {
                "items" : 4, 
                "0" : "elliptical", 
                "1" : "rectangular", 
                "2" : "triangular", 
                "3" : "polygonal", 
                "elliptical" : {
                    "items" : 0
                }, 
                "rectangular" : {
                    "items" : 0
                }, 
                "triangular" : {
                    "items" : 2, 
                    "0" : {
                        "items" : 3, 
                        "0" : {
                            "items" : 2, 
                            "0" : "x", 
                            "1" : "y", 
                            "x" : 25.718, 
                            "y" : 51.183, 
                            "z" : 1.6
                        }, 
                        "1" : {
                            "items" : 2, 
                            "0" : "x", 
                            "1" : "y", 
                            "x" : 27.422, 
                            "y" : 56.944, 
                            "z" : 1.6
                        }, 
                        "2" : {
                            "items" : 2, 
                            "0" : "x", 
                            "1" : "y", 
                            "x" : 27.487, 
                            "y" : 51.403, 
                            "z" : 1.6
                        }, 
                        "type" : "triangular", 
                        "id" : "637068861480568576"
                    }, 
                    "1" : {
                        "items" : 3, 
                        "0" : {
                            "items" : 2, 
                            "0" : "x", 
                            "1" : "y", 
                            "x" : 9.972, 
                            "y" : 57.08, 
                            "z" : 1.6
                        }, 
                        "1" : {
                            "items" : 2, 
                            "0" : "x", 
                            "1" : "y", 
                            "x" : 10.525, 
                            "y" : 55.211, 
                            "z" : 1.6
                        }, 
                        "2" : {
                            "items" : 2, 
                            "0" : "x", 
                            "1" : "y", 
                            "x" : 11.403, 
                            "y" : 55.939, 
                            "z" : 1.6
                        }, 
                        "type" : "triangular", 
                        "id" : "637068863019090048"
                    }
                }, 
                "polygonal" : {
                    "items" : 0
                }
            }
        }, 
        "substrate" : {
            "items" : 4, 
            "0" : "l", 
            "1" : "w", 
            "2" : "x", 
            "3" : "h", 
            "l" : 92.58, 
            "w" : 104.93499999999999, 
            "h" : 1.6, 
            "x" : -0.21, 
            "y" : 0.168, 
            "permitivitty" : 4.4, 
            "loss" : 0.02, 
            "name" : "FR4"
        }
    }, 
    "fitness" : {
        "items" : 1, 
        "0" : "final", 
        "1" : "freq", 
        "lower" : 0.0, 
        "desired" : 0.7239825155936898, 
        "upper" : 0.0, 
        "area" : 1.0257138222404802, 
        "freq" : 0.5067877609155828, 
        "final" : 1.2503452988128434, 
        "dir" : "C:\\Users\\project\\0. My Work\\1. Repositories\\1. Very Unfriendly Train\\Data\\Simulations\\637068861293046016_Primary\\637068863019100288_7\\7.out", 
        "h0" : 0.0005065740549713345, 
        "g0" : 0.2480426895660769, 
        "h1" : 0.9771509886396087, 
        "g1" : 0.22226477892672253
    }
}