{
    "geometry" : {
        "items" : 2, 
        "0" : "ground plane", 
        "1" : "radiating plane", 
        "feed" : {
            "items" : 2, 
            "0" : "center", 
            "1" : "width", 
            "center" : 49.325, 
            "width" : 1.82
        }, 
        "ground plane" : {
            "items" : 5, 
            "0" : "l", 
            "1" : "w", 
            "2" : "x", 
            "3" : "y", 
            "4" : "slots", 
            "l" : 79.943, 
            "w" : 101.627, 
            "x" : -1.004, 
            "y" : -2.434, 
            "slots" : {
                "items" : 4, 
                "0" : "elliptical", 
                "1" : "rectangular", 
                "2" : "triangular", 
                "3" : "polygonal", 
                "elliptical" : {
                    "items" : 0
                }, 
                "rectangular" : {
                    "items" : 5, 
                    "0" : {
                        "items" : 4, 
                        "0" : "x", 
                        "1" : "y", 
                        "2" : "l", 
                        "3" : "w", 
                        "x" : 44.879, 
                        "y" : -9.033, 
                        "z" : 0.0, 
                        "l" : 15.594, 
                        "w" : 9.845, 
                        "type" : "rectangular", 
                        "id" : "637068932456874880"
                    }, 
                    "1" : {
                        "items" : 4, 
                        "0" : "x", 
                        "1" : "y", 
                        "2" : "l", 
                        "3" : "w", 
                        "x" : 42.632, 
                        "y" : 5.952, 
                        "z" : 0.0, 
                        "l" : 18.521, 
                        "w" : 21.685, 
                        "type" : "rectangular", 
                        "id" : "637068933618610176"
                    }, 
                    "2" : {
                        "items" : 4, 
                        "0" : "x", 
                        "1" : "y", 
                        "2" : "l", 
                        "3" : "w", 
                        "x" : 29.775, 
                        "y" : 122.09, 
                        "z" : 0.0, 
                        "l" : 20.618, 
                        "w" : 3.823, 
                        "type" : "rectangular", 
                        "id" : "637068935012390912"
                    }, 
                    "3" : {
                        "items" : 4, 
                        "0" : "x", 
                        "1" : "y", 
                        "2" : "l", 
                        "3" : "w", 
                        "x" : -3.535, 
                        "y" : 69.302, 
                        "z" : 0.0, 
                        "l" : 14.057, 
                        "w" : 7.642, 
                        "type" : "rectangular", 
                        "id" : "637068936556791168"
                    }, 
                    "4" : {
                        "items" : 4, 
                        "0" : "x", 
                        "1" : "y", 
                        "2" : "l", 
                        "3" : "w", 
                        "x" : 74.674, 
                        "y" : 78.383, 
                        "z" : 0.0, 
                        "l" : 28.953, 
                        "w" : 0.615, 
                        "type" : "rectangular", 
                        "id" : "637068937882714624"
                    }
                }, 
                "triangular" : {
                    "items" : 0
                }, 
                "polygonal" : {
                    "items" : 0
                }
            }
        }, 
        "radiating plane" : {
            "items" : 5, 
            "0" : "l", 
            "1" : "w", 
            "2" : "x", 
            "3" : "y", 
            "4" : "slots", 
            "l" : 72.061, 
            "w" : 96.801, 
            "x" : 3.457, 
            "y" : 3.011, 
            "slots" : {
                "items" : 4, 
                "0" : "elliptical", 
                "1" : "rectangular", 
                "2" : "triangular", 
                "3" : "polygonal", 
                "elliptical" : {
                    "items" : 0
                }, 
                "rectangular" : {
                    "items" : 1, 
                    "0" : {
                        "items" : 4, 
                        "0" : "x", 
                        "1" : "y", 
                        "2" : "l", 
                        "3" : "w", 
                        "x" : 23.179, 
                        "y" : 91.245, 
                        "z" : 1.6, 
                        "l" : 2.686, 
                        "w" : 4.739, 
                        "type" : "rectangular", 
                        "id" : "637068937882714624"
                    }
                }, 
                "triangular" : {
                    "items" : 0
                }, 
                "polygonal" : {
                    "items" : 0
                }
            }
        }, 
        "substrate" : {
            "items" : 4, 
            "0" : "l", 
            "1" : "w", 
            "2" : "x", 
            "3" : "h", 
            "l" : 79.943, 
            "w" : 102.29599999999999, 
            "h" : 1.6, 
            "x" : -1.004, 
            "y" : -2.434, 
            "permitivitty" : 4.4, 
            "loss" : 0.02, 
            "name" : "FR4"
        }
    }, 
    "fitness" : {
        "items" : 1, 
        "0" : "final", 
        "1" : "freq", 
        "lower" : 0.0, 
        "desired" : 1.0779966560661638, 
        "upper" : 0.0, 
        "area" : 0.8634312416514668, 
        "freq" : 0.7545976592463146, 
        "final" : 1.3235549962907294, 
        "dir" : "C:\\Users\\project\\0. My Work\\1. Repositories\\1. Very Unfriendly Train\\Data\\Simulations\\637068932174074496_Primary\\637068937882744832_1\\1.out", 
        "f0" : 0.31285618412025007, 
        "g0" : 0.44081561575675243, 
        "f1" : 0.9812616454216652, 
        "g1" : 0.42105986683365987
    }
}