{
    "geometry" : {
        "items" : 3, 
        "0" : "feed", 
        "1" : "ground plane", 
        "2" : "radiating plane", 
        "3" : "substrate", 
        "feed" : {
            "items" : 2, 
            "0" : "center", 
            "1" : "width", 
            "center" : 51.025, 
            "width" : 1.681
        }, 
        "ground plane" : {
            "items" : 5, 
            "0" : "l", 
            "1" : "w", 
            "2" : "x", 
            "3" : "y", 
            "4" : "slots", 
            "l" : 93.046, 
            "w" : 103.059, 
            "x" : -0.358, 
            "y" : -0.467, 
            "slots" : {
                "items" : 4, 
                "0" : "elliptical", 
                "1" : "rectangular", 
                "2" : "triangular", 
                "3" : "polygonal", 
                "elliptical" : {
                    "items" : 0
                }, 
                "rectangular" : {
                    "items" : 1, 
                    "0" : {
                        "items" : 4, 
                        "0" : "x", 
                        "1" : "y", 
                        "2" : "l", 
                        "3" : "w", 
                        "x" : 40.904, 
                        "y" : 32.717, 
                        "z" : 0.0, 
                        "l" : 24.726, 
                        "w" : 18.878, 
                        "type" : "rectangular", 
                        "id" : "637068870048248576"
                    }
                }, 
                "triangular" : {
                    "items" : 0
                }, 
                "polygonal" : {
                    "items" : 0
                }
            }
        }, 
        "radiating plane" : {
            "items" : 5, 
            "0" : "l", 
            "1" : "w", 
            "2" : "x", 
            "3" : "y", 
            "4" : "slots", 
            "l" : 74.682, 
            "w" : 96.923, 
            "x" : 4.593, 
            "y" : 4.341, 
            "slots" : {
                "items" : 4, 
                "0" : "elliptical", 
                "1" : "rectangular", 
                "2" : "triangular", 
                "3" : "polygonal", 
                "elliptical" : {
                    "items" : 0
                }, 
                "rectangular" : {
                    "items" : 1, 
                    "0" : {
                        "items" : 4, 
                        "0" : "x", 
                        "1" : "y", 
                        "2" : "l", 
                        "3" : "w", 
                        "x" : 22.744, 
                        "y" : 79.154, 
                        "z" : 1.6, 
                        "l" : 3.932, 
                        "w" : 1.301, 
                        "type" : "rectangular", 
                        "id" : "637068870048248576"
                    }
                }, 
                "triangular" : {
                    "items" : 0
                }, 
                "polygonal" : {
                    "items" : 0
                }
            }
        }, 
        "substrate" : {
            "items" : 4, 
            "0" : "l", 
            "1" : "w", 
            "2" : "x", 
            "3" : "h", 
            "l" : 93.046, 
            "w" : 103.059, 
            "h" : 1.6, 
            "x" : -0.358, 
            "y" : -0.467, 
            "permitivitty" : 4.4, 
            "loss" : 0.02, 
            "name" : "FR4"
        }
    }, 
    "fitness" : {
        "items" : 1, 
        "0" : "final", 
        "1" : "freq", 
        "lower" : 0.0, 
        "desired" : 1.158375077523163, 
        "upper" : 0.0, 
        "area" : 1.0124469970018353, 
        "freq" : 0.810862554266214, 
        "final" : 1.5406856730887823, 
        "dir" : "C:\\Users\\project\\0. My Work\\1. Repositories\\1. Very Unfriendly Train\\Data\\Simulations\\637068868628158208_Primary\\637068870048258560_6\\6.out", 
        "h0" : 0.8480343542637304, 
        "g0" : 0.2528396551767466, 
        "h1" : 0.9869547485895529, 
        "g1" : 0.22892139701629585
    }
}