{
    "geometry" : {
        "items" : 2, 
        "0" : "ground plane", 
        "1" : "radiating plane", 
        "feed" : {
            "items" : 2, 
            "0" : "center", 
            "1" : "width", 
            "center" : 47.329, 
            "width" : 1.685
        }, 
        "ground plane" : {
            "items" : 5, 
            "0" : "l", 
            "1" : "w", 
            "2" : "x", 
            "3" : "y", 
            "4" : "slots", 
            "l" : 78.373, 
            "w" : 95.296, 
            "x" : -0.043, 
            "y" : -2.157, 
            "slots" : {
                "items" : 4, 
                "0" : "elliptical", 
                "1" : "rectangular", 
                "2" : "triangular", 
                "3" : "polygonal", 
                "elliptical" : {
                    "items" : 0
                }, 
                "rectangular" : {
                    "items" : 6, 
                    "0" : {
                        "items" : 4, 
                        "0" : "x", 
                        "1" : "y", 
                        "2" : "l", 
                        "3" : "w", 
                        "x" : 47.075, 
                        "y" : -8.09, 
                        "z" : 0.0, 
                        "l" : 22.464, 
                        "w" : 13.213, 
                        "type" : "rectangular", 
                        "id" : "637068932456874880"
                    }, 
                    "1" : {
                        "items" : 4, 
                        "0" : "x", 
                        "1" : "y", 
                        "2" : "l", 
                        "3" : "w", 
                        "x" : 48.086, 
                        "y" : 5.197, 
                        "z" : 0.0, 
                        "l" : 13.355, 
                        "w" : 21.564, 
                        "type" : "rectangular", 
                        "id" : "637068933618610176"
                    }, 
                    "2" : {
                        "items" : 4, 
                        "0" : "x", 
                        "1" : "y", 
                        "2" : "l", 
                        "3" : "w", 
                        "x" : 28.401, 
                        "y" : 118.758, 
                        "z" : 0.0, 
                        "l" : 26.83, 
                        "w" : 6.189, 
                        "type" : "rectangular", 
                        "id" : "637068935012390912"
                    }, 
                    "3" : {
                        "items" : 4, 
                        "0" : "x", 
                        "1" : "y", 
                        "2" : "l", 
                        "3" : "w", 
                        "x" : -4.049, 
                        "y" : 75.324, 
                        "z" : 0.0, 
                        "l" : 10.945, 
                        "w" : 5.265, 
                        "type" : "rectangular", 
                        "id" : "637068936556791168"
                    }, 
                    "4" : {
                        "items" : 4, 
                        "0" : "x", 
                        "1" : "y", 
                        "2" : "l", 
                        "3" : "w", 
                        "x" : 89.839, 
                        "y" : 37.999, 
                        "z" : 0.0, 
                        "l" : 16.928, 
                        "w" : 1.498, 
                        "type" : "rectangular", 
                        "id" : "637068939598618368"
                    }, 
                    "5" : {
                        "items" : 4, 
                        "0" : "x", 
                        "1" : "y", 
                        "2" : "l", 
                        "3" : "w", 
                        "x" : 16.482, 
                        "y" : 60.171, 
                        "z" : 0.0, 
                        "l" : 26.308, 
                        "w" : 9.26, 
                        "type" : "rectangular", 
                        "id" : "637068941101070464"
                    }
                }, 
                "triangular" : {
                    "items" : 0
                }, 
                "polygonal" : {
                    "items" : 0
                }
            }
        }, 
        "radiating plane" : {
            "items" : 5, 
            "0" : "l", 
            "1" : "w", 
            "2" : "x", 
            "3" : "y", 
            "4" : "slots", 
            "l" : 73.443, 
            "w" : 95.932, 
            "x" : 4.837, 
            "y" : 2.552, 
            "slots" : {
                "items" : 4, 
                "0" : "elliptical", 
                "1" : "rectangular", 
                "2" : "triangular", 
                "3" : "polygonal", 
                "elliptical" : {
                    "items" : 0
                }, 
                "rectangular" : {
                    "items" : 0
                }, 
                "triangular" : {
                    "items" : 1, 
                    "0" : {
                        "items" : 3, 
                        "0" : {
                            "items" : 2, 
                            "0" : "x", 
                            "1" : "y", 
                            "x" : 22.211, 
                            "y" : 68.24, 
                            "z" : 1.6
                        }, 
                        "1" : {
                            "items" : 2, 
                            "0" : "x", 
                            "1" : "y", 
                            "x" : 23.77, 
                            "y" : 69.893, 
                            "z" : 1.6
                        }, 
                        "2" : {
                            "items" : 2, 
                            "0" : "x", 
                            "1" : "y", 
                            "x" : 23.948, 
                            "y" : 67.644, 
                            "z" : 1.6
                        }, 
                        "type" : "triangular", 
                        "id" : "637068941101070464"
                    }
                }, 
                "polygonal" : {
                    "items" : 0
                }
            }
        }, 
        "substrate" : {
            "items" : 4, 
            "0" : "l", 
            "1" : "w", 
            "2" : "x", 
            "3" : "h", 
            "l" : 78.373, 
            "w" : 100.691, 
            "h" : 1.6, 
            "x" : -0.043, 
            "y" : -2.157, 
            "permitivitty" : 4.4, 
            "loss" : 0.02, 
            "name" : "FR4"
        }
    }, 
    "fitness" : {
        "items" : 1, 
        "0" : "final", 
        "1" : "freq", 
        "lower" : 0.0, 
        "desired" : 1.4881747914676762, 
        "upper" : 0.0, 
        "area" : 0.8331933402007474, 
        "freq" : 1.0417223540273732, 
        "final" : 1.5791844006760765, 
        "dir" : "C:\\Users\\project\\0. My Work\\1. Repositories\\1. Very Unfriendly Train\\Data\\Simulations\\637068932174074496_Primary\\637068941101080576_8\\8.out", 
        "f0" : 0.9877656753288424, 
        "g0" : 0.5038966898563432, 
        "f1" : 0.9924941122420252, 
        "g1" : 0.4921931055081419
    }
}