{
    "geometry" : {
        "items" : 2, 
        "0" : "ground plane", 
        "1" : "radiating plane", 
        "feed" : {
            "items" : 2, 
            "0" : "center", 
            "1" : "width", 
            "center" : 49.277, 
            "width" : 1.827
        }, 
        "ground plane" : {
            "items" : 5, 
            "0" : "l", 
            "1" : "w", 
            "2" : "x", 
            "3" : "y", 
            "4" : "slots", 
            "l" : 78.721, 
            "w" : 88.052, 
            "x" : -0.807, 
            "y" : -2.709, 
            "slots" : {
                "items" : 4, 
                "0" : "elliptical", 
                "1" : "rectangular", 
                "2" : "triangular", 
                "3" : "polygonal", 
                "elliptical" : {
                    "items" : 0
                }, 
                "rectangular" : {
                    "items" : 5, 
                    "0" : {
                        "items" : 4, 
                        "0" : "x", 
                        "1" : "y", 
                        "2" : "l", 
                        "3" : "w", 
                        "x" : 46.555, 
                        "y" : 1.105, 
                        "z" : 0.0, 
                        "l" : 16.462, 
                        "w" : 24.657, 
                        "type" : "rectangular", 
                        "id" : "637068933618610176"
                    }, 
                    "1" : {
                        "items" : 4, 
                        "0" : "x", 
                        "1" : "y", 
                        "2" : "l", 
                        "3" : "w", 
                        "x" : 28.277, 
                        "y" : 116.598, 
                        "z" : 0.0, 
                        "l" : 28.059, 
                        "w" : 3.67, 
                        "type" : "rectangular", 
                        "id" : "637068935012390912"
                    }, 
                    "2" : {
                        "items" : 4, 
                        "0" : "x", 
                        "1" : "y", 
                        "2" : "l", 
                        "3" : "w", 
                        "x" : -4.042, 
                        "y" : 68.639, 
                        "z" : 0.0, 
                        "l" : 11.067, 
                        "w" : 20.383, 
                        "type" : "rectangular", 
                        "id" : "637068936556791168"
                    }, 
                    "3" : {
                        "items" : 4, 
                        "0" : "x", 
                        "1" : "y", 
                        "2" : "l", 
                        "3" : "w", 
                        "x" : 76.245, 
                        "y" : 51.957, 
                        "z" : 0.0, 
                        "l" : 16.112, 
                        "w" : 3.923, 
                        "type" : "rectangular", 
                        "id" : "637068939598618368"
                    }, 
                    "4" : {
                        "items" : 4, 
                        "0" : "x", 
                        "1" : "y", 
                        "2" : "l", 
                        "3" : "w", 
                        "x" : 35.821, 
                        "y" : 49.246, 
                        "z" : 0.0, 
                        "l" : 24.328, 
                        "w" : 5.108, 
                        "type" : "rectangular", 
                        "id" : "637068941101050368"
                    }
                }, 
                "triangular" : {
                    "items" : 1, 
                    "0" : {
                        "items" : 3, 
                        "0" : {
                            "items" : 2, 
                            "0" : "x", 
                            "1" : "y", 
                            "x" : 36.852, 
                            "y" : 42.026, 
                            "z" : 0.0
                        }, 
                        "1" : {
                            "items" : 2, 
                            "0" : "x", 
                            "1" : "y", 
                            "x" : 40.566, 
                            "y" : 54.293, 
                            "z" : 0.0
                        }, 
                        "2" : {
                            "items" : 2, 
                            "0" : "x", 
                            "1" : "y", 
                            "x" : 33.246, 
                            "y" : 42.767, 
                            "z" : 0.0
                        }, 
                        "type" : "triangular", 
                        "id" : "637068944842965888"
                    }
                }, 
                "polygonal" : {
                    "items" : 0
                }
            }
        }, 
        "radiating plane" : {
            "items" : 5, 
            "0" : "l", 
            "1" : "w", 
            "2" : "x", 
            "3" : "y", 
            "4" : "slots", 
            "l" : 73.26, 
            "w" : 94.012, 
            "x" : 2.249, 
            "y" : 2.898, 
            "slots" : {
                "items" : 4, 
                "0" : "elliptical", 
                "1" : "rectangular", 
                "2" : "triangular", 
                "3" : "polygonal", 
                "elliptical" : {
                    "items" : 0
                }, 
                "rectangular" : {
                    "items" : 1, 
                    "0" : {
                        "items" : 4, 
                        "0" : "x", 
                        "1" : "y", 
                        "2" : "l", 
                        "3" : "w", 
                        "x" : 53.7, 
                        "y" : 31.487, 
                        "z" : 1.6, 
                        "l" : 5.065, 
                        "w" : 2.727, 
                        "type" : "rectangular", 
                        "id" : "637068941101050368"
                    }
                }, 
                "triangular" : {
                    "items" : 1, 
                    "0" : {
                        "items" : 3, 
                        "0" : {
                            "items" : 2, 
                            "0" : "x", 
                            "1" : "y", 
                            "x" : 63.283, 
                            "y" : 69.897, 
                            "z" : 1.6
                        }, 
                        "1" : {
                            "items" : 2, 
                            "0" : "x", 
                            "1" : "y", 
                            "x" : 63.004, 
                            "y" : 73.025, 
                            "z" : 1.6
                        }, 
                        "2" : {
                            "items" : 2, 
                            "0" : "x", 
                            "1" : "y", 
                            "x" : 61.43, 
                            "y" : 69.708, 
                            "z" : 1.6
                        }, 
                        "type" : "triangular", 
                        "id" : "637068944842965888"
                    }
                }, 
                "polygonal" : {
                    "items" : 0
                }
            }
        }, 
        "substrate" : {
            "items" : 4, 
            "0" : "l", 
            "1" : "w", 
            "2" : "x", 
            "3" : "h", 
            "l" : 78.721, 
            "w" : 99.669, 
            "h" : 1.6, 
            "x" : -0.807, 
            "y" : -2.709, 
            "permitivitty" : 4.4, 
            "loss" : 0.02, 
            "name" : "FR4"
        }
    }, 
    "fitness" : {
        "items" : 1, 
        "0" : "final", 
        "1" : "freq", 
        "lower" : 0.0, 
        "desired" : 1.5106870925479305, 
        "upper" : 0.0, 
        "area" : 0.8283986222835956, 
        "freq" : 1.0574809647835512, 
        "final" : 1.582735406368496, 
        "dir" : "C:\\Users\\project\\0. My Work\\1. Repositories\\1. Very Unfriendly Train\\Data\\Simulations\\637068932174074496_Primary\\637068944842996096_3\\3.out", 
        "f0" : 0.9786404771860183, 
        "g0" : 0.5316399991104246, 
        "f1" : 0.9911536679177116, 
        "g1" : 0.5199400408817064
    }
}