{
    "geometry" : {
        "items" : 3, 
        "0" : "feed", 
        "1" : "ground plane", 
        "2" : "radiating plane", 
        "3" : "substrate", 
        "feed" : {
            "items" : 2, 
            "0" : "center", 
            "1" : "width", 
            "center" : 46.059, 
            "width" : 1.866
        }, 
        "ground plane" : {
            "items" : 5, 
            "0" : "l", 
            "1" : "w", 
            "2" : "x", 
            "3" : "y", 
            "4" : "slots", 
            "l" : 77.425, 
            "w" : 96.598, 
            "x" : -1.782, 
            "y" : -0.324, 
            "slots" : {
                "items" : 4, 
                "0" : "elliptical", 
                "1" : "rectangular", 
                "2" : "triangular", 
                "3" : "polygonal", 
                "elliptical" : {
                    "items" : 0
                }, 
                "rectangular" : {
                    "items" : 2, 
                    "0" : {
                        "items" : 4, 
                        "0" : "x", 
                        "1" : "y", 
                        "2" : "l", 
                        "3" : "w", 
                        "x" : 16.65, 
                        "y" : 62.848, 
                        "z" : 0.0, 
                        "l" : 23.594, 
                        "w" : 3.997, 
                        "type" : "rectangular", 
                        "id" : "637068874172445184"
                    }, 
                    "1" : {
                        "items" : 4, 
                        "0" : "x", 
                        "1" : "y", 
                        "2" : "l", 
                        "3" : "w", 
                        "x" : 45.697, 
                        "y" : 33.725, 
                        "z" : 0.0, 
                        "l" : 11.43, 
                        "w" : 1.29, 
                        "type" : "rectangular", 
                        "id" : "637068876938909056"
                    }
                }, 
                "triangular" : {
                    "items" : 2, 
                    "0" : {
                        "items" : 3, 
                        "0" : {
                            "items" : 2, 
                            "0" : "x", 
                            "1" : "y", 
                            "x" : 52.898, 
                            "y" : 81.064, 
                            "z" : 0.0
                        }, 
                        "1" : {
                            "items" : 2, 
                            "0" : "x", 
                            "1" : "y", 
                            "x" : 61.292, 
                            "y" : 90.692, 
                            "z" : 0.0
                        }, 
                        "2" : {
                            "items" : 2, 
                            "0" : "x", 
                            "1" : "y", 
                            "x" : 57.571, 
                            "y" : 98.963, 
                            "z" : 0.0
                        }, 
                        "type" : "triangular", 
                        "id" : "637068875609729152"
                    }, 
                    "1" : {
                        "items" : 3, 
                        "0" : {
                            "items" : 2, 
                            "0" : "x", 
                            "1" : "y", 
                            "x" : 49.492, 
                            "y" : 53.173, 
                            "z" : 0.0
                        }, 
                        "1" : {
                            "items" : 2, 
                            "0" : "x", 
                            "1" : "y", 
                            "x" : 37.507, 
                            "y" : 68.327, 
                            "z" : 0.0
                        }, 
                        "2" : {
                            "items" : 2, 
                            "0" : "x", 
                            "1" : "y", 
                            "x" : 67.556, 
                            "y" : 59.976, 
                            "z" : 0.0
                        }, 
                        "type" : "triangular", 
                        "id" : "637068878516779008"
                    }
                }, 
                "polygonal" : {
                    "items" : 0
                }
            }
        }, 
        "radiating plane" : {
            "items" : 5, 
            "0" : "l", 
            "1" : "w", 
            "2" : "x", 
            "3" : "y", 
            "4" : "slots", 
            "l" : 71.76, 
            "w" : 96.289, 
            "x" : 1.859, 
            "y" : 3.491, 
            "slots" : {
                "items" : 4, 
                "0" : "elliptical", 
                "1" : "rectangular", 
                "2" : "triangular", 
                "3" : "polygonal", 
                "elliptical" : {
                    "items" : 0
                }, 
                "rectangular" : {
                    "items" : 1, 
                    "0" : {
                        "items" : 4, 
                        "0" : "x", 
                        "1" : "y", 
                        "2" : "l", 
                        "3" : "w", 
                        "x" : 58.984, 
                        "y" : 4.689, 
                        "z" : 1.6, 
                        "l" : 1.642, 
                        "w" : 2.483, 
                        "type" : "rectangular", 
                        "id" : "637068875609729152"
                    }
                }, 
                "triangular" : {
                    "items" : 1, 
                    "0" : {
                        "items" : 3, 
                        "0" : {
                            "items" : 2, 
                            "0" : "x", 
                            "1" : "y", 
                            "x" : 35.513, 
                            "y" : -0.592, 
                            "z" : 1.6
                        }, 
                        "1" : {
                            "items" : 2, 
                            "0" : "x", 
                            "1" : "y", 
                            "x" : 35.8, 
                            "y" : 0.463, 
                            "z" : 1.6
                        }, 
                        "2" : {
                            "items" : 2, 
                            "0" : "x", 
                            "1" : "y", 
                            "x" : 37.18, 
                            "y" : 0.691, 
                            "z" : 1.6
                        }, 
                        "type" : "triangular", 
                        "id" : "637068876938909056"
                    }
                }, 
                "polygonal" : {
                    "items" : 0
                }
            }
        }, 
        "substrate" : {
            "items" : 4, 
            "0" : "l", 
            "1" : "w", 
            "2" : "x", 
            "3" : "h", 
            "l" : 77.425, 
            "w" : 100.154, 
            "h" : 1.6, 
            "x" : -1.782, 
            "y" : -0.324, 
            "permitivitty" : 4.4, 
            "loss" : 0.02, 
            "name" : "FR4"
        }
    }, 
    "fitness" : {
        "items" : 1, 
        "0" : "final", 
        "1" : "freq", 
        "lower" : 0.0, 
        "desired" : 0.928706363096234, 
        "upper" : 0.0, 
        "area" : 0.8187252372754645, 
        "freq" : 0.6500944541673638, 
        "final" : 1.020204987189914, 
        "dir" : "C:\\Users\\project\\0. My Work\\1. Repositories\\1. Very Unfriendly Train\\Data\\Simulations\\637068868628158208_Primary\\637068878516798720_7\\7.out", 
        "h0" : 0.9454150929860633, 
        "g0" : 0.446771243804399, 
        "h1" : 0.036434184233581655, 
        "g1" : 0.42879220516842415
    }
}