{
    "geometry" : {
        "items" : 3, 
        "0" : "feed", 
        "1" : "ground plane", 
        "2" : "radiating plane", 
        "3" : "substrate", 
        "feed" : {
            "items" : 2, 
            "0" : "center", 
            "1" : "width", 
            "center" : 43.25, 
            "width" : 1.859
        }, 
        "ground plane" : {
            "items" : 5, 
            "0" : "l", 
            "1" : "w", 
            "2" : "x", 
            "3" : "y", 
            "4" : "slots", 
            "l" : 80.047, 
            "w" : 95.677, 
            "x" : -1.8, 
            "y" : -0.67, 
            "slots" : {
                "items" : 4, 
                "0" : "elliptical", 
                "1" : "rectangular", 
                "2" : "triangular", 
                "3" : "polygonal", 
                "elliptical" : {
                    "items" : 0
                }, 
                "rectangular" : {
                    "items" : 5, 
                    "0" : {
                        "items" : 4, 
                        "0" : "x", 
                        "1" : "y", 
                        "2" : "l", 
                        "3" : "w", 
                        "x" : 20.716, 
                        "y" : 63.625, 
                        "z" : 0.0, 
                        "l" : 20.07, 
                        "w" : 9.625, 
                        "type" : "rectangular", 
                        "id" : "637068874172445184"
                    }, 
                    "1" : {
                        "items" : 4, 
                        "0" : "x", 
                        "1" : "y", 
                        "2" : "l", 
                        "3" : "w", 
                        "x" : 46.874, 
                        "y" : 34.88, 
                        "z" : 0.0, 
                        "l" : 3.094, 
                        "w" : 6.357, 
                        "type" : "rectangular", 
                        "id" : "637068876938909056"
                    }, 
                    "2" : {
                        "items" : 4, 
                        "0" : "x", 
                        "1" : "y", 
                        "2" : "l", 
                        "3" : "w", 
                        "x" : 50.694, 
                        "y" : 39.028, 
                        "z" : 0.0, 
                        "l" : 19.156, 
                        "w" : 15.938, 
                        "type" : "rectangular", 
                        "id" : "637068878516779008"
                    }, 
                    "3" : {
                        "items" : 4, 
                        "0" : "x", 
                        "1" : "y", 
                        "2" : "l", 
                        "3" : "w", 
                        "x" : 84.285, 
                        "y" : 63.48, 
                        "z" : 0.0, 
                        "l" : 36.499, 
                        "w" : 11.076, 
                        "type" : "rectangular", 
                        "id" : "637068882493427456"
                    }, 
                    "4" : {
                        "items" : 4, 
                        "0" : "x", 
                        "1" : "y", 
                        "2" : "l", 
                        "3" : "w", 
                        "x" : 18.63, 
                        "y" : 24.149, 
                        "z" : 0.0, 
                        "l" : 14.985, 
                        "w" : 0.241, 
                        "type" : "rectangular", 
                        "id" : "637068884088110464"
                    }
                }, 
                "triangular" : {
                    "items" : 1, 
                    "0" : {
                        "items" : 3, 
                        "0" : {
                            "items" : 2, 
                            "0" : "x", 
                            "1" : "y", 
                            "x" : 51.425, 
                            "y" : 86.477, 
                            "z" : 0.0
                        }, 
                        "1" : {
                            "items" : 2, 
                            "0" : "x", 
                            "1" : "y", 
                            "x" : 52.0, 
                            "y" : 90.438, 
                            "z" : 0.0
                        }, 
                        "2" : {
                            "items" : 2, 
                            "0" : "x", 
                            "1" : "y", 
                            "x" : 46.321, 
                            "y" : 92.826, 
                            "z" : 0.0
                        }, 
                        "type" : "triangular", 
                        "id" : "637068875609729152"
                    }
                }, 
                "polygonal" : {
                    "items" : 0
                }
            }
        }, 
        "radiating plane" : {
            "items" : 5, 
            "0" : "l", 
            "1" : "w", 
            "2" : "x", 
            "3" : "y", 
            "4" : "slots", 
            "l" : 71.596, 
            "w" : 88.757, 
            "x" : 2.269, 
            "y" : 3.184, 
            "slots" : {
                "items" : 4, 
                "0" : "elliptical", 
                "1" : "rectangular", 
                "2" : "triangular", 
                "3" : "polygonal", 
                "elliptical" : {
                    "items" : 0
                }, 
                "rectangular" : {
                    "items" : 2, 
                    "0" : {
                        "items" : 4, 
                        "0" : "x", 
                        "1" : "y", 
                        "2" : "l", 
                        "3" : "w", 
                        "x" : 57.022, 
                        "y" : 6.783, 
                        "z" : 1.6, 
                        "l" : 4.083, 
                        "w" : 0.816, 
                        "type" : "rectangular", 
                        "id" : "637068875609729152"
                    }, 
                    "1" : {
                        "items" : 4, 
                        "0" : "x", 
                        "1" : "y", 
                        "2" : "l", 
                        "3" : "w", 
                        "x" : 19.511, 
                        "y" : 59.037, 
                        "z" : 1.6, 
                        "l" : 0.457, 
                        "w" : 2.62, 
                        "type" : "rectangular", 
                        "id" : "637068884088110464"
                    }
                }, 
                "triangular" : {
                    "items" : 2, 
                    "0" : {
                        "items" : 3, 
                        "0" : {
                            "items" : 2, 
                            "0" : "x", 
                            "1" : "y", 
                            "x" : 38.68, 
                            "y" : 0.13, 
                            "z" : 1.6
                        }, 
                        "1" : {
                            "items" : 2, 
                            "0" : "x", 
                            "1" : "y", 
                            "x" : 34.292, 
                            "y" : 0.026, 
                            "z" : 1.6
                        }, 
                        "2" : {
                            "items" : 2, 
                            "0" : "x", 
                            "1" : "y", 
                            "x" : 39.142, 
                            "y" : 2.378, 
                            "z" : 1.6
                        }, 
                        "type" : "triangular", 
                        "id" : "637068876938909056"
                    }, 
                    "1" : {
                        "items" : 3, 
                        "0" : {
                            "items" : 2, 
                            "0" : "x", 
                            "1" : "y", 
                            "x" : 65.065, 
                            "y" : 64.608, 
                            "z" : 1.6
                        }, 
                        "1" : {
                            "items" : 2, 
                            "0" : "x", 
                            "1" : "y", 
                            "x" : 65.067, 
                            "y" : 65.914, 
                            "z" : 1.6
                        }, 
                        "2" : {
                            "items" : 2, 
                            "0" : "x", 
                            "1" : "y", 
                            "x" : 68.028, 
                            "y" : 68.173, 
                            "z" : 1.6
                        }, 
                        "type" : "triangular", 
                        "id" : "637068882493427456"
                    }
                }, 
                "polygonal" : {
                    "items" : 0
                }
            }
        }, 
        "substrate" : {
            "items" : 4, 
            "0" : "l", 
            "1" : "w", 
            "2" : "x", 
            "3" : "h", 
            "l" : 80.047, 
            "w" : 95.677, 
            "h" : 1.6, 
            "x" : -1.8, 
            "y" : -0.67, 
            "permitivitty" : 4.4, 
            "loss" : 0.02, 
            "name" : "FR4"
        }
    }, 
    "fitness" : {
        "items" : 1, 
        "0" : "final", 
        "1" : "freq", 
        "lower" : 0.0, 
        "desired" : 1.3913395639499802, 
        "upper" : 0.0, 
        "area" : 0.8086140332389418, 
        "freq" : 0.973937694764986, 
        "final" : 1.3090486197554585, 
        "dir" : "C:\\Users\\project\\0. My Work\\1. Repositories\\1. Very Unfriendly Train\\Data\\Simulations\\637068868628158208_Primary\\637068884088160640_3\\3.out", 
        "h0" : 0.9897502568625558, 
        "g0" : 0.4290702412495057, 
        "h1" : 0.9553233979820148, 
        "g1" : 0.4085352318058838
    }
}