{
    "geometry" : {
        "items" : 3, 
        "0" : "feed", 
        "1" : "ground plane", 
        "2" : "radiating plane", 
        "3" : "substrate", 
        "feed" : {
            "items" : 2, 
            "0" : "center", 
            "1" : "width", 
            "center" : 52.021, 
            "width" : 1.636
        }, 
        "ground plane" : {
            "items" : 5, 
            "0" : "l", 
            "1" : "w", 
            "2" : "x", 
            "3" : "y", 
            "4" : "slots", 
            "l" : 83.53999999999999, 
            "w" : 99.357, 
            "x" : -0.029, 
            "y" : -0.962, 
            "slots" : {
                "items" : 4, 
                "0" : "elliptical", 
                "1" : "rectangular", 
                "2" : "triangular", 
                "3" : "polygonal", 
                "elliptical" : {
                    "items" : 0
                }, 
                "rectangular" : {
                    "items" : 2, 
                    "0" : {
                        "items" : 4, 
                        "0" : "x", 
                        "1" : "y", 
                        "2" : "l", 
                        "3" : "w", 
                        "x" : 2.899, 
                        "y" : 6.587, 
                        "z" : 0.0, 
                        "l" : 16.064, 
                        "w" : 12.204, 
                        "type" : "rectangular", 
                        "id" : "637068861480568576"
                    }, 
                    "1" : {
                        "items" : 4, 
                        "0" : "x", 
                        "1" : "y", 
                        "2" : "l", 
                        "3" : "w", 
                        "x" : 34.003, 
                        "y" : 90.389, 
                        "z" : 0.0, 
                        "l" : 1.841, 
                        "w" : 26.259, 
                        "type" : "rectangular", 
                        "id" : "637068863019080064"
                    }
                }, 
                "triangular" : {
                    "items" : 0
                }, 
                "polygonal" : {
                    "items" : 0
                }
            }
        }, 
        "radiating plane" : {
            "items" : 5, 
            "0" : "l", 
            "1" : "w", 
            "2" : "x", 
            "3" : "y", 
            "4" : "slots", 
            "l" : 76.536, 
            "w" : 100.249, 
            "x" : 6.925, 
            "y" : 5.198, 
            "slots" : {
                "items" : 4, 
                "0" : "elliptical", 
                "1" : "rectangular", 
                "2" : "triangular", 
                "3" : "polygonal", 
                "elliptical" : {
                    "items" : 0
                }, 
                "rectangular" : {
                    "items" : 0
                }, 
                "triangular" : {
                    "items" : 2, 
                    "0" : {
                        "items" : 3, 
                        "0" : {
                            "items" : 2, 
                            "0" : "x", 
                            "1" : "y", 
                            "x" : 26.75, 
                            "y" : 52.699, 
                            "z" : 1.6
                        }, 
                        "1" : {
                            "items" : 2, 
                            "0" : "x", 
                            "1" : "y", 
                            "x" : 27.789, 
                            "y" : 55.663, 
                            "z" : 1.6
                        }, 
                        "2" : {
                            "items" : 2, 
                            "0" : "x", 
                            "1" : "y", 
                            "x" : 23.791, 
                            "y" : 58.284, 
                            "z" : 1.6
                        }, 
                        "type" : "triangular", 
                        "id" : "637068861480568576"
                    }, 
                    "1" : {
                        "items" : 3, 
                        "0" : {
                            "items" : 2, 
                            "0" : "x", 
                            "1" : "y", 
                            "x" : 53.131, 
                            "y" : 74.888, 
                            "z" : 1.6
                        }, 
                        "1" : {
                            "items" : 2, 
                            "0" : "x", 
                            "1" : "y", 
                            "x" : 54.779, 
                            "y" : 67.772, 
                            "z" : 1.6
                        }, 
                        "2" : {
                            "items" : 2, 
                            "0" : "x", 
                            "1" : "y", 
                            "x" : 54.522, 
                            "y" : 68.596, 
                            "z" : 1.6
                        }, 
                        "type" : "triangular", 
                        "id" : "637068863019080064"
                    }
                }, 
                "polygonal" : {
                    "items" : 0
                }
            }
        }, 
        "substrate" : {
            "items" : 4, 
            "0" : "l", 
            "1" : "w", 
            "2" : "x", 
            "3" : "h", 
            "l" : 83.53999999999999, 
            "w" : 106.459, 
            "h" : 1.6, 
            "x" : -0.029, 
            "y" : -0.962, 
            "permitivitty" : 4.4, 
            "loss" : 0.02, 
            "name" : "FR4"
        }
    }, 
    "fitness" : {
        "items" : 1, 
        "0" : "final", 
        "1" : "freq", 
        "lower" : 0.0, 
        "desired" : 0.9169200966500916, 
        "upper" : 0.0, 
        "area" : 0.9389998394700741, 
        "freq" : 0.6418440676550641, 
        "final" : 1.338435946140275, 
        "dir" : "C:\\Users\\project\\0. My Work\\1. Repositories\\1. Very Unfriendly Train\\Data\\Simulations\\637068861293046016_Primary\\637068863019100288_5\\5.out", 
        "h0" : 0.9785636971119888, 
        "g0" : 0.42708333052636804, 
        "h1" : 0.019294224924849456, 
        "g1" : 0.40889894073697686
    }
}