{
    "geometry" : {
        "items" : 3, 
        "0" : "feed", 
        "1" : "ground plane", 
        "2" : "radiating plane", 
        "3" : "substrate", 
        "feed" : {
            "items" : 2, 
            "0" : "center", 
            "1" : "width", 
            "center" : 48.006, 
            "width" : 1.763
        }, 
        "ground plane" : {
            "items" : 5, 
            "0" : "l", 
            "1" : "w", 
            "2" : "x", 
            "3" : "y", 
            "4" : "slots", 
            "l" : 80.252, 
            "w" : 107.258, 
            "x" : -0.476, 
            "y" : 1.07, 
            "slots" : {
                "items" : 4, 
                "0" : "elliptical", 
                "1" : "rectangular", 
                "2" : "triangular", 
                "3" : "polygonal", 
                "elliptical" : {
                    "items" : 0
                }, 
                "rectangular" : {
                    "items" : 1, 
                    "0" : {
                        "items" : 4, 
                        "0" : "x", 
                        "1" : "y", 
                        "2" : "l", 
                        "3" : "w", 
                        "x" : 81.038, 
                        "y" : 86.609, 
                        "z" : 0.0, 
                        "l" : 23.482, 
                        "w" : 0.019, 
                        "type" : "rectangular", 
                        "id" : "637068855454897408"
                    }
                }, 
                "triangular" : {
                    "items" : 3, 
                    "0" : {
                        "items" : 3, 
                        "0" : {
                            "items" : 2, 
                            "0" : "x", 
                            "1" : "y", 
                            "x" : 56.227, 
                            "y" : 109.261, 
                            "z" : 0.0
                        }, 
                        "1" : {
                            "items" : 2, 
                            "0" : "x", 
                            "1" : "y", 
                            "x" : 51.496, 
                            "y" : 89.854, 
                            "z" : 0.0
                        }, 
                        "2" : {
                            "items" : 2, 
                            "0" : "x", 
                            "1" : "y", 
                            "x" : 12.524, 
                            "y" : 100.466, 
                            "z" : 0.0
                        }, 
                        "type" : "triangular", 
                        "id" : "637068851341263104"
                    }, 
                    "1" : {
                        "items" : 3, 
                        "0" : {
                            "items" : 2, 
                            "0" : "x", 
                            "1" : "y", 
                            "x" : -15.972, 
                            "y" : 69.617, 
                            "z" : 0.0
                        }, 
                        "1" : {
                            "items" : 2, 
                            "0" : "x", 
                            "1" : "y", 
                            "x" : 19.105, 
                            "y" : 72.78, 
                            "z" : 0.0
                        }, 
                        "2" : {
                            "items" : 2, 
                            "0" : "x", 
                            "1" : "y", 
                            "x" : 20.932, 
                            "y" : 45.223, 
                            "z" : 0.0
                        }, 
                        "type" : "triangular", 
                        "id" : "637068852564010368"
                    }, 
                    "2" : {
                        "items" : 3, 
                        "0" : {
                            "items" : 2, 
                            "0" : "x", 
                            "1" : "y", 
                            "x" : 15.836, 
                            "y" : 23.7, 
                            "z" : 0.0
                        }, 
                        "1" : {
                            "items" : 2, 
                            "0" : "x", 
                            "1" : "y", 
                            "x" : -5.997, 
                            "y" : 44.797, 
                            "z" : 0.0
                        }, 
                        "2" : {
                            "items" : 2, 
                            "0" : "x", 
                            "1" : "y", 
                            "x" : 38.75, 
                            "y" : 4.676, 
                            "z" : 0.0
                        }, 
                        "type" : "triangular", 
                        "id" : "637068857271331840"
                    }
                }, 
                "polygonal" : {
                    "items" : 0
                }
            }
        }, 
        "radiating plane" : {
            "items" : 5, 
            "0" : "l", 
            "1" : "w", 
            "2" : "x", 
            "3" : "y", 
            "4" : "slots", 
            "l" : 76.537, 
            "w" : 92.005, 
            "x" : 3.189, 
            "y" : 5.027, 
            "slots" : {
                "items" : 4, 
                "0" : "elliptical", 
                "1" : "rectangular", 
                "2" : "triangular", 
                "3" : "polygonal", 
                "elliptical" : {
                    "items" : 0
                }, 
                "rectangular" : {
                    "items" : 1, 
                    "0" : {
                        "items" : 4, 
                        "0" : "x", 
                        "1" : "y", 
                        "2" : "l", 
                        "3" : "w", 
                        "x" : 28.822, 
                        "y" : 5.47, 
                        "z" : 1.6, 
                        "l" : 4.308, 
                        "w" : 1.311, 
                        "type" : "rectangular", 
                        "id" : "637068852564010368"
                    }
                }, 
                "triangular" : {
                    "items" : 1, 
                    "0" : {
                        "items" : 3, 
                        "0" : {
                            "items" : 2, 
                            "0" : "x", 
                            "1" : "y", 
                            "x" : 48.896, 
                            "y" : 25.082, 
                            "z" : 1.6
                        }, 
                        "1" : {
                            "items" : 2, 
                            "0" : "x", 
                            "1" : "y", 
                            "x" : 49.093, 
                            "y" : 18.799, 
                            "z" : 1.6
                        }, 
                        "2" : {
                            "items" : 2, 
                            "0" : "x", 
                            "1" : "y", 
                            "x" : 46.949, 
                            "y" : 20.575, 
                            "z" : 1.6
                        }, 
                        "type" : "triangular", 
                        "id" : "637068855454897408"
                    }
                }, 
                "polygonal" : {
                    "items" : 0
                }
            }
        }, 
        "substrate" : {
            "items" : 4, 
            "0" : "l", 
            "1" : "w", 
            "2" : "x", 
            "3" : "h", 
            "l" : 80.252, 
            "w" : 107.258, 
            "h" : 1.6, 
            "x" : -0.476, 
            "y" : 1.07, 
            "permitivitty" : 4.4, 
            "loss" : 0.02, 
            "name" : "FR4"
        }
    }, 
    "fitness" : {
        "items" : 1, 
        "0" : "final", 
        "1" : "freq", 
        "lower" : 0.0, 
        "desired" : 1.2283838878323472, 
        "upper" : 0.0, 
        "area" : 0.9088123576116113, 
        "freq" : 0.859868721482643, 
        "final" : 1.5698409285390442, 
        "dir" : "C:\\Users\\project\\0. My Work\\1. Repositories\\1. Very Unfriendly Train\\Data\\Simulations\\637068851159820800_Primary\\637068857271341696_7\\7.out", 
        "h0" : 0.9894838020705925, 
        "g0" : 0.4090770717675935, 
        "h1" : 0.802944471394024, 
        "g1" : 0.25526243043248426
    }
}