{
    "geometry" : {
        "items" : 3, 
        "0" : "feed", 
        "1" : "ground plane", 
        "2" : "radiating plane", 
        "3" : "substrate", 
        "feed" : {
            "items" : 2, 
            "0" : "center", 
            "1" : "width", 
            "center" : 48.542, 
            "width" : 1.902
        }, 
        "ground plane" : {
            "items" : 5, 
            "0" : "l", 
            "1" : "w", 
            "2" : "x", 
            "3" : "y", 
            "4" : "slots", 
            "l" : 77.70599999999999, 
            "w" : 105.484, 
            "x" : -0.386, 
            "y" : 0.439, 
            "slots" : {
                "items" : 4, 
                "0" : "elliptical", 
                "1" : "rectangular", 
                "2" : "triangular", 
                "3" : "polygonal", 
                "elliptical" : {
                    "items" : 0
                }, 
                "rectangular" : {
                    "items" : 1, 
                    "0" : {
                        "items" : 4, 
                        "0" : "x", 
                        "1" : "y", 
                        "2" : "l", 
                        "3" : "w", 
                        "x" : 87.857, 
                        "y" : 90.584, 
                        "z" : 0.0, 
                        "l" : 33.167, 
                        "w" : 0.842, 
                        "type" : "rectangular", 
                        "id" : "637068855454897408"
                    }
                }, 
                "triangular" : {
                    "items" : 2, 
                    "0" : {
                        "items" : 3, 
                        "0" : {
                            "items" : 2, 
                            "0" : "x", 
                            "1" : "y", 
                            "x" : -3.291, 
                            "y" : 71.238, 
                            "z" : 0.0
                        }, 
                        "1" : {
                            "items" : 2, 
                            "0" : "x", 
                            "1" : "y", 
                            "x" : 12.401, 
                            "y" : 52.223, 
                            "z" : 0.0
                        }, 
                        "2" : {
                            "items" : 2, 
                            "0" : "x", 
                            "1" : "y", 
                            "x" : 10.75, 
                            "y" : 45.387, 
                            "z" : 0.0
                        }, 
                        "type" : "triangular", 
                        "id" : "637068852564010368"
                    }, 
                    "1" : {
                        "items" : 3, 
                        "0" : {
                            "items" : 2, 
                            "0" : "x", 
                            "1" : "y", 
                            "x" : 84.659, 
                            "y" : 10.845, 
                            "z" : 0.0
                        }, 
                        "1" : {
                            "items" : 2, 
                            "0" : "x", 
                            "1" : "y", 
                            "x" : 70.686, 
                            "y" : 5.851, 
                            "z" : 0.0
                        }, 
                        "2" : {
                            "items" : 2, 
                            "0" : "x", 
                            "1" : "y", 
                            "x" : 82.837, 
                            "y" : 14.746, 
                            "z" : 0.0
                        }, 
                        "type" : "triangular", 
                        "id" : "637068858894783488"
                    }
                }, 
                "polygonal" : {
                    "items" : 0
                }
            }
        }, 
        "radiating plane" : {
            "items" : 5, 
            "0" : "l", 
            "1" : "w", 
            "2" : "x", 
            "3" : "y", 
            "4" : "slots", 
            "l" : 75.703, 
            "w" : 89.815, 
            "x" : 1.567, 
            "y" : 5.225, 
            "slots" : {
                "items" : 4, 
                "0" : "elliptical", 
                "1" : "rectangular", 
                "2" : "triangular", 
                "3" : "polygonal", 
                "elliptical" : {
                    "items" : 0
                }, 
                "rectangular" : {
                    "items" : 2, 
                    "0" : {
                        "items" : 4, 
                        "0" : "x", 
                        "1" : "y", 
                        "2" : "l", 
                        "3" : "w", 
                        "x" : 31.573, 
                        "y" : 3.814, 
                        "z" : 1.6, 
                        "l" : 2.274, 
                        "w" : 1.77, 
                        "type" : "rectangular", 
                        "id" : "637068852564010368"
                    }, 
                    "1" : {
                        "items" : 4, 
                        "0" : "x", 
                        "1" : "y", 
                        "2" : "l", 
                        "3" : "w", 
                        "x" : 4.695, 
                        "y" : 8.266, 
                        "z" : 1.6, 
                        "l" : 6.409, 
                        "w" : 0.57, 
                        "type" : "rectangular", 
                        "id" : "637068858894793344"
                    }
                }, 
                "triangular" : {
                    "items" : 1, 
                    "0" : {
                        "items" : 3, 
                        "0" : {
                            "items" : 2, 
                            "0" : "x", 
                            "1" : "y", 
                            "x" : 52.693, 
                            "y" : 24.743, 
                            "z" : 1.6
                        }, 
                        "1" : {
                            "items" : 2, 
                            "0" : "x", 
                            "1" : "y", 
                            "x" : 45.189, 
                            "y" : 16.835, 
                            "z" : 1.6
                        }, 
                        "2" : {
                            "items" : 2, 
                            "0" : "x", 
                            "1" : "y", 
                            "x" : 43.924, 
                            "y" : 18.281, 
                            "z" : 1.6
                        }, 
                        "type" : "triangular", 
                        "id" : "637068855454897408"
                    }
                }, 
                "polygonal" : {
                    "items" : 0
                }
            }
        }, 
        "substrate" : {
            "items" : 4, 
            "0" : "l", 
            "1" : "w", 
            "2" : "x", 
            "3" : "h", 
            "l" : 77.70599999999999, 
            "w" : 105.484, 
            "h" : 1.6, 
            "x" : -0.386, 
            "y" : 0.439, 
            "permitivitty" : 4.4, 
            "loss" : 0.02, 
            "name" : "FR4"
        }
    }, 
    "fitness" : {
        "items" : 1, 
        "0" : "final", 
        "1" : "freq", 
        "lower" : 0.0, 
        "desired" : 1.413665154721306, 
        "upper" : 0.0, 
        "area" : 0.8654257408450682, 
        "freq" : 0.9895656083049141, 
        "final" : 1.632491463856296, 
        "dir" : "C:\\Users\\project\\0. My Work\\1. Repositories\\1. Very Unfriendly Train\\Data\\Simulations\\637068851159820800_Primary\\637068858894793344_8\\8.out", 
        "h0" : 0.9870718194326294, 
        "g0" : 0.5409345260186238, 
        "h1" : 0.7626505975693931, 
        "g1" : 0.5366733664219656
    }
}