{
    "geometry" : {
        "items" : 2, 
        "0" : "ground plane", 
        "1" : "radiating plane", 
        "feed" : {
            "items" : 2, 
            "0" : "center", 
            "1" : "width", 
            "center" : 49.114, 
            "width" : 1.815
        }, 
        "ground plane" : {
            "items" : 5, 
            "0" : "l", 
            "1" : "w", 
            "2" : "x", 
            "3" : "y", 
            "4" : "slots", 
            "l" : 79.582, 
            "w" : 96.106, 
            "x" : -0.952, 
            "y" : -3.266, 
            "slots" : {
                "items" : 4, 
                "0" : "elliptical", 
                "1" : "rectangular", 
                "2" : "triangular", 
                "3" : "polygonal", 
                "elliptical" : {
                    "items" : 0
                }, 
                "rectangular" : {
                    "items" : 7, 
                    "0" : {
                        "items" : 4, 
                        "0" : "x", 
                        "1" : "y", 
                        "2" : "l", 
                        "3" : "w", 
                        "x" : 45.193, 
                        "y" : -8.698, 
                        "z" : 0.0, 
                        "l" : 14.488, 
                        "w" : 11.174, 
                        "type" : "rectangular", 
                        "id" : "637068932456874880"
                    }, 
                    "1" : {
                        "items" : 4, 
                        "0" : "x", 
                        "1" : "y", 
                        "2" : "l", 
                        "3" : "w", 
                        "x" : 42.438, 
                        "y" : -5.652, 
                        "z" : 0.0, 
                        "l" : 19.659, 
                        "w" : 19.173, 
                        "type" : "rectangular", 
                        "id" : "637068933618610176"
                    }, 
                    "2" : {
                        "items" : 4, 
                        "0" : "x", 
                        "1" : "y", 
                        "2" : "l", 
                        "3" : "w", 
                        "x" : 30.594, 
                        "y" : 115.956, 
                        "z" : 0.0, 
                        "l" : 18.902, 
                        "w" : 1.64, 
                        "type" : "rectangular", 
                        "id" : "637068935012390912"
                    }, 
                    "3" : {
                        "items" : 4, 
                        "0" : "x", 
                        "1" : "y", 
                        "2" : "l", 
                        "3" : "w", 
                        "x" : -8.735, 
                        "y" : 56.079, 
                        "z" : 0.0, 
                        "l" : 10.389, 
                        "w" : 14.073, 
                        "type" : "rectangular", 
                        "id" : "637068936556791168"
                    }, 
                    "4" : {
                        "items" : 4, 
                        "0" : "x", 
                        "1" : "y", 
                        "2" : "l", 
                        "3" : "w", 
                        "x" : 73.052, 
                        "y" : 46.867, 
                        "z" : 0.0, 
                        "l" : 14.621, 
                        "w" : 1.764, 
                        "type" : "rectangular", 
                        "id" : "637068939598618368"
                    }, 
                    "5" : {
                        "items" : 4, 
                        "0" : "x", 
                        "1" : "y", 
                        "2" : "l", 
                        "3" : "w", 
                        "x" : 34.229, 
                        "y" : 59.072, 
                        "z" : 0.0, 
                        "l" : 27.54, 
                        "w" : 2.279, 
                        "type" : "rectangular", 
                        "id" : "637068941101050368"
                    }, 
                    "6" : {
                        "items" : 4, 
                        "0" : "x", 
                        "1" : "y", 
                        "2" : "l", 
                        "3" : "w", 
                        "x" : 17.647, 
                        "y" : 42.088, 
                        "z" : 0.0, 
                        "l" : 19.129, 
                        "w" : 16.905, 
                        "type" : "rectangular", 
                        "id" : "637068942735721984"
                    }
                }, 
                "triangular" : {
                    "items" : 0
                }, 
                "polygonal" : {
                    "items" : 0
                }
            }
        }, 
        "radiating plane" : {
            "items" : 5, 
            "0" : "l", 
            "1" : "w", 
            "2" : "x", 
            "3" : "y", 
            "4" : "slots", 
            "l" : 73.579, 
            "w" : 97.36, 
            "x" : 1.979, 
            "y" : 2.58, 
            "slots" : {
                "items" : 4, 
                "0" : "elliptical", 
                "1" : "rectangular", 
                "2" : "triangular", 
                "3" : "polygonal", 
                "elliptical" : {
                    "items" : 0
                }, 
                "rectangular" : {
                    "items" : 1, 
                    "0" : {
                        "items" : 4, 
                        "0" : "x", 
                        "1" : "y", 
                        "2" : "l", 
                        "3" : "w", 
                        "x" : 53.51, 
                        "y" : 33.61, 
                        "z" : 1.6, 
                        "l" : 5.124, 
                        "w" : 2.23, 
                        "type" : "rectangular", 
                        "id" : "637068941101050368"
                    }
                }, 
                "triangular" : {
                    "items" : 1, 
                    "0" : {
                        "items" : 3, 
                        "0" : {
                            "items" : 2, 
                            "0" : "x", 
                            "1" : "y", 
                            "x" : 66.346, 
                            "y" : 50.159, 
                            "z" : 1.6
                        }, 
                        "1" : {
                            "items" : 2, 
                            "0" : "x", 
                            "1" : "y", 
                            "x" : 65.965, 
                            "y" : 48.484, 
                            "z" : 1.6
                        }, 
                        "2" : {
                            "items" : 2, 
                            "0" : "x", 
                            "1" : "y", 
                            "x" : 64.547, 
                            "y" : 53.462, 
                            "z" : 1.6
                        }, 
                        "type" : "triangular", 
                        "id" : "637068942735721984"
                    }
                }, 
                "polygonal" : {
                    "items" : 0
                }
            }
        }, 
        "substrate" : {
            "items" : 4, 
            "0" : "l", 
            "1" : "w", 
            "2" : "x", 
            "3" : "h", 
            "l" : 79.582, 
            "w" : 103.256, 
            "h" : 1.6, 
            "x" : -0.952, 
            "y" : -3.266, 
            "permitivitty" : 4.4, 
            "loss" : 0.02, 
            "name" : "FR4"
        }
    }, 
    "fitness" : {
        "items" : 1, 
        "0" : "final", 
        "1" : "freq", 
        "lower" : 0.0, 
        "desired" : 1.367223365733329, 
        "upper" : 0.0, 
        "area" : 0.8675985371282994, 
        "freq" : 0.9570563560133303, 
        "final" : 1.5745283521712823, 
        "dir" : "C:\\Users\\project\\0. My Work\\1. Repositories\\1. Very Unfriendly Train\\Data\\Simulations\\637068932174074496_Primary\\637068942735751936_4\\4.out", 
        "f0" : 0.9854809278337738, 
        "g0" : 0.3933848480487346, 
        "f1" : 0.9921175278763185, 
        "g1" : 0.36346342770783097
    }
}