{
    "geometry" : {
        "items" : 3, 
        "0" : "feed", 
        "1" : "ground plane", 
        "2" : "radiating plane", 
        "3" : "substrate", 
        "feed" : {
            "items" : 2, 
            "0" : "center", 
            "1" : "width", 
            "center" : 53.621, 
            "width" : 1.566
        }, 
        "ground plane" : {
            "items" : 5, 
            "0" : "l", 
            "1" : "w", 
            "2" : "x", 
            "3" : "y", 
            "4" : "slots", 
            "l" : 90.577, 
            "w" : 107.191, 
            "x" : 0.461, 
            "y" : -0.636, 
            "slots" : {
                "items" : 4, 
                "0" : "elliptical", 
                "1" : "rectangular", 
                "2" : "triangular", 
                "3" : "polygonal", 
                "elliptical" : {
                    "items" : 0
                }, 
                "rectangular" : {
                    "items" : 1, 
                    "0" : {
                        "items" : 4, 
                        "0" : "x", 
                        "1" : "y", 
                        "2" : "l", 
                        "3" : "w", 
                        "x" : 2.25, 
                        "y" : 36.955, 
                        "z" : 0.0, 
                        "l" : 0.337, 
                        "w" : 10.23, 
                        "type" : "rectangular", 
                        "id" : "637068840973034240"
                    }
                }, 
                "triangular" : {
                    "items" : 0
                }, 
                "polygonal" : {
                    "items" : 0
                }
            }
        }, 
        "radiating plane" : {
            "items" : 5, 
            "0" : "l", 
            "1" : "w", 
            "2" : "x", 
            "3" : "y", 
            "4" : "slots", 
            "l" : 77.058, 
            "w" : 98.38, 
            "x" : 4.169, 
            "y" : 3.505, 
            "slots" : {
                "items" : 4, 
                "0" : "elliptical", 
                "1" : "rectangular", 
                "2" : "triangular", 
                "3" : "polygonal", 
                "elliptical" : {
                    "items" : 0
                }, 
                "rectangular" : {
                    "items" : 1, 
                    "0" : {
                        "items" : 4, 
                        "0" : "x", 
                        "1" : "y", 
                        "2" : "l", 
                        "3" : "w", 
                        "x" : 19.651, 
                        "y" : 87.752, 
                        "z" : 1.6, 
                        "l" : 0.991, 
                        "w" : 2.11, 
                        "type" : "rectangular", 
                        "id" : "637068840973034240"
                    }
                }, 
                "triangular" : {
                    "items" : 0
                }, 
                "polygonal" : {
                    "items" : 0
                }
            }
        }, 
        "substrate" : {
            "items" : 4, 
            "0" : "l", 
            "1" : "w", 
            "2" : "x", 
            "3" : "h", 
            "l" : 90.577, 
            "w" : 107.191, 
            "h" : 1.6, 
            "x" : 0.461, 
            "y" : -0.636, 
            "permitivitty" : 4.4, 
            "loss" : 0.02, 
            "name" : "FR4"
        }
    }, 
    "fitness" : {
        "items" : 1, 
        "0" : "final", 
        "1" : "freq", 
        "lower" : 0.0, 
        "desired" : 0.9128935818842905, 
        "upper" : 0.0, 
        "area" : 1.025096898528009, 
        "freq" : 0.6390255073190033, 
        "final" : 1.6267387372691662, 
        "dir" : "C:\\Users\\project\\0. My Work\\1. Repositories\\1. Very Unfriendly Train\\Data\\Simulations\\637068839967513984_Primary\\637068840973143680_5\\5.out", 
        "h0" : 0.568122840807214, 
        "h1" : 1.2576643229613669
    }
}