{
    "geometry" : {
        "items" : 2, 
        "0" : "ground plane", 
        "1" : "radiating plane", 
        "feed" : {
            "items" : 2, 
            "0" : "center", 
            "1" : "width", 
            "center" : 48.806, 
            "width" : 1.777
        }, 
        "ground plane" : {
            "items" : 5, 
            "0" : "l", 
            "1" : "w", 
            "2" : "x", 
            "3" : "y", 
            "4" : "slots", 
            "l" : 80.731, 
            "w" : 100.605, 
            "x" : 0.04, 
            "y" : -1.891, 
            "slots" : {
                "items" : 4, 
                "0" : "elliptical", 
                "1" : "rectangular", 
                "2" : "triangular", 
                "3" : "polygonal", 
                "elliptical" : {
                    "items" : 0
                }, 
                "rectangular" : {
                    "items" : 5, 
                    "0" : {
                        "items" : 4, 
                        "0" : "x", 
                        "1" : "y", 
                        "2" : "l", 
                        "3" : "w", 
                        "x" : 43.088, 
                        "y" : -17.817, 
                        "z" : 0.0, 
                        "l" : 19.136, 
                        "w" : 19.396, 
                        "type" : "rectangular", 
                        "id" : "637068932456874880"
                    }, 
                    "1" : {
                        "items" : 4, 
                        "0" : "x", 
                        "1" : "y", 
                        "2" : "l", 
                        "3" : "w", 
                        "x" : 50.916, 
                        "y" : 4.378, 
                        "z" : 0.0, 
                        "l" : 19.679, 
                        "w" : 18.536, 
                        "type" : "rectangular", 
                        "id" : "637068933618610176"
                    }, 
                    "2" : {
                        "items" : 4, 
                        "0" : "x", 
                        "1" : "y", 
                        "2" : "l", 
                        "3" : "w", 
                        "x" : 27.489, 
                        "y" : 123.983, 
                        "z" : 0.0, 
                        "l" : 23.699, 
                        "w" : 6.845, 
                        "type" : "rectangular", 
                        "id" : "637068935012390912"
                    }, 
                    "3" : {
                        "items" : 4, 
                        "0" : "x", 
                        "1" : "y", 
                        "2" : "l", 
                        "3" : "w", 
                        "x" : -5.21, 
                        "y" : 73.53, 
                        "z" : 0.0, 
                        "l" : 16.163, 
                        "w" : 8.855, 
                        "type" : "rectangular", 
                        "id" : "637068936556791168"
                    }, 
                    "4" : {
                        "items" : 4, 
                        "0" : "x", 
                        "1" : "y", 
                        "2" : "l", 
                        "3" : "w", 
                        "x" : 56.804, 
                        "y" : 31.388, 
                        "z" : 0.0, 
                        "l" : 19.688, 
                        "w" : 1.88, 
                        "type" : "rectangular", 
                        "id" : "637068937882734464"
                    }
                }, 
                "triangular" : {
                    "items" : 0
                }, 
                "polygonal" : {
                    "items" : 0
                }
            }
        }, 
        "radiating plane" : {
            "items" : 5, 
            "0" : "l", 
            "1" : "w", 
            "2" : "x", 
            "3" : "y", 
            "4" : "slots", 
            "l" : 72.128, 
            "w" : 95.855, 
            "x" : 4.359, 
            "y" : 3.027, 
            "slots" : {
                "items" : 4, 
                "0" : "elliptical", 
                "1" : "rectangular", 
                "2" : "triangular", 
                "3" : "polygonal", 
                "elliptical" : {
                    "items" : 0
                }, 
                "rectangular" : {
                    "items" : 0
                }, 
                "triangular" : {
                    "items" : 0
                }, 
                "polygonal" : {
                    "items" : 0
                }
            }
        }, 
        "substrate" : {
            "items" : 4, 
            "0" : "l", 
            "1" : "w", 
            "2" : "x", 
            "3" : "h", 
            "l" : 80.731, 
            "w" : 100.82300000000001, 
            "h" : 1.6, 
            "x" : 0.04, 
            "y" : -1.891, 
            "permitivitty" : 4.4, 
            "loss" : 0.02, 
            "name" : "FR4"
        }
    }, 
    "fitness" : {
        "items" : 1, 
        "0" : "final", 
        "1" : "freq", 
        "lower" : 0.0, 
        "desired" : 1.3502865421761197, 
        "upper" : 0.0, 
        "area" : 0.8593866689620804, 
        "freq" : 0.9452005795232837, 
        "final" : 1.539579662004012, 
        "dir" : "C:\\Users\\project\\0. My Work\\1. Repositories\\1. Very Unfriendly Train\\Data\\Simulations\\637068932174074496_Primary\\637068937882744832_8\\8.out", 
        "f0" : 0.9920751856281653, 
        "g0" : 0.3804330855272819, 
        "f1" : 0.9825005823517254, 
        "g1" : 0.34556423084506677
    }
}