{
    "geometry" : {
        "items" : 3, 
        "0" : "feed", 
        "1" : "ground plane", 
        "2" : "radiating plane", 
        "3" : "substrate", 
        "feed" : {
            "items" : 2, 
            "0" : "center", 
            "1" : "width", 
            "center" : 48.429, 
            "width" : 1.711
        }, 
        "ground plane" : {
            "items" : 5, 
            "0" : "l", 
            "1" : "w", 
            "2" : "x", 
            "3" : "y", 
            "4" : "slots", 
            "l" : 76.701, 
            "w" : 97.492, 
            "x" : -0.342, 
            "y" : 1.391, 
            "slots" : {
                "items" : 4, 
                "0" : "elliptical", 
                "1" : "rectangular", 
                "2" : "triangular", 
                "3" : "polygonal", 
                "elliptical" : {
                    "items" : 0
                }, 
                "rectangular" : {
                    "items" : 1, 
                    "0" : {
                        "items" : 4, 
                        "0" : "x", 
                        "1" : "y", 
                        "2" : "l", 
                        "3" : "w", 
                        "x" : 21.92, 
                        "y" : 96.096, 
                        "z" : 0.0, 
                        "l" : 19.084, 
                        "w" : 3.982, 
                        "type" : "rectangular", 
                        "id" : "637068853923059200"
                    }
                }, 
                "triangular" : {
                    "items" : 2, 
                    "0" : {
                        "items" : 3, 
                        "0" : {
                            "items" : 2, 
                            "0" : "x", 
                            "1" : "y", 
                            "x" : 58.382, 
                            "y" : 110.589, 
                            "z" : 0.0
                        }, 
                        "1" : {
                            "items" : 2, 
                            "0" : "x", 
                            "1" : "y", 
                            "x" : 55.762, 
                            "y" : 94.44, 
                            "z" : 0.0
                        }, 
                        "2" : {
                            "items" : 2, 
                            "0" : "x", 
                            "1" : "y", 
                            "x" : 28.313, 
                            "y" : 100.621, 
                            "z" : 0.0
                        }, 
                        "type" : "triangular", 
                        "id" : "637068851341263104"
                    }, 
                    "1" : {
                        "items" : 3, 
                        "0" : {
                            "items" : 2, 
                            "0" : "x", 
                            "1" : "y", 
                            "x" : -9.408, 
                            "y" : 66.061, 
                            "z" : 0.0
                        }, 
                        "1" : {
                            "items" : 2, 
                            "0" : "x", 
                            "1" : "y", 
                            "x" : -5.357, 
                            "y" : 58.838, 
                            "z" : 0.0
                        }, 
                        "2" : {
                            "items" : 2, 
                            "0" : "x", 
                            "1" : "y", 
                            "x" : 14.64, 
                            "y" : 53.458, 
                            "z" : 0.0
                        }, 
                        "type" : "triangular", 
                        "id" : "637068852564010368"
                    }
                }, 
                "polygonal" : {
                    "items" : 0
                }
            }
        }, 
        "radiating plane" : {
            "items" : 5, 
            "0" : "l", 
            "1" : "w", 
            "2" : "x", 
            "3" : "y", 
            "4" : "slots", 
            "l" : 73.196, 
            "w" : 93.735, 
            "x" : 3.113, 
            "y" : 7.335, 
            "slots" : {
                "items" : 4, 
                "0" : "elliptical", 
                "1" : "rectangular", 
                "2" : "triangular", 
                "3" : "polygonal", 
                "elliptical" : {
                    "items" : 0
                }, 
                "rectangular" : {
                    "items" : 1, 
                    "0" : {
                        "items" : 4, 
                        "0" : "x", 
                        "1" : "y", 
                        "2" : "l", 
                        "3" : "w", 
                        "x" : 30.705, 
                        "y" : 1.178, 
                        "z" : 1.6, 
                        "l" : 2.996, 
                        "w" : 0.743, 
                        "type" : "rectangular", 
                        "id" : "637068852564010368"
                    }
                }, 
                "triangular" : {
                    "items" : 0
                }, 
                "polygonal" : {
                    "items" : 0
                }
            }
        }, 
        "substrate" : {
            "items" : 4, 
            "0" : "l", 
            "1" : "w", 
            "2" : "x", 
            "3" : "h", 
            "l" : 76.701, 
            "w" : 99.72899999999998, 
            "h" : 1.6, 
            "x" : -0.342, 
            "y" : 1.391, 
            "permitivitty" : 4.4, 
            "loss" : 0.02, 
            "name" : "FR4"
        }
    }, 
    "fitness" : {
        "items" : 1, 
        "0" : "final", 
        "1" : "freq", 
        "lower" : 0.0, 
        "desired" : 1.4660619004022135, 
        "upper" : 0.0, 
        "area" : 0.8076276055555831, 
        "freq" : 1.0262433302815495, 
        "final" : 1.5104256666919518, 
        "dir" : "C:\\Users\\project\\0. My Work\\1. Repositories\\1. Very Unfriendly Train\\Data\\Simulations\\637068851159820800_Primary\\637068853923099264_3\\3.out", 
        "h0" : 0.9922041189952429, 
        "g0" : 0.4861219994983877, 
        "h1" : 0.9819122435052945, 
        "g1" : 0.471885438805502
    }
}