{
    "geometry" : {
        "items" : 2, 
        "0" : "ground plane", 
        "1" : "radiating plane", 
        "feed" : {
            "items" : 2, 
            "0" : "center", 
            "1" : "width", 
            "center" : 47.143, 
            "width" : 1.854
        }, 
        "ground plane" : {
            "items" : 5, 
            "0" : "l", 
            "1" : "w", 
            "2" : "x", 
            "3" : "y", 
            "4" : "slots", 
            "l" : 75.515, 
            "w" : 90.436, 
            "x" : -0.93, 
            "y" : -1.879, 
            "slots" : {
                "items" : 4, 
                "0" : "elliptical", 
                "1" : "rectangular", 
                "2" : "triangular", 
                "3" : "polygonal", 
                "elliptical" : {
                    "items" : 0
                }, 
                "rectangular" : {
                    "items" : 5, 
                    "0" : {
                        "items" : 4, 
                        "0" : "x", 
                        "1" : "y", 
                        "2" : "l", 
                        "3" : "w", 
                        "x" : 52.074, 
                        "y" : 7.476, 
                        "z" : 0.0, 
                        "l" : 22.066, 
                        "w" : 17.483, 
                        "type" : "rectangular", 
                        "id" : "637068933618610176"
                    }, 
                    "1" : {
                        "items" : 4, 
                        "0" : "x", 
                        "1" : "y", 
                        "2" : "l", 
                        "3" : "w", 
                        "x" : 25.243, 
                        "y" : 119.067, 
                        "z" : 0.0, 
                        "l" : 27.516, 
                        "w" : 2.129, 
                        "type" : "rectangular", 
                        "id" : "637068935012390912"
                    }, 
                    "2" : {
                        "items" : 4, 
                        "0" : "x", 
                        "1" : "y", 
                        "2" : "l", 
                        "3" : "w", 
                        "x" : -1.416, 
                        "y" : 72.525, 
                        "z" : 0.0, 
                        "l" : 8.31, 
                        "w" : 10.287, 
                        "type" : "rectangular", 
                        "id" : "637068936556791168"
                    }, 
                    "3" : {
                        "items" : 4, 
                        "0" : "x", 
                        "1" : "y", 
                        "2" : "l", 
                        "3" : "w", 
                        "x" : 76.514, 
                        "y" : 54.004, 
                        "z" : 0.0, 
                        "l" : 10.926, 
                        "w" : 6.872, 
                        "type" : "rectangular", 
                        "id" : "637068939598618368"
                    }, 
                    "4" : {
                        "items" : 4, 
                        "0" : "x", 
                        "1" : "y", 
                        "2" : "l", 
                        "3" : "w", 
                        "x" : 17.726, 
                        "y" : 34.367, 
                        "z" : 0.0, 
                        "l" : 8.769, 
                        "w" : 13.583, 
                        "type" : "rectangular", 
                        "id" : "637068941101060352"
                    }
                }, 
                "triangular" : {
                    "items" : 0
                }, 
                "polygonal" : {
                    "items" : 0
                }
            }
        }, 
        "radiating plane" : {
            "items" : 5, 
            "0" : "l", 
            "1" : "w", 
            "2" : "x", 
            "3" : "y", 
            "4" : "slots", 
            "l" : 69.754, 
            "w" : 93.381, 
            "x" : 2.009, 
            "y" : 3.183, 
            "slots" : {
                "items" : 4, 
                "0" : "elliptical", 
                "1" : "rectangular", 
                "2" : "triangular", 
                "3" : "polygonal", 
                "elliptical" : {
                    "items" : 0
                }, 
                "rectangular" : {
                    "items" : 1, 
                    "0" : {
                        "items" : 4, 
                        "0" : "x", 
                        "1" : "y", 
                        "2" : "l", 
                        "3" : "w", 
                        "x" : 0.883, 
                        "y" : 77.651, 
                        "z" : 1.6, 
                        "l" : 5.803, 
                        "w" : 1.725, 
                        "type" : "rectangular", 
                        "id" : "637068941101060352"
                    }
                }, 
                "triangular" : {
                    "items" : 0
                }, 
                "polygonal" : {
                    "items" : 0
                }
            }
        }, 
        "substrate" : {
            "items" : 4, 
            "0" : "l", 
            "1" : "w", 
            "2" : "x", 
            "3" : "h", 
            "l" : 75.515, 
            "w" : 98.493, 
            "h" : 1.6, 
            "x" : -0.93, 
            "y" : -1.879, 
            "permitivitty" : 4.4, 
            "loss" : 0.02, 
            "name" : "FR4"
        }
    }, 
    "fitness" : {
        "items" : 1, 
        "0" : "final", 
        "1" : "freq", 
        "lower" : 0.0, 
        "desired" : 1.483405704239029, 
        "upper" : 0.0, 
        "area" : 0.7852849192279195, 
        "freq" : 1.0383839929673202, 
        "final" : 1.4272832195517715, 
        "dir" : "C:\\Users\\project\\0. My Work\\1. Repositories\\1. Very Unfriendly Train\\Data\\Simulations\\637068932174074496_Primary\\637068941101080576_5\\5.out", 
        "f0" : 0.9937493527732235, 
        "g0" : 0.5098077933905565, 
        "f1" : 0.9923238647546629, 
        "g1" : 0.470930397559615
    }
}