{
    "geometry" : {
        "items" : 3, 
        "0" : "feed", 
        "1" : "ground plane", 
        "2" : "radiating plane", 
        "3" : "substrate", 
        "feed" : {
            "items" : 2, 
            "0" : "center", 
            "1" : "width", 
            "center" : 49.905, 
            "width" : 1.737
        }, 
        "ground plane" : {
            "items" : 5, 
            "0" : "l", 
            "1" : "w", 
            "2" : "x", 
            "3" : "y", 
            "4" : "slots", 
            "l" : 87.437, 
            "w" : 98.498, 
            "x" : -0.926, 
            "y" : -0.682, 
            "slots" : {
                "items" : 4, 
                "0" : "elliptical", 
                "1" : "rectangular", 
                "2" : "triangular", 
                "3" : "polygonal", 
                "elliptical" : {
                    "items" : 0
                }, 
                "rectangular" : {
                    "items" : 1, 
                    "0" : {
                        "items" : 4, 
                        "0" : "x", 
                        "1" : "y", 
                        "2" : "l", 
                        "3" : "w", 
                        "x" : 37.087, 
                        "y" : 17.133, 
                        "z" : 0.0, 
                        "l" : 16.36, 
                        "w" : 18.398, 
                        "type" : "rectangular", 
                        "id" : "637068874172435200"
                    }
                }, 
                "triangular" : {
                    "items" : 1, 
                    "0" : {
                        "items" : 3, 
                        "0" : {
                            "items" : 2, 
                            "0" : "x", 
                            "1" : "y", 
                            "x" : 65.706, 
                            "y" : 46.206, 
                            "z" : 0.0
                        }, 
                        "1" : {
                            "items" : 2, 
                            "0" : "x", 
                            "1" : "y", 
                            "x" : 78.884, 
                            "y" : 52.657, 
                            "z" : 0.0
                        }, 
                        "2" : {
                            "items" : 2, 
                            "0" : "x", 
                            "1" : "y", 
                            "x" : 67.221, 
                            "y" : 27.751, 
                            "z" : 0.0
                        }, 
                        "type" : "triangular", 
                        "id" : "637068870048238592"
                    }
                }, 
                "polygonal" : {
                    "items" : 0
                }
            }
        }, 
        "radiating plane" : {
            "items" : 5, 
            "0" : "l", 
            "1" : "w", 
            "2" : "x", 
            "3" : "y", 
            "4" : "slots", 
            "l" : 75.619, 
            "w" : 98.539, 
            "x" : 4.301, 
            "y" : 3.952, 
            "slots" : {
                "items" : 4, 
                "0" : "elliptical", 
                "1" : "rectangular", 
                "2" : "triangular", 
                "3" : "polygonal", 
                "elliptical" : {
                    "items" : 0
                }, 
                "rectangular" : {
                    "items" : 1, 
                    "0" : {
                        "items" : 4, 
                        "0" : "x", 
                        "1" : "y", 
                        "2" : "l", 
                        "3" : "w", 
                        "x" : 39.087, 
                        "y" : 58.249, 
                        "z" : 1.6, 
                        "l" : 1.765, 
                        "w" : 1.133, 
                        "type" : "rectangular", 
                        "id" : "637068874172435200"
                    }
                }, 
                "triangular" : {
                    "items" : 0
                }, 
                "polygonal" : {
                    "items" : 0
                }
            }
        }, 
        "substrate" : {
            "items" : 4, 
            "0" : "l", 
            "1" : "w", 
            "2" : "x", 
            "3" : "h", 
            "l" : 87.437, 
            "w" : 103.223, 
            "h" : 1.6, 
            "x" : -0.926, 
            "y" : -0.682, 
            "permitivitty" : 4.4, 
            "loss" : 0.02, 
            "name" : "FR4"
        }
    }, 
    "fitness" : {
        "items" : 1, 
        "0" : "final", 
        "1" : "freq", 
        "lower" : 0.0, 
        "desired" : 1.3352446636531363, 
        "upper" : 0.0, 
        "area" : 0.9529286625173821, 
        "freq" : 0.9346712645571954, 
        "final" : 1.6089960181478848, 
        "dir" : "C:\\Users\\project\\0. My Work\\1. Repositories\\1. Very Unfriendly Train\\Data\\Simulations\\637068868628158208_Primary\\637068874172465152_0\\0.out", 
        "h0" : 0.9879217836522823, 
        "g0" : 0.35471957875716725, 
        "h1" : 0.9925898486117252, 
        "g1" : 0.335258116285098
    }
}