{
    "geometry" : {
        "items" : 2, 
        "0" : "ground plane", 
        "1" : "radiating plane", 
        "feed" : {
            "items" : 2, 
            "0" : "center", 
            "1" : "width", 
            "center" : 50.486, 
            "width" : 1.863
        }, 
        "ground plane" : {
            "items" : 5, 
            "0" : "l", 
            "1" : "w", 
            "2" : "x", 
            "3" : "y", 
            "4" : "slots", 
            "l" : 87.472, 
            "w" : 107.898, 
            "x" : -0.061, 
            "y" : -1.793, 
            "slots" : {
                "items" : 4, 
                "0" : "elliptical", 
                "1" : "rectangular", 
                "2" : "triangular", 
                "3" : "polygonal", 
                "elliptical" : {
                    "items" : 0
                }, 
                "rectangular" : {
                    "items" : 5, 
                    "0" : {
                        "items" : 4, 
                        "0" : "x", 
                        "1" : "y", 
                        "2" : "l", 
                        "3" : "w", 
                        "x" : 40.751, 
                        "y" : -8.287, 
                        "z" : 0.0, 
                        "l" : 18.199, 
                        "w" : 13.769, 
                        "type" : "rectangular", 
                        "id" : "637068932456874880"
                    }, 
                    "1" : {
                        "items" : 4, 
                        "0" : "x", 
                        "1" : "y", 
                        "2" : "l", 
                        "3" : "w", 
                        "x" : 50.99, 
                        "y" : 5.406, 
                        "z" : 0.0, 
                        "l" : 15.025, 
                        "w" : 22.502, 
                        "type" : "rectangular", 
                        "id" : "637068933618610176"
                    }, 
                    "2" : {
                        "items" : 4, 
                        "0" : "x", 
                        "1" : "y", 
                        "2" : "l", 
                        "3" : "w", 
                        "x" : 21.64, 
                        "y" : 116.086, 
                        "z" : 0.0, 
                        "l" : 17.662, 
                        "w" : 1.62, 
                        "type" : "rectangular", 
                        "id" : "637068935012390912"
                    }, 
                    "3" : {
                        "items" : 4, 
                        "0" : "x", 
                        "1" : "y", 
                        "2" : "l", 
                        "3" : "w", 
                        "x" : -5.604, 
                        "y" : 70.792, 
                        "z" : 0.0, 
                        "l" : 15.91, 
                        "w" : 6.149, 
                        "type" : "rectangular", 
                        "id" : "637068936556791168"
                    }, 
                    "4" : {
                        "items" : 4, 
                        "0" : "x", 
                        "1" : "y", 
                        "2" : "l", 
                        "3" : "w", 
                        "x" : 54.623, 
                        "y" : 20.759, 
                        "z" : 0.0, 
                        "l" : 9.35, 
                        "w" : 10.469, 
                        "type" : "rectangular", 
                        "id" : "637068939598608384"
                    }
                }, 
                "triangular" : {
                    "items" : 0
                }, 
                "polygonal" : {
                    "items" : 0
                }
            }
        }, 
        "radiating plane" : {
            "items" : 5, 
            "0" : "l", 
            "1" : "w", 
            "2" : "x", 
            "3" : "y", 
            "4" : "slots", 
            "l" : 71.424, 
            "w" : 97.712, 
            "x" : 4.228, 
            "y" : 3.098, 
            "slots" : {
                "items" : 4, 
                "0" : "elliptical", 
                "1" : "rectangular", 
                "2" : "triangular", 
                "3" : "polygonal", 
                "elliptical" : {
                    "items" : 0
                }, 
                "rectangular" : {
                    "items" : 0
                }, 
                "triangular" : {
                    "items" : 0
                }, 
                "polygonal" : {
                    "items" : 0
                }
            }
        }, 
        "substrate" : {
            "items" : 4, 
            "0" : "l", 
            "1" : "w", 
            "2" : "x", 
            "3" : "h", 
            "l" : 87.472, 
            "w" : 107.898, 
            "h" : 1.6, 
            "x" : -0.061, 
            "y" : -1.793, 
            "permitivitty" : 4.4, 
            "loss" : 0.02, 
            "name" : "FR4"
        }
    }, 
    "fitness" : {
        "items" : 1, 
        "0" : "final", 
        "1" : "freq", 
        "lower" : 0.0, 
        "desired" : 1.3983492201937437, 
        "upper" : 0.0, 
        "area" : 0.9964858035541265, 
        "freq" : 0.9788444541356206, 
        "final" : 1.8508822338536801, 
        "dir" : "C:\\Users\\project\\0. My Work\\1. Repositories\\1. Very Unfriendly Train\\Data\\Simulations\\637068932174074496_Primary\\637068939598638336_2\\2.out", 
        "f0" : 0.9945463413528601, 
        "g0" : 0.38722805719433123, 
        "f1" : 0.9945798667311554, 
        "g1" : 0.4203441751091408
    }
}