{
    "geometry" : {
        "items" : 2, 
        "0" : "ground plane", 
        "1" : "radiating plane", 
        "feed" : {
            "items" : 2, 
            "0" : "center", 
            "1" : "width", 
            "center" : 45.967, 
            "width" : 1.805
        }, 
        "ground plane" : {
            "items" : 5, 
            "0" : "l", 
            "1" : "w", 
            "2" : "x", 
            "3" : "y", 
            "4" : "slots", 
            "l" : 76.324, 
            "w" : 87.995, 
            "x" : 0.049, 
            "y" : -1.682, 
            "slots" : {
                "items" : 4, 
                "0" : "elliptical", 
                "1" : "rectangular", 
                "2" : "triangular", 
                "3" : "polygonal", 
                "elliptical" : {
                    "items" : 0
                }, 
                "rectangular" : {
                    "items" : 6, 
                    "0" : {
                        "items" : 4, 
                        "0" : "x", 
                        "1" : "y", 
                        "2" : "l", 
                        "3" : "w", 
                        "x" : 52.449, 
                        "y" : -12.794, 
                        "z" : 0.0, 
                        "l" : 19.74, 
                        "w" : 19.015, 
                        "type" : "rectangular", 
                        "id" : "637068932456874880"
                    }, 
                    "1" : {
                        "items" : 4, 
                        "0" : "x", 
                        "1" : "y", 
                        "2" : "l", 
                        "3" : "w", 
                        "x" : 49.427, 
                        "y" : 4.79, 
                        "z" : 0.0, 
                        "l" : 21.712, 
                        "w" : 18.881, 
                        "type" : "rectangular", 
                        "id" : "637068933618610176"
                    }, 
                    "2" : {
                        "items" : 4, 
                        "0" : "x", 
                        "1" : "y", 
                        "2" : "l", 
                        "3" : "w", 
                        "x" : 22.8, 
                        "y" : 116.217, 
                        "z" : 0.0, 
                        "l" : 23.394, 
                        "w" : 2.735, 
                        "type" : "rectangular", 
                        "id" : "637068935012390912"
                    }, 
                    "3" : {
                        "items" : 4, 
                        "0" : "x", 
                        "1" : "y", 
                        "2" : "l", 
                        "3" : "w", 
                        "x" : -10.398, 
                        "y" : 76.555, 
                        "z" : 0.0, 
                        "l" : 12.491, 
                        "w" : 3.043, 
                        "type" : "rectangular", 
                        "id" : "637068936556791168"
                    }, 
                    "4" : {
                        "items" : 4, 
                        "0" : "x", 
                        "1" : "y", 
                        "2" : "l", 
                        "3" : "w", 
                        "x" : 83.785, 
                        "y" : 44.592, 
                        "z" : 0.0, 
                        "l" : 10.936, 
                        "w" : 2.304, 
                        "type" : "rectangular", 
                        "id" : "637068939598618368"
                    }, 
                    "5" : {
                        "items" : 4, 
                        "0" : "x", 
                        "1" : "y", 
                        "2" : "l", 
                        "3" : "w", 
                        "x" : 29.471, 
                        "y" : 0.703, 
                        "z" : 0.0, 
                        "l" : 4.297, 
                        "w" : 20.348, 
                        "type" : "rectangular", 
                        "id" : "637068941101070464"
                    }
                }, 
                "triangular" : {
                    "items" : 0
                }, 
                "polygonal" : {
                    "items" : 0
                }
            }
        }, 
        "radiating plane" : {
            "items" : 5, 
            "0" : "l", 
            "1" : "w", 
            "2" : "x", 
            "3" : "y", 
            "4" : "slots", 
            "l" : 70.803, 
            "w" : 93.246, 
            "x" : 3.037, 
            "y" : 2.883, 
            "slots" : {
                "items" : 4, 
                "0" : "elliptical", 
                "1" : "rectangular", 
                "2" : "triangular", 
                "3" : "polygonal", 
                "elliptical" : {
                    "items" : 0
                }, 
                "rectangular" : {
                    "items" : 0
                }, 
                "triangular" : {
                    "items" : 0
                }, 
                "polygonal" : {
                    "items" : 0
                }
            }
        }, 
        "substrate" : {
            "items" : 4, 
            "0" : "l", 
            "1" : "w", 
            "2" : "x", 
            "3" : "h", 
            "l" : 76.324, 
            "w" : 97.86099999999999, 
            "h" : 1.6, 
            "x" : 0.049, 
            "y" : -1.682, 
            "permitivitty" : 4.4, 
            "loss" : 0.02, 
            "name" : "FR4"
        }
    }, 
    "fitness" : {
        "items" : 1, 
        "0" : "final", 
        "1" : "freq", 
        "lower" : 0.0, 
        "desired" : 1.4352191537007588, 
        "upper" : 0.0, 
        "area" : 0.7886048375969545, 
        "freq" : 1.0046534075905311, 
        "final" : 1.40245637310181, 
        "dir" : "C:\\Users\\project\\0. My Work\\1. Repositories\\1. Very Unfriendly Train\\Data\\Simulations\\637068932174074496_Primary\\637068941101080576_7\\7.out", 
        "f0" : 0.9895357029767539, 
        "g0" : 0.45044176172704736, 
        "f1" : 0.9683523870995837, 
        "g1" : 0.4621084555981325
    }
}