{
    "geometry" : {
        "items" : 3, 
        "0" : "feed", 
        "1" : "ground plane", 
        "2" : "radiating plane", 
        "3" : "substrate", 
        "feed" : {
            "items" : 2, 
            "0" : "center", 
            "1" : "width", 
            "center" : 35.854, 
            "width" : 2.129
        }, 
        "ground plane" : {
            "items" : 5, 
            "0" : "l", 
            "1" : "w", 
            "2" : "x", 
            "3" : "y", 
            "4" : "slots", 
            "l" : 74.025, 
            "w" : 83.054, 
            "x" : -1.102, 
            "y" : -0.597, 
            "slots" : {
                "items" : 4, 
                "0" : "elliptical", 
                "1" : "rectangular", 
                "2" : "triangular", 
                "3" : "polygonal", 
                "elliptical" : {
                    "items" : 0
                }, 
                "rectangular" : {
                    "items" : 8, 
                    "0" : {
                        "items" : 4, 
                        "0" : "x", 
                        "1" : "y", 
                        "2" : "l", 
                        "3" : "w", 
                        "x" : 13.835, 
                        "y" : 59.788, 
                        "z" : 0.0, 
                        "l" : 40.601, 
                        "w" : 9.146, 
                        "type" : "rectangular", 
                        "id" : "637068874172445184"
                    }, 
                    "1" : {
                        "items" : 4, 
                        "0" : "x", 
                        "1" : "y", 
                        "2" : "l", 
                        "3" : "w", 
                        "x" : 44.76, 
                        "y" : 22.558, 
                        "z" : 0.0, 
                        "l" : 5.241, 
                        "w" : 2.241, 
                        "type" : "rectangular", 
                        "id" : "637068876938909056"
                    }, 
                    "2" : {
                        "items" : 4, 
                        "0" : "x", 
                        "1" : "y", 
                        "2" : "l", 
                        "3" : "w", 
                        "x" : 80.339, 
                        "y" : 53.88, 
                        "z" : 0.0, 
                        "l" : 44.566, 
                        "w" : 0.774, 
                        "type" : "rectangular", 
                        "id" : "637068882493427456"
                    }, 
                    "3" : {
                        "items" : 4, 
                        "0" : "x", 
                        "1" : "y", 
                        "2" : "l", 
                        "3" : "w", 
                        "x" : 63.156, 
                        "y" : 12.228, 
                        "z" : 0.0, 
                        "l" : 9.349, 
                        "w" : 22.111, 
                        "type" : "rectangular", 
                        "id" : "637068886052572288"
                    }, 
                    "4" : {
                        "items" : 4, 
                        "0" : "x", 
                        "1" : "y", 
                        "2" : "l", 
                        "3" : "w", 
                        "x" : 21.751, 
                        "y" : 84.11, 
                        "z" : 0.0, 
                        "l" : 17.451, 
                        "w" : 48.936, 
                        "type" : "rectangular", 
                        "id" : "637068887898742784"
                    }, 
                    "5" : {
                        "items" : 4, 
                        "0" : "x", 
                        "1" : "y", 
                        "2" : "l", 
                        "3" : "w", 
                        "x" : 71.505, 
                        "y" : 11.271, 
                        "z" : 0.0, 
                        "l" : 1.412, 
                        "w" : 18.031, 
                        "type" : "rectangular", 
                        "id" : "637068891569197440"
                    }, 
                    "6" : {
                        "items" : 4, 
                        "0" : "x", 
                        "1" : "y", 
                        "2" : "l", 
                        "3" : "w", 
                        "x" : 38.126, 
                        "y" : -3.779, 
                        "z" : 0.0, 
                        "l" : 22.027, 
                        "w" : 14.951, 
                        "type" : "rectangular", 
                        "id" : "637068893694527872"
                    }, 
                    "7" : {
                        "items" : 4, 
                        "0" : "x", 
                        "1" : "y", 
                        "2" : "l", 
                        "3" : "w", 
                        "x" : 37.764, 
                        "y" : 1.85, 
                        "z" : 0.0, 
                        "l" : 21.405, 
                        "w" : 16.201, 
                        "type" : "rectangular", 
                        "id" : "637068895894764672"
                    }
                }, 
                "triangular" : {
                    "items" : 2, 
                    "0" : {
                        "items" : 3, 
                        "0" : {
                            "items" : 2, 
                            "0" : "x", 
                            "1" : "y", 
                            "x" : 38.804, 
                            "y" : 85.866, 
                            "z" : 0.0
                        }, 
                        "1" : {
                            "items" : 2, 
                            "0" : "x", 
                            "1" : "y", 
                            "x" : 58.936, 
                            "y" : 90.777, 
                            "z" : 0.0
                        }, 
                        "2" : {
                            "items" : 2, 
                            "0" : "x", 
                            "1" : "y", 
                            "x" : 78.932, 
                            "y" : 90.06, 
                            "z" : 0.0
                        }, 
                        "type" : "triangular", 
                        "id" : "637068875609729152"
                    }, 
                    "1" : {
                        "items" : 3, 
                        "0" : {
                            "items" : 2, 
                            "0" : "x", 
                            "1" : "y", 
                            "x" : 18.829, 
                            "y" : 84.085, 
                            "z" : 0.0
                        }, 
                        "1" : {
                            "items" : 2, 
                            "0" : "x", 
                            "1" : "y", 
                            "x" : 16.843, 
                            "y" : 72.751, 
                            "z" : 0.0
                        }, 
                        "2" : {
                            "items" : 2, 
                            "0" : "x", 
                            "1" : "y", 
                            "x" : 49.85, 
                            "y" : 95.115, 
                            "z" : 0.0
                        }, 
                        "type" : "triangular", 
                        "id" : "637068889727997696"
                    }
                }, 
                "polygonal" : {
                    "items" : 0
                }
            }
        }, 
        "radiating plane" : {
            "items" : 5, 
            "0" : "l", 
            "1" : "w", 
            "2" : "x", 
            "3" : "y", 
            "4" : "slots", 
            "l" : 65.85, 
            "w" : 82.262, 
            "x" : 0.935, 
            "y" : 2.053, 
            "slots" : {
                "items" : 4, 
                "0" : "elliptical", 
                "1" : "rectangular", 
                "2" : "triangular", 
                "3" : "polygonal", 
                "elliptical" : {
                    "items" : 0
                }, 
                "rectangular" : {
                    "items" : 2, 
                    "0" : {
                        "items" : 4, 
                        "0" : "x", 
                        "1" : "y", 
                        "2" : "l", 
                        "3" : "w", 
                        "x" : 54.378, 
                        "y" : 7.587, 
                        "z" : 1.6, 
                        "l" : 12.614, 
                        "w" : 3.471, 
                        "type" : "rectangular", 
                        "id" : "637068875609729152"
                    }, 
                    "1" : {
                        "items" : 4, 
                        "0" : "x", 
                        "1" : "y", 
                        "2" : "l", 
                        "3" : "w", 
                        "x" : 59.551, 
                        "y" : 54.006, 
                        "z" : 1.6, 
                        "l" : 3.217, 
                        "w" : 1.731, 
                        "type" : "rectangular", 
                        "id" : "637068886052572288"
                    }
                }, 
                "triangular" : {
                    "items" : 2, 
                    "0" : {
                        "items" : 3, 
                        "0" : {
                            "items" : 2, 
                            "0" : "x", 
                            "1" : "y", 
                            "x" : 33.735, 
                            "y" : 1.646, 
                            "z" : 1.6
                        }, 
                        "1" : {
                            "items" : 2, 
                            "0" : "x", 
                            "1" : "y", 
                            "x" : 36.387, 
                            "y" : 0.117, 
                            "z" : 1.6
                        }, 
                        "2" : {
                            "items" : 2, 
                            "0" : "x", 
                            "1" : "y", 
                            "x" : 41.119, 
                            "y" : -2.627, 
                            "z" : 1.6
                        }, 
                        "type" : "triangular", 
                        "id" : "637068876938909056"
                    }, 
                    "1" : {
                        "items" : 3, 
                        "0" : {
                            "items" : 2, 
                            "0" : "x", 
                            "1" : "y", 
                            "x" : 63.333, 
                            "y" : 65.375, 
                            "z" : 1.6
                        }, 
                        "1" : {
                            "items" : 2, 
                            "0" : "x", 
                            "1" : "y", 
                            "x" : 68.696, 
                            "y" : 70.401, 
                            "z" : 1.6
                        }, 
                        "2" : {
                            "items" : 2, 
                            "0" : "x", 
                            "1" : "y", 
                            "x" : 67.946, 
                            "y" : 69.624, 
                            "z" : 1.6
                        }, 
                        "type" : "triangular", 
                        "id" : "637068882493427456"
                    }
                }, 
                "polygonal" : {
                    "items" : 0
                }
            }
        }, 
        "substrate" : {
            "items" : 4, 
            "0" : "l", 
            "1" : "w", 
            "2" : "x", 
            "3" : "h", 
            "l" : 74.025, 
            "w" : 84.96199999999999, 
            "h" : 1.6, 
            "x" : -1.102, 
            "y" : -0.597, 
            "permitivitty" : 4.4, 
            "loss" : 0.02, 
            "name" : "FR4"
        }
    }, 
    "fitness" : {
        "items" : 1, 
        "0" : "final", 
        "1" : "freq", 
        "lower" : 0.0, 
        "desired" : 1.0807476760473842, 
        "upper" : 0.0, 
        "area" : 0.664036279890762, 
        "freq" : 0.7565233732331689, 
        "final" : 0.7185982292961925, 
        "dir" : "C:\\Users\\project\\0. My Work\\1. Repositories\\1. Very Unfriendly Train\\Data\\Simulations\\637068868628158208_Primary\\637068895894804608_7\\7.out", 
        "h0" : 0.8103675215379974, 
        "g0" : 0.4144490002631735, 
        "h1" : 0.5393683418182059, 
        "g1" : 0.3973104884753917
    }
}