{
    "geometry" : {
        "items" : 3, 
        "0" : "feed", 
        "1" : "ground plane", 
        "2" : "radiating plane", 
        "feed" : {
            "items" : 2, 
            "0" : "center", 
            "1" : "width", 
            "center" : 52.424, 
            "width" : 1.96
        }, 
        "ground plane" : {
            "items" : 5, 
            "0" : "l", 
            "1" : "w", 
            "2" : "x", 
            "3" : "y", 
            "4" : "slots", 
            "l" : 75.937, 
            "w" : 85.044, 
            "x" : 0.284, 
            "y" : -0.99, 
            "slots" : {
                "items" : 1, 
                "0" : {
                    "0" : {
                        "x" : 3.187, 
                        "y" : 69.167, 
                        "z" : 0.0
                    }, 
                    "1" : {
                        "x" : 3.441, 
                        "y" : 81.964, 
                        "z" : 0.0
                    }, 
                    "2" : {
                        "x" : 52.768, 
                        "y" : 55.174, 
                        "z" : 0.0
                    }, 
                    "id" : "637053112302138752"
                }
            }
        }, 
        "radiating plane" : {
            "items" : 5, 
            "0" : "l", 
            "1" : "w", 
            "2" : "x", 
            "3" : "y", 
            "4" : "slots", 
            "l" : 76.488, 
            "w" : 90.625, 
            "x" : -1.578, 
            "y" : -1.685, 
            "slots" : {
                "items" : 0
            }
        }, 
        "substrate" : {
            "items" : 0, 
            "l" : 77.799, 
            "w" : 90.675, 
            "h" : 1.6, 
            "x" : -1.578, 
            "y" : -1.685, 
            "permitivitty" : 4.4, 
            "loss" : 0.02, 
            "name" : "FR4"
        }
    }, 
    "fitness" : {
        "items" : 6, 
        "0" : "lower", 
        "1" : "desired", 
        "2" : "upper", 
        "3" : "area", 
        "4" : "freq", 
        "5" : "final", 
        "lower" : 0.0, 
        "desired" : 0.5361441407598769, 
        "upper" : 0.0, 
        "area" : 0.7448181372307485, 
        "freq" : 0.37530089853191384, 
        "final" : 0.8757124162117991
    }, 
    "antenna" : {
        "parameters" : {
            "items" : 6, 
            "0" : "directory", 
            "1" : "feed", 
            "2" : "ground plane", 
            "3" : "radiating plane", 
            "4" : "substrate", 
            "5" : "fitness", 
            "directory" : "", 
            "feed" : {
                "items" : 2, 
                "0" : "center", 
                "1" : "width", 
                "center" : 0.0, 
                "width" : 0.0
            }, 
            "ground plane" : {
                "items" : 5, 
                "0" : "l", 
                "1" : "w", 
                "2" : "x", 
                "3" : "y", 
                "4" : "slots", 
                "l" : 0.0, 
                "w" : 0.0, 
                "x" : 0.0, 
                "h" : 0.0, 
                "slots" : {
                    "items" : 0
                }
            }, 
            "radiating plane" : {
                "items" : 5, 
                "0" : "l", 
                "1" : "w", 
                "2" : "x", 
                "3" : "y", 
                "4" : "slots", 
                "l" : 0.0, 
                "w" : 0.0, 
                "x" : 0.0, 
                "y" : 0.0, 
                "slots" : {
                    "items" : 0
                }
            }, 
            "substrate" : {
                "items" : 8, 
                "0" : "l", 
                "1" : "w", 
                "2" : "h", 
                "3" : "x", 
                "4" : "y", 
                "5" : "permitivitty", 
                "6" : "loss", 
                "7" : "name", 
                "l" : 0.0, 
                "w" : 0.0, 
                "h" : 0.0, 
                "x" : 0.0, 
                "y" : 0.0, 
                "permitivitty" : 0.0, 
                "loss" : 0.0, 
                "name" : ""
            }, 
            "fitness" : {
                "items" : 0
            }
        }, 
        "scalars" : {
            "items" : 4, 
            "0" : "feed", 
            "1" : "ground plane", 
            "2" : "radiating plane", 
            "3" : "substrate", 
            "feed" : {
                "items" : 2, 
                "0" : "center", 
                "1" : "width", 
                "center" : {
                    "region" : 0.0, 
                    "range" : 1.0
                }, 
                "width" : {
                    "region" : 0.9, 
                    "range" : 0.05
                }
            }, 
            "ground plane" : {
                "items" : 5, 
                "0" : "l", 
                "1" : "w", 
                "2" : "x", 
                "3" : "y", 
                "4" : "slots", 
                "l" : {
                    "region" : 0.3, 
                    "range" : 4.0
                }, 
                "w" : {
                    "region" : 0.3, 
                    "range" : 4.0
                }, 
                "x" : {
                    "region" : 0.0, 
                    "range" : 0.35
                }, 
                "y" : {
                    "region" : 0.0, 
                    "range" : 0.35
                }, 
                "slots" : {
                    "items" : 3, 
                    "0" : "create slot", 
                    "1" : "remove slot", 
                    "2" : "change slot", 
                    "create slot" : {
                        "items" : 3, 
                        "0" : "default", 
                        "1" : "x", 
                        "2" : "y", 
                        "default" : {
                            "region" : 1.0, 
                            "range" : 0.75
                        }, 
                        "x" : {
                            "region" : 0.0, 
                            "range" : 12.5
                        }, 
                        "y" : {
                            "region" : 0.0, 
                            "range" : 12.5
                        }
                    }, 
                    "remove slot" : {
                        "region" : 1.0, 
                        "range" : 0.25
                    }, 
                    "change slot" : {
                        "items" : 3, 
                        "0" : "probability", 
                        "1" : "x", 
                        "2" : "y", 
                        "probability" : {
                            "region" : 1.0, 
                            "range" : 1.0
                        }, 
                        "x" : {
                            "region" : 0.0, 
                            "range" : 4.256
                        }, 
                        "y" : {
                            "region" : 0.0, 
                            "range" : 4.256
                        }
                    }
                }
            }, 
            "radiating plane" : {
                "items" : 5, 
                "0" : "l", 
                "1" : "w", 
                "2" : "x", 
                "3" : "y", 
                "4" : "slots", 
                "l" : {
                    "region" : 0.3, 
                    "range" : 1.75
                }, 
                "w" : {
                    "region" : 0.3, 
                    "range" : 1.75
                }, 
                "x" : {
                    "region" : 0.3, 
                    "range" : 0.75
                }, 
                "y" : {
                    "region" : 0.3, 
                    "range" : 0.75
                }, 
                "slots" : {
                    "items" : 3, 
                    "0" : "create slot", 
                    "1" : "remove slot", 
                    "2" : "change slot", 
                    "create slot" : {
                        "items" : 3, 
                        "0" : "default", 
                        "1" : "x", 
                        "2" : "y", 
                        "default" : {
                            "region" : 1.0, 
                            "range" : 0.2
                        }, 
                        "x" : {
                            "region" : 0.0, 
                            "range" : 1.5
                        }, 
                        "y" : {
                            "region" : 0.0, 
                            "range" : 1.5
                        }
                    }, 
                    "remove slot" : {
                        "region" : 1.0, 
                        "range" : 0.2
                    }, 
                    "change slot" : {
                        "items" : 3, 
                        "0" : "probability", 
                        "1" : "x", 
                        "2" : "y", 
                        "probability" : {
                            "region" : 1.0, 
                            "range" : 1.0
                        }, 
                        "x" : {
                            "region" : 0.0, 
                            "range" : 1.5
                        }, 
                        "y" : {
                            "region" : 0.0, 
                            "range" : 1.5
                        }
                    }
                }
            }, 
            "substrate" : {
                "items" : 6, 
                "0" : "l", 
                "1" : "w", 
                "2" : "h", 
                "3" : "x", 
                "4" : "y", 
                "6" : "change substrate", 
                "l" : {
                    "region" : 0.0, 
                    "range" : 0.05
                }, 
                "w" : {
                    "region" : 0.0, 
                    "range" : 0.05
                }, 
                "h" : {
                    "region" : 0.0, 
                    "range" : 0.0
                }, 
                "x" : {
                    "region" : 0.0, 
                    "range" : 0.0
                }, 
                "y" : {
                    "region" : 0.0, 
                    "range" : 0.0
                }, 
                "change substrate" : {
                    "region" : 1.0, 
                    "range" : 0.0
                }
            }
        }, 
        "menus" : {
            "items" : 0
        }, 
        "help" : {
            "items" : 0
        }
    }, 
    "natalie" : {
        "parameters" : {
            "items" : 6, 
            "0" : "frequency", 
            "1" : "mesh", 
            "2" : "runt", 
            "3" : "trust region", 
            "4" : "surrogates", 
            "5" : "data", 
            "frequency" : {
                "items" : 4, 
                "0" : "lower frequency offset", 
                "1" : "upper frequency offset", 
                "2" : "samples", 
                "3" : "accuracy check samples", 
                "lower frequency offset" : 10000000.0, 
                "upper frequency offset" : 10000000.0, 
                "samples" : 2, 
                "accuracy check samples" : 2
            }, 
            "mesh" : {
                "items" : 2, 
                "0" : "wire radius", 
                "1" : "size", 
                "wire radius" : 0.001, 
                "size" : "Coarse"
            }, 
            "runt" : {
                "items" : 3, 
                "0" : "parallel", 
                "1" : "run", 
                "2" : "interactive", 
                "parallel" : true, 
                "run" : true, 
                "interactive" : false
            }, 
            "trust region" : {
                "items" : 4, 
                "iterations" : 75, 
                "candidates" : 6, 
                "initial region" : 3, 
                "accuracy requirement" : 0.9
            }, 
            "surrogates" : {
                "items" : 1, 
                "0" : "candidates", 
                "candidates" : 5
            }, 
            "data" : {
                "items" : 1, 
                "0" : "mold type", 
                "mold type" : "absolute"
            }
        }, 
        "scalars" : {
            "items" : 0
        }, 
        "menus" : {
            "items" : 0
        }, 
        "help" : {
            "items" : 0
        }
    }
}